<xml>
	<item key="Weather/Battle/wh_brt_01.environment">Bretonnia 01</item>
	<item key="Weather/Battle/wh_brt_02.environment">Bretonnia 02</item>
	<item key="Weather/Battle/wh_brt_03.environment">Bretonnia 03</item>
	<item key="Weather/Battle/wh_est_01.environment">Estalia 01</item>
	<item key="Weather/Battle/wh_est_02.environment">Estalia 02</item>
	<item key="Weather/Battle/wh_est_03.environment">Estalia 03</item>
	<item key="Weather/Battle/wh_chs_01.environment">Chaos 01</item>
	<item key="Weather/Battle/wh_chs_02.environment">Chaos 02</item>
	<item key="Weather/Battle/wh_chs_03.environment">Chaos 03</item>
	<item key="Weather/Battle/wh_chs_04.environment">Chaos 04</item>
	<item key="Weather/Battle/wh_emp_01.environment">Empire 01</item>
	<item key="Weather/Battle/wh_emp_02.environment">Empire 02</item>
	<item key="Weather/Battle/wh_emp_03.environment">Empire 03</item>
	<item key="Weather/Battle/wh_emp_04.environment">Empire 04</item>
	<item key="Weather/Battle/wh_emp_05.environment">Empire 05</item>
	<item key="Weather/Battle/wh_grn_01.environment">Greenskins 01</item>
	<item key="Weather/Battle/wh_grn_02.environment">Greenskins 02</item>
	<item key="Weather/Battle/wh_grn_03.environment">Greenskins 03</item>
	<item key="Weather/Battle/wh_grn_04.environment">Greenskins 04</item>
	<item key="Weather/Battle/wh_nor_01.environment">Norsca 01</item>
	<item key="Weather/Battle/wh_nor_02.environment">Norsca 02</item>
	<item key="Weather/Battle/wh_nor_03.environment">Norsca 03</item>
	<item key="Weather/Battle/wh_nor_04.environment">Norsca 04</item>
	<item key="Weather/Battle/wh_nor_05.environment">Norsca 05</item>
	<item key="Weather/Battle/wh_vmp_01.environment">Vampire 01</item>
	<item key="Weather/Battle/wh_vmp_02.environment">Vampire 02</item>
	<item key="Weather/Battle/wh_vmp_03.environment">Vampire 03</item>
	<item key="Weather/Battle/wh_bst_01.environment">Beastmen 01</item>
	<item key="Weather/Battle/wh_bst_02.environment">Beastmen 02</item>
	<item key="Weather/Battle/wh_def_01.environment">Dark Elf Naggarond 01</item>
	<item key="Weather/Battle/wh_def_02.environment">Dark Elf Naggarond 02</item>
	<item key="Weather/Battle/wh_def_03.environment">Dark Elf Naggarond 03</item>
	<item key="Weather/Battle/wh_def_04.environment">Dark Elf Naggarond 04</item>
	<item key="Weather/Battle/wh_def_bleak_01.environment">Dark Elf Bleak 01</item>
	<item key="Weather/Battle/wh_def_bleak_02.environment">Dark Elf Bleak 02</item>
	<item key="Weather/Battle/wh_def_bleak_03.environment">Dark Elf Bleak 03</item>
	<item key="Weather/Battle/wh_def_desert_01.environment">Dark Elf Desert 01</item>
	<item key="Weather/Battle/wh_def_desert_02.environment">Dark Elf Desert 02</item>
	<item key="Weather/Battle/wh_def_desert_03.environment">Dark Elf Desert 03</item>
	<item key="Weather/Battle/wh_def_norsca_01.environment">Dark Elf North / Snowy / Cold 01</item>
	<item key="Weather/Battle/wh_def_norsca_02.environment">Dark Elf North / Snowy / Cold 02</item>
	<item key="Weather/Battle/wh_def_norsca_03.environment">Dark Elf North / Snowy / Cold 03</item>
	<item key="Weather/Battle/wh_def_pet_01.environment">Dark Elf Petrified 01</item>
	<item key="Weather/Battle/wh_def_pet_02.environment">Dark Elf Petrified 02</item>
	<item key="Weather/Battle/wh_def_pet_03.environment">Dark Elf Petrified 03</item>
	<item key="Weather/Battle/wh_def_swamp_01.environment">Dark Elf Swamp 01</item>
	<item key="Weather/Battle/wh_def_swamp_02.environment">Dark Elf Swamp 02</item>
	<item key="Weather/Battle/wh_def_swamp_03.environment">Dark Elf Swamp 03</item>
	<item key="Weather/Battle/wh_lzd_01.environment">Lizardmen Jungle 01</item>
	<item key="Weather/Battle/wh_lzd_02.environment">Lizardmen Jungle 02</item>
	<item key="Weather/Battle/wh_lzd_03.environment">Lizardmen Jungle 03</item>
	<item key="Weather/Battle/wh_lzd_04.environment">Lizardmen Jungle 04</item>
	<item key="Weather/Battle/wh_lzd_05.environment">Lizardmen Jungle 05</item>
	<item key="Weather/Battle/wh_lzd_06.environment">Lizardmen Jungle 06</item>
	<item key="Weather/Battle/wh_lzd_07.environment">Lizardmen Jungle 07</item>
	<item key="Weather/Battle/wh_hef_01.environment">High Elf Ulthuan 01</item>
	<item key="Weather/Battle/wh_hef_b_01.environment">High Elf Ulthuan 02</item>
	<item key="Weather/Battle/wh_ult_01.environment">High Elf Ulthuan 03</item>
	<item key="Weather/Battle/wh_ult_02.environment">High Elf Ulthuan 04</item>
	<item key="Weather/Battle/wh_ult_03.environment">High Elf Ulthuan 05</item>
	<item key="Weather/Battle/wh_ult_04.environment">High Elf Ulthuan 06</item>
	<item key="Weather/Battle/wh_ult_05.environment">High Elf Ulthuan 07</item>
	<item key="Weather/Battle/wh_skv_sub_01.environment">Skaven Subterranean 01</item>
	<item key="Weather/Battle/wh_skv_sub_02.environment">Skaven Subterranean 02</item>
	<item key="Weather/Battle/wh_skv_sub_03.environment">Skaven Subterranean 03</item>
	<item key="Weather/Battle/wh_skv_sub_04.environment">Skaven Subterranean 04</item>
	<item key="Weather/Battle/wh_stl_01.environment">Southlands Desert 01</item>
	<item key="Weather/Battle/wh_stl_02.environment">Southlands Desert 02</item>
	<item key="Weather/Battle/wh_stl_03.environment">Southlands Desert 03</item>
	<item key="Weather/Battle/wh_stl_04.environment">Southlands Desert 04</item>
	<item key="Weather/Battle/wh_stl_05.environment">Southlands Desert 05</item>

</xml>
