<?xml version="1.0" encoding="UTF-8"?>
<trees>

<!-- INNER 0.4 # 1.1 #########################################################################################################-->
<!--##########################################################################################################################-->
<!--##########################################################################################################################-->
	<group group_name="bigbushy_shrub_middle_brtcityblend01">
		<texture>brtcity</texture>					<!-- texture channel that must exist in order to pick group (well, actually the value must be above 0.05) --> 
		<texture_for_probability>brtcity</texture_for_probability>	<!-- texture channel to use for probability, if not defined texture is used -->

		<group_channel_range_low>0.4</group_channel_range_low>		<!-- bottom of blend map value range -->
		<group_channel_range_high>1.1</group_channel_range_high>		<!-- top of blend map value range -->
		<group_channel_range_falloff>0.0</group_channel_range_falloff>	<!-- range within the defined range that is always the top probability, in this case the whole range -->

		<height_range_low>-5000</height_range_low>			<!-- bottom of height map range -->
		<height_range_high>5000</height_range_high>			<!-- top of height map range -->
		<height_range_falloff>10000</height_range_falloff>			<!-- range within the defined range that is always the top probability, in this case only the very centre -->
		
		<probability>0.225</probability>					<!-- the base probability which is adjusted based upon the above -->
		
		<grouping_probability>0</grouping_probability>		<!-- the probability of swapping out near objects with objects from the same group -->
		<grouping_radius>0</grouping_radius>				<!-- the radius within which objects may be swapped out -->

		<tree> 								<!-- type of object, may be tree, prop, decal or vfx. Needs corresponding closing tag -->
			<model>trees\wh_emp_shrub\shruba_a</model>		<!-- path to the object, tree in this case -->

			<size_low>0.8</size_low>				<!-- lowest possible scale -->
			<size_high>1.1</size_high>				<!-- top possible scale -->

			<blendmap_range_low>0.4</blendmap_range_low>		<!-- // same as at group level but for object within group -->
			<blendmap_range_high>1.0</blendmap_range_high>
			<blendmap_range_falloff>0.0</blendmap_range_falloff>
			<height_low>-5000</height_low>
			<height_high>5000</height_high>
			<height_falloff>0</height_falloff>			<!-- // -->

			<humidities>						<!-- Supported humidities, not actually used, we may want to remove this -->
				<humidity>arid</humidity>
				<humidity>humid</humidity>
			</humidities>

			<categories>						<!-- Supported categories, these categories are defined in generation_categories.xml -->
				<category>brt_moorlands</category>					
			</categories>

			<probability>0.167</probability>				<!-- Base probability of choosing this object -->
			<minimum_seperation>0.5</minimum_seperation>		<!-- Minimum distance this must be from other objects if chosen -->

			<enable_debug_lines>false</enable_debug_lines>		<!-- debug lines to visualise more easily what has been chosen, this was hooked up in TEd, though may still need to be in Terry -->
			<debug_lines_red>1.0</debug_lines_red>
			<debug_lines_green>0.65</debug_lines_green>	
			<debug_lines_blue>0.90</debug_lines_blue>
		</tree>
		<tree> 										<!-- type of object, may be tree, prop, decal or vfx. Needs corresponding closing tag -->
			<model>trees\wh_emp_shrub\shruba_b</model>		<!-- path to the object, tree in this case -->

			<size_low>0.8</size_low>				<!-- lowest possible scale -->
			<size_high>1.1</size_high>				<!-- top possible scale -->

			<blendmap_range_low>0.4</blendmap_range_low>		<!-- // same as at group level but for object within group -->
			<blendmap_range_high>1.0</blendmap_range_high>
			<blendmap_range_falloff>0.0</blendmap_range_falloff>
			<height_low>-5000</height_low>
			<height_high>5000</height_high>
			<height_falloff>0</height_falloff>			<!-- // -->

			<humidities>						<!-- Supported humidities, not actually used, we may want to remove this -->
				<humidity>arid</humidity>
				<humidity>humid</humidity>
			</humidities>

			<categories>						<!-- Supported categories, these categories are defined in generation_categories.xml -->
				<category>brt_moorlands</category>					
			</categories>

			<probability>0.167</probability>				<!-- Base probability of choosing this object -->
			<minimum_seperation>0.5</minimum_seperation>		<!-- Minimum distance this must be from other objects if chosen -->

			<enable_debug_lines>false</enable_debug_lines>		<!-- debug lines to visualise more easily what has been chosen, this was hooked up in TEd, though may still need to be in Terry -->
			<debug_lines_red>1.0</debug_lines_red>
			<debug_lines_green>0.65</debug_lines_green>	
			<debug_lines_blue>0.90</debug_lines_blue>
		</tree>
		<tree> 								<!-- type of object, may be tree, prop, decal or vfx. Needs corresponding closing tag -->
			<model>trees\wh_emp_shrub\shruba_c</model>		<!-- path to the object, tree in this case -->

			<size_low>0.8</size_low>				<!-- lowest possible scale -->
			<size_high>1.1</size_high>				<!-- top possible scale -->

			<blendmap_range_low>0.4</blendmap_range_low>		<!-- // same as at group level but for object within group -->
			<blendmap_range_high>1.0</blendmap_range_high>
			<blendmap_range_falloff>0.0</blendmap_range_falloff>
			<height_low>-5000</height_low>
			<height_high>5000</height_high>
			<height_falloff>0</height_falloff>			<!-- // -->

			<humidities>						<!-- Supported humidities, not actually used, we may want to remove this -->
				<humidity>arid</humidity>
				<humidity>humid</humidity>
			</humidities>

			<categories>						<!-- Supported categories, these categories are defined in generation_categories.xml -->
				<category>brt_moorlands</category>					
			</categories>

			<probability>0.167</probability>				<!-- Base probability of choosing this object -->
			<minimum_seperation>0.5</minimum_seperation>		<!-- Minimum distance this must be from other objects if chosen -->

			<enable_debug_lines>false</enable_debug_lines>		<!-- debug lines to visualise more easily what has been chosen, this was hooked up in TEd, though may still need to be in Terry -->
			<debug_lines_red>1.0</debug_lines_red>
			<debug_lines_green>0.65</debug_lines_green>	
			<debug_lines_blue>0.90</debug_lines_blue>
		</tree>
		<tree> 								<!-- type of object, may be tree, prop, decal or vfx. Needs corresponding closing tag -->
			<model>trees\wh_emp_shrub\shrub_rosea</model>		<!-- path to the object, tree in this case -->

			<size_low>0.8</size_low>				<!-- lowest possible scale -->
			<size_high>1.1</size_high>				<!-- top possible scale -->

			<blendmap_range_low>0.4</blendmap_range_low>		<!-- // same as at group level but for object within group -->
			<blendmap_range_high>1.0</blendmap_range_high>
			<blendmap_range_falloff>0.0</blendmap_range_falloff>
			<height_low>-5000</height_low>
			<height_high>5000</height_high>
			<height_falloff>0</height_falloff>			<!-- // -->

			<humidities>						<!-- Supported humidities, not actually used, we may want to remove this -->
				<humidity>arid</humidity>
				<humidity>humid</humidity>
			</humidities>

			<categories>						<!-- Supported categories, these categories are defined in generation_categories.xml -->
				<category>brt_moorlands</category>					
			</categories>

			<probability>0.167</probability>				<!-- Base probability of choosing this object -->
			<minimum_seperation>0.5</minimum_seperation>		<!-- Minimum distance this must be from other objects if chosen -->

			<enable_debug_lines>false</enable_debug_lines>		<!-- debug lines to visualise more easily what has been chosen, this was hooked up in TEd, though may still need to be in Terry -->
			<debug_lines_red>1.0</debug_lines_red>
			<debug_lines_green>0.65</debug_lines_green>	
			<debug_lines_blue>0.90</debug_lines_blue>
		</tree>
		<tree> 								<!-- type of object, may be tree, prop, decal or vfx. Needs corresponding closing tag -->
			<model>trees\wh_emp_shrub\shrub_rosea</model>		<!-- path to the object, tree in this case -->

			<size_low>0.8</size_low>				<!-- lowest possible scale -->
			<size_high>1.1</size_high>				<!-- top possible scale -->

			<blendmap_range_low>0.4</blendmap_range_low>		<!-- // same as at group level but for object within group -->
			<blendmap_range_high>1.0</blendmap_range_high>
			<blendmap_range_falloff>0.0</blendmap_range_falloff>
			<height_low>-5000</height_low>
			<height_high>5000</height_high>
			<height_falloff>0</height_falloff>			<!-- // -->

			<humidities>						<!-- Supported humidities, not actually used, we may want to remove this -->
				<humidity>arid</humidity>
				<humidity>humid</humidity>
			</humidities>

			<categories>						<!-- Supported categories, these categories are defined in generation_categories.xml -->
				<category>brt_moorlands</category>					
			</categories>

			<probability>0.167</probability>				<!-- Base probability of choosing this object -->
			<minimum_seperation>0.5</minimum_seperation>		<!-- Minimum distance this must be from other objects if chosen -->

			<enable_debug_lines>false</enable_debug_lines>		<!-- debug lines to visualise more easily what has been chosen, this was hooked up in TEd, though may still need to be in Terry -->
			<debug_lines_red>1.0</debug_lines_red>
			<debug_lines_green>0.65</debug_lines_green>	
			<debug_lines_blue>0.90</debug_lines_blue>
		</tree>
		<tree> 								<!-- type of object, may be tree, prop, decal or vfx. Needs corresponding closing tag -->
			<model>trees\wh_emp_shrub\shrub_rosec</model>		<!-- path to the object, tree in this case -->

			<size_low>0.8</size_low>				<!-- lowest possible scale -->
			<size_high>1.1</size_high>				<!-- top possible scale -->

			<blendmap_range_low>0.4</blendmap_range_low>		<!-- // same as at group level but for object within group -->
			<blendmap_range_high>1.0</blendmap_range_high>
			<blendmap_range_falloff>0.0</blendmap_range_falloff>
			<height_low>-5000</height_low>
			<height_high>5000</height_high>
			<height_falloff>0</height_falloff>			<!-- // -->

			<humidities>						<!-- Supported humidities, not actually used, we may want to remove this -->
				<humidity>arid</humidity>
				<humidity>humid</humidity>
			</humidities>

			<categories>						<!-- Supported categories, these categories are defined in generation_categories.xml -->
				<category>brt_moorlands</category>					
			</categories>

			<probability>0.167</probability>				<!-- Base probability of choosing this object -->
			<minimum_seperation>0.5</minimum_seperation>		<!-- Minimum distance this must be from other objects if chosen -->

			<enable_debug_lines>false</enable_debug_lines>		<!-- debug lines to visualise more easily what has been chosen, this was hooked up in TEd, though may still need to be in Terry -->
			<debug_lines_red>1.0</debug_lines_red>
			<debug_lines_green>0.65</debug_lines_green>	
			<debug_lines_blue>0.90</debug_lines_blue>
		</tree>
	</group>
	<group group_name="bushy_shrub_middle_brtcityblend01">
		<texture>brtcity</texture>					<!-- texture channel that must exist in order to pick group (well, actually the value must be above 0.05) --> 
		<texture_for_probability>brtcity</texture_for_probability>	<!-- texture channel to use for probability, if not defined texture is used -->

		<group_channel_range_low>0.4</group_channel_range_low>		<!-- bottom of blend map value range -->
		<group_channel_range_high>1.1</group_channel_range_high>		<!-- top of blend map value range -->
		<group_channel_range_falloff>0.0</group_channel_range_falloff>	<!-- range within the defined range that is always the top probability, in this case the whole range -->

		<height_range_low>-5000</height_range_low>			<!-- bottom of height map range -->
		<height_range_high>5000</height_range_high>			<!-- top of height map range -->
		<height_range_falloff>10000</height_range_falloff>			<!-- range within the defined range that is always the top probability, in this case only the very centre -->
		
		<probability>0.225</probability>					<!-- the base probability which is adjusted based upon the above -->
		
		<grouping_probability>0</grouping_probability>		<!-- the probability of swapping out near objects with objects from the same group -->
		<grouping_radius>0</grouping_radius>				<!-- the radius within which objects may be swapped out -->

		<tree> 								<!-- type of object, may be tree, prop, decal or vfx. Needs corresponding closing tag -->
			<model>trees\wh_brt_shrub\shrub_bushbetulaa</model>		<!-- path to the object, tree in this case -->

			<size_low>0.8</size_low>				<!-- lowest possible scale -->
			<size_high>1.1</size_high>				<!-- top possible scale -->

			<blendmap_range_low>0.4</blendmap_range_low>		<!-- // same as at group level but for object within group -->
			<blendmap_range_high>1.0</blendmap_range_high>
			<blendmap_range_falloff>0.0</blendmap_range_falloff>
			<height_low>-5000</height_low>
			<height_high>5000</height_high>
			<height_falloff>0</height_falloff>			<!-- // -->

			<humidities>						<!-- Supported humidities, not actually used, we may want to remove this -->
				<humidity>arid</humidity>
				<humidity>humid</humidity>
			</humidities>

			<categories>						<!-- Supported categories, these categories are defined in generation_categories.xml -->
				<category>brt_moorlands</category>					
			</categories>

			<probability>0.2</probability>				<!-- Base probability of choosing this object -->
			<minimum_seperation>0.5</minimum_seperation>		<!-- Minimum distance this must be from other objects if chosen -->

			<enable_debug_lines>false</enable_debug_lines>		<!-- debug lines to visualise more easily what has been chosen, this was hooked up in TEd, though may still need to be in Terry -->
			<debug_lines_red>1.0</debug_lines_red>
			<debug_lines_green>0.65</debug_lines_green>	
			<debug_lines_blue>0.90</debug_lines_blue>
		</tree>
		<tree> 										<!-- type of object, may be tree, prop, decal or vfx. Needs corresponding closing tag -->
			<model>trees\wh_brt_shrub\shrub_bushbetulaa</model>		<!-- path to the object, tree in this case -->

			<size_low>0.8</size_low>				<!-- lowest possible scale -->
			<size_high>1.1</size_high>				<!-- top possible scale -->

			<blendmap_range_low>0.4</blendmap_range_low>		<!-- // same as at group level but for object within group -->
			<blendmap_range_high>1.0</blendmap_range_high>
			<blendmap_range_falloff>0.0</blendmap_range_falloff>
			<height_low>-5000</height_low>
			<height_high>5000</height_high>
			<height_falloff>0</height_falloff>			<!-- // -->

			<humidities>						<!-- Supported humidities, not actually used, we may want to remove this -->
				<humidity>arid</humidity>
				<humidity>humid</humidity>
			</humidities>

			<categories>						<!-- Supported categories, these categories are defined in generation_categories.xml -->
				<category>brt_moorlands</category>					
			</categories>

			<probability>0.2</probability>				<!-- Base probability of choosing this object -->
			<minimum_seperation>0.5</minimum_seperation>		<!-- Minimum distance this must be from other objects if chosen -->

			<enable_debug_lines>false</enable_debug_lines>		<!-- debug lines to visualise more easily what has been chosen, this was hooked up in TEd, though may still need to be in Terry -->
			<debug_lines_red>1.0</debug_lines_red>
			<debug_lines_green>0.65</debug_lines_green>	
			<debug_lines_blue>0.90</debug_lines_blue>
		</tree>
		<tree> 								<!-- type of object, may be tree, prop, decal or vfx. Needs corresponding closing tag -->
			<model>trees\wh_brt_shrub\shrub_tallbushb</model>		<!-- path to the object, tree in this case -->

			<size_low>0.8</size_low>				<!-- lowest possible scale -->
			<size_high>1.1</size_high>				<!-- top possible scale -->

			<blendmap_range_low>0.4</blendmap_range_low>		<!-- // same as at group level but for object within group -->
			<blendmap_range_high>1.0</blendmap_range_high>
			<blendmap_range_falloff>0.0</blendmap_range_falloff>
			<height_low>-5000</height_low>
			<height_high>5000</height_high>
			<height_falloff>0</height_falloff>			<!-- // -->

			<humidities>						<!-- Supported humidities, not actually used, we may want to remove this -->
				<humidity>arid</humidity>
				<humidity>humid</humidity>
			</humidities>

			<categories>						<!-- Supported categories, these categories are defined in generation_categories.xml -->
				<category>brt_moorlands</category>					
			</categories>

			<probability>0.2</probability>				<!-- Base probability of choosing this object -->
			<minimum_seperation>0.5</minimum_seperation>		<!-- Minimum distance this must be from other objects if chosen -->

			<enable_debug_lines>false</enable_debug_lines>		<!-- debug lines to visualise more easily what has been chosen, this was hooked up in TEd, though may still need to be in Terry -->
			<debug_lines_red>1.0</debug_lines_red>
			<debug_lines_green>0.65</debug_lines_green>	
			<debug_lines_blue>0.90</debug_lines_blue>
		</tree>
		<tree> 								<!-- type of object, may be tree, prop, decal or vfx. Needs corresponding closing tag -->
			<model>trees\wh_brt_shrub\shrub_tallbushc</model>		<!-- path to the object, tree in this case -->

			<size_low>0.8</size_low>				<!-- lowest possible scale -->
			<size_high>1.1</size_high>				<!-- top possible scale -->

			<blendmap_range_low>0.4</blendmap_range_low>		<!-- // same as at group level but for object within group -->
			<blendmap_range_high>1.0</blendmap_range_high>
			<blendmap_range_falloff>0.0</blendmap_range_falloff>
			<height_low>-5000</height_low>
			<height_high>5000</height_high>
			<height_falloff>0</height_falloff>			<!-- // -->

			<humidities>						<!-- Supported humidities, not actually used, we may want to remove this -->
				<humidity>arid</humidity>
				<humidity>humid</humidity>
			</humidities>

			<categories>						<!-- Supported categories, these categories are defined in generation_categories.xml -->
				<category>brt_moorlands</category>					
			</categories>

			<probability>0.2</probability>				<!-- Base probability of choosing this object -->
			<minimum_seperation>0.5</minimum_seperation>		<!-- Minimum distance this must be from other objects if chosen -->

			<enable_debug_lines>false</enable_debug_lines>		<!-- debug lines to visualise more easily what has been chosen, this was hooked up in TEd, though may still need to be in Terry -->
			<debug_lines_red>1.0</debug_lines_red>
			<debug_lines_green>0.65</debug_lines_green>	
			<debug_lines_blue>0.90</debug_lines_blue>
		</tree>
		<tree> 								<!-- type of object, may be tree, prop, decal or vfx. Needs corresponding closing tag -->
			<model>trees\wh_brt_shrub\shrub_heathera</model>		<!-- path to the object, tree in this case -->

			<size_low>0.8</size_low>				<!-- lowest possible scale -->
			<size_high>1.1</size_high>				<!-- top possible scale -->

			<blendmap_range_low>0.4</blendmap_range_low>		<!-- // same as at group level but for object within group -->
			<blendmap_range_high>1.0</blendmap_range_high>
			<blendmap_range_falloff>0.0</blendmap_range_falloff>
			<height_low>-5000</height_low>
			<height_high>5000</height_high>
			<height_falloff>0</height_falloff>			<!-- // -->

			<humidities>						<!-- Supported humidities, not actually used, we may want to remove this -->
				<humidity>arid</humidity>
				<humidity>humid</humidity>
			</humidities>

			<categories>						<!-- Supported categories, these categories are defined in generation_categories.xml -->
				<category>brt_moorlands</category>					
			</categories>

			<probability>0.4</probability>				<!-- Base probability of choosing this object -->
			<minimum_seperation>0.5</minimum_seperation>		<!-- Minimum distance this must be from other objects if chosen -->

			<enable_debug_lines>false</enable_debug_lines>		<!-- debug lines to visualise more easily what has been chosen, this was hooked up in TEd, though may still need to be in Terry -->
			<debug_lines_red>1.0</debug_lines_red>
			<debug_lines_green>0.65</debug_lines_green>	
			<debug_lines_blue>0.90</debug_lines_blue>
		</tree>
	</group>
	<group group_name="flower_tall_middle_brtcityblend01">
		<texture>brtcity</texture>					<!-- texture channel that must exist in order to pick group (well, actually the value must be above 0.05) --> 
		<texture_for_probability>brtcity</texture_for_probability>	<!-- texture channel to use for probability, if not defined texture is used -->

		<group_channel_range_low>0.4</group_channel_range_low>		<!-- bottom of blend map value range -->
		<group_channel_range_high>1.1</group_channel_range_high>		<!-- top of blend map value range -->
		<group_channel_range_falloff>0.0</group_channel_range_falloff>	<!-- range within the defined range that is always the top probability, in this case the whole range -->

		<height_range_low>-5000</height_range_low>			<!-- bottom of height map range -->
		<height_range_high>5000</height_range_high>			<!-- top of height map range -->
		<height_range_falloff>10000</height_range_falloff>			<!-- range within the defined range that is always the top probability, in this case only the very centre -->
		
		<probability>0.225</probability>					<!-- the base probability which is adjusted based upon the above -->
		
		<grouping_probability>0</grouping_probability>		<!-- the probability of swapping out near objects with objects from the same group -->
		<grouping_radius>0</grouping_radius>				<!-- the radius within which objects may be swapped out -->

		<tree> 								<!-- type of object, may be tree, prop, decal or vfx. Needs corresponding closing tag -->
			<model>trees\wh_brt_shrub\shrub_tallflowera</model>		<!-- path to the object, tree in this case -->

			<size_low>0.8</size_low>				<!-- lowest possible scale -->
			<size_high>1.1</size_high>				<!-- top possible scale -->

			<blendmap_range_low>0.4</blendmap_range_low>		<!-- // same as at group level but for object within group -->
			<blendmap_range_high>1.0</blendmap_range_high>
			<blendmap_range_falloff>0.0</blendmap_range_falloff>
			<height_low>-5000</height_low>
			<height_high>5000</height_high>
			<height_falloff>0</height_falloff>			<!-- // -->

			<humidities>						<!-- Supported humidities, not actually used, we may want to remove this -->
				<humidity>arid</humidity>
				<humidity>humid</humidity>
			</humidities>

			<categories>						<!-- Supported categories, these categories are defined in generation_categories.xml -->
				<category>brt_moorlands</category>					
			</categories>

			<probability>0.25</probability>				<!-- Base probability of choosing this object -->
			<minimum_seperation>0.5</minimum_seperation>		<!-- Minimum distance this must be from other objects if chosen -->

			<enable_debug_lines>false</enable_debug_lines>		<!-- debug lines to visualise more easily what has been chosen, this was hooked up in TEd, though may still need to be in Terry -->
			<debug_lines_red>1.0</debug_lines_red>
			<debug_lines_green>0.65</debug_lines_green>	
			<debug_lines_blue>0.90</debug_lines_blue>
		</tree>
		<tree> 										<!-- type of object, may be tree, prop, decal or vfx. Needs corresponding closing tag -->
			<model>trees\wh_brt_shrub\shrub_tallflowerb</model>		<!-- path to the object, tree in this case -->

			<size_low>0.8</size_low>				<!-- lowest possible scale -->
			<size_high>1.1</size_high>				<!-- top possible scale -->

			<blendmap_range_low>0.4</blendmap_range_low>		<!-- // same as at group level but for object within group -->
			<blendmap_range_high>1.0</blendmap_range_high>
			<blendmap_range_falloff>0.0</blendmap_range_falloff>
			<height_low>-5000</height_low>
			<height_high>5000</height_high>
			<height_falloff>0</height_falloff>			<!-- // -->

			<humidities>						<!-- Supported humidities, not actually used, we may want to remove this -->
				<humidity>arid</humidity>
				<humidity>humid</humidity>
			</humidities>

			<categories>						<!-- Supported categories, these categories are defined in generation_categories.xml -->
				<category>brt_moorlands</category>					
			</categories>

			<probability>0.25</probability>				<!-- Base probability of choosing this object -->
			<minimum_seperation>0.5</minimum_seperation>		<!-- Minimum distance this must be from other objects if chosen -->

			<enable_debug_lines>false</enable_debug_lines>		<!-- debug lines to visualise more easily what has been chosen, this was hooked up in TEd, though may still need to be in Terry -->
			<debug_lines_red>1.0</debug_lines_red>
			<debug_lines_green>0.65</debug_lines_green>	
			<debug_lines_blue>0.90</debug_lines_blue>
		</tree>
		<tree> 								<!-- type of object, may be tree, prop, decal or vfx. Needs corresponding closing tag -->
			<model>trees\wh_brt_shrub\shrub_tansya</model>		<!-- path to the object, tree in this case -->

			<size_low>0.8</size_low>				<!-- lowest possible scale -->
			<size_high>1.1</size_high>				<!-- top possible scale -->

			<blendmap_range_low>0.4</blendmap_range_low>		<!-- // same as at group level but for object within group -->
			<blendmap_range_high>1.0</blendmap_range_high>
			<blendmap_range_falloff>0.0</blendmap_range_falloff>
			<height_low>-5000</height_low>
			<height_high>5000</height_high>
			<height_falloff>0</height_falloff>			<!-- // -->

			<humidities>						<!-- Supported humidities, not actually used, we may want to remove this -->
				<humidity>arid</humidity>
				<humidity>humid</humidity>
			</humidities>

			<categories>						<!-- Supported categories, these categories are defined in generation_categories.xml -->
				<category>brt_moorlands</category>					
			</categories>

			<probability>0.25</probability>				<!-- Base probability of choosing this object -->
			<minimum_seperation>0.5</minimum_seperation>		<!-- Minimum distance this must be from other objects if chosen -->

			<enable_debug_lines>false</enable_debug_lines>		<!-- debug lines to visualise more easily what has been chosen, this was hooked up in TEd, though may still need to be in Terry -->
			<debug_lines_red>1.0</debug_lines_red>
			<debug_lines_green>0.65</debug_lines_green>	
			<debug_lines_blue>0.90</debug_lines_blue>
		</tree>
		<tree> 								<!-- type of object, may be tree, prop, decal or vfx. Needs corresponding closing tag -->
			<model>trees\wh_brt_shrub\shrub_tansyb</model>		<!-- path to the object, tree in this case -->

			<size_low>0.8</size_low>				<!-- lowest possible scale -->
			<size_high>1.1</size_high>				<!-- top possible scale -->

			<blendmap_range_low>0.4</blendmap_range_low>		<!-- // same as at group level but for object within group -->
			<blendmap_range_high>1.0</blendmap_range_high>
			<blendmap_range_falloff>0.0</blendmap_range_falloff>
			<height_low>-5000</height_low>
			<height_high>5000</height_high>
			<height_falloff>0</height_falloff>			<!-- // -->

			<humidities>						<!-- Supported humidities, not actually used, we may want to remove this -->
				<humidity>arid</humidity>
				<humidity>humid</humidity>
			</humidities>

			<categories>						<!-- Supported categories, these categories are defined in generation_categories.xml -->
				<category>brt_moorlands</category>					
			</categories>

			<probability>0.25</probability>				<!-- Base probability of choosing this object -->
			<minimum_seperation>0.5</minimum_seperation>		<!-- Minimum distance this must be from other objects if chosen -->

			<enable_debug_lines>false</enable_debug_lines>		<!-- debug lines to visualise more easily what has been chosen, this was hooked up in TEd, though may still need to be in Terry -->
			<debug_lines_red>1.0</debug_lines_red>
			<debug_lines_green>0.65</debug_lines_green>	
			<debug_lines_blue>0.90</debug_lines_blue>
		</tree>
	</group>	
	<group group_name="flower_short_middle_brtcityblend01">
		<texture>brtcity</texture>					<!-- texture channel that must exist in order to pick group (well, actually the value must be above 0.05) --> 
		<texture_for_probability>brtcity</texture_for_probability>	<!-- texture channel to use for probability, if not defined texture is used -->

		<group_channel_range_low>0.4</group_channel_range_low>		<!-- bottom of blend map value range -->
		<group_channel_range_high>1.1</group_channel_range_high>		<!-- top of blend map value range -->
		<group_channel_range_falloff>0.0</group_channel_range_falloff>	<!-- range within the defined range that is always the top probability, in this case the whole range -->

		<height_range_low>-5000</height_range_low>			<!-- bottom of height map range -->
		<height_range_high>5000</height_range_high>			<!-- top of height map range -->
		<height_range_falloff>10000</height_range_falloff>			<!-- range within the defined range that is always the top probability, in this case only the very centre -->
		
		<probability>0.225</probability>					<!-- the base probability which is adjusted based upon the above -->
		
		<grouping_probability>0</grouping_probability>		<!-- the probability of swapping out near objects with objects from the same group -->
		<grouping_radius>0</grouping_radius>				<!-- the radius within which objects may be swapped out -->

		<tree> 								<!-- type of object, may be tree, prop, decal or vfx. Needs corresponding closing tag -->
			<model>trees\wh_brt_shrub\shrub_flowera</model>		<!-- path to the object, tree in this case -->

			<size_low>0.8</size_low>				<!-- lowest possible scale -->
			<size_high>1.1</size_high>				<!-- top possible scale -->

			<blendmap_range_low>0.4</blendmap_range_low>		<!-- // same as at group level but for object within group -->
			<blendmap_range_high>1.0</blendmap_range_high>
			<blendmap_range_falloff>0.0</blendmap_range_falloff>
			<height_low>-5000</height_low>
			<height_high>5000</height_high>
			<height_falloff>0</height_falloff>			<!-- // -->

			<humidities>						<!-- Supported humidities, not actually used, we may want to remove this -->
				<humidity>arid</humidity>
				<humidity>humid</humidity>
			</humidities>

			<categories>						<!-- Supported categories, these categories are defined in generation_categories.xml -->
				<category>brt_moorlands</category>					
			</categories>

			<probability>0.167</probability>				<!-- Base probability of choosing this object -->
			<minimum_seperation>0.5</minimum_seperation>		<!-- Minimum distance this must be from other objects if chosen -->

			<enable_debug_lines>false</enable_debug_lines>		<!-- debug lines to visualise more easily what has been chosen, this was hooked up in TEd, though may still need to be in Terry -->
			<debug_lines_red>1.0</debug_lines_red>
			<debug_lines_green>0.65</debug_lines_green>	
			<debug_lines_blue>0.90</debug_lines_blue>
		</tree>
		<tree> 										<!-- type of object, may be tree, prop, decal or vfx. Needs corresponding closing tag -->
			<model>trees\wh_brt_shrub\shrub_flowerb</model>		<!-- path to the object, tree in this case -->

			<size_low>0.8</size_low>				<!-- lowest possible scale -->
			<size_high>1.1</size_high>				<!-- top possible scale -->

			<blendmap_range_low>0.4</blendmap_range_low>		<!-- // same as at group level but for object within group -->
			<blendmap_range_high>1.0</blendmap_range_high>
			<blendmap_range_falloff>0.0</blendmap_range_falloff>
			<height_low>-5000</height_low>
			<height_high>5000</height_high>
			<height_falloff>0</height_falloff>			<!-- // -->

			<humidities>						<!-- Supported humidities, not actually used, we may want to remove this -->
				<humidity>arid</humidity>
				<humidity>humid</humidity>
			</humidities>

			<categories>						<!-- Supported categories, these categories are defined in generation_categories.xml -->
				<category>brt_moorlands</category>					
			</categories>

			<probability>0.167</probability>				<!-- Base probability of choosing this object -->
			<minimum_seperation>0.5</minimum_seperation>		<!-- Minimum distance this must be from other objects if chosen -->

			<enable_debug_lines>false</enable_debug_lines>		<!-- debug lines to visualise more easily what has been chosen, this was hooked up in TEd, though may still need to be in Terry -->
			<debug_lines_red>1.0</debug_lines_red>
			<debug_lines_green>0.65</debug_lines_green>	
			<debug_lines_blue>0.90</debug_lines_blue>
		</tree>
		<tree> 								<!-- type of object, may be tree, prop, decal or vfx. Needs corresponding closing tag -->
			<model>trees\wh_brt_shrub\shrub_clovera</model>		<!-- path to the object, tree in this case -->

			<size_low>0.8</size_low>				<!-- lowest possible scale -->
			<size_high>1.1</size_high>				<!-- top possible scale -->

			<blendmap_range_low>0.4</blendmap_range_low>		<!-- // same as at group level but for object within group -->
			<blendmap_range_high>1.0</blendmap_range_high>
			<blendmap_range_falloff>0.0</blendmap_range_falloff>
			<height_low>-5000</height_low>
			<height_high>5000</height_high>
			<height_falloff>0</height_falloff>			<!-- // -->

			<humidities>						<!-- Supported humidities, not actually used, we may want to remove this -->
				<humidity>arid</humidity>
				<humidity>humid</humidity>
			</humidities>

			<categories>						<!-- Supported categories, these categories are defined in generation_categories.xml -->
				<category>brt_moorlands</category>					
			</categories>

			<probability>0.167</probability>				<!-- Base probability of choosing this object -->
			<minimum_seperation>0.5</minimum_seperation>		<!-- Minimum distance this must be from other objects if chosen -->

			<enable_debug_lines>false</enable_debug_lines>		<!-- debug lines to visualise more easily what has been chosen, this was hooked up in TEd, though may still need to be in Terry -->
			<debug_lines_red>1.0</debug_lines_red>
			<debug_lines_green>0.65</debug_lines_green>	
			<debug_lines_blue>0.90</debug_lines_blue>
		</tree>
		<tree> 								<!-- type of object, may be tree, prop, decal or vfx. Needs corresponding closing tag -->
			<model>trees\wh_brt_shrub\shrub_cloverb</model>		<!-- path to the object, tree in this case -->

			<size_low>0.8</size_low>				<!-- lowest possible scale -->
			<size_high>1.1</size_high>				<!-- top possible scale -->

			<blendmap_range_low>0.4</blendmap_range_low>		<!-- // same as at group level but for object within group -->
			<blendmap_range_high>1.0</blendmap_range_high>
			<blendmap_range_falloff>0.0</blendmap_range_falloff>
			<height_low>-5000</height_low>
			<height_high>5000</height_high>
			<height_falloff>0</height_falloff>			<!-- // -->

			<humidities>						<!-- Supported humidities, not actually used, we may want to remove this -->
				<humidity>arid</humidity>
				<humidity>humid</humidity>
			</humidities>

			<categories>						<!-- Supported categories, these categories are defined in generation_categories.xml -->
				<category>brt_moorlands</category>					
			</categories>

			<probability>0.167</probability>				<!-- Base probability of choosing this object -->
			<minimum_seperation>0.5</minimum_seperation>		<!-- Minimum distance this must be from other objects if chosen -->

			<enable_debug_lines>false</enable_debug_lines>		<!-- debug lines to visualise more easily what has been chosen, this was hooked up in TEd, though may still need to be in Terry -->
			<debug_lines_red>1.0</debug_lines_red>
			<debug_lines_green>0.65</debug_lines_green>	
			<debug_lines_blue>0.90</debug_lines_blue>
		</tree>
		<tree> 								<!-- type of object, may be tree, prop, decal or vfx. Needs corresponding closing tag -->
			<model>trees\wh_brt_shrub\shrub_bigleafa</model>		<!-- path to the object, tree in this case -->

			<size_low>0.8</size_low>				<!-- lowest possible scale -->
			<size_high>1.1</size_high>				<!-- top possible scale -->

			<blendmap_range_low>0.4</blendmap_range_low>		<!-- // same as at group level but for object within group -->
			<blendmap_range_high>1.0</blendmap_range_high>
			<blendmap_range_falloff>0.0</blendmap_range_falloff>
			<height_low>-5000</height_low>
			<height_high>5000</height_high>
			<height_falloff>0</height_falloff>			<!-- // -->

			<humidities>						<!-- Supported humidities, not actually used, we may want to remove this -->
				<humidity>arid</humidity>
				<humidity>humid</humidity>
			</humidities>

			<categories>						<!-- Supported categories, these categories are defined in generation_categories.xml -->
				<category>brt_moorlands</category>					
			</categories>

			<probability>0.167</probability>				<!-- Base probability of choosing this object -->
			<minimum_seperation>0.5</minimum_seperation>		<!-- Minimum distance this must be from other objects if chosen -->

			<enable_debug_lines>false</enable_debug_lines>		<!-- debug lines to visualise more easily what has been chosen, this was hooked up in TEd, though may still need to be in Terry -->
			<debug_lines_red>1.0</debug_lines_red>
			<debug_lines_green>0.65</debug_lines_green>	
			<debug_lines_blue>0.90</debug_lines_blue>
		</tree>
		<tree> 								<!-- type of object, may be tree, prop, decal or vfx. Needs corresponding closing tag -->
			<model>trees\wh_brt_shrub\shrub_bigleafb</model>		<!-- path to the object, tree in this case -->

			<size_low>0.8</size_low>				<!-- lowest possible scale -->
			<size_high>1.1</size_high>				<!-- top possible scale -->

			<blendmap_range_low>0.4</blendmap_range_low>		<!-- // same as at group level but for object within group -->
			<blendmap_range_high>1.0</blendmap_range_high>
			<blendmap_range_falloff>0.0</blendmap_range_falloff>
			<height_low>-5000</height_low>
			<height_high>5000</height_high>
			<height_falloff>0</height_falloff>			<!-- // -->

			<humidities>						<!-- Supported humidities, not actually used, we may want to remove this -->
				<humidity>arid</humidity>
				<humidity>humid</humidity>
			</humidities>

			<categories>						<!-- Supported categories, these categories are defined in generation_categories.xml -->
				<category>brt_moorlands</category>					
			</categories>

			<probability>0.167</probability>				<!-- Base probability of choosing this object -->
			<minimum_seperation>0.5</minimum_seperation>		<!-- Minimum distance this must be from other objects if chosen -->

			<enable_debug_lines>false</enable_debug_lines>		<!-- debug lines to visualise more easily what has been chosen, this was hooked up in TEd, though may still need to be in Terry -->
			<debug_lines_red>1.0</debug_lines_red>
			<debug_lines_green>0.65</debug_lines_green>	
			<debug_lines_blue>0.90</debug_lines_blue>
		</tree>
	</group>	
	<group group_name="stones_middle_brtcityblend01">
		<texture>brtcity</texture>					<!-- texture channel that must exist in order to pick group (well, actually the value must be above 0.05) --> 
		<texture_for_probability>brtcity</texture_for_probability>	<!-- texture channel to use for probability, if not defined texture is used -->

		<group_channel_range_low>0.4</group_channel_range_low>		<!-- bottom of blend map value range -->
		<group_channel_range_high>1.0</group_channel_range_high>		<!-- top of blend map value range -->
		<group_channel_range_falloff>0.0</group_channel_range_falloff>	<!-- range within the defined range that is always the top probability, in this case the whole range -->

		<height_range_low>-5000</height_range_low>			<!-- bottom of height map range -->
		<height_range_high>5000</height_range_high>			<!-- top of height map range -->
		<height_range_falloff>10000</height_range_falloff>			<!-- range within the defined range that is always the top probability, in this case only the very centre -->
		
		<probability>0.1</probability>					<!-- the base probability which is adjusted based upon the above -->
		
		<grouping_probability>0</grouping_probability>		<!-- the probability of swapping out near objects with objects from the same group -->
		<grouping_radius>0</grouping_radius>				<!-- the radius within which objects may be swapped out -->
		<prop> 								
			<model>Buildings\brt_stone_a\brt_stone_a_piece01_destruct01</model>		
			<size_low>0.8</size_low>				<!-- lowest possible scale -->
			<size_high>1.1</size_high>				<!-- top possible scale -->
			<blendmap_range_low>0.65</blendmap_range_low>		<!-- // same as at group level but for object within group -->
			<blendmap_range_high>0.89</blendmap_range_high>
			<blendmap_range_falloff>0.19</blendmap_range_falloff>
			<height_low>-5000</height_low>
			<height_high>5000</height_high>
			<height_falloff>0</height_falloff>				<!-- // -->
			<humidities>									<!-- Supported humidities, not actually used, we may want to remove this -->
				<humidity>arid</humidity>
				<humidity>humid</humidity>
			</humidities>
			<categories>									<!-- Supported categories, these categories are defined in generation_categories.xml -->
				<category>brt_moorlands</category>					
			</categories>

			<probability>0.167</probability>					<!-- Base probability of choosing this object -->
			<minimum_seperation>0.2</minimum_seperation>		<!-- Minimum distance this must be from other objects if chosen -->
		</prop>
		<prop> 								
			<model>Buildings\brt_stone_b\brt_stone_b_piece01_destruct01</model>		
			<size_low>0.8</size_low>				<!-- lowest possible scale -->
			<size_high>1.1</size_high>				<!-- top possible scale -->
			<blendmap_range_low>0.65</blendmap_range_low>		<!-- // same as at group level but for object within group -->
			<blendmap_range_high>0.89</blendmap_range_high>
			<blendmap_range_falloff>0.19</blendmap_range_falloff>
			<height_low>-5000</height_low>
			<height_high>5000</height_high>
			<height_falloff>0</height_falloff>				<!-- // -->
			<humidities>									<!-- Supported humidities, not actually used, we may want to remove this -->
				<humidity>arid</humidity>
				<humidity>humid</humidity>
			</humidities>
			<categories>									<!-- Supported categories, these categories are defined in generation_categories.xml -->
				<category>brt_moorlands</category>					
			</categories>
			<probability>0.167</probability>					<!-- Base probability of choosing this object -->
			<minimum_seperation>0.2</minimum_seperation>		<!-- Minimum distance this must be from other objects if chosen -->
		</prop>
		<prop> 								
			<model>Buildings\brt_stone_c\brt_stone_c_piece01_destruct01</model>		
			<size_low>0.8</size_low>				<!-- lowest possible scale -->
			<size_high>1.1</size_high>				<!-- top possible scale -->
			<blendmap_range_low>0.65</blendmap_range_low>		<!-- // same as at group level but for object within group -->
			<blendmap_range_high>0.89</blendmap_range_high>
			<blendmap_range_falloff>0.19</blendmap_range_falloff>
			<height_low>-5000</height_low>
			<height_high>5000</height_high>
			<height_falloff>0</height_falloff>				<!-- // -->
			<humidities>									<!-- Supported humidities, not actually used, we may want to remove this -->
				<humidity>arid</humidity>
				<humidity>humid</humidity>
			</humidities>
			<categories>									<!-- Supported categories, these categories are defined in generation_categories.xml -->
				<category>brt_moorlands</category>					
			</categories>
			<probability>0.167</probability>					<!-- Base probability of choosing this object -->
			<minimum_seperation>0.2</minimum_seperation>		<!-- Minimum distance this must be from other objects if chosen -->
		</prop>
		<prop> 								
			<model>Buildings\brt_stone_c\brt_stone_c_piece01_destruct01</model>		
			<size_low>0.8</size_low>				<!-- lowest possible scale -->
			<size_high>1.1</size_high>				<!-- top possible scale -->
			<blendmap_range_low>0.65</blendmap_range_low>		<!-- // same as at group level but for object within group -->
			<blendmap_range_high>0.89</blendmap_range_high>
			<blendmap_range_falloff>0.19</blendmap_range_falloff>
			<height_low>-5000</height_low>
			<height_high>5000</height_high>
			<height_falloff>0</height_falloff>				<!-- // -->
			<humidities>									<!-- Supported humidities, not actually used, we may want to remove this -->
				<humidity>arid</humidity>
				<humidity>humid</humidity>
			</humidities>
			<categories>									<!-- Supported categories, these categories are defined in generation_categories.xml -->
				<category>brt_moorlands</category>					
			</categories>
			<probability>0.167</probability>					<!-- Base probability of choosing this object -->
			<minimum_seperation>1.0</minimum_seperation>		<!-- Minimum distance this must be from other objects if chosen -->
		</prop>
		<prop> 								
			<model>Buildings\brt_stone_d\brt_stone_d_piece01_destruct01</model>		
			<size_low>0.8</size_low>				<!-- lowest possible scale -->
			<size_high>1.1</size_high>				<!-- top possible scale -->
			<blendmap_range_low>0.65</blendmap_range_low>		<!-- // same as at group level but for object within group -->
			<blendmap_range_high>0.89</blendmap_range_high>
			<blendmap_range_falloff>0.19</blendmap_range_falloff>
			<height_low>-5000</height_low>
			<height_high>5000</height_high>
			<height_falloff>0</height_falloff>				<!-- // -->
			<humidities>									<!-- Supported humidities, not actually used, we may want to remove this -->
				<humidity>arid</humidity>
				<humidity>humid</humidity>
			</humidities>
			<categories>									<!-- Supported categories, these categories are defined in generation_categories.xml -->
				<category>brt_moorlands</category>					
			</categories>
			<probability>0.167</probability>					<!-- Base probability of choosing this object -->
			<minimum_seperation>0.2</minimum_seperation>		<!-- Minimum distance this must be from other objects if chosen -->
		</prop>	
		<prop> 								
			<model>Buildings\brt_stone_e\brt_stone_e_piece01_destruct01</model>		
			<size_low>0.8</size_low>				<!-- lowest possible scale -->
			<size_high>1.1</size_high>				<!-- top possible scale -->
			<blendmap_range_low>0.65</blendmap_range_low>		<!-- // same as at group level but for object within group -->
			<blendmap_range_high>0.89</blendmap_range_high>
			<blendmap_range_falloff>0.19</blendmap_range_falloff>
			<height_low>-5000</height_low>
			<height_high>5000</height_high>
			<height_falloff>0</height_falloff>				<!-- // -->
			<humidities>									<!-- Supported humidities, not actually used, we may want to remove this -->
				<humidity>arid</humidity>
				<humidity>humid</humidity>
			</humidities>
			<categories>									<!-- Supported categories, these categories are defined in generation_categories.xml -->
				<category>brt_moorlands</category>					
			</categories>
			<probability>0.167</probability>					<!-- Base probability of choosing this object -->
			<minimum_seperation>0.2</minimum_seperation>		<!-- Minimum distance this must be from other objects if chosen -->
		</prop>	
		<prop> 								
			<model>Buildings\brt_stone_f\brt_stone_f_piece01_destruct01</model>		
			<size_low>0.8</size_low>				<!-- lowest possible scale -->
			<size_high>1.1</size_high>				<!-- top possible scale -->
			<blendmap_range_low>0.65</blendmap_range_low>		<!-- // same as at group level but for object within group -->
			<blendmap_range_high>0.89</blendmap_range_high>
			<blendmap_range_falloff>0.19</blendmap_range_falloff>
			<height_low>-5000</height_low>
			<height_high>5000</height_high>
			<height_falloff>0</height_falloff>				<!-- // -->
			<humidities>									<!-- Supported humidities, not actually used, we may want to remove this -->
				<humidity>arid</humidity>
				<humidity>humid</humidity>
			</humidities>
			<categories>									<!-- Supported categories, these categories are defined in generation_categories.xml -->
				<category>brt_moorlands</category>					
			</categories>
			<probability>0.167</probability>					<!-- Base probability of choosing this object -->
			<minimum_seperation>0.2</minimum_seperation>		<!-- Minimum distance this must be from other objects if chosen -->
		</prop>		
	</group>
</trees>