<?xml version="1.0" encoding="UTF-8"?>
<trees>

<!-- INNER 0.8 # 1.0 #########################################################################################################-->
<!--##########################################################################################################################-->
<!--##########################################################################################################################-->
	<group group_name="dead_shrub_inner_brtvmpgrassblend01">
		<texture>grass01</texture>					<!-- texture channel that must exist in order to pick group (well, actually the value must be above 0.05) --> 
		<texture_for_probability>grass01</texture_for_probability>	<!-- texture channel to use for probability, if not defined texture is used -->

		<group_channel_range_low>0.8</group_channel_range_low>		<!-- bottom of blend map value range -->
		<group_channel_range_high>1.1</group_channel_range_high>		<!-- top of blend map value range -->
		<group_channel_range_falloff>0.2</group_channel_range_falloff>	<!-- range within the defined range that is always the top probability, in this case the whole range -->

		<height_range_low>-5000</height_range_low>			<!-- bottom of height map range -->
		<height_range_high>5000</height_range_high>			<!-- top of height map range -->
		<height_range_falloff>10000</height_range_falloff>			<!-- range within the defined range that is always the top probability, in this case only the very centre -->
		
		<probability>0.225</probability>					<!-- the base probability which is adjusted based upon the above -->
		
		<grouping_probability>0</grouping_probability>		<!-- the probability of swapping out near objects with objects from the same group -->
		<grouping_radius>0</grouping_radius>				<!-- the radius within which objects may be swapped out -->

		<tree> 								<!-- type of object, may be tree, prop, decal or vfx. Needs corresponding closing tag -->
			<model>trees\wh_vmp_shrub\shrub_dead_a</model>		<!-- path to the object, tree in this case -->

			<size_low>0.8</size_low>				<!-- lowest possible scale -->
			<size_high>1.3</size_high>				<!-- top possible scale -->

			<blendmap_range_low>0.8</blendmap_range_low>		<!-- // same as at group level but for object within group -->
			<blendmap_range_high>1</blendmap_range_high>
			<blendmap_range_falloff>0.2</blendmap_range_falloff>
			<height_low>-5000</height_low>
			<height_high>5000</height_high>
			<height_falloff>0</height_falloff>			<!-- // -->

			<humidities>						<!-- Supported humidities, not actually used, we may want to remove this -->
				<humidity>arid</humidity>
				<humidity>humid</humidity>
			</humidities>

			<categories>						<!-- Supported categories, these categories are defined in generation_categories.xml -->
				<category>brt_vmp</category>					
			</categories>

			<probability>0.5</probability>				<!-- Base probability of choosing this object -->
			<minimum_seperation>1.5</minimum_seperation>		<!-- Minimum distance this must be from other objects if chosen -->

			<enable_debug_lines>false</enable_debug_lines>		<!-- debug lines to visualise more easily what has been chosen, this was hooked up in TEd, though may still need to be in Terry -->
			<debug_lines_red>1.0</debug_lines_red>
			<debug_lines_green>0.65</debug_lines_green>	
			<debug_lines_blue>0.90</debug_lines_blue>
		</tree>
		<tree> 								<!-- type of object, may be tree, prop, decal or vfx. Needs corresponding closing tag -->
			<model>trees\wh_vmp_shrub\shrub_dead_b</model>		<!-- path to the object, tree in this case -->

			<size_low>0.8</size_low>				<!-- lowest possible scale -->
			<size_high>1.3</size_high>				<!-- top possible scale -->

			<blendmap_range_low>0.8</blendmap_range_low>		<!-- // same as at group level but for object within group -->
			<blendmap_range_high>1</blendmap_range_high>
			<blendmap_range_falloff>0.2</blendmap_range_falloff>
			<height_low>-5000</height_low>
			<height_high>5000</height_high>
			<height_falloff>0</height_falloff>			<!-- // -->

			<humidities>						<!-- Supported humidities, not actually used, we may want to remove this -->
				<humidity>arid</humidity>
				<humidity>humid</humidity>
			</humidities>

			<categories>						<!-- Supported categories, these categories are defined in generation_categories.xml -->
				<category>brt_vmp</category>					
			</categories>

			<probability>0.5</probability>				<!-- Base probability of choosing this object -->
			<minimum_seperation>1.5</minimum_seperation>		<!-- Minimum distance this must be from other objects if chosen -->

			<enable_debug_lines>false</enable_debug_lines>		<!-- debug lines to visualise more easily what has been chosen, this was hooked up in TEd, though may still need to be in Terry -->
			<debug_lines_red>1.0</debug_lines_red>
			<debug_lines_green>0.65</debug_lines_green>	
			<debug_lines_blue>0.90</debug_lines_blue>
		</tree>
	</group>
	<group group_name="bushy+flowers_shrub_inner_brtvmpgrassblend01">
		<texture>grass01</texture>					<!-- texture channel that must exist in order to pick group (well, actually the value must be above 0.05) --> 
		<texture_for_probability>grass01</texture_for_probability>	<!-- texture channel to use for probability, if not defined texture is used -->

		<group_channel_range_low>0.8</group_channel_range_low>		<!-- bottom of blend map value range -->
		<group_channel_range_high>1.1</group_channel_range_high>		<!-- top of blend map value range -->
		<group_channel_range_falloff>0.1</group_channel_range_falloff>	<!-- range within the defined range that is always the top probability, in this case the whole range -->

		<height_range_low>-5000</height_range_low>			<!-- bottom of height map range -->
		<height_range_high>5000</height_range_high>			<!-- top of height map range -->
		<height_range_falloff>10000</height_range_falloff>			<!-- range within the defined range that is always the top probability, in this case only the very centre -->
		
		<probability>0.15</probability>					<!-- the base probability which is adjusted based upon the above -->
		
		<grouping_probability>0</grouping_probability>		<!-- the probability of swapping out near objects with objects from the same group -->
		<grouping_radius>0</grouping_radius>				<!-- the radius within which objects may be swapped out -->

		<tree> 								<!-- type of object, may be tree, prop, decal or vfx. Needs corresponding closing tag -->
			<model>trees\wh_emp_shrub\shrub_thornsa</model>		<!-- path to the object, tree in this case -->

			<size_low>0.8</size_low>				<!-- lowest possible scale -->
			<size_high>1.3</size_high>				<!-- top possible scale -->

			<blendmap_range_low>0.8</blendmap_range_low>		<!-- // same as at group level but for object within group -->
			<blendmap_range_high>1</blendmap_range_high>
			<blendmap_range_falloff>0.2</blendmap_range_falloff>
			<height_low>-5000</height_low>
			<height_high>5000</height_high>
			<height_falloff>0</height_falloff>			<!-- // -->

			<humidities>						<!-- Supported humidities, not actually used, we may want to remove this -->
				<humidity>arid</humidity>
				<humidity>humid</humidity>
			</humidities>

			<categories>						<!-- Supported categories, these categories are defined in generation_categories.xml -->
				<category>brt_vmp</category>					
			</categories>

			<probability>0.2</probability>				<!-- Base probability of choosing this object -->
			<minimum_seperation>1.0</minimum_seperation>		<!-- Minimum distance this must be from other objects if chosen -->

			<enable_debug_lines>false</enable_debug_lines>		<!-- debug lines to visualise more easily what has been chosen, this was hooked up in TEd, though may still need to be in Terry -->
			<debug_lines_red>1.0</debug_lines_red>
			<debug_lines_green>0.65</debug_lines_green>	
			<debug_lines_blue>0.90</debug_lines_blue>
		</tree>
		<tree> 								<!-- type of object, may be tree, prop, decal or vfx. Needs corresponding closing tag -->
			<model>trees\wh_emp_shrub\shrub_thornsb</model>		<!-- path to the object, tree in this case -->

			<size_low>0.8</size_low>				<!-- lowest possible scale -->
			<size_high>1.3</size_high>				<!-- top possible scale -->

			<blendmap_range_low>0.8</blendmap_range_low>		<!-- // same as at group level but for object within group -->
			<blendmap_range_high>1</blendmap_range_high>
			<blendmap_range_falloff>0.2</blendmap_range_falloff>
			<height_low>-5000</height_low>
			<height_high>5000</height_high>
			<height_falloff>0</height_falloff>			<!-- // -->

			<humidities>						<!-- Supported humidities, not actually used, we may want to remove this -->
				<humidity>arid</humidity>
				<humidity>humid</humidity>
			</humidities>

			<categories>						<!-- Supported categories, these categories are defined in generation_categories.xml -->
				<category>brt_vmp</category>					
			</categories>

			<probability>0.2</probability>				<!-- Base probability of choosing this object -->
			<minimum_seperation>1.0</minimum_seperation>		<!-- Minimum distance this must be from other objects if chosen -->

			<enable_debug_lines>false</enable_debug_lines>		<!-- debug lines to visualise more easily what has been chosen, this was hooked up in TEd, though may still need to be in Terry -->
			<debug_lines_red>1.0</debug_lines_red>
			<debug_lines_green>0.65</debug_lines_green>	
			<debug_lines_blue>0.90</debug_lines_blue>
		</tree>
		<tree> 								<!-- type of object, may be tree, prop, decal or vfx. Needs corresponding closing tag -->
			<model>trees\wh_emp_shrub\shrub_thornsa</model>		<!-- path to the object, tree in this case -->

			<size_low>0.8</size_low>				<!-- lowest possible scale -->
			<size_high>1.3</size_high>				<!-- top possible scale -->

			<blendmap_range_low>0.8</blendmap_range_low>		<!-- // same as at group level but for object within group -->
			<blendmap_range_high>1</blendmap_range_high>
			<blendmap_range_falloff>0.2</blendmap_range_falloff>
			<height_low>-5000</height_low>
			<height_high>5000</height_high>
			<height_falloff>0</height_falloff>			<!-- // -->

			<humidities>						<!-- Supported humidities, not actually used, we may want to remove this -->
				<humidity>arid</humidity>
				<humidity>humid</humidity>
			</humidities>

			<categories>						<!-- Supported categories, these categories are defined in generation_categories.xml -->
				<category>brt_vmp</category>					
			</categories>

			<probability>0.2</probability>				<!-- Base probability of choosing this object -->
			<minimum_seperation>1.0</minimum_seperation>		<!-- Minimum distance this must be from other objects if chosen -->

			<enable_debug_lines>false</enable_debug_lines>		<!-- debug lines to visualise more easily what has been chosen, this was hooked up in TEd, though may still need to be in Terry -->
			<debug_lines_red>1.0</debug_lines_red>
			<debug_lines_green>0.65</debug_lines_green>	
			<debug_lines_blue>0.90</debug_lines_blue>
		</tree>
		<tree> 								<!-- type of object, may be tree, prop, decal or vfx. Needs corresponding closing tag -->
			<model>trees\wh_emp_shrub\shrub_thornsb</model>		<!-- path to the object, tree in this case -->

			<size_low>0.8</size_low>				<!-- lowest possible scale -->
			<size_high>1.3</size_high>				<!-- top possible scale -->

			<blendmap_range_low>0.8</blendmap_range_low>		<!-- // same as at group level but for object within group -->
			<blendmap_range_high>1</blendmap_range_high>
			<blendmap_range_falloff>0.2</blendmap_range_falloff>
			<height_low>-5000</height_low>
			<height_high>5000</height_high>
			<height_falloff>0</height_falloff>			<!-- // -->

			<humidities>						<!-- Supported humidities, not actually used, we may want to remove this -->
				<humidity>arid</humidity>
				<humidity>humid</humidity>
			</humidities>

			<categories>						<!-- Supported categories, these categories are defined in generation_categories.xml -->
				<category>brt_vmp</category>					
			</categories>

			<probability>0.2</probability>				<!-- Base probability of choosing this object -->
			<minimum_seperation>1.0</minimum_seperation>		<!-- Minimum distance this must be from other objects if chosen -->

			<enable_debug_lines>false</enable_debug_lines>		<!-- debug lines to visualise more easily what has been chosen, this was hooked up in TEd, though may still need to be in Terry -->
			<debug_lines_red>1.0</debug_lines_red>
			<debug_lines_green>0.65</debug_lines_green>	
			<debug_lines_blue>0.90</debug_lines_blue>
		</tree>
		<tree> 								<!-- type of object, may be tree, prop, decal or vfx. Needs corresponding closing tag -->
			<model>trees\wh_vmp_shrub\shrub_flowers_b</model>		<!-- path to the object, tree in this case -->

			<size_low>0.8</size_low>				<!-- lowest possible scale -->
			<size_high>1.3</size_high>				<!-- top possible scale -->

			<blendmap_range_low>0.8</blendmap_range_low>		<!-- // same as at group level but for object within group -->
			<blendmap_range_high>1</blendmap_range_high>
			<blendmap_range_falloff>0.2</blendmap_range_falloff>
			<height_low>-5000</height_low>
			<height_high>5000</height_high>
			<height_falloff>0</height_falloff>			<!-- // -->

			<humidities>						<!-- Supported humidities, not actually used, we may want to remove this -->
				<humidity>arid</humidity>
				<humidity>humid</humidity>
			</humidities>

			<categories>						<!-- Supported categories, these categories are defined in generation_categories.xml -->
				<category>brt_vmp</category>					
			</categories>

			<probability>0.2</probability>				<!-- Base probability of choosing this object -->
			<minimum_seperation>1.0</minimum_seperation>		<!-- Minimum distance this must be from other objects if chosen -->

			<enable_debug_lines>false</enable_debug_lines>		<!-- debug lines to visualise more easily what has been chosen, this was hooked up in TEd, though may still need to be in Terry -->
			<debug_lines_red>1.0</debug_lines_red>
			<debug_lines_green>0.65</debug_lines_green>	
			<debug_lines_blue>0.90</debug_lines_blue>
		</tree>		
	</group>
	<group group_name="grassyclumps_inner_brtvmpgrassblend01">
		<texture>grass01</texture>					<!-- texture channel that must exist in order to pick group (well, actually the value must be above 0.05) --> 
		<texture_for_probability>grass01</texture_for_probability>	<!-- texture channel to use for probability, if not defined texture is used -->

		<group_channel_range_low>0.8</group_channel_range_low>		<!-- bottom of blend map value range -->
		<group_channel_range_high>1.1</group_channel_range_high>		<!-- top of blend map value range -->
		<group_channel_range_falloff>0.2</group_channel_range_falloff>	<!-- range within the defined range that is always the top probability, in this case the whole range -->

		<height_range_low>-5000</height_range_low>			<!-- bottom of height map range -->
		<height_range_high>5000</height_range_high>			<!-- top of height map range -->
		<height_range_falloff>10000</height_range_falloff>			<!-- range within the defined range that is always the top probability, in this case only the very centre -->
		
		<probability>0.475</probability>					<!-- the base probability which is adjusted based upon the above -->
		
		<grouping_probability>0.1</grouping_probability>		<!-- the probability of swapping out near objects with objects from the same group -->
		<grouping_radius>1</grouping_radius>				<!-- the radius within which objects may be swapped out -->
		<tree> 								<!-- type of object, may be tree, prop, decal or vfx. Needs corresponding closing tag -->
			<model>trees\wh_vmp_shrub\shrub_clump_a</model>		<!-- path to the object, tree in this case -->

			<size_low>0.8</size_low>				<!-- lowest possible scale -->
			<size_high>1.3</size_high>				<!-- top possible scale -->

			<blendmap_range_low>0.8</blendmap_range_low>		<!-- // same as at group level but for object within group -->
			<blendmap_range_high>1</blendmap_range_high>
			<blendmap_range_falloff>0.2</blendmap_range_falloff>
			<height_low>-5000</height_low>
			<height_high>5000</height_high>
			<height_falloff>0</height_falloff>			<!-- // -->

			<humidities>						<!-- Supported humidities, not actually used, we may want to remove this -->
				<humidity>arid</humidity>
				<humidity>humid</humidity>
			</humidities>

			<categories>						<!-- Supported categories, these categories are defined in generation_categories.xml -->
				<category>brt_vmp</category>					
			</categories>

			<probability>0.33</probability>				<!-- Base probability of choosing this object -->
			<minimum_seperation>0.2</minimum_seperation>		<!-- Minimum distance this must be from other objects if chosen -->

			<enable_debug_lines>false</enable_debug_lines>		<!-- debug lines to visualise more easily what has been chosen, this was hooked up in TEd, though may still need to be in Terry -->
			<debug_lines_red>1.0</debug_lines_red>
			<debug_lines_green>0.65</debug_lines_green>	
			<debug_lines_blue>0.90</debug_lines_blue>
		</tree>
		<tree> 								<!-- type of object, may be tree, prop, decal or vfx. Needs corresponding closing tag -->
			<model>trees\wh_vmp_shrub\shrub_clump_b</model>		<!-- path to the object, tree in this case -->

			<size_low>0.8</size_low>				<!-- lowest possible scale -->
			<size_high>1.3</size_high>				<!-- top possible scale -->

			<blendmap_range_low>0.8</blendmap_range_low>		<!-- // same as at group level but for object within group -->
			<blendmap_range_high>1</blendmap_range_high>
			<blendmap_range_falloff>0.2</blendmap_range_falloff>
			<height_low>-5000</height_low>
			<height_high>5000</height_high>
			<height_falloff>0</height_falloff>			<!-- // -->

			<humidities>						<!-- Supported humidities, not actually used, we may want to remove this -->
				<humidity>arid</humidity>
				<humidity>humid</humidity>
			</humidities>

			<categories>						<!-- Supported categories, these categories are defined in generation_categories.xml -->
				<category>brt_vmp</category>					
			</categories>

			<probability>0.33</probability>				<!-- Base probability of choosing this object -->
			<minimum_seperation>0.2</minimum_seperation>		<!-- Minimum distance this must be from other objects if chosen -->

			<enable_debug_lines>false</enable_debug_lines>		<!-- debug lines to visualise more easily what has been chosen, this was hooked up in TEd, though may still need to be in Terry -->
			<debug_lines_red>1.0</debug_lines_red>
			<debug_lines_green>0.65</debug_lines_green>	
			<debug_lines_blue>0.90</debug_lines_blue>
		</tree>
		<tree> 								<!-- type of object, may be tree, prop, decal or vfx. Needs corresponding closing tag -->
			<model>trees\wh_vmp_shrub\shrub_clump_c</model>		<!-- path to the object, tree in this case -->

			<size_low>0.8</size_low>				<!-- lowest possible scale -->
			<size_high>1.3</size_high>				<!-- top possible scale -->

			<blendmap_range_low>0.8</blendmap_range_low>		<!-- // same as at group level but for object within group -->
			<blendmap_range_high>1</blendmap_range_high>
			<blendmap_range_falloff>0.2</blendmap_range_falloff>
			<height_low>-5000</height_low>
			<height_high>5000</height_high>
			<height_falloff>0</height_falloff>			<!-- // -->

			<humidities>						<!-- Supported humidities, not actually used, we may want to remove this -->
				<humidity>arid</humidity>
				<humidity>humid</humidity>
			</humidities>

			<categories>						<!-- Supported categories, these categories are defined in generation_categories.xml -->
				<category>brt_vmp</category>					
			</categories>

			<probability>0.33</probability>				<!-- Base probability of choosing this object -->
			<minimum_seperation>0.2</minimum_seperation>		<!-- Minimum distance this must be from other objects if chosen -->

			<enable_debug_lines>false</enable_debug_lines>		<!-- debug lines to visualise more easily what has been chosen, this was hooked up in TEd, though may still need to be in Terry -->
			<debug_lines_red>1.0</debug_lines_red>
			<debug_lines_green>0.65</debug_lines_green>	
			<debug_lines_blue>0.90</debug_lines_blue>
		</tree>
	</group>
	<group group_name="animalbones_inner_brtvmpgrassblend01">
		<texture>grass01</texture>					<!-- texture channel that must exist in order to pick group (well, actually the value must be above 0.05) --> 
		<texture_for_probability>grass01</texture_for_probability>	<!-- texture channel to use for probability, if not defined texture is used -->

		<group_channel_range_low>0.8</group_channel_range_low>		<!-- bottom of blend map value range -->
		<group_channel_range_high>1.0</group_channel_range_high>		<!-- top of blend map value range -->
		<group_channel_range_falloff>0.2</group_channel_range_falloff>	<!-- range within the defined range that is always the top probability, in this case the whole range -->

		<height_range_low>-5000</height_range_low>			<!-- bottom of height map range -->
		<height_range_high>5000</height_range_high>			<!-- top of height map range -->
		<height_range_falloff>0</height_range_falloff>			<!-- range within the defined range that is always the top probability, in this case only the very centre -->
		
		<probability>0.02</probability>					<!-- the base probability which is adjusted based upon the above -->
		
		<grouping_probability>0</grouping_probability>		<!-- the probability of swapping out near objects with objects from the same group -->
		<grouping_radius>0</grouping_radius>				<!-- the radius within which objects may be swapped out -->

		<prop> 								<!-- type of object, may be tree, prop, decal or vfx. Needs corresponding closing tag -->
			<model>Buildings\prcdl_animal_bones_01\prcdl_animal_bones_01_piece01_destruct01</model>		<!-- path to the object, tree in this case -->

			<size_low>0.8</size_low>				<!-- lowest possible scale -->
			<size_high>1.0</size_high>				<!-- top possible scale -->

			<blendmap_range_low>0.8</blendmap_range_low>		<!-- // same as at group level but for object within group -->
			<blendmap_range_high>1</blendmap_range_high>
			<blendmap_range_falloff>0.2</blendmap_range_falloff>
			<height_low>-5000</height_low>
			<height_high>5000</height_high>
			<height_falloff>0</height_falloff>				<!-- // -->

			<humidities>									<!-- Supported humidities, not actually used, we may want to remove this -->
				<humidity>arid</humidity>
				<humidity>humid</humidity>
			</humidities>

			<categories>									<!-- Supported categories, these categories are defined in generation_categories.xml -->
				<category>brt_vmp</category>					
			</categories>

			<probability>0.33</probability>					<!-- Base probability of choosing this object -->
			<minimum_seperation>2</minimum_seperation>		<!-- Minimum distance this must be from other objects if chosen -->
		</prop>
		<prop> 								<!-- type of object, may be tree, prop, decal or vfx. Needs corresponding closing tag -->
			<model>Buildings\prcdl_animal_bones_02\prcdl_animal_bones_02_piece01_destruct01</model>		<!-- path to the object, tree in this case -->

			<size_low>0.8</size_low>				<!-- lowest possible scale -->
			<size_high>1.0</size_high>				<!-- top possible scale -->

			<blendmap_range_low>0.8</blendmap_range_low>		<!-- // same as at group level but for object within group -->
			<blendmap_range_high>1</blendmap_range_high>
			<blendmap_range_falloff>0.2</blendmap_range_falloff>
			<height_low>-5000</height_low>
			<height_high>5000</height_high>
			<height_falloff>0</height_falloff>				<!-- // -->

			<humidities>									<!-- Supported humidities, not actually used, we may want to remove this -->
				<humidity>arid</humidity>
				<humidity>humid</humidity>
			</humidities>

			<categories>									<!-- Supported categories, these categories are defined in generation_categories.xml -->
				<category>brt_vmp</category>					
			</categories>

			<probability>0.33</probability>					<!-- Base probability of choosing this object -->
			<minimum_seperation>2</minimum_seperation>		<!-- Minimum distance this must be from other objects if chosen -->
		</prop>
		<prop> 								
			<model>Buildings\prcdl_animal_bones_03\prcdl_animal_bones_03_piece01_destruct01</model>		

			<size_low>0.3</size_low>				<!-- lowest possible scale -->
			<size_high>1.0</size_high>				<!-- top possible scale -->

			<blendmap_range_low>0.8</blendmap_range_low>		<!-- // same as at group level but for object within group -->
			<blendmap_range_high>1</blendmap_range_high>
			<blendmap_range_falloff>0.2</blendmap_range_falloff>

			<height_low>-5000</height_low>
			<height_high>5000</height_high>
			<height_falloff>0</height_falloff>				<!-- // -->

			<humidities>									<!-- Supported humidities, not actually used, we may want to remove this -->
				<humidity>arid</humidity>
				<humidity>humid</humidity>
			</humidities>

			<categories>									<!-- Supported categories, these categories are defined in generation_categories.xml -->
				<category>brt_vmp</category>					
			</categories>

			<probability>0.2</probability>					<!-- Base probability of choosing this object -->

			<minimum_seperation>2</minimum_seperation>		<!-- Minimum distance this must be from other objects if chosen -->
		</prop>
		<prop> 								
			<model>Buildings\prcdl_animal_bones_04\prcdl_animal_bones_04_piece01_destruct01</model>		
			<size_low>0.8</size_low>				<!-- lowest possible scale -->
			<size_high>1.0</size_high>				<!-- top possible scale -->

			<blendmap_range_low>0.8</blendmap_range_low>		<!-- // same as at group level but for object within group -->
			<blendmap_range_high>1</blendmap_range_high>
			<blendmap_range_falloff>0.2</blendmap_range_falloff>

			<height_low>-5000</height_low>
			<height_high>5000</height_high>
			<height_falloff>0</height_falloff>				<!-- // -->

			<humidities>									<!-- Supported humidities, not actually used, we may want to remove this -->
				<humidity>arid</humidity>
				<humidity>humid</humidity>
			</humidities>

			<categories>									<!-- Supported categories, these categories are defined in generation_categories.xml -->
				<category>brt_vmp</category>					
			</categories>

			<probability>0.33</probability>					<!-- Base probability of choosing this object -->

			<minimum_seperation>2</minimum_seperation>		<!-- Minimum distance this must be from other objects if chosen -->
		</prop>
	</group>	

	<group group_name="stones_inner_brtvmpgrassblend01">
		<texture>grass01</texture>					<!-- texture channel that must exist in order to pick group (well, actually the value must be above 0.05) --> 
		<texture_for_probability>grass01</texture_for_probability>	<!-- texture channel to use for probability, if not defined texture is used -->

		<group_channel_range_low>0.8</group_channel_range_low>		<!-- bottom of blend map value range -->
		<group_channel_range_high>1.0</group_channel_range_high>		<!-- top of blend map value range -->
		<group_channel_range_falloff>0.2</group_channel_range_falloff>	<!-- range within the defined range that is always the top probability, in this case the whole range -->

		<height_range_low>-5000</height_range_low>			<!-- bottom of height map range -->
		<height_range_high>5000</height_range_high>			<!-- top of height map range -->
		<height_range_falloff>0</height_range_falloff>			<!-- range within the defined range that is always the top probability, in this case only the very centre -->
		
		<probability>0.08</probability>					<!-- the base probability which is adjusted based upon the above -->
		
		<grouping_probability>0</grouping_probability>		<!-- the probability of swapping out near objects with objects from the same group -->
		<grouping_radius>0</grouping_radius>				<!-- the radius within which objects may be swapped out -->

		<prop> 								<!-- type of object, may be tree, prop, decal or vfx. Needs corresponding closing tag -->
			<model>Buildings\emp_stone_a\emp_stone_a_piece01_destruct01</model>		<!-- path to the object, tree in this case -->

			<size_low>0.3</size_low>				<!-- lowest possible scale -->
			<size_high>0.5</size_high>				<!-- top possible scale -->

			<blendmap_range_low>0.8</blendmap_range_low>		<!-- // same as at group level but for object within group -->
			<blendmap_range_high>1</blendmap_range_high>
			<blendmap_range_falloff>0.2</blendmap_range_falloff>
			<height_low>-5000</height_low>
			<height_high>5000</height_high>
			<height_falloff>0</height_falloff>				<!-- // -->

			<humidities>									<!-- Supported humidities, not actually used, we may want to remove this -->
				<humidity>arid</humidity>
				<humidity>humid</humidity>
			</humidities>

			<categories>									<!-- Supported categories, these categories are defined in generation_categories.xml -->
				<category>brt_vmp</category>					
			</categories>

			<probability>0.33</probability>					<!-- Base probability of choosing this object -->
			<minimum_seperation>2</minimum_seperation>		<!-- Minimum distance this must be from other objects if chosen -->
		</prop>
		<prop> 								<!-- type of object, may be tree, prop, decal or vfx. Needs corresponding closing tag -->
			<model>Buildings\emp_stone_b\emp_stone_b_piece01_destruct01</model>		<!-- path to the object, tree in this case -->

			<size_low>0.3</size_low>				<!-- lowest possible scale -->
			<size_high>0.5</size_high>				<!-- top possible scale -->

			<blendmap_range_low>0.8</blendmap_range_low>		<!-- // same as at group level but for object within group -->
			<blendmap_range_high>1</blendmap_range_high>
			<blendmap_range_falloff>0.2</blendmap_range_falloff>
			<height_low>-5000</height_low>
			<height_high>5000</height_high>
			<height_falloff>0</height_falloff>				<!-- // -->

			<humidities>									<!-- Supported humidities, not actually used, we may want to remove this -->
				<humidity>arid</humidity>
				<humidity>humid</humidity>
			</humidities>

			<categories>									<!-- Supported categories, these categories are defined in generation_categories.xml -->
				<category>brt_vmp</category>					
			</categories>

			<probability>0.33</probability>					<!-- Base probability of choosing this object -->
			<minimum_seperation>2</minimum_seperation>		<!-- Minimum distance this must be from other objects if chosen -->
		</prop>
		<prop> 								
			<model>Buildings\emp_stone_c\emp_stone_c_piece01_destruct01</model>		

			<size_low>0.3</size_low>				<!-- lowest possible scale -->
			<size_high>0.5</size_high>				<!-- top possible scale -->

			<blendmap_range_low>0.8</blendmap_range_low>		<!-- // same as at group level but for object within group -->
			<blendmap_range_high>1</blendmap_range_high>
			<blendmap_range_falloff>0.2</blendmap_range_falloff>

			<height_low>-5000</height_low>
			<height_high>5000</height_high>
			<height_falloff>0</height_falloff>				<!-- // -->

			<humidities>									<!-- Supported humidities, not actually used, we may want to remove this -->
				<humidity>arid</humidity>
				<humidity>humid</humidity>
			</humidities>

			<categories>									<!-- Supported categories, these categories are defined in generation_categories.xml -->
				<category>brt_vmp</category>					
			</categories>

			<probability>0.2</probability>					<!-- Base probability of choosing this object -->

			<minimum_seperation>2</minimum_seperation>		<!-- Minimum distance this must be from other objects if chosen -->
		</prop>
		<prop> 								
			<model>Buildings\emp_stone_d\emp_stone_d_piece01_destruct01</model>		
			<size_low>0.3</size_low>				<!-- lowest possible scale -->
			<size_high>0.5</size_high>				<!-- top possible scale -->

			<blendmap_range_low>0.8</blendmap_range_low>		<!-- // same as at group level but for object within group -->
			<blendmap_range_high>1</blendmap_range_high>
			<blendmap_range_falloff>0.2</blendmap_range_falloff>

			<height_low>-5000</height_low>
			<height_high>5000</height_high>
			<height_falloff>0</height_falloff>				<!-- // -->

			<humidities>									<!-- Supported humidities, not actually used, we may want to remove this -->
				<humidity>arid</humidity>
				<humidity>humid</humidity>
			</humidities>

			<categories>									<!-- Supported categories, these categories are defined in generation_categories.xml -->
				<category>brt_vmp</category>					
			</categories>

			<probability>0.33</probability>					<!-- Base probability of choosing this object -->

			<minimum_seperation>2</minimum_seperation>		<!-- Minimum distance this must be from other objects if chosen -->
		</prop>
	</group>	
	<group group_name="space_inner_brtvmpgrassblend01">
		<texture>grass01</texture>					<!-- texture channel that must exist in order to pick group (well, actually the value must be above 0.05) --> 
		<texture_for_probability>grass01</texture_for_probability>	<!-- texture channel to use for probability, if not defined texture is used -->

		<group_channel_range_low>0.8</group_channel_range_low>		<!-- bottom of blend map value range -->
		<group_channel_range_high>1.0</group_channel_range_high>		<!-- top of blend map value range -->
		<group_channel_range_falloff>0.2</group_channel_range_falloff>	<!-- range within the defined range that is always the top probability, in this case the whole range -->

		<height_range_low>-5000</height_range_low>			<!-- bottom of height map range -->
		<height_range_high>5000</height_range_high>			<!-- top of height map range -->
		<height_range_falloff>0</height_range_falloff>			<!-- range within the defined range that is always the top probability, in this case only the very centre -->
		
		<probability>0.05</probability>					<!-- the base probability which is adjusted based upon the above -->
		
		<grouping_probability>0</grouping_probability>		<!-- the probability of swapping out near objects with objects from the same group -->
		<grouping_radius>0</grouping_radius>				<!-- the radius within which objects may be swapped out -->

		<prop> 								<!-- type of object, may be tree, prop, decal or vfx. Needs corresponding closing tag -->
			<model></model>		<!-- path to the object, tree in this case -->

			<size_low>0.8</size_low>				<!-- lowest possible scale -->
			<size_high>1.0</size_high>				<!-- top possible scale -->

			<blendmap_range_low>0.8</blendmap_range_low>		<!-- // same as at group level but for object within group -->
			<blendmap_range_high>1.0</blendmap_range_high>
			<blendmap_range_falloff>0.2</blendmap_range_falloff>
			<height_low>-5000</height_low>
			<height_high>5000</height_high>
			<height_falloff>0</height_falloff>				<!-- // -->

			<humidities>									<!-- Supported humidities, not actually used, we may want to remove this -->
				<humidity>arid</humidity>
				<humidity>humid</humidity>
			</humidities>

			<categories>									<!-- Supported categories, these categories are defined in generation_categories.xml -->
				<category>brt_vmp</category>					
			</categories>

			<probability>0.2</probability>					<!-- Base probability of choosing this object -->
			<minimum_seperation>20</minimum_seperation>		<!-- Minimum distance this must be from other objects if chosen -->
		</prop>
		<prop> 								<!-- type of object, may be tree, prop, decal or vfx. Needs corresponding closing tag -->
			<model></model>		<!-- path to the object, tree in this case -->

			<size_low>0.8</size_low>				<!-- lowest possible scale -->
			<size_high>1.0</size_high>				<!-- top possible scale -->

			<blendmap_range_low>0.8</blendmap_range_low>		<!-- // same as at group level but for object within group -->
			<blendmap_range_high>1.0</blendmap_range_high>
			<blendmap_range_falloff>0.2</blendmap_range_falloff>
			<height_low>-5000</height_low>
			<height_high>5000</height_high>
			<height_falloff>0</height_falloff>				<!-- // -->

			<humidities>									<!-- Supported humidities, not actually used, we may want to remove this -->
				<humidity>arid</humidity>
				<humidity>humid</humidity>
			</humidities>

			<categories>									<!-- Supported categories, these categories are defined in generation_categories.xml -->
				<category>brt_vmp</category>					
			</categories>

			<probability>0.2</probability>					<!-- Base probability of choosing this object -->
			<minimum_seperation>21</minimum_seperation>		<!-- Minimum distance this must be from other objects if chosen -->
		</prop>
		<prop> 								
			<model></model>		

			<size_low>0.3</size_low>				<!-- lowest possible scale -->
			<size_high>1.0</size_high>				<!-- top possible scale -->

			<blendmap_range_low>0.8</blendmap_range_low>		<!-- // same as at group level but for object within group -->
			<blendmap_range_high>1.0</blendmap_range_high>
			<blendmap_range_falloff>0.2</blendmap_range_falloff>

			<height_low>-5000</height_low>
			<height_high>5000</height_high>
			<height_falloff>0</height_falloff>				<!-- // -->

			<humidities>									<!-- Supported humidities, not actually used, we may want to remove this -->
				<humidity>arid</humidity>
				<humidity>humid</humidity>
			</humidities>

			<categories>									<!-- Supported categories, these categories are defined in generation_categories.xml -->
				<category>brt_vmp</category>					
			</categories>

			<probability>0.2</probability>					<!-- Base probability of choosing this object -->

			<minimum_seperation>22</minimum_seperation>		<!-- Minimum distance this must be from other objects if chosen -->
		</prop>
		<prop> 								
			<model></model>		
			<size_low>0.8</size_low>				<!-- lowest possible scale -->
			<size_high>1.0</size_high>				<!-- top possible scale -->

			<blendmap_range_low>0.8</blendmap_range_low>		<!-- // same as at group level but for object within group -->
			<blendmap_range_high>1.0</blendmap_range_high>
			<blendmap_range_falloff>0.2</blendmap_range_falloff>

			<height_low>-5000</height_low>
			<height_high>5000</height_high>
			<height_falloff>0</height_falloff>				<!-- // -->

			<humidities>									<!-- Supported humidities, not actually used, we may want to remove this -->
				<humidity>arid</humidity>
				<humidity>humid</humidity>
			</humidities>

			<categories>									<!-- Supported categories, these categories are defined in generation_categories.xml -->
				<category>brt_vmp</category>					
			</categories>

			<probability>0.2</probability>					<!-- Base probability of choosing this object -->

			<minimum_seperation>23</minimum_seperation>		<!-- Minimum distance this must be from other objects if chosen -->
		</prop>
		<prop> 								
			<model></model>		
			<size_low>0.8</size_low>				<!-- lowest possible scale -->
			<size_high>1.0</size_high>				<!-- top possible scale -->

			<blendmap_range_low>0.8</blendmap_range_low>		<!-- // same as at group level but for object within group -->
			<blendmap_range_high>0.1</blendmap_range_high>
			<blendmap_range_falloff>0.2</blendmap_range_falloff>

			<height_low>-5000</height_low>
			<height_high>5000</height_high>
			<height_falloff>0</height_falloff>				<!-- // -->

			<humidities>									<!-- Supported humidities, not actually used, we may want to remove this -->
				<humidity>arid</humidity>
				<humidity>humid</humidity>
			</humidities>

			<categories>									<!-- Supported categories, these categories are defined in generation_categories.xml -->
				<category>brt_vmp</category>					
			</categories>

			<probability>0.1</probability>					<!-- Base probability of choosing this object -->

			<minimum_seperation>24</minimum_seperation>		<!-- Minimum distance this must be from other objects if chosen -->
		</prop>
		<prop> 								
			<model></model>		
			<size_low>0.8</size_low>				<!-- lowest possible scale -->
			<size_high>1.0</size_high>				<!-- top possible scale -->

			<blendmap_range_low>0.8</blendmap_range_low>		<!-- // same as at group level but for object within group -->
			<blendmap_range_high>0.1</blendmap_range_high>
			<blendmap_range_falloff>0.2</blendmap_range_falloff>

			<height_low>-5000</height_low>
			<height_high>5000</height_high>
			<height_falloff>0</height_falloff>				<!-- // -->

			<humidities>									<!-- Supported humidities, not actually used, we may want to remove this -->
				<humidity>arid</humidity>
				<humidity>humid</humidity>
			</humidities>

			<categories>									<!-- Supported categories, these categories are defined in generation_categories.xml -->
				<category>brt_vmp</category>					
			</categories>

			<probability>0.1</probability>					<!-- Base probability of choosing this object -->

			<minimum_seperation>25</minimum_seperation>		<!-- Minimum distance this must be from other objects if chosen -->
		</prop>
	</group>

<!-- MIDDLE 0.5 # 0.79 #######################################################################################################-->
<!--##########################################################################################################################-->
<!--###########################################################################################################################>-->
	<group group_name="dead_shrub_middle_brtvmpgrassblend01">
		<texture>grass01</texture>					<!-- texture channel that must exist in order to pick group (well, actually the value must be above 0.05) --> 
		<texture_for_probability>grass01</texture_for_probability>	<!-- texture channel to use for probability, if not defined texture is used -->

		<group_channel_range_low>0.5</group_channel_range_low>		<!-- bottom of blend map value range -->
		<group_channel_range_high>0.79</group_channel_range_high>		<!-- top of blend map value range -->
		<group_channel_range_falloff>0.29</group_channel_range_falloff>	<!-- range within the defined range that is always the top probability, in this case the whole range -->

		<height_range_low>-5000</height_range_low>			<!-- bottom of height map range -->
		<height_range_high>5000</height_range_high>			<!-- top of height map range -->
		<height_range_falloff>10000</height_range_falloff>			<!-- range within the defined range that is always the top probability, in this case only the very centre -->
		
		<probability>0.225</probability>					<!-- the base probability which is adjusted based upon the above -->
		
		<grouping_probability>0</grouping_probability>		<!-- the probability of swapping out near objects with objects from the same group -->
		<grouping_radius>0</grouping_radius>				<!-- the radius within which objects may be swapped out -->

		<tree> 								<!-- type of object, may be tree, prop, decal or vfx. Needs corresponding closing tag -->
			<model>trees\wh_vmp_shrub\shrub_dead_a</model>		<!-- path to the object, tree in this case -->

			<size_low>0.8</size_low>				<!-- lowest possible scale -->
			<size_high>1.3</size_high>				<!-- top possible scale -->

			<blendmap_range_low>0.5</blendmap_range_low>		<!-- // same as at group level but for object within group -->
			<blendmap_range_high>0.79</blendmap_range_high>
			<blendmap_range_falloff>0.29</blendmap_range_falloff>
			<height_low>-5000</height_low>
			<height_high>5000</height_high>
			<height_falloff>0</height_falloff>			<!-- // -->

			<humidities>						<!-- Supported humidities, not actually used, we may want to remove this -->
				<humidity>arid</humidity>
				<humidity>humid</humidity>
			</humidities>

			<categories>						<!-- Supported categories, these categories are defined in generation_categories.xml -->
				<category>brt_vmp</category>					
			</categories>

			<probability>0.5</probability>				<!-- Base probability of choosing this object -->
			<minimum_seperation>1.5</minimum_seperation>		<!-- Minimum distance this must be from other objects if chosen -->

			<enable_debug_lines>false</enable_debug_lines>		<!-- debug lines to visualise more easily what has been chosen, this was hooked up in TEd, though may still need to be in Terry -->
			<debug_lines_red>1.0</debug_lines_red>
			<debug_lines_green>0.65</debug_lines_green>	
			<debug_lines_blue>0.90</debug_lines_blue>
		</tree>
		<tree> 								<!-- type of object, may be tree, prop, decal or vfx. Needs corresponding closing tag -->
			<model>trees\wh_vmp_shrub\shrub_dead_b</model>		<!-- path to the object, tree in this case -->

			<size_low>0.8</size_low>				<!-- lowest possible scale -->
			<size_high>1.3</size_high>				<!-- top possible scale -->

			<blendmap_range_low>0.5</blendmap_range_low>		<!-- // same as at group level but for object within group -->
			<blendmap_range_high>0.79</blendmap_range_high>
			<blendmap_range_falloff>0.29</blendmap_range_falloff>
			<height_low>-5000</height_low>
			<height_high>5000</height_high>
			<height_falloff>0</height_falloff>			<!-- // -->

			<humidities>						<!-- Supported humidities, not actually used, we may want to remove this -->
				<humidity>arid</humidity>
				<humidity>humid</humidity>
			</humidities>

			<categories>						<!-- Supported categories, these categories are defined in generation_categories.xml -->
				<category>brt_vmp</category>					
			</categories>

			<probability>0.5</probability>				<!-- Base probability of choosing this object -->
			<minimum_seperation>1.5</minimum_seperation>		<!-- Minimum distance this must be from other objects if chosen -->

			<enable_debug_lines>false</enable_debug_lines>		<!-- debug lines to visualise more easily what has been chosen, this was hooked up in TEd, though may still need to be in Terry -->
			<debug_lines_red>1.0</debug_lines_red>
			<debug_lines_green>0.65</debug_lines_green>	
			<debug_lines_blue>0.90</debug_lines_blue>
		</tree>
	</group>
	<group group_name="bushy+flowers_shrub_middle_brtvmpgrassblend01">
		<texture>grass01</texture>					<!-- texture channel that must exist in order to pick group (well, actually the value must be above 0.05) --> 
		<texture_for_probability>grass01</texture_for_probability>	<!-- texture channel to use for probability, if not defined texture is used -->

		<group_channel_range_low>0.5</group_channel_range_low>		<!-- bottom of blend map value range -->
		<group_channel_range_high>0.79</group_channel_range_high>		<!-- top of blend map value range -->
		<group_channel_range_falloff>0.29</group_channel_range_falloff>	<!-- range within the defined range that is always the top probability, in this case the whole range -->

		<height_range_low>-5000</height_range_low>			<!-- bottom of height map range -->
		<height_range_high>5000</height_range_high>			<!-- top of height map range -->
		<height_range_falloff>10000</height_range_falloff>			<!-- range within the defined range that is always the top probability, in this case only the very centre -->
		
		<probability>0.15</probability>					<!-- the base probability which is adjusted based upon the above -->
		
		<grouping_probability>0</grouping_probability>		<!-- the probability of swapping out near objects with objects from the same group -->
		<grouping_radius>0</grouping_radius>				<!-- the radius within which objects may be swapped out -->

		<tree> 								<!-- type of object, may be tree, prop, decal or vfx. Needs corresponding closing tag -->
			<model>trees\wh_vmp_shrub\shrub_bush_a</model>		<!-- path to the object, tree in this case -->

			<size_low>0.8</size_low>				<!-- lowest possible scale -->
			<size_high>1.3</size_high>				<!-- top possible scale -->

			<blendmap_range_low>0.5</blendmap_range_low>		<!-- // same as at group level but for object within group -->
			<blendmap_range_high>0.79</blendmap_range_high>
			<blendmap_range_falloff>0.29</blendmap_range_falloff>
			<height_low>-5000</height_low>
			<height_high>5000</height_high>
			<height_falloff>0</height_falloff>			<!-- // -->

			<humidities>						<!-- Supported humidities, not actually used, we may want to remove this -->
				<humidity>arid</humidity>
				<humidity>humid</humidity>
			</humidities>

			<categories>						<!-- Supported categories, these categories are defined in generation_categories.xml -->
				<category>brt_vmp</category>					
			</categories>

			<probability>0.2</probability>				<!-- Base probability of choosing this object -->
			<minimum_seperation>1.0</minimum_seperation>		<!-- Minimum distance this must be from other objects if chosen -->

			<enable_debug_lines>false</enable_debug_lines>		<!-- debug lines to visualise more easily what has been chosen, this was hooked up in TEd, though may still need to be in Terry -->
			<debug_lines_red>1.0</debug_lines_red>
			<debug_lines_green>0.65</debug_lines_green>	
			<debug_lines_blue>0.90</debug_lines_blue>
		</tree>
		<tree> 								<!-- type of object, may be tree, prop, decal or vfx. Needs corresponding closing tag -->
			<model>trees\wh_vmp_shrub\shrub_bush_b</model>		<!-- path to the object, tree in this case -->

			<size_low>0.8</size_low>				<!-- lowest possible scale -->
			<size_high>1.3</size_high>				<!-- top possible scale -->

			<blendmap_range_low>0.5</blendmap_range_low>		<!-- // same as at group level but for object within group -->
			<blendmap_range_high>0.79</blendmap_range_high>
			<blendmap_range_falloff>0.29</blendmap_range_falloff>
			<height_low>-5000</height_low>
			<height_high>5000</height_high>
			<height_falloff>0</height_falloff>			<!-- // -->

			<humidities>						<!-- Supported humidities, not actually used, we may want to remove this -->
				<humidity>arid</humidity>
				<humidity>humid</humidity>
			</humidities>

			<categories>						<!-- Supported categories, these categories are defined in generation_categories.xml -->
				<category>brt_vmp</category>					
			</categories>

			<probability>0.2</probability>				<!-- Base probability of choosing this object -->
			<minimum_seperation>1.0</minimum_seperation>		<!-- Minimum distance this must be from other objects if chosen -->

			<enable_debug_lines>false</enable_debug_lines>		<!-- debug lines to visualise more easily what has been chosen, this was hooked up in TEd, though may still need to be in Terry -->
			<debug_lines_red>1.0</debug_lines_red>
			<debug_lines_green>0.65</debug_lines_green>	
			<debug_lines_blue>0.90</debug_lines_blue>
		</tree>
		<tree> 								<!-- type of object, may be tree, prop, decal or vfx. Needs corresponding closing tag -->
			<model>trees\wh_vmp_shrub\shrub_bush_c</model>		<!-- path to the object, tree in this case -->

			<size_low>0.8</size_low>				<!-- lowest possible scale -->
			<size_high>1.3</size_high>				<!-- top possible scale -->

			<blendmap_range_low>0.5</blendmap_range_low>		<!-- // same as at group level but for object within group -->
			<blendmap_range_high>0.79</blendmap_range_high>
			<blendmap_range_falloff>0.29</blendmap_range_falloff>
			<height_low>-5000</height_low>
			<height_high>5000</height_high>
			<height_falloff>0</height_falloff>			<!-- // -->

			<humidities>						<!-- Supported humidities, not actually used, we may want to remove this -->
				<humidity>arid</humidity>
				<humidity>humid</humidity>
			</humidities>

			<categories>						<!-- Supported categories, these categories are defined in generation_categories.xml -->
				<category>brt_vmp</category>					
			</categories>

			<probability>0.2</probability>				<!-- Base probability of choosing this object -->
			<minimum_seperation>1.0</minimum_seperation>		<!-- Minimum distance this must be from other objects if chosen -->

			<enable_debug_lines>false</enable_debug_lines>		<!-- debug lines to visualise more easily what has been chosen, this was hooked up in TEd, though may still need to be in Terry -->
			<debug_lines_red>1.0</debug_lines_red>
			<debug_lines_green>0.65</debug_lines_green>	
			<debug_lines_blue>0.90</debug_lines_blue>
		</tree>
		<tree> 								<!-- type of object, may be tree, prop, decal or vfx. Needs corresponding closing tag -->
			<model>trees\wh_vmp_shrub\shrub_flowers_a</model>		<!-- path to the object, tree in this case -->

			<size_low>0.8</size_low>				<!-- lowest possible scale -->
			<size_high>1.3</size_high>				<!-- top possible scale -->

			<blendmap_range_low>0.5</blendmap_range_low>		<!-- // same as at group level but for object within group -->
			<blendmap_range_high>0.79</blendmap_range_high>
			<blendmap_range_falloff>0.29</blendmap_range_falloff>
			<height_low>-5000</height_low>
			<height_high>5000</height_high>
			<height_falloff>0</height_falloff>			<!-- // -->

			<humidities>						<!-- Supported humidities, not actually used, we may want to remove this -->
				<humidity>arid</humidity>
				<humidity>humid</humidity>
			</humidities>

			<categories>						<!-- Supported categories, these categories are defined in generation_categories.xml -->
				<category>brt_vmp</category>					
			</categories>

			<probability>0.2</probability>				<!-- Base probability of choosing this object -->
			<minimum_seperation>1.0</minimum_seperation>		<!-- Minimum distance this must be from other objects if chosen -->

			<enable_debug_lines>false</enable_debug_lines>		<!-- debug lines to visualise more easily what has been chosen, this was hooked up in TEd, though may still need to be in Terry -->
			<debug_lines_red>1.0</debug_lines_red>
			<debug_lines_green>0.65</debug_lines_green>	
			<debug_lines_blue>0.90</debug_lines_blue>
		</tree>
		<tree> 								<!-- type of object, may be tree, prop, decal or vfx. Needs corresponding closing tag -->
			<model>trees\wh_vmp_shrub\shrub_flowers_b</model>		<!-- path to the object, tree in this case -->

			<size_low>0.8</size_low>				<!-- lowest possible scale -->
			<size_high>1.3</size_high>				<!-- top possible scale -->

			<blendmap_range_low>0.5</blendmap_range_low>		<!-- // same as at group level but for object within group -->
			<blendmap_range_high>0.79</blendmap_range_high>
			<blendmap_range_falloff>0.29</blendmap_range_falloff>
			<height_low>-5000</height_low>
			<height_high>5000</height_high>
			<height_falloff>0</height_falloff>			<!-- // -->

			<humidities>						<!-- Supported humidities, not actually used, we may want to remove this -->
				<humidity>arid</humidity>
				<humidity>humid</humidity>
			</humidities>

			<categories>						<!-- Supported categories, these categories are defined in generation_categories.xml -->
				<category>brt_vmp</category>					
			</categories>

			<probability>0.2</probability>				<!-- Base probability of choosing this object -->
			<minimum_seperation>1.0</minimum_seperation>		<!-- Minimum distance this must be from other objects if chosen -->

			<enable_debug_lines>false</enable_debug_lines>		<!-- debug lines to visualise more easily what has been chosen, this was hooked up in TEd, though may still need to be in Terry -->
			<debug_lines_red>1.0</debug_lines_red>
			<debug_lines_green>0.65</debug_lines_green>	
			<debug_lines_blue>0.90</debug_lines_blue>
		</tree>		
	</group>
	<group group_name="grassyclumps_middle_brtvmpgrassblend01">
		<texture>grass01</texture>					<!-- texture channel that must exist in order to pick group (well, actually the value must be above 0.05) --> 
		<texture_for_probability>grass01</texture_for_probability>	<!-- texture channel to use for probability, if not defined texture is used -->

		<group_channel_range_low>0.5</group_channel_range_low>		<!-- bottom of blend map value range -->
		<group_channel_range_high>0.79</group_channel_range_high>		<!-- top of blend map value range -->
		<group_channel_range_falloff>0.29</group_channel_range_falloff>	<!-- range within the defined range that is always the top probability, in this case the whole range -->

		<height_range_low>-5000</height_range_low>			<!-- bottom of height map range -->
		<height_range_high>5000</height_range_high>			<!-- top of height map range -->
		<height_range_falloff>10000</height_range_falloff>			<!-- range within the defined range that is always the top probability, in this case only the very centre -->
		
		<probability>0.475</probability>					<!-- the base probability which is adjusted based upon the above -->
		
		<grouping_probability>0.1</grouping_probability>		<!-- the probability of swapping out near objects with objects from the same group -->
		<grouping_radius>1</grouping_radius>				<!-- the radius within which objects may be swapped out -->
		<prop> 								<!-- type of object, may be tree, prop, decal or vfx. Needs corresponding closing tag -->
			<model>Buildings\glb_deadbody_01\glb_deadbody_01_piece01_destruct01</model>		<!-- path to the object, tree in this case -->

			<size_low>0.8</size_low>				<!-- lowest possible scale -->
			<size_high>1.0</size_high>				<!-- top possible scale -->

			<blendmap_range_low>0.5</blendmap_range_low>		<!-- // same as at group level but for object within group -->
			<blendmap_range_high>0.79</blendmap_range_high>
			<blendmap_range_falloff>0.2</blendmap_range_falloff>
			<height_low>-5000</height_low>
			<height_high>5000</height_high>
			<height_falloff>0</height_falloff>				<!-- // -->

			<humidities>									<!-- Supported humidities, not actually used, we may want to remove this -->
				<humidity>arid</humidity>
				<humidity>humid</humidity>
			</humidities>

			<categories>									<!-- Supported categories, these categories are defined in generation_categories.xml -->
				<category>brt_vmp</category>					
			</categories>

			<probability>0.2</probability>					<!-- Base probability of choosing this object -->
			<minimum_seperation>2</minimum_seperation>		<!-- Minimum distance this must be from other objects if chosen -->
		</prop>
		<prop> 								<!-- type of object, may be tree, prop, decal or vfx. Needs corresponding closing tag -->
			<model>Buildings\glb_deadbody_02\glb_deadbody_02_piece01_destruct01</model>		<!-- path to the object, tree in this case -->

			<size_low>0.8</size_low>				<!-- lowest possible scale -->
			<size_high>1.0</size_high>				<!-- top possible scale -->

			<blendmap_range_low>0.5</blendmap_range_low>		<!-- // same as at group level but for object within group -->
			<blendmap_range_high>0.79</blendmap_range_high>
			<blendmap_range_falloff>0.2</blendmap_range_falloff>
			<height_low>-5000</height_low>
			<height_high>5000</height_high>
			<height_falloff>0</height_falloff>				<!-- // -->

			<humidities>									<!-- Supported humidities, not actually used, we may want to remove this -->
				<humidity>arid</humidity>
				<humidity>humid</humidity>
			</humidities>

			<categories>									<!-- Supported categories, these categories are defined in generation_categories.xml -->
				<category>brt_vmp</category>					
			</categories>

			<probability>0.2</probability>					<!-- Base probability of choosing this object -->
			<minimum_seperation>2</minimum_seperation>		<!-- Minimum distance this must be from other objects if chosen -->
		</prop>
		<prop> 								
			<model>Buildings\glb_deadbody_03\glb_deadbody_03_piece01_destruct01</model>		

			<size_low>0.3</size_low>				<!-- lowest possible scale -->
			<size_high>1.0</size_high>				<!-- top possible scale -->

			<blendmap_range_low>0.5</blendmap_range_low>		<!-- // same as at group level but for object within group -->
			<blendmap_range_high>0.79</blendmap_range_high>
			<blendmap_range_falloff>0.2</blendmap_range_falloff>

			<height_low>-5000</height_low>
			<height_high>5000</height_high>
			<height_falloff>0</height_falloff>				<!-- // -->

			<humidities>									<!-- Supported humidities, not actually used, we may want to remove this -->
				<humidity>arid</humidity>
				<humidity>humid</humidity>
			</humidities>

			<categories>									<!-- Supported categories, these categories are defined in generation_categories.xml -->
				<category>brt_vmp</category>					
			</categories>

			<probability>0.2</probability>					<!-- Base probability of choosing this object -->

			<minimum_seperation>2</minimum_seperation>		<!-- Minimum distance this must be from other objects if chosen -->
		</prop>
		<prop> 								
			<model>Buildings\glb_deadbody_04\glb_deadbody_04_piece01_destruct01</model>		
			<size_low>0.8</size_low>				<!-- lowest possible scale -->
			<size_high>1.0</size_high>				<!-- top possible scale -->

			<blendmap_range_low>0.5</blendmap_range_low>		<!-- // same as at group level but for object within group -->
			<blendmap_range_high>0.79</blendmap_range_high>
			<blendmap_range_falloff>0.2</blendmap_range_falloff>

			<height_low>-5000</height_low>
			<height_high>5000</height_high>
			<height_falloff>0</height_falloff>				<!-- // -->

			<humidities>									<!-- Supported humidities, not actually used, we may want to remove this -->
				<humidity>arid</humidity>
				<humidity>humid</humidity>
			</humidities>

			<categories>									<!-- Supported categories, these categories are defined in generation_categories.xml -->
				<category>brt_vmp</category>					
			</categories>

			<probability>0.2</probability>					<!-- Base probability of choosing this object -->

			<minimum_seperation>2</minimum_seperation>		<!-- Minimum distance this must be from other objects if chosen -->
		</prop>
		<prop> 								
			<model>Buildings\glb_deadbody_05\glb_deadbody_05_piece01_destruct01</model>		
			<size_low>0.8</size_low>				<!-- lowest possible scale -->
			<size_high>1.0</size_high>				<!-- top possible scale -->

			<blendmap_range_low>0.5</blendmap_range_low>		<!-- // same as at group level but for object within group -->
			<blendmap_range_high>0.79</blendmap_range_high>
			<blendmap_range_falloff>0.2</blendmap_range_falloff>

			<height_low>-5000</height_low>
			<height_high>5000</height_high>
			<height_falloff>0</height_falloff>				<!-- // -->

			<humidities>									<!-- Supported humidities, not actually used, we may want to remove this -->
				<humidity>arid</humidity>
				<humidity>humid</humidity>
			</humidities>

			<categories>									<!-- Supported categories, these categories are defined in generation_categories.xml -->
				<category>brt_vmp</category>					
			</categories>

			<probability>0.2</probability>					<!-- Base probability of choosing this object -->

			<minimum_seperation>2</minimum_seperation>		<!-- Minimum distance this must be from other objects if chosen -->
		</prop>	
	</group>
	<group group_name="animalbones_middle_brtvmpgrassblend01">
		<texture>grass01</texture>					<!-- texture channel that must exist in order to pick group (well, actually the value must be above 0.05) --> 
		<texture_for_probability>grass01</texture_for_probability>	<!-- texture channel to use for probability, if not defined texture is used -->

		<group_channel_range_low>0.5</group_channel_range_low>		<!-- bottom of blend map value range -->
		<group_channel_range_high>0.79</group_channel_range_high>		<!-- top of blend map value range -->
		<group_channel_range_falloff>0.29</group_channel_range_falloff>	<!-- range within the defined range that is always the top probability, in this case the whole range -->

		<height_range_low>-5000</height_range_low>			<!-- bottom of height map range -->
		<height_range_high>5000</height_range_high>			<!-- top of height map range -->
		<height_range_falloff>0</height_range_falloff>			<!-- range within the defined range that is always the top probability, in this case only the very centre -->
		
		<probability>0.05</probability>					<!-- the base probability which is adjusted based upon the above -->
		
		<grouping_probability>0</grouping_probability>		<!-- the probability of swapping out near objects with objects from the same group -->
		<grouping_radius>0</grouping_radius>				<!-- the radius within which objects may be swapped out -->

		<prop> 								<!-- type of object, may be tree, prop, decal or vfx. Needs corresponding closing tag -->
			<model>Buildings\prcdl_animal_bones_01\prcdl_animal_bones_01_piece01_destruct01</model>		<!-- path to the object, tree in this case -->

			<size_low>0.8</size_low>				<!-- lowest possible scale -->
			<size_high>1.0</size_high>				<!-- top possible scale -->

			<blendmap_range_low>0.5</blendmap_range_low>		<!-- // same as at group level but for object within group -->
			<blendmap_range_high>0.79</blendmap_range_high>
			<blendmap_range_falloff>0.29</blendmap_range_falloff>
			<height_low>-5000</height_low>
			<height_high>5000</height_high>
			<height_falloff>0</height_falloff>				<!-- // -->

			<humidities>									<!-- Supported humidities, not actually used, we may want to remove this -->
				<humidity>arid</humidity>
				<humidity>humid</humidity>
			</humidities>

			<categories>									<!-- Supported categories, these categories are defined in generation_categories.xml -->
				<category>brt_vmp</category>					
			</categories>

			<probability>0.33</probability>					<!-- Base probability of choosing this object -->
			<minimum_seperation>2</minimum_seperation>		<!-- Minimum distance this must be from other objects if chosen -->
		</prop>
		<prop> 								<!-- type of object, may be tree, prop, decal or vfx. Needs corresponding closing tag -->
			<model>Buildings\prcdl_animal_bones_02\prcdl_animal_bones_02_piece01_destruct01</model>		<!-- path to the object, tree in this case -->

			<size_low>0.8</size_low>				<!-- lowest possible scale -->
			<size_high>1.0</size_high>				<!-- top possible scale -->

			<blendmap_range_low>0.5</blendmap_range_low>		<!-- // same as at group level but for object within group -->
			<blendmap_range_high>0.79</blendmap_range_high>
			<blendmap_range_falloff>0.29</blendmap_range_falloff>
			<height_low>-5000</height_low>
			<height_high>5000</height_high>
			<height_falloff>0</height_falloff>				<!-- // -->

			<humidities>									<!-- Supported humidities, not actually used, we may want to remove this -->
				<humidity>arid</humidity>
				<humidity>humid</humidity>
			</humidities>

			<categories>									<!-- Supported categories, these categories are defined in generation_categories.xml -->
				<category>brt_vmp</category>					
			</categories>

			<probability>0.33</probability>					<!-- Base probability of choosing this object -->
			<minimum_seperation>2</minimum_seperation>		<!-- Minimum distance this must be from other objects if chosen -->
		</prop>
		<prop> 								
			<model>Buildings\prcdl_animal_bones_03\prcdl_animal_bones_03_piece01_destruct01</model>		

			<size_low>0.3</size_low>				<!-- lowest possible scale -->
			<size_high>1.0</size_high>				<!-- top possible scale -->

			<blendmap_range_low>0.5</blendmap_range_low>		<!-- // same as at group level but for object within group -->
			<blendmap_range_high>0.79</blendmap_range_high>
			<blendmap_range_falloff>0.29</blendmap_range_falloff>

			<height_low>-5000</height_low>
			<height_high>5000</height_high>
			<height_falloff>0</height_falloff>				<!-- // -->

			<humidities>									<!-- Supported humidities, not actually used, we may want to remove this -->
				<humidity>arid</humidity>
				<humidity>humid</humidity>
			</humidities>

			<categories>									<!-- Supported categories, these categories are defined in generation_categories.xml -->
				<category>brt_vmp</category>					
			</categories>

			<probability>0.2</probability>					<!-- Base probability of choosing this object -->

			<minimum_seperation>2</minimum_seperation>		<!-- Minimum distance this must be from other objects if chosen -->
		</prop>
		<prop> 								
			<model>Buildings\prcdl_animal_bones_04\prcdl_animal_bones_04_piece01_destruct01</model>		
			<size_low>0.8</size_low>				<!-- lowest possible scale -->
			<size_high>1.0</size_high>				<!-- top possible scale -->

			<blendmap_range_low>0.5</blendmap_range_low>		<!-- // same as at group level but for object within group -->
			<blendmap_range_high>0.79</blendmap_range_high>
			<blendmap_range_falloff>0.29</blendmap_range_falloff>

			<height_low>-5000</height_low>
			<height_high>5000</height_high>
			<height_falloff>0</height_falloff>				<!-- // -->

			<humidities>									<!-- Supported humidities, not actually used, we may want to remove this -->
				<humidity>arid</humidity>
				<humidity>humid</humidity>
			</humidities>

			<categories>									<!-- Supported categories, these categories are defined in generation_categories.xml -->
				<category>brt_vmp</category>					
			</categories>

			<probability>0.33</probability>					<!-- Base probability of choosing this object -->

			<minimum_seperation>2</minimum_seperation>		<!-- Minimum distance this must be from other objects if chosen -->
		</prop>
	</group>	
	<group group_name="skulls_middle_brtvmpgrassblend01">
		<texture>grass01</texture>					<!-- texture channel that must exist in order to pick group (well, actually the value must be above 0.05) --> 
		<texture_for_probability>grass01</texture_for_probability>	<!-- texture channel to use for probability, if not defined texture is used -->

		<group_channel_range_low>0.5</group_channel_range_low>		<!-- bottom of blend map value range -->
		<group_channel_range_high>0.79</group_channel_range_high>		<!-- top of blend map value range -->
		<group_channel_range_falloff>0.29</group_channel_range_falloff>	<!-- range within the defined range that is always the top probability, in this case the whole range -->

		<height_range_low>-5000</height_range_low>			<!-- bottom of height map range -->
		<height_range_high>5000</height_range_high>			<!-- top of height map range -->
		<height_range_falloff>0</height_range_falloff>			<!-- range within the defined range that is always the top probability, in this case only the very centre -->
		
		<probability>0.05</probability>					<!-- the base probability which is adjusted based upon the above -->
		
		<grouping_probability>0</grouping_probability>		<!-- the probability of swapping out near objects with objects from the same group -->
		<grouping_radius>0</grouping_radius>				<!-- the radius within which objects may be swapped out -->

		<prop> 								<!-- type of object, may be tree, prop, decal or vfx. Needs corresponding closing tag -->
			<model>Buildings\skull_terrain_01\skull_terrain_01_piece01_destruct01</model>		<!-- path to the object, tree in this case -->

			<size_low>0.8</size_low>				<!-- lowest possible scale -->
			<size_high>1.0</size_high>				<!-- top possible scale -->

			<blendmap_range_low>0.5</blendmap_range_low>		<!-- // same as at group level but for object within group -->
			<blendmap_range_high>0.79</blendmap_range_high>
			<blendmap_range_falloff>0.29</blendmap_range_falloff>
			<height_low>-5000</height_low>
			<height_high>5000</height_high>
			<height_falloff>0</height_falloff>				<!-- // -->

			<humidities>									<!-- Supported humidities, not actually used, we may want to remove this -->
				<humidity>arid</humidity>
				<humidity>humid</humidity>
			</humidities>

			<categories>									<!-- Supported categories, these categories are defined in generation_categories.xml -->
				<category>brt_vmp</category>					
			</categories>

			<probability>0.33</probability>					<!-- Base probability of choosing this object -->
			<minimum_seperation>2</minimum_seperation>		<!-- Minimum distance this must be from other objects if chosen -->
		</prop>
		<prop> 								<!-- type of object, may be tree, prop, decal or vfx. Needs corresponding closing tag -->
			<model>Buildings\skull_terrain_02\skull_terrain_02_piece01_destruct01</model>		<!-- path to the object, tree in this case -->

			<size_low>0.8</size_low>				<!-- lowest possible scale -->
			<size_high>1.0</size_high>				<!-- top possible scale -->

			<blendmap_range_low>0.5</blendmap_range_low>		<!-- // same as at group level but for object within group -->
			<blendmap_range_high>0.79</blendmap_range_high>
			<blendmap_range_falloff>0.29</blendmap_range_falloff>
			<height_low>-5000</height_low>
			<height_high>5000</height_high>
			<height_falloff>0</height_falloff>				<!-- // -->

			<humidities>									<!-- Supported humidities, not actually used, we may want to remove this -->
				<humidity>arid</humidity>
				<humidity>humid</humidity>
			</humidities>

			<categories>									<!-- Supported categories, these categories are defined in generation_categories.xml -->
				<category>brt_vmp</category>					
			</categories>

			<probability>0.33</probability>					<!-- Base probability of choosing this object -->
			<minimum_seperation>2</minimum_seperation>		<!-- Minimum distance this must be from other objects if chosen -->
		</prop>
		<prop> 								
			<model>Buildings\skull_terrain_03\skull_terrain_03_piece01_destruct01</model>		

			<size_low>0.3</size_low>				<!-- lowest possible scale -->
			<size_high>1.0</size_high>				<!-- top possible scale -->

			<blendmap_range_low>0.5</blendmap_range_low>		<!-- // same as at group level but for object within group -->
			<blendmap_range_high>0.79</blendmap_range_high>
			<blendmap_range_falloff>0.29</blendmap_range_falloff>

			<height_low>-5000</height_low>
			<height_high>5000</height_high>
			<height_falloff>0</height_falloff>				<!-- // -->

			<humidities>									<!-- Supported humidities, not actually used, we may want to remove this -->
				<humidity>arid</humidity>
				<humidity>humid</humidity>
			</humidities>

			<categories>									<!-- Supported categories, these categories are defined in generation_categories.xml -->
				<category>brt_vmp</category>					
			</categories>

			<probability>0.2</probability>					<!-- Base probability of choosing this object -->

			<minimum_seperation>2</minimum_seperation>		<!-- Minimum distance this must be from other objects if chosen -->
		</prop>
		<prop> 								
			<model>Buildings\skull_terrain_04\skull_terrain_04_piece01_destruct01</model>		
			<size_low>0.8</size_low>				<!-- lowest possible scale -->
			<size_high>1.0</size_high>				<!-- top possible scale -->

			<blendmap_range_low>0.5</blendmap_range_low>		<!-- // same as at group level but for object within group -->
			<blendmap_range_high>0.79</blendmap_range_high>
			<blendmap_range_falloff>0.29</blendmap_range_falloff>

			<height_low>-5000</height_low>
			<height_high>5000</height_high>
			<height_falloff>0</height_falloff>				<!-- // -->

			<humidities>									<!-- Supported humidities, not actually used, we may want to remove this -->
				<humidity>arid</humidity>
				<humidity>humid</humidity>
			</humidities>

			<categories>									<!-- Supported categories, these categories are defined in generation_categories.xml -->
				<category>brt_vmp</category>					
			</categories>

			<probability>0.33</probability>					<!-- Base probability of choosing this object -->

			<minimum_seperation>2</minimum_seperation>		<!-- Minimum distance this must be from other objects if chosen -->
		</prop>
	</group>	
	<group group_name="space_middle_brtvmpgrassblend01">
		<texture>grass01</texture>					<!-- texture channel that must exist in order to pick group (well, actually the value must be above 0.05) --> 
		<texture_for_probability>grass01</texture_for_probability>	<!-- texture channel to use for probability, if not defined texture is used -->

		<group_channel_range_low>0.5</group_channel_range_low>		<!-- bottom of blend map value range -->
		<group_channel_range_high>0.79</group_channel_range_high>		<!-- top of blend map value range -->
		<group_channel_range_falloff>0.29</group_channel_range_falloff>	<!-- range within the defined range that is always the top probability, in this case the whole range -->

		<height_range_low>-5000</height_range_low>			<!-- bottom of height map range -->
		<height_range_high>5000</height_range_high>			<!-- top of height map range -->
		<height_range_falloff>0</height_range_falloff>			<!-- range within the defined range that is always the top probability, in this case only the very centre -->
		
		<probability>0.05</probability>					<!-- the base probability which is adjusted based upon the above -->
		
		<grouping_probability>0</grouping_probability>		<!-- the probability of swapping out near objects with objects from the same group -->
		<grouping_radius>0</grouping_radius>				<!-- the radius within which objects may be swapped out -->

		<prop> 								<!-- type of object, may be tree, prop, decal or vfx. Needs corresponding closing tag -->
			<model></model>		<!-- path to the object, tree in this case -->

			<size_low>0.8</size_low>				<!-- lowest possible scale -->
			<size_high>1.0</size_high>				<!-- top possible scale -->

			<blendmap_range_low>0.5</blendmap_range_low>		<!-- // same as at group level but for object within group -->
			<blendmap_range_high>0.79</blendmap_range_high>
			<blendmap_range_falloff>0.29</blendmap_range_falloff>
			<height_low>-5000</height_low>
			<height_high>5000</height_high>
			<height_falloff>0</height_falloff>				<!-- // -->

			<humidities>									<!-- Supported humidities, not actually used, we may want to remove this -->
				<humidity>arid</humidity>
				<humidity>humid</humidity>
			</humidities>

			<categories>									<!-- Supported categories, these categories are defined in generation_categories.xml -->
				<category>brt_vmp</category>					
			</categories>

			<probability>0.2</probability>					<!-- Base probability of choosing this object -->
			<minimum_seperation>30</minimum_seperation>		<!-- Minimum distance this must be from other objects if chosen -->
		</prop>
		<prop> 								<!-- type of object, may be tree, prop, decal or vfx. Needs corresponding closing tag -->
			<model></model>		<!-- path to the object, tree in this case -->

			<size_low>0.8</size_low>				<!-- lowest possible scale -->
			<size_high>1.0</size_high>				<!-- top possible scale -->

			<blendmap_range_low>0.5</blendmap_range_low>		<!-- // same as at group level but for object within group -->
			<blendmap_range_high>0.79</blendmap_range_high>
			<blendmap_range_falloff>0.29</blendmap_range_falloff>
			<height_low>-5000</height_low>
			<height_high>5000</height_high>
			<height_falloff>0</height_falloff>				<!-- // -->

			<humidities>									<!-- Supported humidities, not actually used, we may want to remove this -->
				<humidity>arid</humidity>
				<humidity>humid</humidity>
			</humidities>

			<categories>									<!-- Supported categories, these categories are defined in generation_categories.xml -->
				<category>brt_vmp</category>					
			</categories>

			<probability>0.2</probability>					<!-- Base probability of choosing this object -->
			<minimum_seperation>32</minimum_seperation>		<!-- Minimum distance this must be from other objects if chosen -->
		</prop>
		<prop> 								
			<model></model>		

			<size_low>0.3</size_low>				<!-- lowest possible scale -->
			<size_high>1.0</size_high>				<!-- top possible scale -->

			<blendmap_range_low>0.5</blendmap_range_low>		<!-- // same as at group level but for object within group -->
			<blendmap_range_high>0.79</blendmap_range_high>
			<blendmap_range_falloff>0.29</blendmap_range_falloff>

			<height_low>-5000</height_low>
			<height_high>5000</height_high>
			<height_falloff>0</height_falloff>				<!-- // -->

			<humidities>									<!-- Supported humidities, not actually used, we may want to remove this -->
				<humidity>arid</humidity>
				<humidity>humid</humidity>
			</humidities>

			<categories>									<!-- Supported categories, these categories are defined in generation_categories.xml -->
				<category>brt_vmp</category>					
			</categories>

			<probability>0.2</probability>					<!-- Base probability of choosing this object -->

			<minimum_seperation>34</minimum_seperation>		<!-- Minimum distance this must be from other objects if chosen -->
		</prop>
		<prop> 								
			<model></model>		
			<size_low>0.8</size_low>				<!-- lowest possible scale -->
			<size_high>1.0</size_high>				<!-- top possible scale -->

			<blendmap_range_low>0.5</blendmap_range_low>		<!-- // same as at group level but for object within group -->
			<blendmap_range_high>0.79</blendmap_range_high>
			<blendmap_range_falloff>0.29</blendmap_range_falloff>

			<height_low>-5000</height_low>
			<height_high>5000</height_high>
			<height_falloff>0</height_falloff>				<!-- // -->

			<humidities>									<!-- Supported humidities, not actually used, we may want to remove this -->
				<humidity>arid</humidity>
				<humidity>humid</humidity>
			</humidities>

			<categories>									<!-- Supported categories, these categories are defined in generation_categories.xml -->
				<category>brt_vmp</category>					
			</categories>

			<probability>0.2</probability>					<!-- Base probability of choosing this object -->

			<minimum_seperation>33</minimum_seperation>		<!-- Minimum distance this must be from other objects if chosen -->
		</prop>
		<prop> 								
			<model></model>		
			<size_low>0.8</size_low>				<!-- lowest possible scale -->
			<size_high>1.0</size_high>				<!-- top possible scale -->

			<blendmap_range_low>0.5</blendmap_range_low>		<!-- // same as at group level but for object within group -->
			<blendmap_range_high>0.79</blendmap_range_high>
			<blendmap_range_falloff>0.29</blendmap_range_falloff>

			<height_low>-5000</height_low>
			<height_high>5000</height_high>
			<height_falloff>0</height_falloff>				<!-- // -->

			<humidities>									<!-- Supported humidities, not actually used, we may want to remove this -->
				<humidity>arid</humidity>
				<humidity>humid</humidity>
			</humidities>

			<categories>									<!-- Supported categories, these categories are defined in generation_categories.xml -->
				<category>brt_vmp</category>					
			</categories>

			<probability>0.1</probability>					<!-- Base probability of choosing this object -->

			<minimum_seperation>34</minimum_seperation>		<!-- Minimum distance this must be from other objects if chosen -->
		</prop>
		<prop> 								
			<model></model>		
			<size_low>0.8</size_low>				<!-- lowest possible scale -->
			<size_high>1.0</size_high>				<!-- top possible scale -->

			<blendmap_range_low>0.5</blendmap_range_low>		<!-- // same as at group level but for object within group -->
			<blendmap_range_high>0.79</blendmap_range_high>
			<blendmap_range_falloff>0.29</blendmap_range_falloff>

			<height_low>-5000</height_low>
			<height_high>5000</height_high>
			<height_falloff>0</height_falloff>				<!-- // -->

			<humidities>									<!-- Supported humidities, not actually used, we may want to remove this -->
				<humidity>arid</humidity>
				<humidity>humid</humidity>
			</humidities>

			<categories>									<!-- Supported categories, these categories are defined in generation_categories.xml -->
				<category>brt_vmp</category>					
			</categories>

			<probability>0.1</probability>					<!-- Base probability of choosing this object -->

			<minimum_seperation>40</minimum_seperation>		<!-- Minimum distance this must be from other objects if chosen -->
		</prop>
	</group>
</trees>