<?xml version="1.0" encoding="UTF-8"?>
<trees>

<!-- VERY HIGH 0.9 # 1.0 #########################################################################################################-->
<!--##########################################################################################################################-->
<!--##########################################################################################################################-->
	<group group_name="large_trees_def_bleak_forest_blend_01">
		<texture>forest01</texture>					<!-- texture channel that must exist in order to pick group (well, actually the value must be above 0.05) --> 
		<texture_for_probability>forest01</texture_for_probability>	<!-- texture channel to use for probability, if not def_bleakined texture is used -->

		<group_channel_range_low>0.9</group_channel_range_low>		<!-- bottom of blend map value range -->
		<group_channel_range_high>1.1</group_channel_range_high>		<!-- top of blend map value range -->
		<group_channel_range_falloff>0.2</group_channel_range_falloff>	<!-- range within the def_bleakined range that is always the top probability, in this case the whole range -->

		<height_range_low>-5000</height_range_low>			<!-- bottom of height map range -->
		<height_range_high>5000</height_range_high>			<!-- top of height map range -->
		<height_range_falloff>10000</height_range_falloff>			<!-- range within the def_bleakined range that is always the top probability, in this case only the very centre -->
		
		<probability>1</probability>					<!-- the base probability which is adjusted based upon the above -->
		
		<grouping_probability>0</grouping_probability>		<!-- the probability of swapping out near objects with objects from the same group -->
		<grouping_radius>0</grouping_radius>				<!-- the radius within which objects may be swapped out -->

		<tree> 								<!-- type of object, may be tree, prop, decal or vfx. Needs corresponding closing tag -->
			<model>trees\wh_spruce_tree\wh_spruce_tree_wi_a</model>		<!-- path to the object, tree in this case -->

			<size_low>1.0</size_low>				<!-- lowest possible scale -->
			<size_high>1.2</size_high>					<!-- top possible scale -->

			<blendmap_range_low>0</blendmap_range_low>		<!-- // same as at group level but for object within group -->
			<blendmap_range_high>1.1</blendmap_range_high>
			<blendmap_range_falloff>0</blendmap_range_falloff>
			<height_low>-5000</height_low>
			<height_high>5000</height_high>
			<height_falloff>0</height_falloff>					<!-- // -->

			<humidities>						<!-- Supported humidities, not actually used, we may want to remove this -->
				<humidity>arid</humidity>
				<humidity>humid</humidity>
			</humidities>

			<categories>						<!-- Supported categories, these categories are def_bleakined in generation_categories.xml -->
				<category>def_bleak</category>					
			</categories>

			<probability>0.001</probability>						<!-- Base probability of choosing this object -->
			<minimum_seperation>10</minimum_seperation>		<!-- Minimum distance this must be from other objects if chosen -->

		</tree>	
		<tree> 								<!-- type of object, may be tree, prop, decal or vfx. Needs corresponding closing tag -->
			<model>trees\wh_spruce_tree\wh_spruce_tree_wi_b</model>		<!-- path to the object, tree in this case -->

			<size_low>0.8</size_low>				<!-- lowest possible scale -->
			<size_high>1.1</size_high>					<!-- top possible scale -->

			<blendmap_range_low>0</blendmap_range_low>		<!-- // same as at group level but for object within group -->
			<blendmap_range_high>1.1</blendmap_range_high>
			<blendmap_range_falloff>0</blendmap_range_falloff>
			<height_low>-5000</height_low>
			<height_high>5000</height_high>
			<height_falloff>0</height_falloff>			<!-- // -->

			<humidities>						<!-- Supported humidities, not actually used, we may want to remove this -->
				<humidity>arid</humidity>
				<humidity>humid</humidity>
			</humidities>

			<categories>						<!-- Supported categories, these categories are def_bleakined in generation_categories.xml -->
				<category>def_bleak</category>					
			</categories>

			<probability>0.08</probability>				<!-- Base probability of choosing this object -->
			<minimum_seperation>8</minimum_seperation>		<!-- Minimum distance this must be from other objects if chosen -->

		</tree>	
		<tree> 								<!-- type of object, may be tree, prop, decal or vfx. Needs corresponding closing tag -->
			<model>trees\wh_spruce_tree\wh_spruce_tree_wi_c</model>		<!-- path to the object, tree in this case -->

			<size_low>0.5</size_low>				<!-- lowest possible scale -->
			<size_high>0.75</size_high>					<!-- top possible scale -->

			<blendmap_range_low>0</blendmap_range_low>		<!-- // same as at group level but for object within group -->
			<blendmap_range_high>1.1</blendmap_range_high>
			<blendmap_range_falloff>0</blendmap_range_falloff>
			<height_low>-5000</height_low>
			<height_high>5000</height_high>
			<height_falloff>0</height_falloff>			<!-- // -->

			<humidities>						<!-- Supported humidities, not actually used, we may want to remove this -->
				<humidity>arid</humidity>
				<humidity>humid</humidity>
			</humidities>

			<categories>						<!-- Supported categories, these categories are def_bleakined in generation_categories.xml -->
				<category>def_bleak</category>					
			</categories>

			<probability>0.08</probability>				<!-- Base probability of choosing this object -->
			<minimum_seperation>8</minimum_seperation>		<!-- Minimum distance this must be from other objects if chosen -->

		</tree>
<tree> 								<!-- type of object, may be tree, prop, decal or vfx. Needs corresponding closing tag -->
			<model>trees\wh_spruce_tree\wh_spruce_tree_wi_d</model>		<!-- path to the object, tree in this case -->

			<size_low>0.6</size_low>				<!-- lowest possible scale -->
			<size_high>0.85</size_high>					<!-- top possible scale -->

			<blendmap_range_low>0</blendmap_range_low>		<!-- // same as at group level but for object within group -->
			<blendmap_range_high>1.1</blendmap_range_high>
			<blendmap_range_falloff>0</blendmap_range_falloff>
			<height_low>-5000</height_low>
			<height_high>5000</height_high>
			<height_falloff>0</height_falloff>			<!-- // -->

			<humidities>						<!-- Supported humidities, not actually used, we may want to remove this -->
				<humidity>arid</humidity>
				<humidity>humid</humidity>
			</humidities>

			<categories>						<!-- Supported categories, these categories are def_bleakined in generation_categories.xml -->
				<category>def_bleak</category>					
			</categories>

			<probability>0.08</probability>				<!-- Base probability of choosing this object -->
			<minimum_seperation>8</minimum_seperation>		<!-- Minimum distance this must be from other objects if chosen -->

		</tree>		
		<tree> 								<!-- type of object, may be tree, prop, decal or vfx. Needs corresponding closing tag -->
			<model>trees\wh_spruce_tree\wh_spruce_tree_wi_g</model>		<!-- path to the object, tree in this case -->

			<size_low>1.8</size_low>				<!-- lowest possible scale -->
			<size_high>2</size_high>					<!-- top possible scale -->

			<blendmap_range_low>0</blendmap_range_low>		<!-- // same as at group level but for object within group -->
			<blendmap_range_high>1.1</blendmap_range_high>
			<blendmap_range_falloff>0</blendmap_range_falloff>
			<height_low>-5000</height_low>
			<height_high>5000</height_high>
			<height_falloff>0</height_falloff>			<!-- // -->

			<humidities>						<!-- Supported humidities, not actually used, we may want to remove this -->
				<humidity>arid</humidity>
				<humidity>humid</humidity>
			</humidities>

			<categories>						<!-- Supported categories, these categories are def_bleakined in generation_categories.xml -->
				<category>def_bleak</category>					
			</categories>

			<probability>0.005</probability>				<!-- Base probability of choosing this object -->
			<minimum_seperation>8</minimum_seperation>		<!-- Minimum distance this must be from other objects if chosen -->

		</tree>
		<tree> 								<!-- type of object, may be tree, prop, decal or vfx. Needs corresponding closing tag -->
			<model>trees\wh_spruce_tree\wh_spruce_tree_wi_d</model>		<!-- path to the object, tree in this case -->

			<size_low>0.9</size_low>				<!-- lowest possible scale -->
			<size_high>1.1</size_high>					<!-- top possible scale -->

			<blendmap_range_low>0</blendmap_range_low>		<!-- // same as at group level but for object within group -->
			<blendmap_range_high>1.1</blendmap_range_high>
			<blendmap_range_falloff>0</blendmap_range_falloff>
			<height_low>-5000</height_low>
			<height_high>5000</height_high>
			<height_falloff>0</height_falloff>			<!-- // -->

			<humidities>						<!-- Supported humidities, not actually used, we may want to remove this -->
				<humidity>arid</humidity>
				<humidity>humid</humidity>
			</humidities>

			<categories>						<!-- Supported categories, these categories are def_bleakined in generation_categories.xml -->
				<category>def_bleak</category>					
			</categories>

			<probability>0.05</probability>				<!-- Base probability of choosing this object -->
			<minimum_seperation>8</minimum_seperation>		<!-- Minimum distance this must be from other objects if chosen -->

		</tree>		
		<tree> 								<!-- type of object, may be tree, prop, decal or vfx. Needs corresponding closing tag -->
			<model>trees\wh_spruce_tree\wh_spruce_tree_wi_f</model>		<!-- path to the object, tree in this case -->

			<size_low>0.8</size_low>				<!-- lowest possible scale -->
			<size_high>1.2</size_high>					<!-- top possible scale -->

			<blendmap_range_low>0</blendmap_range_low>		<!-- // same as at group level but for object within group -->
			<blendmap_range_high>1.1</blendmap_range_high>
			<blendmap_range_falloff>0</blendmap_range_falloff>
			<height_low>-5000</height_low>
			<height_high>5000</height_high>
			<height_falloff>0</height_falloff>			<!-- // -->

			<humidities>						<!-- Supported humidities, not actually used, we may want to remove this -->
				<humidity>arid</humidity>
				<humidity>humid</humidity>
			</humidities>

			<categories>						<!-- Supported categories, these categories are def_bleakined in generation_categories.xml -->
				<category>def_bleak</category>					
			</categories>

			<probability>0.025</probability>				<!-- Base probability of choosing this object -->
			<minimum_seperation>5</minimum_seperation>		<!-- Minimum distance this must be from other objects if chosen -->

		</tree>
		<tree> 								<!-- type of object, may be tree, prop, decal or vfx. Needs corresponding closing tag -->
			<model>trees\wh_spruce_tree\wh_spruce_tree_wi_h</model>		<!-- path to the object, tree in this case -->

			<size_low>1</size_low>				<!-- lowest possible scale -->
			<size_high>1.4</size_high>					<!-- top possible scale -->

			<blendmap_range_low>0</blendmap_range_low>		<!-- // same as at group level but for object within group -->
			<blendmap_range_high>1.1</blendmap_range_high>
			<blendmap_range_falloff>0</blendmap_range_falloff>
			<height_low>-5000</height_low>
			<height_high>5000</height_high>
			<height_falloff>0</height_falloff>			<!-- // -->

			<humidities>						<!-- Supported humidities, not actually used, we may want to remove this -->
				<humidity>arid</humidity>
				<humidity>humid</humidity>
			</humidities>

			<categories>						<!-- Supported categories, these categories are def_bleakined in generation_categories.xml -->
				<category>def_bleak</category>					
			</categories>

			<probability>0.15</probability>				<!-- Base probability of choosing this object -->
			<minimum_seperation>8</minimum_seperation>		<!-- Minimum distance this must be from other objects if chosen -->

		</tree>
        <tree> 								<!-- type of object, may be tree, prop, decal or vfx. Needs corresponding closing tag -->
			<model>trees\wh_spruce_tree\wh_spruce_wi_branch_a</model>		<!-- path to the object, tree in this case -->

			<size_low>0.8</size_low>				<!-- lowest possible scale -->
			<size_high>1.6</size_high>					<!-- top possible scale -->

			<blendmap_range_low>0</blendmap_range_low>		<!-- // same as at group level but for object within group -->
			<blendmap_range_high>1.1</blendmap_range_high>
			<blendmap_range_falloff>0</blendmap_range_falloff>
			<height_low>-5000</height_low>
			<height_high>5000</height_high>
			<height_falloff>0</height_falloff>			<!-- // -->

			<humidities>						<!-- Supported humidities, not actually used, we may want to remove this -->
				<humidity>arid</humidity>
				<humidity>humid</humidity>
			</humidities>

			<categories>						<!-- Supported categories, these categories are def_bleakined in generation_categories.xml -->
				<category>def_bleak</category>					
			</categories>

			<probability>0.01</probability>				<!-- Base probability of choosing this object -->
			<minimum_seperation>3</minimum_seperation>		<!-- Minimum distance this must be from other objects if chosen -->

		</tree>	
        <tree> 								<!-- type of object, may be tree, prop, decal or vfx. Needs corresponding closing tag -->
			<model>trees\wh_spruce_tree\wh_spruce_wi_branch_b</model>		<!-- path to the object, tree in this case -->

			<size_low>0.8</size_low>				<!-- lowest possible scale -->
			<size_high>1.6</size_high>					<!-- top possible scale -->

			<blendmap_range_low>0</blendmap_range_low>		<!-- // same as at group level but for object within group -->
			<blendmap_range_high>1.1</blendmap_range_high>
			<blendmap_range_falloff>0</blendmap_range_falloff>
			<height_low>-5000</height_low>
			<height_high>5000</height_high>
			<height_falloff>0</height_falloff>			<!-- // -->

			<humidities>						<!-- Supported humidities, not actually used, we may want to remove this -->
				<humidity>arid</humidity>
				<humidity>humid</humidity>
			</humidities>

			<categories>						<!-- Supported categories, these categories are def_bleakined in generation_categories.xml -->
				<category>def_bleak</category>					
			</categories>

			<probability>0.01</probability>				<!-- Base probability of choosing this object -->
			<minimum_seperation>3</minimum_seperation>		<!-- Minimum distance this must be from other objects if chosen -->

		</tree>
        
        <tree> 								<!-- type of object, may be tree, prop, decal or vfx. Needs corresponding closing tag -->
			<model>trees\wh_spruce_tree\wh_spruce_stump_a</model>		<!-- path to the object, tree in this case -->

			<size_low>1</size_low>				<!-- lowest possible scale -->
			<size_high>1.4</size_high>					<!-- top possible scale -->

			<blendmap_range_low>0</blendmap_range_low>		<!-- // same as at group level but for object within group -->
			<blendmap_range_high>1.1</blendmap_range_high>
			<blendmap_range_falloff>0</blendmap_range_falloff>
			<height_low>-5000</height_low>
			<height_high>5000</height_high>
			<height_falloff>0</height_falloff>			<!-- // -->

			<humidities>						<!-- Supported humidities, not actually used, we may want to remove this -->
				<humidity>arid</humidity>
				<humidity>humid</humidity>
			</humidities>

			<categories>						<!-- Supported categories, these categories are def_bleakined in generation_categories.xml -->
				<category>def_bleak</category>					
			</categories>

			<probability>0.005</probability>				<!-- Base probability of choosing this object -->
			<minimum_seperation>6</minimum_seperation>		<!-- Minimum distance this must be from other objects if chosen -->

		</tree>
<tree> 								<!-- type of object, may be tree, prop, decal or vfx. Needs corresponding closing tag -->
			<model>trees\wh_spruce_tree\wh_spruce_stump_b</model>		<!-- path to the object, tree in this case -->

			<size_low>1</size_low>				<!-- lowest possible scale -->
			<size_high>1.4</size_high>					<!-- top possible scale -->

			<blendmap_range_low>0</blendmap_range_low>		<!-- // same as at group level but for object within group -->
			<blendmap_range_high>1.1</blendmap_range_high>
			<blendmap_range_falloff>0</blendmap_range_falloff>
			<height_low>-5000</height_low>
			<height_high>5000</height_high>
			<height_falloff>0</height_falloff>			<!-- // -->

			<humidities>						<!-- Supported humidities, not actually used, we may want to remove this -->
				<humidity>arid</humidity>
				<humidity>humid</humidity>
			</humidities>

			<categories>						<!-- Supported categories, these categories are def_bleakined in generation_categories.xml -->
				<category>def_bleak</category>					
			</categories>

			<probability>0.005</probability>				<!-- Base probability of choosing this object -->
			<minimum_seperation>6</minimum_seperation>		<!-- Minimum distance this must be from other objects if chosen -->

		</tree>		


	
	</group>
<!-- HIGH 0.7 # 0.92 #########################################################################################################-->
<!--##########################################################################################################################-->
<!--##########################################################################################################################-->
	
		<group group_name="medium_trees_def_bleak_forest_blend_01">
		<texture>forest01</texture>					<!-- texture channel that must exist in order to pick group (well, actually the value must be above 0.05) --> 
		<texture_for_probability>forest01</texture_for_probability>	<!-- texture channel to use for probability, if not def_bleakined texture is used -->

		<group_channel_range_low>0.71</group_channel_range_low>		<!-- bottom of blend map value range -->
		<group_channel_range_high>0.91</group_channel_range_high>		<!-- top of blend map value range -->
		<group_channel_range_falloff>0.2</group_channel_range_falloff>	<!-- range within the def_bleakined range that is always the top probability, in this case the whole range -->

		<height_range_low>-5000</height_range_low>			<!-- bottom of height map range -->
		<height_range_high>5000</height_range_high>			<!-- top of height map range -->
		<height_range_falloff>10000</height_range_falloff>			<!-- range within the def_bleakined range that is always the top probability, in this case only the very centre -->
		
		<probability>1</probability>					<!-- the base probability which is adjusted based upon the above -->
		
		<grouping_probability>0</grouping_probability>		<!-- the probability of swapping out near objects with objects from the same group -->
		<grouping_radius>0</grouping_radius>				<!-- the radius within which objects may be swapped out -->

				<tree> 								<!-- type of object, may be tree, prop, decal or vfx. Needs corresponding closing tag -->
			<model>trees\wh_spruce_tree\wh_spruce_tree_wi_b</model>		<!-- path to the object, tree in this case -->

			<size_low>0.6</size_low>				<!-- lowest possible scale -->
			<size_high>0.81</size_high>					<!-- top possible scale -->

			<blendmap_range_low>0</blendmap_range_low>		<!-- // same as at group level but for object within group -->
			<blendmap_range_high>1.1</blendmap_range_high>
			<blendmap_range_falloff>0.4</blendmap_range_falloff>
			<height_low>-5000</height_low>
			<height_high>5000</height_high>
			<height_falloff>0</height_falloff>					<!-- // -->

			<humidities>						<!-- Supported humidities, not actually used, we may want to remove this -->
				<humidity>arid</humidity>
				<humidity>humid</humidity>
			</humidities>

			<categories>						<!-- Supported categories, these categories are def_bleakined in generation_categories.xml -->
				<category>def_bleak</category>					
			</categories>

			<probability>0.075</probability>						<!-- Base probability of choosing this object -->
			<minimum_seperation>8</minimum_seperation>		<!-- Minimum distance this must be from other objects if chosen -->

		</tree>	
		<tree> 								<!-- type of object, may be tree, prop, decal or vfx. Needs corresponding closing tag -->
			<model>trees\wh_spruce_tree\wh_spruce_tree_wi_c</model>		<!-- path to the object, tree in this case -->

			<size_low>0.55</size_low>				<!-- lowest possible scale -->
			<size_high>0.74</size_high>					<!-- top possible scale -->

			<blendmap_range_low>0</blendmap_range_low>		<!-- // same as at group level but for object within group -->
			<blendmap_range_high>1.1</blendmap_range_high>
			<blendmap_range_falloff>0</blendmap_range_falloff>
			<height_low>-5000</height_low>
			<height_high>5000</height_high>
			<height_falloff>0</height_falloff>			<!-- // -->

			<humidities>						<!-- Supported humidities, not actually used, we may want to remove this -->
				<humidity>arid</humidity>
				<humidity>humid</humidity>
			</humidities>

			<categories>						<!-- Supported categories, these categories are def_bleakined in generation_categories.xml -->
				<category>def_bleak</category>					
			</categories>

			<probability>0.08</probability>				<!-- Base probability of choosing this object -->
			<minimum_seperation>7</minimum_seperation>		<!-- Minimum distance this must be from other objects if chosen -->

		</tree>	
		<tree> 								<!-- type of object, may be tree, prop, decal or vfx. Needs corresponding closing tag -->
			<model>trees\wh_spruce_tree\wh_spruce_tree_wi_d</model>		<!-- path to the object, tree in this case -->

			<size_low>0.6</size_low>				<!-- lowest possible scale -->
			<size_high>0.8</size_high>					<!-- top possible scale -->

			<blendmap_range_low>0</blendmap_range_low>		<!-- // same as at group level but for object within group -->
			<blendmap_range_high>1.1</blendmap_range_high>
			<blendmap_range_falloff>0</blendmap_range_falloff>
			<height_low>-5000</height_low>
			<height_high>5000</height_high>
			<height_falloff>0</height_falloff>			<!-- // -->

			<humidities>						<!-- Supported humidities, not actually used, we may want to remove this -->
				<humidity>arid</humidity>
				<humidity>humid</humidity>
			</humidities>

			<categories>						<!-- Supported categories, these categories are def_bleakined in generation_categories.xml -->
				<category>def_bleak</category>					
			</categories>

			<probability>0.08</probability>				<!-- Base probability of choosing this object -->
			<minimum_seperation>7</minimum_seperation>		<!-- Minimum distance this must be from other objects if chosen -->

		</tree>			
		<tree> 								<!-- type of object, may be tree, prop, decal or vfx. Needs corresponding closing tag -->
			<model>trees\wh_spruce_tree\wh_spruce_tree_wi_g</model>		<!-- path to the object, tree in this case -->

			<size_low>0.65</size_low>				<!-- lowest possible scale -->
			<size_high>1.2</size_high>					<!-- top possible scale -->

			<blendmap_range_low>0</blendmap_range_low>		<!-- // same as at group level but for object within group -->
			<blendmap_range_high>1.1</blendmap_range_high>
			<blendmap_range_falloff>0</blendmap_range_falloff>
			<height_low>-5000</height_low>
			<height_high>5000</height_high>
			<height_falloff>0</height_falloff>			<!-- // -->

			<humidities>						<!-- Supported humidities, not actually used, we may want to remove this -->
				<humidity>arid</humidity>
				<humidity>humid</humidity>
			</humidities>

			<categories>						<!-- Supported categories, these categories are def_bleakined in generation_categories.xml -->
				<category>def_bleak</category>					
			</categories>

			<probability>0.075</probability>				<!-- Base probability of choosing this object -->
			<minimum_seperation>6.5</minimum_seperation>		<!-- Minimum distance this must be from other objects if chosen -->

		</tree>
        <tree> 								<!-- type of object, may be tree, prop, decal or vfx. Needs corresponding closing tag -->
			<model>trees\wh_spruce_tree\wh_spruce_wi_branch_a</model>		<!-- path to the object, tree in this case -->

			<size_low>0.8</size_low>				<!-- lowest possible scale -->
			<size_high>1.6</size_high>					<!-- top possible scale -->

			<blendmap_range_low>0</blendmap_range_low>		<!-- // same as at group level but for object within group -->
			<blendmap_range_high>1.1</blendmap_range_high>
			<blendmap_range_falloff>0</blendmap_range_falloff>
			<height_low>-5000</height_low>
			<height_high>5000</height_high>
			<height_falloff>0</height_falloff>			<!-- // -->

			<humidities>						<!-- Supported humidities, not actually used, we may want to remove this -->
				<humidity>arid</humidity>
				<humidity>humid</humidity>
			</humidities>

			<categories>						<!-- Supported categories, these categories are def_bleakined in generation_categories.xml -->
				<category>def_bleak</category>					
			</categories>

			<probability>0.05</probability>				<!-- Base probability of choosing this object -->
			<minimum_seperation>5</minimum_seperation>		<!-- Minimum distance this must be from other objects if chosen -->

		</tree>	
        <tree> 								<!-- type of object, may be tree, prop, decal or vfx. Needs corresponding closing tag -->
			<model>trees\wh_spruce_tree\wh_spruce_wi_branch_b</model>		<!-- path to the object, tree in this case -->

			<size_low>0.8</size_low>				<!-- lowest possible scale -->
			<size_high>1.6</size_high>					<!-- top possible scale -->

			<blendmap_range_low>0</blendmap_range_low>		<!-- // same as at group level but for object within group -->
			<blendmap_range_high>1.1</blendmap_range_high>
			<blendmap_range_falloff>0</blendmap_range_falloff>
			<height_low>-5000</height_low>
			<height_high>5000</height_high>
			<height_falloff>0</height_falloff>			<!-- // -->

			<humidities>						<!-- Supported humidities, not actually used, we may want to remove this -->
				<humidity>arid</humidity>
				<humidity>humid</humidity>
			</humidities>

			<categories>						<!-- Supported categories, these categories are def_bleakined in generation_categories.xml -->
				<category>def_bleak</category>					
			</categories>

			<probability>0.05</probability>				<!-- Base probability of choosing this object -->
			<minimum_seperation></minimum_seperation>		<!-- Minimum distance this must be from other objects if chosen -->

		</tree>
        
		
	
	</group>
	
	<!-- MED SMALL TREES 0.5 # 0.75 #########################################################################################################-->
<!--##########################################################################################################################-->
<!--##########################################################################################################################-->
			<group group_name="medium_small_trees_def_bleak_forest_blend_01">
		<texture>forest01</texture>					<!-- texture channel that must exist in order to pick group (well, actually the value must be above 0.05) --> 
		<texture_for_probability>forest01</texture_for_probability>	<!-- texture channel to use for probability, if not def_bleakined texture is used -->

		<group_channel_range_low>0.5</group_channel_range_low>		<!-- bottom of blend map value range -->
		<group_channel_range_high>0.76</group_channel_range_high>		<!-- top of blend map value range -->
		<group_channel_range_falloff>0.2</group_channel_range_falloff>	<!-- range within the def_bleakined range that is always the top probability, in this case the whole range -->

		<height_range_low>-5000</height_range_low>			<!-- bottom of height map range -->
		<height_range_high>5000</height_range_high>			<!-- top of height map range -->
		<height_range_falloff>10000</height_range_falloff>			<!-- range within the def_bleakined range that is always the top probability, in this case only the very centre -->
		
		<probability>1</probability>					<!-- the base probability which is adjusted based upon the above -->
		
		<grouping_probability>0</grouping_probability>		<!-- the probability of swapping out near objects with objects from the same group -->
		<grouping_radius>0</grouping_radius>				<!-- the radius within which objects may be swapped out -->

		
		<tree> 								<!-- type of object, may be tree, prop, decal or vfx. Needs corresponding closing tag -->
			<model>trees/wh_spruce_tree/wh_spruce_tree_wi_a</model>		<!-- path to the object, tree in this case -->

			<size_low>0.65</size_low>				<!-- lowest possible scale -->
			<size_high>0.95</size_high>					<!-- top possible scale -->

			<blendmap_range_low>0</blendmap_range_low>		<!-- // same as at group level but for object within group -->
			<blendmap_range_high>1.1</blendmap_range_high>
			<blendmap_range_falloff>0</blendmap_range_falloff>
			<height_low>-5000</height_low>
			<height_high>5000</height_high>
			<height_falloff>0</height_falloff>					<!-- // -->

			<humidities>						<!-- Supported humidities, not actually used, we may want to remove this -->
				<humidity>arid</humidity>
				<humidity>humid</humidity>
			</humidities>

			<categories>						<!-- Supported categories, these categories are def_bleakined in generation_categories.xml -->
				<category>def_bleak</category>					
			</categories>

			<probability>0.003</probability>						<!-- Base probability of choosing this object -->
			<minimum_seperation>3</minimum_seperation>		<!-- Minimum distance this must be from other objects if chosen -->

		</tree>
		<tree> 								<!-- type of object, may be tree, prop, decal or vfx. Needs corresponding closing tag -->
			<model>trees/wh_spruce_tree/wh_spruce_tree_wi_c</model>		<!-- path to the object, tree in this case -->

			<size_low>0.55</size_low>				<!-- lowest possible scale -->
			<size_high>1</size_high>					<!-- top possible scale -->

			<blendmap_range_low>0</blendmap_range_low>		<!-- // same as at group level but for object within group -->
			<blendmap_range_high>1.1</blendmap_range_high>
			<blendmap_range_falloff>0</blendmap_range_falloff>
			<height_low>-5000</height_low>
			<height_high>5000</height_high>
			<height_falloff>0</height_falloff>					<!-- // -->

			<humidities>						<!-- Supported humidities, not actually used, we may want to remove this -->
				<humidity>arid</humidity>
				<humidity>humid</humidity>
			</humidities>

			<categories>						<!-- Supported categories, these categories are def_bleakined in generation_categories.xml -->
				<category>def_bleak</category>					
			</categories>

			<probability>0.1</probability>						<!-- Base probability of choosing this object -->
			<minimum_seperation>2</minimum_seperation>		<!-- Minimum distance this must be from other objects if chosen -->

		</tree>	
		<tree> 								<!-- type of object, may be tree, prop, decal or vfx. Needs corresponding closing tag -->
			<model>trees\wh_spruce_tree\wh_spruce_tree_wi_d</model>		<!-- path to the object, tree in this case -->

			<size_low>0.6</size_low>				<!-- lowest possible scale -->
			<size_high>0.95</size_high>					<!-- top possible scale -->

			<blendmap_range_low>0</blendmap_range_low>		<!-- // same as at group level but for object within group -->
			<blendmap_range_high>1.1</blendmap_range_high>
			<blendmap_range_falloff>0</blendmap_range_falloff>
			<height_low>-5000</height_low>
			<height_high>5000</height_high>
			<height_falloff>0</height_falloff>			<!-- // -->

			<humidities>						<!-- Supported humidities, not actually used, we may want to remove this -->
				<humidity>arid</humidity>
				<humidity>humid</humidity>
			</humidities>

			<categories>						<!-- Supported categories, these categories are def_bleakined in generation_categories.xml -->
				<category>def_bleak</category>					
			</categories>

			<probability>0.08</probability>				<!-- Base probability of choosing this object -->
			<minimum_seperation>6</minimum_seperation>		<!-- Minimum distance this must be from other objects if chosen -->

		</tree>	
		<tree> 								<!-- type of object, may be tree, prop, decal or vfx. Needs corresponding closing tag -->
			<model>trees\wh_spruce_tree\wh_spruce_tree_wi_e</model>		<!-- path to the object, tree in this case -->

			<size_low>0.7</size_low>				<!-- lowest possible scale -->
			<size_high>1.1</size_high>					<!-- top possible scale -->

			<blendmap_range_low>0</blendmap_range_low>		<!-- // same as at group level but for object within group -->
			<blendmap_range_high>1.1</blendmap_range_high>
			<blendmap_range_falloff>0</blendmap_range_falloff>
			<height_low>-5000</height_low>
			<height_high>5000</height_high>
			<height_falloff>0</height_falloff>			<!-- // -->

			<humidities>						<!-- Supported humidities, not actually used, we may want to remove this -->
				<humidity>arid</humidity>
				<humidity>humid</humidity>
			</humidities>

			<categories>						<!-- Supported categories, these categories are def_bleakined in generation_categories.xml -->
				<category>def_bleak</category>					
			</categories>

			<probability>0.08</probability>				<!-- Base probability of choosing this object -->
			<minimum_seperation>6</minimum_seperation>		<!-- Minimum distance this must be from other objects if chosen -->

		</tree>			
		<tree> 								<!-- type of object, may be tree, prop, decal or vfx. Needs corresponding closing tag -->
			<model>trees\wh_spruce_tree\wh_spruce_tree_wi_h</model>		<!-- path to the object, tree in this case -->

			<size_low>0.8</size_low>				<!-- lowest possible scale -->
			<size_high>1.7</size_high>					<!-- top possible scale -->

			<blendmap_range_low>0</blendmap_range_low>		<!-- // same as at group level but for object within group -->
			<blendmap_range_high>1.1</blendmap_range_high>
			<blendmap_range_falloff>0</blendmap_range_falloff>
			<height_low>-5000</height_low>
			<height_high>5000</height_high>
			<height_falloff>0</height_falloff>			<!-- // -->

			<humidities>						<!-- Supported humidities, not actually used, we may want to remove this -->
				<humidity>arid</humidity>
				<humidity>humid</humidity>
			</humidities>

			<categories>						<!-- Supported categories, these categories are def_bleakined in generation_categories.xml -->
				<category>def_bleak</category>					
			</categories>

			<probability>0.075</probability>				<!-- Base probability of choosing this object -->
			<minimum_seperation>8</minimum_seperation>		<!-- Minimum distance this must be from other objects if chosen -->

		</tree>
        <tree> 								<!-- type of object, may be tree, prop, decal or vfx. Needs corresponding closing tag -->
			<model>trees\wh_spruce_tree\wh_spruce_wi_branch_a</model>		<!-- path to the object, tree in this case -->

			<size_low>0.8</size_low>				<!-- lowest possible scale -->
			<size_high>1.6</size_high>					<!-- top possible scale -->

			<blendmap_range_low>0</blendmap_range_low>		<!-- // same as at group level but for object within group -->
			<blendmap_range_high>1.1</blendmap_range_high>
			<blendmap_range_falloff>0</blendmap_range_falloff>
			<height_low>-5000</height_low>
			<height_high>5000</height_high>
			<height_falloff>0</height_falloff>			<!-- // -->

			<humidities>						<!-- Supported humidities, not actually used, we may want to remove this -->
				<humidity>arid</humidity>
				<humidity>humid</humidity>
			</humidities>

			<categories>						<!-- Supported categories, these categories are def_bleakined in generation_categories.xml -->
				<category>def_bleak</category>					
			</categories>

			<probability>0.009</probability>				<!-- Base probability of choosing this object -->
			<minimum_seperation>2</minimum_seperation>		<!-- Minimum distance this must be from other objects if chosen -->

		</tree>	
        <tree> 								<!-- type of object, may be tree, prop, decal or vfx. Needs corresponding closing tag -->
			<model>trees\wh_spruce_tree\wh_spruce_wi_branch_b</model>		<!-- path to the object, tree in this case -->

			<size_low>0.8</size_low>				<!-- lowest possible scale -->
			<size_high>1.6</size_high>					<!-- top possible scale -->

			<blendmap_range_low>0</blendmap_range_low>		<!-- // same as at group level but for object within group -->
			<blendmap_range_high>1.1</blendmap_range_high>
			<blendmap_range_falloff>0</blendmap_range_falloff>
			<height_low>-5000</height_low>
			<height_high>5000</height_high>
			<height_falloff>0</height_falloff>			<!-- // -->

			<humidities>						<!-- Supported humidities, not actually used, we may want to remove this -->
				<humidity>arid</humidity>
				<humidity>humid</humidity>
			</humidities>

			<categories>						<!-- Supported categories, these categories are def_bleakined in generation_categories.xml -->
				<category>def_bleak</category>					
			</categories>

			<probability>0.009</probability>				<!-- Base probability of choosing this object -->
			<minimum_seperation>2</minimum_seperation>		<!-- Minimum distance this must be from other objects if chosen -->

		</tree>
        
		
	
	</group>
	
	
	
	
<!-- LOW/MED SHRUBS ONLY 0.25 # 0.5 #########################################################################################################-->
<!--##########################################################################################################################-->
<!--##########################################################################################################################-->	
	
			<group group_name="small_trees_and_undergrowth_def_bleak_forest_blend_01">
		<texture>forest01</texture>					<!-- texture channel that must exist in order to pick group (well, actually the value must be above 0.05) --> 
		<texture_for_probability>forest01</texture_for_probability>	<!-- texture channel to use for probability, if not def_bleakined texture is used -->

		<group_channel_range_low>0.25</group_channel_range_low>		<!-- bottom of blend map value range -->
		<group_channel_range_high>0.52</group_channel_range_high>		<!-- top of blend map value range -->
		<group_channel_range_falloff>0.2</group_channel_range_falloff>	<!-- range within the def_bleakined range that is always the top probability, in this case the whole range -->

		<height_range_low>-5000</height_range_low>			<!-- bottom of height map range -->
		<height_range_high>5000</height_range_high>			<!-- top of height map range -->
		<height_range_falloff>10000</height_range_falloff>			<!-- range within the def_bleakined range that is always the top probability, in this case only the very centre -->
		
		<probability>1</probability>					<!-- the base probability which is adjusted based upon the above -->
		
		<grouping_probability>0</grouping_probability>		<!-- the probability of swapping out near objects with objects from the same group -->
		<grouping_radius>0</grouping_radius>				<!-- the radius within which objects may be swapped out -->

        <tree> 								<!-- type of object, may be tree, prop, decal or vfx. Needs corresponding closing tag -->
			<model>trees\wh_spruce_tree\wh_spruce_wi_branch_a</model>		<!-- path to the object, tree in this case -->

			<size_low>0.8</size_low>				<!-- lowest possible scale -->
			<size_high>1.6</size_high>					<!-- top possible scale -->

			<blendmap_range_low>0</blendmap_range_low>		<!-- // same as at group level but for object within group -->
			<blendmap_range_high>1.1</blendmap_range_high>
			<blendmap_range_falloff>0</blendmap_range_falloff>
			<height_low>-5000</height_low>
			<height_high>5000</height_high>
			<height_falloff>0</height_falloff>			<!-- // -->

			<humidities>						<!-- Supported humidities, not actually used, we may want to remove this -->
				<humidity>arid</humidity>
				<humidity>humid</humidity>
			</humidities>

			<categories>						<!-- Supported categories, these categories are def_bleakined in generation_categories.xml -->
				<category>def_bleak</category>					
			</categories>

			<probability>0.05</probability>				<!-- Base probability of choosing this object -->
			<minimum_seperation>4</minimum_seperation>		<!-- Minimum distance this must be from other objects if chosen -->

		</tree>	
        <tree> 								<!-- type of object, may be tree, prop, decal or vfx. Needs corresponding closing tag -->
			<model>trees\wh_spruce_tree\wh_spruce_wi_branch_b</model>		<!-- path to the object, tree in this case -->

			<size_low>0.8</size_low>				<!-- lowest possible scale -->
			<size_high>1.6</size_high>					<!-- top possible scale -->

			<blendmap_range_low>0</blendmap_range_low>		<!-- // same as at group level but for object within group -->
			<blendmap_range_high>1.1</blendmap_range_high>
			<blendmap_range_falloff>0</blendmap_range_falloff>
			<height_low>-5000</height_low>
			<height_high>5000</height_high>
			<height_falloff>0</height_falloff>			<!-- // -->

			<humidities>						<!-- Supported humidities, not actually used, we may want to remove this -->
				<humidity>arid</humidity>
				<humidity>humid</humidity>
			</humidities>

			<categories>						<!-- Supported categories, these categories are def_bleakined in generation_categories.xml -->
				<category>def_bleak</category>					
			</categories>

			<probability>0.05</probability>				<!-- Base probability of choosing this object -->
			<minimum_seperation>4</minimum_seperation>		<!-- Minimum distance this must be from other objects if chosen -->

		</tree>
        		<tree>
		<model></model>		<!-- path to the object, tree in this case -->

			<size_low>0.5</size_low>				<!-- lowest possible scale -->
			<size_high>0.65</size_high>					<!-- top possible scale -->

			<blendmap_range_low>0</blendmap_range_low>		<!-- // same as at group level but for object within group -->
			<blendmap_range_high>1.1</blendmap_range_high>
			<blendmap_range_falloff>0</blendmap_range_falloff>
			<height_low>-5000</height_low>
			<height_high>5000</height_high>
			<height_falloff>0</height_falloff>			<!-- // -->

			<humidities>						<!-- Supported humidities, not actually used, we may want to remove this -->
				<humidity>arid</humidity>
				<humidity>humid</humidity>
			</humidities>

			<categories>						<!-- Supported categories, these categories are def_bleakined in generation_categories.xml -->
				<category>def_bleak</category>					
			</categories>

			<probability>0.5</probability>				<!-- Base probability of choosing this object -->
			<minimum_seperation>5</minimum_seperation>		<!-- Minimum distance this must be from other objects if chosen -->

		</tree>
	
	</group>
	
	<!-- LOW SHRUBS AND FLOWERS ONLY 0 # 0.26 #########################################################################################################-->
<!--##########################################################################################################################-->
<!--##########################################################################################################################-->
	
	<group group_name="small_undergrowth_flowers_etc_def_bleak_forest_blend_01">
		<texture>forest01</texture>					<!-- texture channel that must exist in order to pick group (well, actually the value must be above 0.05) --> 
		<texture_for_probability>forest01</texture_for_probability>	<!-- texture channel to use for probability, if not def_bleakined texture is used -->

		<group_channel_range_low>0</group_channel_range_low>		<!-- bottom of blend map value range -->
		<group_channel_range_high>0.26</group_channel_range_high>		<!-- top of blend map value range -->
		<group_channel_range_falloff>0.2</group_channel_range_falloff>	<!-- range within the def_bleakined range that is always the top probability, in this case the whole range -->

		<height_range_low>-5000</height_range_low>			<!-- bottom of height map range -->
		<height_range_high>5000</height_range_high>			<!-- top of height map range -->
		<height_range_falloff>10000</height_range_falloff>			<!-- range within the def_bleakined range that is always the top probability, in this case only the very centre -->
		
		<probability>1</probability>					<!-- the base probability which is adjusted based upon the above -->
		
		<grouping_probability>0</grouping_probability>		<!-- the probability of swapping out near objects with objects from the same group -->
		<grouping_radius>0</grouping_radius>				<!-- the radius within which objects may be swapped out -->

        <tree> 								<!-- type of object, may be tree, prop, decal or vfx. Needs corresponding closing tag -->
			<model>trees\wh_spruce_tree\wh_spruce_wi_branch_a</model>		<!-- path to the object, tree in this case -->

			<size_low>0.8</size_low>				<!-- lowest possible scale -->
			<size_high>1.6</size_high>					<!-- top possible scale -->

			<blendmap_range_low>0</blendmap_range_low>		<!-- // same as at group level but for object within group -->
			<blendmap_range_high>1.1</blendmap_range_high>
			<blendmap_range_falloff>0</blendmap_range_falloff>
			<height_low>-5000</height_low>
			<height_high>5000</height_high>
			<height_falloff>0</height_falloff>			<!-- // -->

			<humidities>						<!-- Supported humidities, not actually used, we may want to remove this -->
				<humidity>arid</humidity>
				<humidity>humid</humidity>
			</humidities>

			<categories>						<!-- Supported categories, these categories are def_bleakined in generation_categories.xml -->
				<category>def_bleak</category>					
			</categories>

			<probability>0.01</probability>				<!-- Base probability of choosing this object -->
			<minimum_seperation>20</minimum_seperation>		<!-- Minimum distance this must be from other objects if chosen -->

		</tree>	
        <tree> 								<!-- type of object, may be tree, prop, decal or vfx. Needs corresponding closing tag -->
			<model>trees\wh_spruce_tree\wh_spruce_wi_branch_b</model>		<!-- path to the object, tree in this case -->

			<size_low>0.8</size_low>				<!-- lowest possible scale -->
			<size_high>1.6</size_high>					<!-- top possible scale -->

			<blendmap_range_low>0</blendmap_range_low>		<!-- // same as at group level but for object within group -->
			<blendmap_range_high>1.1</blendmap_range_high>
			<blendmap_range_falloff>0</blendmap_range_falloff>
			<height_low>-5000</height_low>
			<height_high>5000</height_high>
			<height_falloff>0</height_falloff>			<!-- // -->

			<humidities>						<!-- Supported humidities, not actually used, we may want to remove this -->
				<humidity>arid</humidity>
				<humidity>humid</humidity>
			</humidities>

			<categories>						<!-- Supported categories, these categories are def_bleakined in generation_categories.xml -->
				<category>def_bleak</category>					
			</categories>

			<probability>0.01</probability>				<!-- Base probability of choosing this object -->
			<minimum_seperation>15</minimum_seperation>		<!-- Minimum distance this must be from other objects if chosen -->

		</tree>
        				
	<tree> 								<!-- type of object, may be tree, prop, decal or vfx. Needs corresponding closing tag -->
			<model>trees\wh_spruce_tree\wh_spruce_stump_a</model>		<!-- path to the object, tree in this case -->

			<size_low>0.5</size_low>				<!-- lowest possible scale -->
			<size_high>0.65</size_high>					<!-- top possible scale -->

			<blendmap_range_low>0</blendmap_range_low>		<!-- // same as at group level but for object within group -->
			<blendmap_range_high>1.1</blendmap_range_high>
			<blendmap_range_falloff>0</blendmap_range_falloff>
			<height_low>-5000</height_low>
			<height_high>5000</height_high>
			<height_falloff>0</height_falloff>			<!-- // -->

			<humidities>						<!-- Supported humidities, not actually used, we may want to remove this -->
				<humidity>arid</humidity>
				<humidity>humid</humidity>
			</humidities>

			<categories>						<!-- Supported categories, these categories are def_bleakined in generation_categories.xml -->
				<category>def_bleak</category>					
			</categories>

			<probability>0.25</probability>				<!-- Base probability of choosing this object -->
			<minimum_seperation>8</minimum_seperation>		<!-- Minimum distance this must be from other objects if chosen -->

		</tree>
		<tree>
		<model>trees\wh_spruce_tree\wh_spruce_stump_b</model>		<!-- path to the object, tree in this case -->

			<size_low>0.5</size_low>				<!-- lowest possible scale -->
			<size_high>0.65</size_high>					<!-- top possible scale -->

			<blendmap_range_low>0</blendmap_range_low>		<!-- // same as at group level but for object within group -->
			<blendmap_range_high>1.1</blendmap_range_high>
			<blendmap_range_falloff>0</blendmap_range_falloff>
			<height_low>-5000</height_low>
			<height_high>5000</height_high>
			<height_falloff>0</height_falloff>			<!-- // -->

			<humidities>						<!-- Supported humidities, not actually used, we may want to remove this -->
				<humidity>arid</humidity>
				<humidity>humid</humidity>
			</humidities>

			<categories>						<!-- Supported categories, these categories are def_bleakined in generation_categories.xml -->
				<category>def_bleak</category>					
			</categories>

			<probability>0.25</probability>				<!-- Base probability of choosing this object -->
			<minimum_seperation>8</minimum_seperation>		<!-- Minimum distance this must be from other objects if chosen -->

		</tree>
		<tree>
		<model></model>		<!-- path to the object, tree in this case -->

			<size_low>0.5</size_low>				<!-- lowest possible scale -->
			<size_high>0.65</size_high>					<!-- top possible scale -->

			<blendmap_range_low>0</blendmap_range_low>		<!-- // same as at group level but for object within group -->
			<blendmap_range_high>1.1</blendmap_range_high>
			<blendmap_range_falloff>0</blendmap_range_falloff>
			<height_low>-5000</height_low>
			<height_high>5000</height_high>
			<height_falloff>0</height_falloff>			<!-- // -->

			<humidities>						<!-- Supported humidities, not actually used, we may want to remove this -->
				<humidity>arid</humidity>
				<humidity>humid</humidity>
			</humidities>

			<categories>						<!-- Supported categories, these categories are def_bleakined in generation_categories.xml -->
				<category>def_bleak</category>					
			</categories>

			<probability>3</probability>				<!-- Base probability of choosing this object -->
			<minimum_seperation>12</minimum_seperation>		<!-- Minimum distance this must be from other objects if chosen -->

		</tree>
	
	</group>
</trees>