<?xml version="1.0" encoding="UTF-8"?>
<trees>

<!-- INNER 0.9 # 1.0 #########################################################################################################-->
<!--##########################################################################################################################-->
<!--##########################################################################################################################-->
	
<!--group#-->
	<group group_name="def_desert_deadtree_inner_grnforestblend01">
		<texture>forest01</texture>		
		<texture_for_probability>forest01</texture_for_probability>	
		<group_channel_range_low>0.85</group_channel_range_low>
		<group_channel_range_high>1.01</group_channel_range_high>
		<group_channel_range_falloff>0.1</group_channel_range_falloff>
		<height_range_low>-5000</height_range_low>	
		<height_range_high>5000</height_range_high>	
		<height_range_falloff>10000</height_range_falloff>	
		<probability>0.7</probability>
		<grouping_probability>0</grouping_probability>
		<grouping_radius>0</grouping_radius>

		
		<tree> 								<!-- type of object, may be tree, prop, decal or vfx. Needs corresponding closing tag -->
			<model>trees\wh_def_desert_shrub\shrub_drya_a</model>		<!-- path to the object, tree in this case -->

			<size_low>1.7</size_low>				<!-- lowest possible scale -->
			<size_high>2</size_high>				<!-- top possible scale -->

			<blendmap_range_low>0.2</blendmap_range_low>		<!-- // same as at group level but for object within group -->
			<blendmap_range_high>1</blendmap_range_high>
			<blendmap_range_falloff>0.2</blendmap_range_falloff>
			<height_low>-5000</height_low>
			<height_high>5000</height_high>
			<height_falloff>0</height_falloff>			<!-- // -->

			<humidities>						<!-- Supported humidities, not actually used, we may want to remove this -->
				<humidity>arid</humidity>
				<humidity>humid</humidity>
			</humidities>

			<categories>						<!-- Supported categories, these categories are defined in generation_categories.xml -->
				<category>def_desert</category>					
			</categories>

			<probability>0.95</probability>				<!-- Base probability of choosing this object -->
			<minimum_seperation>0</minimum_seperation>		<!-- Minimum distance this must be from other objects if chosen -->

			<enable_debug_lines>false</enable_debug_lines>		<!-- debug lines to visualise more easily what has been chosen, this was hooked up in TEd, though may still need to be in Terry -->
			<debug_lines_red>1.0</debug_lines_red>
			<debug_lines_green>0.65</debug_lines_green>	
			<debug_lines_blue>0.90</debug_lines_blue>
		</tree>
		<tree> 								<!-- type of object, may be tree, prop, decal or vfx. Needs corresponding closing tag -->
			<model>trees\wh_def_desert_shrub\shrub_drya_b</model>		<!-- path to the object, tree in this case -->

			<size_low>1.7</size_low>				<!-- lowest possible scale -->
			<size_high>2</size_high>				<!-- top possible scale -->

			<blendmap_range_low>0.2</blendmap_range_low>		<!-- // same as at group level but for object within group -->
			<blendmap_range_high>1</blendmap_range_high>
			<blendmap_range_falloff>0.2</blendmap_range_falloff>
			<height_low>-5000</height_low>
			<height_high>5000</height_high>
			<height_falloff>0</height_falloff>			<!-- // -->

			<humidities>						<!-- Supported humidities, not actually used, we may want to remove this -->
				<humidity>arid</humidity>
				<humidity>humid</humidity>
			</humidities>

			<categories>						<!-- Supported categories, these categories are defined in generation_categories.xml -->
				<category>def_desert</category>					
			</categories>

			<probability>0.95</probability>				<!-- Base probability of choosing this object -->
			<minimum_seperation>0</minimum_seperation>		<!-- Minimum distance this must be from other objects if chosen -->

			<enable_debug_lines>false</enable_debug_lines>		<!-- debug lines to visualise more easily what has been chosen, this was hooked up in TEd, though may still need to be in Terry -->
			<debug_lines_red>1.0</debug_lines_red>
			<debug_lines_green>0.65</debug_lines_green>	
			<debug_lines_blue>0.90</debug_lines_blue>
		</tree>
		
		
		<!--the_odd_palm#-->
		<tree>
			<model>trees\wh_palm\wh_jungle_tree_palmsmall_a</model>
			<size_low>.25</size_low>
			<size_high>.3</size_high>
			<blendmap_range_low>0</blendmap_range_low>	
			<blendmap_range_high>1</blendmap_range_high>
			<blendmap_range_falloff>0.0</blendmap_range_falloff>
			<height_low>-30</height_low>
			<height_high>985</height_high>
			<height_falloff>10000</height_falloff>
			<humidities>
			<humidity>arid</humidity>
			<humidity>humid</humidity>
			</humidities>
			<categories>
			<category>def_desert</category>					
			</categories>
			<probability>0.011</probability>
			<minimum_seperation>10</minimum_seperation>
			<enable_debug_lines>true</enable_debug_lines>
			<debug_lines_red>1.0</debug_lines_red>
			<debug_lines_green>0.65</debug_lines_green>	
			<debug_lines_blue>0.90</debug_lines_blue>
		</tree>
		<tree>
			<model>trees\wh_palm\wh_jungle_tree_palmsmall_b</model>
			<size_low>.25</size_low>
			<size_high>.3</size_high>
			<blendmap_range_low>0</blendmap_range_low>	
			<blendmap_range_high>1</blendmap_range_high>
			<blendmap_range_falloff>0.0</blendmap_range_falloff>
			<height_low>-30</height_low>
			<height_high>985</height_high>
			<height_falloff>10000</height_falloff>
			<humidities>
			<humidity>arid</humidity>
			<humidity>humid</humidity>
			</humidities>
			<categories>
			<category>def_desert</category>					
			</categories>
			<probability>0.011</probability>
			<minimum_seperation>9.5</minimum_seperation>
			<enable_debug_lines>true</enable_debug_lines>
			<debug_lines_red>1.0</debug_lines_red>
			<debug_lines_green>0.65</debug_lines_green>	
			<debug_lines_blue>0.90</debug_lines_blue>
		</tree>
		<tree>
			<model>trees\wh_palm\wh_jungle_tree_palmsmall_c</model>
			<size_low>.35</size_low>
			<size_high>.45</size_high>
			<blendmap_range_low>0</blendmap_range_low>	
			<blendmap_range_high>1</blendmap_range_high>
			<blendmap_range_falloff>0.0</blendmap_range_falloff>
			<height_low>-30</height_low>
			<height_high>985</height_high>
			<height_falloff>10000</height_falloff>
			<humidities>
			<humidity>arid</humidity>
			<humidity>humid</humidity>
			</humidities>
			<categories>
			<category>def_desert</category>					
			</categories>
			<probability>0.011</probability>
			<minimum_seperation>9.5</minimum_seperation>
			<enable_debug_lines>true</enable_debug_lines>
			<debug_lines_red>1.0</debug_lines_red>
			<debug_lines_green>0.65</debug_lines_green>	
			<debug_lines_blue>0.90</debug_lines_blue>
		</tree>
		<tree>
			<model>trees\wh_palm\wh_jungle_tree_palmsmall_d</model>
			<size_low>.7</size_low>
			<size_high>.85</size_high>
			<blendmap_range_low>0</blendmap_range_low>	
			<blendmap_range_high>1</blendmap_range_high>
			<blendmap_range_falloff>0.0</blendmap_range_falloff>
			<height_low>-30</height_low>
			<height_high>985</height_high>
			<height_falloff>10000</height_falloff>
			<humidities>
			<humidity>arid</humidity>
			<humidity>humid</humidity>
			</humidities>
			<categories>
			<category>def_desert</category>					
			</categories>
			<probability>0.011</probability>
			<minimum_seperation>9.5</minimum_seperation>
			<enable_debug_lines>true</enable_debug_lines>
			<debug_lines_red>1.0</debug_lines_red>
			<debug_lines_green>0.65</debug_lines_green>	
			<debug_lines_blue>0.90</debug_lines_blue>
		</tree>
		
		<!--normal_badlands_tree#-->
		<tree>
			<model>trees\wh_badlands_dead_tree\grn_dead_tree_b</model>
			<size_low>1.8</size_low>
			<size_high>2</size_high>
			<blendmap_range_low>0</blendmap_range_low>	
			<blendmap_range_high>1</blendmap_range_high>
			<blendmap_range_falloff>0.0</blendmap_range_falloff>
			<height_low>-30</height_low>
			<height_high>985</height_high>
			<height_falloff>10000</height_falloff>
			<humidities>
			<humidity>arid</humidity>
			<humidity>humid</humidity>
			</humidities>
			<categories>
			<category>def_desert</category>					
			</categories>
			<probability>0.2</probability>
			<minimum_seperation>5.5</minimum_seperation>
			<enable_debug_lines>true</enable_debug_lines>
			<debug_lines_red>1.0</debug_lines_red>
			<debug_lines_green>0.65</debug_lines_green>	
			<debug_lines_blue>0.90</debug_lines_blue>
		</tree>
		<tree>
			<model>trees\wh_badlands_dead_tree\grn_dead_tree_c</model> 
			<size_low>1.8</size_low>
			<size_high>2</size_high>
			<blendmap_range_low>0</blendmap_range_low>	
			<blendmap_range_high>1</blendmap_range_high>
			<blendmap_range_falloff>0.0</blendmap_range_falloff>
			<height_low>-30</height_low>
			<height_high>985</height_high>
			<height_falloff>10000</height_falloff>
			<humidities>
				<humidity>arid</humidity>
				<humidity>humid</humidity>
			</humidities>
			<categories>
				<category>def_desert</category>					
			</categories>
			<probability>0.2</probability>
			<minimum_seperation>5.5</minimum_seperation>
			<enable_debug_lines>true</enable_debug_lines>
			<debug_lines_red>1.0</debug_lines_red>
			<debug_lines_green>0.65</debug_lines_green>	
			<debug_lines_blue>0.90</debug_lines_blue>
		</tree>
		<tree>
			<model>trees\wh_badlands_dead_tree\grn_dead_tree_d</model> 
			<size_low>1.8</size_low>
			<size_high>2</size_high>
			<blendmap_range_low>0</blendmap_range_low>	
			<blendmap_range_high>1</blendmap_range_high>
			<blendmap_range_falloff>0.0</blendmap_range_falloff>
			<height_low>-30</height_low>
			<height_high>985</height_high>
			<height_falloff>10000</height_falloff>
			<humidities>
				<humidity>arid</humidity>
				<humidity>humid</humidity>
			</humidities>
			<categories>
				<category>def_desert</category>					
			</categories>
			<probability>0.2</probability>
			<minimum_seperation>5</minimum_seperation>
			<enable_debug_lines>true</enable_debug_lines>
			<debug_lines_red>1.0</debug_lines_red>
			<debug_lines_green>0.65</debug_lines_green>	
			<debug_lines_blue>0.90</debug_lines_blue>
		</tree>
		<tree>
			<model></model> 
			<size_low>1.8</size_low>
			<size_high>2</size_high>
			<blendmap_range_low>0</blendmap_range_low>	
			<blendmap_range_high>1</blendmap_range_high>
			<blendmap_range_falloff>0.0</blendmap_range_falloff>
			<height_low>-30</height_low>
			<height_high>985</height_high>
			<height_falloff>10000</height_falloff>
			<humidities>
				<humidity>arid</humidity>
				<humidity>humid</humidity>
			</humidities>
			<categories>
				<category>def_desert</category>					
			</categories>
			<probability>0.2</probability>
			<minimum_seperation>3</minimum_seperation>
			<enable_debug_lines>true</enable_debug_lines>
			<debug_lines_red>1.0</debug_lines_red>
			<debug_lines_green>0.65</debug_lines_green>	
			<debug_lines_blue>0.90</debug_lines_blue>
		</tree>
	</group>	
<!--group# SHRUBS SHRUBS SHRUBS IN HIGH TIER-->
	<group group_name="def_desert_dryshrub_inner_grnforestblend01">
		<texture>forest01</texture>		
		<texture_for_probability>forest01</texture_for_probability>
		<group_channel_range_low>0.85</group_channel_range_low>	
		<group_channel_range_high>1.01</group_channel_range_high>
		<group_channel_range_falloff>0.1</group_channel_range_falloff>
		<height_range_low>-5000</height_range_low>
		<height_range_high>5000</height_range_high>		
		<height_range_falloff>10000</height_range_falloff>			
		<probability>2</probability>					
		<grouping_probability>0</grouping_probability>		
		<grouping_radius>0</grouping_radius>				

		<tree>
			<model>trees\wh_grn_shrub_a\shrub_tall_bush_a</model>
			<size_low>1.7</size_low>				
			<size_high>2</size_high>				
			<blendmap_range_low>0</blendmap_range_low>	
			<blendmap_range_high>1</blendmap_range_high>
			<blendmap_range_falloff>0.0</blendmap_range_falloff>
			<height_low>-5000</height_low>
			<height_high>5000</height_high>
			<height_falloff>0</height_falloff>			
			<humidities>						
				<humidity>arid</humidity>
				<humidity>humid</humidity>
			</humidities>
			<categories>						
				<category>def_desert</category>					
			</categories>
			<probability>0.17</probability>				
			<minimum_seperation>0</minimum_seperation>		
			<enable_debug_lines>false</enable_debug_lines>		
			<debug_lines_red>1.0</debug_lines_red>
			<debug_lines_green>0.65</debug_lines_green>	
			<debug_lines_blue>0.90</debug_lines_blue>
		</tree>
		<tree>
			<model>trees\wh_grn_shrub_a\shrub_tall_bush_b</model>
			<size_low>1.7</size_low>				
			<size_high>2</size_high>				
			<blendmap_range_low>0</blendmap_range_low>	
			<blendmap_range_high>1</blendmap_range_high>
			<blendmap_range_falloff>0.0</blendmap_range_falloff>
			<height_low>-5000</height_low>
			<height_high>5000</height_high>
			<height_falloff>0</height_falloff>			
			<humidities>						
				<humidity>arid</humidity>
				<humidity>humid</humidity>
			</humidities>
			<categories>						
				<category>def_desert</category>					
			</categories>
			<probability>0.17</probability>				
			<minimum_seperation>0</minimum_seperation>		
			<enable_debug_lines>false</enable_debug_lines>		
			<debug_lines_red>1.0</debug_lines_red>
			<debug_lines_green>0.65</debug_lines_green>	
			<debug_lines_blue>0.90</debug_lines_blue>
		</tree>
		<tree>
			<model>trees\wh_grn_shrub_a\shrub_tall_bush_c</model>
			<size_low>1.7</size_low>				
			<size_high>2</size_high>				
			<blendmap_range_low>0</blendmap_range_low>	
			<blendmap_range_high>1</blendmap_range_high>
			<blendmap_range_falloff>0.0</blendmap_range_falloff>
			<height_low>-5000</height_low>
			<height_high>5000</height_high>
			<height_falloff>0</height_falloff>			
			<humidities>						
				<humidity>arid</humidity>
				<humidity>humid</humidity>
			</humidities>
			<categories>						
				<category>def_desert</category>					
			</categories>
			<probability>0.17</probability>				
			<minimum_seperation>0</minimum_seperation>		
			<enable_debug_lines>false</enable_debug_lines>		
			<debug_lines_red>1.0</debug_lines_red>
			<debug_lines_green>0.65</debug_lines_green>	
			<debug_lines_blue>0.90</debug_lines_blue>
		</tree>		
		<tree>
			<model>trees\wh_grn_shrub_a\shrub_bush_01_a</model>
			<size_low>1.7</size_low>				
			<size_high>2</size_high>				
			<blendmap_range_low>0</blendmap_range_low>	
			<blendmap_range_high>1</blendmap_range_high>
			<blendmap_range_falloff>0.0</blendmap_range_falloff>
			<height_low>-5000</height_low>
			<height_high>5000</height_high>
			<height_falloff>0</height_falloff>			
			<humidities>						
				<humidity>arid</humidity>
				<humidity>humid</humidity>
			</humidities>
			<categories>						
				<category>def_desert</category>					
			</categories>
			<probability>0.17</probability>				
			<minimum_seperation>0</minimum_seperation>		
			<enable_debug_lines>false</enable_debug_lines>		
			<debug_lines_red>1.0</debug_lines_red>
			<debug_lines_green>0.65</debug_lines_green>	
			<debug_lines_blue>0.90</debug_lines_blue>
		</tree>
		<tree>
			<model>trees\wh_grn_shrub_a\shrub_bush_01_b</model>
			<size_low>1.7</size_low>				
			<size_high>2</size_high>				
			<blendmap_range_low>0</blendmap_range_low>	
			<blendmap_range_high>1</blendmap_range_high>
			<blendmap_range_falloff>0.0</blendmap_range_falloff>
			<height_low>-5000</height_low>
			<height_high>5000</height_high>
			<height_falloff>0</height_falloff>			
			<humidities>						
				<humidity>arid</humidity>
				<humidity>humid</humidity>
			</humidities>
			<categories>						
				<category>def_desert</category>					
			</categories>
			<probability>0.17</probability>				
			<minimum_seperation>0</minimum_seperation>		
			<enable_debug_lines>false</enable_debug_lines>		
			<debug_lines_red>1.0</debug_lines_red>
			<debug_lines_green>0.65</debug_lines_green>	
			<debug_lines_blue>0.90</debug_lines_blue>
		</tree>		
		<tree>
			<model>trees\wh_grn_shrub_a\shrub_bush_01_b</model>
			<size_low>1.7</size_low>				
			<size_high>2</size_high>				
			<blendmap_range_low>0</blendmap_range_low>	
			<blendmap_range_high>1</blendmap_range_high>
			<blendmap_range_falloff>0.0</blendmap_range_falloff>
			<height_low>-5000</height_low>
			<height_high>5000</height_high>
			<height_falloff>0</height_falloff>			
			<humidities>						
				<humidity>arid</humidity>
				<humidity>humid</humidity>
			</humidities>
			<categories>						
				<category>def_desert</category>					
			</categories>
			<probability>0.17</probability>				
			<minimum_seperation>0</minimum_seperation>		
			<enable_debug_lines>false</enable_debug_lines>		
			<debug_lines_red>1.0</debug_lines_red>
			<debug_lines_green>0.65</debug_lines_green>	
			<debug_lines_blue>0.90</debug_lines_blue>
		</tree>	
<tree>
			<model>trees\wh_def_desert_shrub\shrub_thornsa</model>
			<size_low>1.3</size_low>				
			<size_high>1.6</size_high>				
			<blendmap_range_low>0</blendmap_range_low>	
			<blendmap_range_high>1</blendmap_range_high>
			<blendmap_range_falloff>0.0</blendmap_range_falloff>
			<height_low>-5000</height_low>
			<height_high>5000</height_high>
			<height_falloff>0</height_falloff>			
			<humidities>						
				<humidity>arid</humidity>
				<humidity>humid</humidity>
			</humidities>
			<categories>						
				<category>def_desert</category>					
			</categories>
			<probability>0.87</probability>				
			<minimum_seperation>0</minimum_seperation>		
			<enable_debug_lines>false</enable_debug_lines>		
			<debug_lines_red>1.0</debug_lines_red>
			<debug_lines_green>0.65</debug_lines_green>	
			<debug_lines_blue>0.90</debug_lines_blue>
		</tree>	
<tree>
			<model>trees\wh_def_desert_shrub\shrub_thornsb</model>
			<size_low>1.3</size_low>				
			<size_high>1.6</size_high>				
			<blendmap_range_low>0</blendmap_range_low>	
			<blendmap_range_high>1</blendmap_range_high>
			<blendmap_range_falloff>0.0</blendmap_range_falloff>
			<height_low>-5000</height_low>
			<height_high>5000</height_high>
			<height_falloff>0</height_falloff>			
			<humidities>						
				<humidity>arid</humidity>
				<humidity>humid</humidity>
			</humidities>
			<categories>						
				<category>def_desert</category>					
			</categories>
			<probability>0.87</probability>				
			<minimum_seperation>0</minimum_seperation>		
			<enable_debug_lines>false</enable_debug_lines>		
			<debug_lines_red>1.0</debug_lines_red>
			<debug_lines_green>0.65</debug_lines_green>	
			<debug_lines_blue>0.90</debug_lines_blue>
		</tree>		
	</group>		

	
<!-- MIDDLE 0.5 # 0.9 #########################################################################################################-->
<!--##########################################################################################################################-->
<!--##########################################################################################################################-->
		<group group_name="def_desert_deadtree_middle_grnforestblend01">
		<texture>forest01</texture>		
		<texture_for_probability>forest01</texture_for_probability>	
		<group_channel_range_low>0.48</group_channel_range_low>
		<group_channel_range_high>0.86</group_channel_range_high>
		<group_channel_range_falloff>0.1</group_channel_range_falloff>
		<height_range_low>-5000</height_range_low>	
		<height_range_high>5000</height_range_high>	
		<height_range_falloff>10000</height_range_falloff>	
		<probability>2.5</probability>
		<grouping_probability>0</grouping_probability>
		<grouping_radius>0</grouping_radius>

		<!--the_odd_palm#-->
		<tree>
			<model>trees\wh_def_desert_shrub\shrub_thornsa</model>
			<size_low>1.1</size_low>				
			<size_high>1.4</size_high>				
			<blendmap_range_low>0</blendmap_range_low>	
			<blendmap_range_high>1</blendmap_range_high>
			<blendmap_range_falloff>0.0</blendmap_range_falloff>
			<height_low>-5000</height_low>
			<height_high>5000</height_high>
			<height_falloff>0</height_falloff>			
			<humidities>						
				<humidity>arid</humidity>
				<humidity>humid</humidity>
			</humidities>
			<categories>						
				<category>def_desert</category>					
			</categories>
			<probability>3</probability>				
			<minimum_seperation>0</minimum_seperation>		
			<enable_debug_lines>false</enable_debug_lines>		
			<debug_lines_red>1.0</debug_lines_red>
			<debug_lines_green>0.65</debug_lines_green>	
			<debug_lines_blue>0.90</debug_lines_blue>
		</tree>	
<tree>
			<model>trees\wh_def_desert_shrub\shrub_thornsb</model>
			<size_low>1.1</size_low>				
			<size_high>1.4</size_high>				
			<blendmap_range_low>0</blendmap_range_low>	
			<blendmap_range_high>1</blendmap_range_high>
			<blendmap_range_falloff>0.0</blendmap_range_falloff>
			<height_low>-5000</height_low>
			<height_high>5000</height_high>
			<height_falloff>0</height_falloff>			
			<humidities>						
				<humidity>arid</humidity>
				<humidity>humid</humidity>
			</humidities>
			<categories>						
				<category>def_desert</category>					
			</categories>
			<probability>3</probability>				
			<minimum_seperation>0</minimum_seperation>		
			<enable_debug_lines>false</enable_debug_lines>		
			<debug_lines_red>1.0</debug_lines_red>
			<debug_lines_green>0.65</debug_lines_green>	
			<debug_lines_blue>0.90</debug_lines_blue>
		</tree>
		<tree>
			<model>trees\wh_palm\wh_jungle_tree_palmsmall_a</model>
			<size_low>.15</size_low>
			<size_high>.19</size_high>
			<blendmap_range_low>0</blendmap_range_low>	
			<blendmap_range_high>1</blendmap_range_high>
			<blendmap_range_falloff>0.0</blendmap_range_falloff>
			<height_low>-30</height_low>
			<height_high>985</height_high>
			<height_falloff>10000</height_falloff>
			<humidities>
			<humidity>arid</humidity>
			<humidity>humid</humidity>
			</humidities>
			<categories>
			<category>def_desert</category>					
			</categories>
			<probability>0.011</probability>
			<minimum_seperation>3.5</minimum_seperation>
			<enable_debug_lines>true</enable_debug_lines>
			<debug_lines_red>1.0</debug_lines_red>
			<debug_lines_green>0.65</debug_lines_green>	
			<debug_lines_blue>0.90</debug_lines_blue>
		</tree>
		<tree>
			<model>trees\wh_palm\wh_jungle_tree_palmsmall_b</model>
			<size_low>.13</size_low>
			<size_high>.16</size_high>
			<blendmap_range_low>0</blendmap_range_low>	
			<blendmap_range_high>1</blendmap_range_high>
			<blendmap_range_falloff>0.0</blendmap_range_falloff>
			<height_low>-30</height_low>
			<height_high>985</height_high>
			<height_falloff>10000</height_falloff>
			<humidities>
			<humidity>arid</humidity>
			<humidity>humid</humidity>
			</humidities>
			<categories>
			<category>def_desert</category>					
			</categories>
			<probability>0.011</probability>
			<minimum_seperation>3.5</minimum_seperation>
			<enable_debug_lines>true</enable_debug_lines>
			<debug_lines_red>1.0</debug_lines_red>
			<debug_lines_green>0.65</debug_lines_green>	
			<debug_lines_blue>0.90</debug_lines_blue>
		</tree>
		<tree>
			<model>trees\wh_palm\wh_jungle_tree_palmsmall_c</model>
			<size_low>.13</size_low>
			<size_high>.19</size_high>
			<blendmap_range_low>0</blendmap_range_low>	
			<blendmap_range_high>1</blendmap_range_high>
			<blendmap_range_falloff>0.0</blendmap_range_falloff>
			<height_low>-30</height_low>
			<height_high>985</height_high>
			<height_falloff>10000</height_falloff>
			<humidities>
			<humidity>arid</humidity>
			<humidity>humid</humidity>
			</humidities>
			<categories>
			<category>def_desert</category>					
			</categories>
			<probability>0.011</probability>
			<minimum_seperation>3.5</minimum_seperation>
			<enable_debug_lines>true</enable_debug_lines>
			<debug_lines_red>1.0</debug_lines_red>
			<debug_lines_green>0.65</debug_lines_green>	
			<debug_lines_blue>0.90</debug_lines_blue>
		</tree>
		<tree>
			<model>trees\wh_palm\wh_jungle_tree_palmsmall_d</model>
			<size_low>.3</size_low>
			<size_high>.45</size_high>
			<blendmap_range_low>0</blendmap_range_low>	
			<blendmap_range_high>1</blendmap_range_high>
			<blendmap_range_falloff>0.0</blendmap_range_falloff>
			<height_low>-30</height_low>
			<height_high>985</height_high>
			<height_falloff>10000</height_falloff>
			<humidities>
			<humidity>arid</humidity>
			<humidity>humid</humidity>
			</humidities>
			<categories>
			<category>def_desert</category>					
			</categories>
			<probability>0.011</probability>
			<minimum_seperation>3.5</minimum_seperation>
			<enable_debug_lines>true</enable_debug_lines>
			<debug_lines_red>1.0</debug_lines_red>
			<debug_lines_green>0.65</debug_lines_green>	
			<debug_lines_blue>0.90</debug_lines_blue>
		</tree>
		
		<!--normal_badlands_tree#-->
		<tree>
			<model>trees\wh_badlands_dead_tree\grn_dead_tree_b</model>
			<size_low>0.9</size_low>
			<size_high>1.4</size_high>
			<blendmap_range_low>0</blendmap_range_low>	
			<blendmap_range_high>1</blendmap_range_high>
			<blendmap_range_falloff>0.0</blendmap_range_falloff>
			<height_low>-30</height_low>
			<height_high>985</height_high>
			<height_falloff>10000</height_falloff>
			<humidities>
			<humidity>arid</humidity>
			<humidity>humid</humidity>
			</humidities>
			<categories>
			<category>def_desert</category>					
			</categories>
			<probability>0.2</probability>
			<minimum_seperation>2.5</minimum_seperation>
			<enable_debug_lines>true</enable_debug_lines>
			<debug_lines_red>1.0</debug_lines_red>
			<debug_lines_green>0.65</debug_lines_green>	
			<debug_lines_blue>0.90</debug_lines_blue>
		</tree>
		<tree>
			<model>trees\wh_badlands_dead_tree\grn_dead_tree_c</model> 
			<size_low>1.1</size_low>
			<size_high>1.4</size_high>
			<blendmap_range_low>0</blendmap_range_low>	
			<blendmap_range_high>1</blendmap_range_high>
			<blendmap_range_falloff>0.0</blendmap_range_falloff>
			<height_low>-30</height_low>
			<height_high>985</height_high>
			<height_falloff>10000</height_falloff>
			<humidities>
				<humidity>arid</humidity>
				<humidity>humid</humidity>
			</humidities>
			<categories>
				<category>def_desert</category>					
			</categories>
			<probability>0.2</probability>
			<minimum_seperation>2.5</minimum_seperation>
			<enable_debug_lines>true</enable_debug_lines>
			<debug_lines_red>1.0</debug_lines_red>
			<debug_lines_green>0.65</debug_lines_green>	
			<debug_lines_blue>0.90</debug_lines_blue>
		</tree>
		<tree>
			<model>trees\wh_badlands_dead_tree\grn_dead_tree_d</model> 
			<size_low>1.1</size_low>
			<size_high>1.4</size_high>
			<blendmap_range_low>0</blendmap_range_low>	
			<blendmap_range_high>1</blendmap_range_high>
			<blendmap_range_falloff>0.0</blendmap_range_falloff>
			<height_low>-30</height_low>
			<height_high>985</height_high>
			<height_falloff>10000</height_falloff>
			<humidities>
				<humidity>arid</humidity>
				<humidity>humid</humidity>
			</humidities>
			<categories>
				<category>def_desert</category>					
			</categories>
			<probability>0.2</probability>
			<minimum_seperation>2</minimum_seperation>
			<enable_debug_lines>true</enable_debug_lines>
			<debug_lines_red>1.0</debug_lines_red>
			<debug_lines_green>0.65</debug_lines_green>	
			<debug_lines_blue>0.90</debug_lines_blue>
		</tree>
		<tree>
			<model></model> 
			<size_low>1.1</size_low>
			<size_high>1.4</size_high>
			<blendmap_range_low>0</blendmap_range_low>	
			<blendmap_range_high>1</blendmap_range_high>
			<blendmap_range_falloff>0.0</blendmap_range_falloff>
			<height_low>-30</height_low>
			<height_high>985</height_high>
			<height_falloff>10000</height_falloff>
			<humidities>
				<humidity>arid</humidity>
				<humidity>humid</humidity>
			</humidities>
			<categories>
				<category>def_desert</category>					
			</categories>
			<probability>0.2</probability>
			<minimum_seperation>1</minimum_seperation>
			<enable_debug_lines>true</enable_debug_lines>
			<debug_lines_red>1.0</debug_lines_red>
			<debug_lines_green>0.65</debug_lines_green>	
			<debug_lines_blue>0.90</debug_lines_blue>
		</tree>
	</group>	
<!--group# SHRUBS SHRUBS SHRUBS IN HIGH TIER-->
	<group group_name="def_desert_dryshrub_middle_grnforestblend01">
		<texture>forest01</texture>		
		<texture_for_probability>forest01</texture_for_probability>
		<group_channel_range_low>0.48</group_channel_range_low>	
		<group_channel_range_high>0.86</group_channel_range_high>
		<group_channel_range_falloff>0.1</group_channel_range_falloff>
		<height_range_low>-5000</height_range_low>
		<height_range_high>5000</height_range_high>		
		<height_range_falloff>10000</height_range_falloff>			
		<probability>0.2</probability>					
		<grouping_probability>0</grouping_probability>		
		<grouping_radius>0</grouping_radius>				

		<tree>
			<model>trees\wh_grn_shrub_a\shrub_tall_bush_a</model>
			<size_low>0.4</size_low>				
			<size_high>1</size_high>				
			<blendmap_range_low>0</blendmap_range_low>	
			<blendmap_range_high>1</blendmap_range_high>
			<blendmap_range_falloff>0.0</blendmap_range_falloff>
			<height_low>-5000</height_low>
			<height_high>5000</height_high>
			<height_falloff>0</height_falloff>			
			<humidities>						
				<humidity>arid</humidity>
				<humidity>humid</humidity>
			</humidities>
			<categories>						
				<category>def_desert</category>					
			</categories>
			<probability>0.17</probability>				
			<minimum_seperation>0</minimum_seperation>		
			<enable_debug_lines>false</enable_debug_lines>		
			<debug_lines_red>1.0</debug_lines_red>
			<debug_lines_green>0.65</debug_lines_green>	
			<debug_lines_blue>0.90</debug_lines_blue>
		</tree>
		<tree>
			<model>trees\wh_grn_shrub_a\shrub_tall_bush_b</model>
			<size_low>0.4</size_low>				
			<size_high>1</size_high>				
			<blendmap_range_low>0</blendmap_range_low>	
			<blendmap_range_high>1</blendmap_range_high>
			<blendmap_range_falloff>0.0</blendmap_range_falloff>
			<height_low>-5000</height_low>
			<height_high>5000</height_high>
			<height_falloff>0</height_falloff>			
			<humidities>						
				<humidity>arid</humidity>
				<humidity>humid</humidity>
			</humidities>
			<categories>						
				<category>def_desert</category>					
			</categories>
			<probability>0.17</probability>				
			<minimum_seperation>0</minimum_seperation>		
			<enable_debug_lines>false</enable_debug_lines>		
			<debug_lines_red>1.0</debug_lines_red>
			<debug_lines_green>0.65</debug_lines_green>	
			<debug_lines_blue>0.90</debug_lines_blue>
		</tree>
		<tree>
			<model>trees\wh_grn_shrub_a\shrub_tall_bush_c</model>
			<size_low>0.4</size_low>				
			<size_high>1</size_high>				
			<blendmap_range_low>0</blendmap_range_low>	
			<blendmap_range_high>1</blendmap_range_high>
			<blendmap_range_falloff>0.0</blendmap_range_falloff>
			<height_low>-5000</height_low>
			<height_high>5000</height_high>
			<height_falloff>0</height_falloff>			
			<humidities>						
				<humidity>arid</humidity>
				<humidity>humid</humidity>
			</humidities>
			<categories>						
				<category>def_desert</category>					
			</categories>
			<probability>0.17</probability>				
			<minimum_seperation>0</minimum_seperation>		
			<enable_debug_lines>false</enable_debug_lines>		
			<debug_lines_red>1.0</debug_lines_red>
			<debug_lines_green>0.65</debug_lines_green>	
			<debug_lines_blue>0.90</debug_lines_blue>
		</tree>		
		<tree>
			<model>trees\wh_grn_shrub_a\shrub_bush_01_a</model>
			<size_low>0.4</size_low>				
			<size_high>1</size_high>				
			<blendmap_range_low>0</blendmap_range_low>	
			<blendmap_range_high>1</blendmap_range_high>
			<blendmap_range_falloff>0.0</blendmap_range_falloff>
			<height_low>-5000</height_low>
			<height_high>5000</height_high>
			<height_falloff>0</height_falloff>			
			<humidities>						
				<humidity>arid</humidity>
				<humidity>humid</humidity>
			</humidities>
			<categories>						
				<category>def_desert</category>					
			</categories>
			<probability>0.17</probability>				
			<minimum_seperation>0</minimum_seperation>		
			<enable_debug_lines>false</enable_debug_lines>		
			<debug_lines_red>1.0</debug_lines_red>
			<debug_lines_green>0.65</debug_lines_green>	
			<debug_lines_blue>0.90</debug_lines_blue>
		</tree>
		<tree>
			<model>trees\wh_grn_shrub_a\shrub_bush_01_b</model>
			<size_low>0.4</size_low>				
			<size_high>1</size_high>				
			<blendmap_range_low>0</blendmap_range_low>	
			<blendmap_range_high>1</blendmap_range_high>
			<blendmap_range_falloff>0.0</blendmap_range_falloff>
			<height_low>-5000</height_low>
			<height_high>5000</height_high>
			<height_falloff>0</height_falloff>			
			<humidities>						
				<humidity>arid</humidity>
				<humidity>humid</humidity>
			</humidities>
			<categories>						
				<category>def_desert</category>					
			</categories>
			<probability>0.17</probability>				
			<minimum_seperation>0</minimum_seperation>		
			<enable_debug_lines>false</enable_debug_lines>		
			<debug_lines_red>1.0</debug_lines_red>
			<debug_lines_green>0.65</debug_lines_green>	
			<debug_lines_blue>0.90</debug_lines_blue>
		</tree>		
		<tree>
			<model>trees\wh_grn_shrub_a\shrub_bush_01_b</model>
			<size_low>0.4</size_low>				
			<size_high>1</size_high>				
			<blendmap_range_low>0</blendmap_range_low>	
			<blendmap_range_high>1</blendmap_range_high>
			<blendmap_range_falloff>0.0</blendmap_range_falloff>
			<height_low>-5000</height_low>
			<height_high>5000</height_high>
			<height_falloff>0</height_falloff>			
			<humidities>						
				<humidity>arid</humidity>
				<humidity>humid</humidity>
			</humidities>
			<categories>						
				<category>def_desert</category>					
			</categories>
			<probability>0.17</probability>				
			<minimum_seperation>0</minimum_seperation>		
			<enable_debug_lines>false</enable_debug_lines>		
			<debug_lines_red>1.0</debug_lines_red>
			<debug_lines_green>0.65</debug_lines_green>	
			<debug_lines_blue>0.90</debug_lines_blue>
		</tree>		
	</group>
<!-- OUTER 0.0 # 0.51 #########################################################################################################-->
<!--##########################################################################################################################-->
<!--##########################################################################################################################-->

	<group group_name="def_forestblend01">
		<texture>forest01</texture>		
		<texture_for_probability>forest01</texture_for_probability>
		<group_channel_range_low>0</group_channel_range_low>	
		<group_channel_range_high>0.49</group_channel_range_high>
		<group_channel_range_falloff>0.0</group_channel_range_falloff>
		<height_range_low>-5000</height_range_low>
		<height_range_high>5000</height_range_high>		
		<height_range_falloff>10000</height_range_falloff>			
		<probability>3</probability>					
		<grouping_probability>0</grouping_probability>		
		<grouping_radius>0</grouping_radius>				

		<tree>
			<model>trees\wh_grn_shrub_a\shrub_tall_bush_a</model>
			<size_low>0.4</size_low>				
			<size_high>1</size_high>				
			<blendmap_range_low>0</blendmap_range_low>	
			<blendmap_range_high>1</blendmap_range_high>
			<blendmap_range_falloff>0.0</blendmap_range_falloff>
			<height_low>-5000</height_low>
			<height_high>5000</height_high>
			<height_falloff>0</height_falloff>			
			<humidities>						
				<humidity>arid</humidity>
				<humidity>humid</humidity>
			</humidities>
			<categories>						
				<category>def_desert</category>					
			</categories>
			<probability>0.17</probability>				
			<minimum_seperation>0.02</minimum_seperation>		
			<enable_debug_lines>false</enable_debug_lines>		
			<debug_lines_red>1.0</debug_lines_red>
			<debug_lines_green>0.65</debug_lines_green>	
			<debug_lines_blue>0.90</debug_lines_blue>
		</tree>
		<tree>
			<model>trees\wh_grn_shrub_a\shrub_tall_bush_b</model>
			<size_low>0.4</size_low>				
			<size_high>1</size_high>				
			<blendmap_range_low>0</blendmap_range_low>	
			<blendmap_range_high>1</blendmap_range_high>
			<blendmap_range_falloff>0.0</blendmap_range_falloff>
			<height_low>-5000</height_low>
			<height_high>5000</height_high>
			<height_falloff>0</height_falloff>			
			<humidities>						
				<humidity>arid</humidity>
				<humidity>humid</humidity>
			</humidities>
			<categories>						
				<category>def_desert</category>					
			</categories>
			<probability>0.17</probability>				
			<minimum_seperation>0.02</minimum_seperation>		
			<enable_debug_lines>false</enable_debug_lines>		
			<debug_lines_red>1.0</debug_lines_red>
			<debug_lines_green>0.65</debug_lines_green>	
			<debug_lines_blue>0.90</debug_lines_blue>
		</tree>
		<tree>
			<model>trees\wh_grn_shrub_a\shrub_tall_bush_c</model>
			<size_low>0.4</size_low>				
			<size_high>1</size_high>				
			<blendmap_range_low>0</blendmap_range_low>	
			<blendmap_range_high>1</blendmap_range_high>
			<blendmap_range_falloff>0.0</blendmap_range_falloff>
			<height_low>-5000</height_low>
			<height_high>5000</height_high>
			<height_falloff>0</height_falloff>			
			<humidities>						
				<humidity>arid</humidity>
				<humidity>humid</humidity>
			</humidities>
			<categories>						
				<category>def_desert</category>					
			</categories>
			<probability>0.17</probability>				
			<minimum_seperation>0.02</minimum_seperation>		
			<enable_debug_lines>false</enable_debug_lines>		
			<debug_lines_red>1.0</debug_lines_red>
			<debug_lines_green>0.65</debug_lines_green>	
			<debug_lines_blue>0.90</debug_lines_blue>
		</tree>		
		<tree>
			<model>trees\wh_grn_shrub_a\shrub_bush_01_a</model>
			<size_low>0.4</size_low>				
			<size_high>1</size_high>				
			<blendmap_range_low>0</blendmap_range_low>	
			<blendmap_range_high>1</blendmap_range_high>
			<blendmap_range_falloff>0.0</blendmap_range_falloff>
			<height_low>-5000</height_low>
			<height_high>5000</height_high>
			<height_falloff>0</height_falloff>			
			<humidities>						
				<humidity>arid</humidity>
				<humidity>humid</humidity>
			</humidities>
			<categories>						
				<category>def_desert</category>					
			</categories>
			<probability>0.17</probability>				
			<minimum_seperation>0.02</minimum_seperation>		
			<enable_debug_lines>false</enable_debug_lines>		
			<debug_lines_red>1.0</debug_lines_red>
			<debug_lines_green>0.65</debug_lines_green>	
			<debug_lines_blue>0.90</debug_lines_blue>
		</tree>
		<tree>
			<model>trees\wh_grn_shrub_a\shrub_bush_01_b</model>
			<size_low>0.4</size_low>				
			<size_high>1</size_high>				
			<blendmap_range_low>0</blendmap_range_low>	
			<blendmap_range_high>1</blendmap_range_high>
			<blendmap_range_falloff>0.0</blendmap_range_falloff>
			<height_low>-5000</height_low>
			<height_high>5000</height_high>
			<height_falloff>0</height_falloff>			
			<humidities>						
				<humidity>arid</humidity>
				<humidity>humid</humidity>
			</humidities>
			<categories>						
				<category>def_desert</category>					
			</categories>
			<probability>0.17</probability>				
			<minimum_seperation>0.02</minimum_seperation>		
			<enable_debug_lines>false</enable_debug_lines>		
			<debug_lines_red>1.0</debug_lines_red>
			<debug_lines_green>0.65</debug_lines_green>	
			<debug_lines_blue>0.90</debug_lines_blue>
		</tree>		
		<tree>
			<model>trees\wh_grn_shrub_a\shrub_bush_01_b</model>
			<size_low>0.4</size_low>				
			<size_high>1</size_high>				
			<blendmap_range_low>0</blendmap_range_low>	
			<blendmap_range_high>1</blendmap_range_high>
			<blendmap_range_falloff>0.0</blendmap_range_falloff>
			<height_low>-5000</height_low>
			<height_high>5000</height_high>
			<height_falloff>0</height_falloff>			
			<humidities>						
				<humidity>arid</humidity>
				<humidity>humid</humidity>
			</humidities>
			<categories>						
				<category>def_desert</category>					
			</categories>
			<probability>0.17</probability>				
			<minimum_seperation>0.02</minimum_seperation>		
			<enable_debug_lines>false</enable_debug_lines>		
			<debug_lines_red>1.0</debug_lines_red>
			<debug_lines_green>0.65</debug_lines_green>	
			<debug_lines_blue>0.90</debug_lines_blue>
		</tree>		
	</group>		

	</trees>
		