<?xml version="1.0" encoding="UTF-8"?>
<trees>
<!-- INNER 0.15 # 1.0 #########################################################################################################-->
<!--##########################################################################################################################-->
<!--##########################################################################################################################-->
	<group group_name="smallboulder_weeds__defpetblend_01">
		<texture>sand01</texture>					<!-- texture channel that must exist in order to pick group (well, actually the value must be above 0.05) --> 
		<texture_for_probability>sand01</texture_for_probability>	<!-- texture channel to use for probability, if not defined texture is used -->

		<group_channel_range_low>0.15</group_channel_range_low>		<!-- bottom of blend map value range -->
		<group_channel_range_high>1.1</group_channel_range_high>		<!-- top of blend map value range -->
		<group_channel_range_falloff>0.2</group_channel_range_falloff>	<!-- range within the defined range that is always the top probability, in this case the whole range -->

		<height_range_low>-5000</height_range_low>			<!-- bottom of height map range -->
		<height_range_high>5000</height_range_high>			<!-- top of height map range -->
		<height_range_falloff>10000</height_range_falloff>			<!-- range within the defined range that is always the top probability, in this case only the very centre -->
		
		<probability>0.25</probability>					<!-- the base probability which is adjusted based upon the above -->
		
		<grouping_probability>0.1</grouping_probability>		<!-- the probability of swapping out near objects with objects from the same group -->
		<grouping_radius>8</grouping_radius>				<!-- the radius within which objects may be swapped out -->

		<prop> 								<!-- type of object, may be tree, prop, decal or vfx. Needs corresponding closing tag -->
			<model>Buildings\def_basalt_sml_01\def_basalt_sml_01_piece01_destruct01</model>		<!-- path to the object, tree in this case -->

			<size_low>0.7</size_low>				<!-- lowest possible scale -->
			<size_high>2</size_high>				<!-- top possible scale -->

			<blendmap_range_low>0.15</blendmap_range_low>		<!-- // same as at group level but for object within group -->
			<blendmap_range_high>1.0</blendmap_range_high>
			<blendmap_range_falloff>0.2</blendmap_range_falloff>
			<height_low>-5000</height_low>
			<height_high>5000</height_high>
			<height_falloff>0</height_falloff>				<!-- // -->

			<humidities>									<!-- Supported humidities, not actually used, we may want to remove this -->
				<humidity>arid</humidity>
				<humidity>humid</humidity>
			</humidities>

			<categories>									<!-- Supported categories, these categories are defined in generation_categories.xml -->
				<category>def_petrified</category>				
			</categories>

			<probability>0.1</probability>					<!-- Base probability of choosing this object -->
			<minimum_seperation>1</minimum_seperation>		<!-- Minimum distance this must be from other objects if chosen -->
		</prop>
		<prop> 								<!-- type of object, may be tree, prop, decal or vfx. Needs corresponding closing tag -->
			<model>Buildings\def_basalt_sml_02\def_basalt_sml_02_piece01_destruct01</model>		<!-- path to the object, tree in this case -->

			<size_low>0.7</size_low>				<!-- lowest possible scale -->
			<size_high>2</size_high>				<!-- top possible scale -->

			<blendmap_range_low>0.15</blendmap_range_low>		<!-- // same as at group level but for object within group -->
			<blendmap_range_high>1.0</blendmap_range_high>
			<blendmap_range_falloff>0.2</blendmap_range_falloff>
			<height_low>-5000</height_low>
			<height_high>5000</height_high>
			<height_falloff>0</height_falloff>				<!-- // -->

			<humidities>									<!-- Supported humidities, not actually used, we may want to remove this -->
				<humidity>arid</humidity>
				<humidity>humid</humidity>
			</humidities>

			<categories>									<!-- Supported categories, these categories are defined in generation_categories.xml -->
				<category>def_petrified</category>				
			</categories>

			<probability>0.1</probability>					<!-- Base probability of choosing this object -->
			<minimum_seperation>1</minimum_seperation>		<!-- Minimum distance this must be from other objects if chosen -->
		</prop>
		<tree> 								<!-- type of object, may be tree, prop, decal or vfx. Needs corresponding closing tag -->
			<model>trees\wh_def_pet_shrub\shrub_drya_b</model>		<!-- path to the object, tree in this case -->

			<size_low>0.6</size_low>				<!-- lowest possible scale -->
			<size_high>1</size_high>				<!-- top possible scale -->

			<blendmap_range_low>0.15</blendmap_range_low>		<!-- // same as at group level but for object within group -->
			<blendmap_range_high>1</blendmap_range_high>
			<blendmap_range_falloff>0.2</blendmap_range_falloff>
			<height_low>-5000</height_low>
			<height_high>5000</height_high>
			<height_falloff>0</height_falloff>			<!-- // -->

			<humidities>						<!-- Supported humidities, not actually used, we may want to remove this -->
				<humidity>arid</humidity>
				<humidity>humid</humidity>
			</humidities>

			<categories>						<!-- Supported categories, these categories are defined in generation_categories.xml -->
				<category>def_petrified</category>				
			</categories>

			<probability>0.33</probability>				<!-- Base probability of choosing this object -->
			<minimum_seperation>0.1</minimum_seperation>		<!-- Minimum distance this must be from other objects if chosen -->

			<enable_debug_lines>false</enable_debug_lines>		<!-- debug lines to visualise more easily what has been chosen, this was hooked up in TEd, though may still need to be in Terry -->
			<debug_lines_red>1.0</debug_lines_red>
			<debug_lines_green>0.65</debug_lines_green>	
			<debug_lines_blue>0.90</debug_lines_blue>
		</tree>
		<tree> 								<!-- type of object, may be tree, prop, decal or vfx. Needs corresponding closing tag -->
			<model>trees\wh_def_pet_shrub\shruba_c</model>		<!-- path to the object, tree in this case -->

			<size_low>0.6</size_low>				<!-- lowest possible scale -->
			<size_high>1</size_high>				<!-- top possible scale -->

			<blendmap_range_low>0.15</blendmap_range_low>		<!-- // same as at group level but for object within group -->
			<blendmap_range_high>1</blendmap_range_high>
			<blendmap_range_falloff>0.2</blendmap_range_falloff>
			<height_low>-5000</height_low>
			<height_high>5000</height_high>
			<height_falloff>0</height_falloff>			<!-- // -->

			<humidities>						<!-- Supported humidities, not actually used, we may want to remove this -->
				<humidity>arid</humidity>
				<humidity>humid</humidity>
			</humidities>

			<categories>						<!-- Supported categories, these categories are defined in generation_categories.xml -->
				<category>def_petrified</category>				
			</categories>

			<probability>0.33</probability>				<!-- Base probability of choosing this object -->
			<minimum_seperation>0.1</minimum_seperation>		<!-- Minimum distance this must be from other objects if chosen -->

			<enable_debug_lines>false</enable_debug_lines>		<!-- debug lines to visualise more easily what has been chosen, this was hooked up in TEd, though may still need to be in Terry -->
			<debug_lines_red>1.0</debug_lines_red>
			<debug_lines_green>0.65</debug_lines_green>	
			<debug_lines_blue>0.90</debug_lines_blue>
		</tree>
	</group>

	<group group_name="spacer_inner_defpetblend05">
		<texture>sand01</texture>					<!-- texture channel that must exist in order to pick group (well, actually the value must be above 0.05) --> 
		<texture_for_probability>sand01</texture_for_probability>	<!-- texture channel to use for probability, if not defined texture is used -->

		<group_channel_range_low>0.15</group_channel_range_low>		<!-- bottom of blend map value range -->
		<group_channel_range_high>1.1</group_channel_range_high>		<!-- top of blend map value range -->
		<group_channel_range_falloff>0.2</group_channel_range_falloff>	<!-- range within the defined range that is always the top probability, in this case the whole range -->

		<height_range_low>-5000</height_range_low>			<!-- bottom of height map range -->
		<height_range_high>5000</height_range_high>			<!-- top of height map range -->
		<height_range_falloff>0</height_range_falloff>			<!-- range within the defined range that is always the top probability, in this case only the very centre -->
		
		<probability>0.9</probability>					<!-- the base probability which is adjusted based upon the above -->
		
		<grouping_probability>0.3</grouping_probability>		<!-- the probability of swapping out near objects with objects from the same group -->
		<grouping_radius>4</grouping_radius>				<!-- the radius within which objects may be swapped out -->

		<tree> 								<!-- type of object, may be tree, prop, decal or vfx. Needs corresponding closing tag -->
			<model></model>		<!-- path to the object, tree in this case -->

			<size_low>0.8</size_low>				<!-- lowest possible scale -->
			<size_high>1.6</size_high>				<!-- top possible scale -->

			<blendmap_range_low>0.15</blendmap_range_low>		<!-- // same as at group level but for object within group -->
			<blendmap_range_high>1</blendmap_range_high>
			<blendmap_range_falloff>0.2</blendmap_range_falloff>
			<height_low>-5000</height_low>
			<height_high>5000</height_high>
			<height_falloff>0</height_falloff>			<!-- // -->

			<humidities>						<!-- Supported humidities, not actually used, we may want to remove this -->
				<humidity>arid</humidity>
				<humidity>humid</humidity>
			</humidities>

			<categories>						<!-- Supported categories, these categories are defined in generation_categories.xml -->
				<category>def_petrified</category>				
			</categories>

			<probability>1</probability>				<!-- Base probability of choosing this object -->
			<minimum_seperation>6</minimum_seperation>		<!-- Minimum distance this must be from other objects if chosen -->

			<enable_debug_lines>false</enable_debug_lines>		<!-- debug lines to visualise more easily what has been chosen, this was hooked up in TEd, though may still need to be in Terry -->
			<debug_lines_red>1.0</debug_lines_red>
			<debug_lines_green>0.65</debug_lines_green>	
			<debug_lines_blue>0.90</debug_lines_blue>
		</tree>					
	</group>
</trees>