<?xml version="1.0" encoding="UTF-8"?>
<trees>

<!-- 0.4 # 1.1 #########################################################################################################-->
<!--##########################################################################################################################-->
<!--##########################################################################################################################-->
	<group group_name="sticky_shrub_inner_empcityblend01">
		<texture>empcity</texture>					<!-- texture channel that must exist in order to pick group (well, actually the value must be above 0.05) --> 
		<texture_for_probability>empcity</texture_for_probability>	<!-- texture channel to use for probability, if not defined texture is used -->

		<group_channel_range_low>0.4</group_channel_range_low>		<!-- bottom of blend map value range -->
		<group_channel_range_high>1.1</group_channel_range_high>		<!-- top of blend map value range -->
		<group_channel_range_falloff>0.1</group_channel_range_falloff>	<!-- range within the defined range that is always the top probability, in this case the whole range -->

		<height_range_low>-5000</height_range_low>			<!-- bottom of height map range -->
		<height_range_high>5000</height_range_high>			<!-- top of height map range -->
		<height_range_falloff>10000</height_range_falloff>			<!-- range within the defined range that is always the top probability, in this case only the very centre -->
		
		<probability>0.2</probability>					<!-- the base probability which is adjusted based upon the above -->
		
		<grouping_probability>0</grouping_probability>		<!-- the probability of swapping out near objects with objects from the same group -->
		<grouping_radius>0</grouping_radius>				<!-- the radius within which objects may be swapped out -->

		<tree> 								<!-- type of object, may be tree, prop, decal or vfx. Needs corresponding closing tag -->
			<model>trees\wh_emp_shrub\shrub_drya_a</model>		<!-- path to the object, tree in this case -->

			<size_low>0.8</size_low>				<!-- lowest possible scale -->
			<size_high>1.1</size_high>				<!-- top possible scale -->

			<blendmap_range_low>0.4</blendmap_range_low>		<!-- // same as at group level but for object within group -->
			<blendmap_range_high>1.1</blendmap_range_high>
			<blendmap_range_falloff>0.1</blendmap_range_falloff>
			<height_low>-5000</height_low>
			<height_high>5000</height_high>
			<height_falloff>0</height_falloff>			<!-- // -->

			<humidities>						<!-- Supported humidities, not actually used, we may want to remove this -->
				<humidity>arid</humidity>
				<humidity>humid</humidity>
			</humidities>

			<categories>						<!-- Supported categories, these categories are defined in generation_categories.xml -->
				<category>emp_lowlands</category>	
				<category>emp_highlands</category>				
				<category>emp_vmp</category>				
				<category>emp_chs</category>	
			</categories>

			<probability>0.167</probability>				<!-- Base probability of choosing this object -->
			<minimum_seperation>1.0</minimum_seperation>		<!-- Minimum distance this must be from other objects if chosen -->

			<enable_debug_lines>false</enable_debug_lines>		<!-- debug lines to visualise more easily what has been chosen, this was hooked up in TEd, though may still need to be in Terry -->
			<debug_lines_red>1.0</debug_lines_red>
			<debug_lines_green>0.65</debug_lines_green>	
			<debug_lines_blue>0.90</debug_lines_blue>
		</tree>
		<tree> 								<!-- type of object, may be tree, prop, decal or vfx. Needs corresponding closing tag -->
			<model>trees\wh_emp_shrub\shrub_drya_b</model>		<!-- path to the object, tree in this case -->

			<size_low>0.8</size_low>				<!-- lowest possible scale -->
			<size_high>1.1</size_high>				<!-- top possible scale -->

			<blendmap_range_low>0.4</blendmap_range_low>		<!-- // same as at group level but for object within group -->
			<blendmap_range_high>1.1</blendmap_range_high>
			<blendmap_range_falloff>0.1</blendmap_range_falloff>
			<height_low>-5000</height_low>
			<height_high>5000</height_high>
			<height_falloff>0</height_falloff>			<!-- // -->

			<humidities>						<!-- Supported humidities, not actually used, we may want to remove this -->
				<humidity>arid</humidity>
				<humidity>humid</humidity>
			</humidities>

			<categories>						<!-- Supported categories, these categories are defined in generation_categories.xml -->
				<category>emp_lowlands</category>	
				<category>emp_highlands</category>				
				<category>emp_vmp</category>				
				<category>emp_chs</category>				
			</categories>

			<probability>0.167</probability>				<!-- Base probability of choosing this object -->
			<minimum_seperation>1.0</minimum_seperation>		<!-- Minimum distance this must be from other objects if chosen -->

			<enable_debug_lines>false</enable_debug_lines>		<!-- debug lines to visualise more easily what has been chosen, this was hooked up in TEd, though may still need to be in Terry -->
			<debug_lines_red>1.0</debug_lines_red>
			<debug_lines_green>0.65</debug_lines_green>	
			<debug_lines_blue>0.90</debug_lines_blue>
		</tree>
		<tree> 										<!-- type of object, may be tree, prop, decal or vfx. Needs corresponding closing tag -->
			<model>trees\wh_emp_shrub\shrub_drya_c</model>		<!-- path to the object, tree in this case -->

			<size_low>0.8</size_low>				<!-- lowest possible scale -->
			<size_high>1.1</size_high>				<!-- top possible scale -->

			<blendmap_range_low>0.4</blendmap_range_low>		<!-- // same as at group level but for object within group -->
			<blendmap_range_high>1.1</blendmap_range_high>
			<blendmap_range_falloff>0.1</blendmap_range_falloff>
			<height_low>-5000</height_low>
			<height_high>5000</height_high>
			<height_falloff>0</height_falloff>			<!-- // -->

			<humidities>						<!-- Supported humidities, not actually used, we may want to remove this -->
				<humidity>arid</humidity>
				<humidity>humid</humidity>
			</humidities>

			<categories>						<!-- Supported categories, these categories are defined in generation_categories.xml -->
				<category>emp_lowlands</category>	
				<category>emp_highlands</category>				
				<category>emp_vmp</category>				
				<category>emp_chs</category>				
			</categories>

			<probability>0.167</probability>				<!-- Base probability of choosing this object -->
			<minimum_seperation>1.0</minimum_seperation>		<!-- Minimum distance this must be from other objects if chosen -->

			<enable_debug_lines>false</enable_debug_lines>		<!-- debug lines to visualise more easily what has been chosen, this was hooked up in TEd, though may still need to be in Terry -->
			<debug_lines_red>1.0</debug_lines_red>
			<debug_lines_green>0.65</debug_lines_green>	
			<debug_lines_blue>0.90</debug_lines_blue>
		</tree>
		<tree> 										<!-- type of object, may be tree, prop, decal or vfx. Needs corresponding closing tag -->
			<model>trees\wh_emp_shrub\shrub_sticksa</model>		<!-- path to the object, tree in this case -->

			<size_low>0.8</size_low>				<!-- lowest possible scale -->
			<size_high>1.1</size_high>				<!-- top possible scale -->

			<blendmap_range_low>0.4</blendmap_range_low>		<!-- // same as at group level but for object within group -->
			<blendmap_range_high>1.1</blendmap_range_high>
			<blendmap_range_falloff>0.1</blendmap_range_falloff>
			<height_low>-5000</height_low>
			<height_high>5000</height_high>
			<height_falloff>0</height_falloff>			<!-- // -->

			<humidities>						<!-- Supported humidities, not actually used, we may want to remove this -->
				<humidity>arid</humidity>
				<humidity>humid</humidity>
			</humidities>

			<categories>						<!-- Supported categories, these categories are defined in generation_categories.xml -->
				<category>emp_lowlands</category>	
				<category>emp_highlands</category>				
				<category>emp_vmp</category>				
				<category>emp_chs</category>				
			</categories>

			<probability>0.167</probability>				<!-- Base probability of choosing this object -->
			<minimum_seperation>1.0</minimum_seperation>		<!-- Minimum distance this must be from other objects if chosen -->

			<enable_debug_lines>false</enable_debug_lines>		<!-- debug lines to visualise more easily what has been chosen, this was hooked up in TEd, though may still need to be in Terry -->
			<debug_lines_red>1.0</debug_lines_red>
			<debug_lines_green>0.65</debug_lines_green>	
			<debug_lines_blue>0.90</debug_lines_blue>
		</tree>
		<tree> 										<!-- type of object, may be tree, prop, decal or vfx. Needs corresponding closing tag -->
			<model>trees\wh_emp_shrub\shrub_sticksb</model>		<!-- path to the object, tree in this case -->

			<size_low>0.8</size_low>				<!-- lowest possible scale -->
			<size_high>1.1</size_high>				<!-- top possible scale -->

			<blendmap_range_low>0.4</blendmap_range_low>		<!-- // same as at group level but for object within group -->
			<blendmap_range_high>1.1</blendmap_range_high>
			<blendmap_range_falloff>0.1</blendmap_range_falloff>
			<height_low>-5000</height_low>
			<height_high>5000</height_high>
			<height_falloff>0</height_falloff>			<!-- // -->

			<humidities>						<!-- Supported humidities, not actually used, we may want to remove this -->
				<humidity>arid</humidity>
				<humidity>humid</humidity>
			</humidities>

			<categories>						<!-- Supported categories, these categories are defined in generation_categories.xml -->
				<category>emp_lowlands</category>	
				<category>emp_highlands</category>				
				<category>emp_vmp</category>				
				<category>emp_chs</category>				
			</categories>

			<probability>0.167</probability>				<!-- Base probability of choosing this object -->
			<minimum_seperation>1.0</minimum_seperation>		<!-- Minimum distance this must be from other objects if chosen -->

			<enable_debug_lines>false</enable_debug_lines>		<!-- debug lines to visualise more easily what has been chosen, this was hooked up in TEd, though may still need to be in Terry -->
			<debug_lines_red>1.0</debug_lines_red>
			<debug_lines_green>0.65</debug_lines_green>	
			<debug_lines_blue>0.90</debug_lines_blue>
		</tree>
		<tree> 										<!-- type of object, may be tree, prop, decal or vfx. Needs corresponding closing tag -->
			<model>trees\wh_emp_shrub\shrub_sticksc</model>		<!-- path to the object, tree in this case -->

			<size_low>0.8</size_low>				<!-- lowest possible scale -->
			<size_high>1.1</size_high>				<!-- top possible scale -->

			<blendmap_range_low>0.4</blendmap_range_low>		<!-- // same as at group level but for object within group -->
			<blendmap_range_high>1.1</blendmap_range_high>
			<blendmap_range_falloff>0.1</blendmap_range_falloff>
			<height_low>-5000</height_low>
			<height_high>5000</height_high>
			<height_falloff>0</height_falloff>			<!-- // -->

			<humidities>						<!-- Supported humidities, not actually used, we may want to remove this -->
				<humidity>arid</humidity>
				<humidity>humid</humidity>
			</humidities>

			<categories>						<!-- Supported categories, these categories are defined in generation_categories.xml -->
				<category>emp_lowlands</category>	
				<category>emp_highlands</category>				
				<category>emp_vmp</category>				
				<category>emp_chs</category>				
			</categories>

			<probability>0.167</probability>				<!-- Base probability of choosing this object -->
			<minimum_seperation>1.0</minimum_seperation>		<!-- Minimum distance this must be from other objects if chosen -->

			<enable_debug_lines>false</enable_debug_lines>		<!-- debug lines to visualise more easily what has been chosen, this was hooked up in TEd, though may still need to be in Terry -->
			<debug_lines_red>1.0</debug_lines_red>
			<debug_lines_green>0.65</debug_lines_green>	
			<debug_lines_blue>0.90</debug_lines_blue>
		</tree>		
	</group>
	<group group_name="bushy_shrub_inner_empcityblend01">
		<texture>empcity</texture>					<!-- texture channel that must exist in order to pick group (well, actually the value must be above 0.05) --> 
		<texture_for_probability>empcity</texture_for_probability>	<!-- texture channel to use for probability, if not defined texture is used -->

		<group_channel_range_low>0.4</group_channel_range_low>		<!-- bottom of blend map value range -->
		<group_channel_range_high>1.1</group_channel_range_high>		<!-- top of blend map value range -->
		<group_channel_range_falloff>0.1</group_channel_range_falloff>	<!-- range within the defined range that is always the top probability, in this case the whole range -->

		<height_range_low>-5000</height_range_low>			<!-- bottom of height map range -->
		<height_range_high>5000</height_range_high>			<!-- top of height map range -->
		<height_range_falloff>10000</height_range_falloff>			<!-- range within the defined range that is always the top probability, in this case only the very centre -->
		
		<probability>0.2</probability>					<!-- the base probability which is adjusted based upon the above -->
		
		<grouping_probability>0</grouping_probability>		<!-- the probability of swapping out near objects with objects from the same group -->
		<grouping_radius>0</grouping_radius>				<!-- the radius within which objects may be swapped out -->

		<tree> 								<!-- type of object, may be tree, prop, decal or vfx. Needs corresponding closing tag -->
			<model>trees\wh_emp_shrub\shruba_a</model>		<!-- path to the object, tree in this case -->

			<size_low>0.8</size_low>				<!-- lowest possible scale -->
			<size_high>1.1</size_high>				<!-- top possible scale -->

			<blendmap_range_low>0.4</blendmap_range_low>		<!-- // same as at group level but for object within group -->
			<blendmap_range_high>1.1</blendmap_range_high>
			<blendmap_range_falloff>0.1</blendmap_range_falloff>
			<height_low>-5000</height_low>
			<height_high>5000</height_high>
			<height_falloff>0</height_falloff>			<!-- // -->

			<humidities>						<!-- Supported humidities, not actually used, we may want to remove this -->
				<humidity>arid</humidity>
				<humidity>humid</humidity>
			</humidities>

			<categories>						<!-- Supported categories, these categories are defined in generation_categories.xml -->
				<category>emp_lowlands</category>	
				<category>emp_highlands</category>				
				<category>emp_vmp</category>				
				<category>emp_chs</category>				
			</categories>

			<probability>0.16</probability>				<!-- Base probability of choosing this object -->
			<minimum_seperation>1.0</minimum_seperation>		<!-- Minimum distance this must be from other objects if chosen -->

			<enable_debug_lines>false</enable_debug_lines>		<!-- debug lines to visualise more easily what has been chosen, this was hooked up in TEd, though may still need to be in Terry -->
			<debug_lines_red>1.0</debug_lines_red>
			<debug_lines_green>0.65</debug_lines_green>	
			<debug_lines_blue>0.90</debug_lines_blue>
		</tree>
		<tree> 								<!-- type of object, may be tree, prop, decal or vfx. Needs corresponding closing tag -->
			<model>trees\wh_emp_shrub\shruba_b</model>		<!-- path to the object, tree in this case -->

			<size_low>0.8</size_low>				<!-- lowest possible scale -->
			<size_high>1.1</size_high>				<!-- top possible scale -->

			<blendmap_range_low>0.4</blendmap_range_low>		<!-- // same as at group level but for object within group -->
			<blendmap_range_high>1.1</blendmap_range_high>
			<blendmap_range_falloff>0.1</blendmap_range_falloff>
			<height_low>-5000</height_low>
			<height_high>5000</height_high>
			<height_falloff>0</height_falloff>			<!-- // -->

			<humidities>						<!-- Supported humidities, not actually used, we may want to remove this -->
				<humidity>arid</humidity>
				<humidity>humid</humidity>
			</humidities>

			<categories>						<!-- Supported categories, these categories are defined in generation_categories.xml -->
				<category>emp_lowlands</category>		
				<category>emp_highlands</category>				
				<category>emp_vmp</category>				
				<category>emp_chs</category>				
			</categories>

			<probability>0.16</probability>				<!-- Base probability of choosing this object -->
			<minimum_seperation>1.0</minimum_seperation>		<!-- Minimum distance this must be from other objects if chosen -->

			<enable_debug_lines>false</enable_debug_lines>		<!-- debug lines to visualise more easily what has been chosen, this was hooked up in TEd, though may still need to be in Terry -->
			<debug_lines_red>1.0</debug_lines_red>
			<debug_lines_green>0.65</debug_lines_green>	
			<debug_lines_blue>0.90</debug_lines_blue>
		</tree>
		<tree> 								<!-- type of object, may be tree, prop, decal or vfx. Needs corresponding closing tag -->
			<model>trees\wh_emp_shrub\shruba_c</model>		<!-- path to the object, tree in this case -->

			<size_low>0.8</size_low>				<!-- lowest possible scale -->
			<size_high>1.1</size_high>				<!-- top possible scale -->

			<blendmap_range_low>0.4</blendmap_range_low>		<!-- // same as at group level but for object within group -->
			<blendmap_range_high>1.1</blendmap_range_high>
			<blendmap_range_falloff>0.1</blendmap_range_falloff>
			<height_low>-5000</height_low>
			<height_high>5000</height_high>
			<height_falloff>0</height_falloff>			<!-- // -->

			<humidities>						<!-- Supported humidities, not actually used, we may want to remove this -->
				<humidity>arid</humidity>
				<humidity>humid</humidity>
			</humidities>

			<categories>						<!-- Supported categories, these categories are defined in generation_categories.xml -->
				<category>emp_lowlands</category>	
				<category>emp_highlands</category>				
				<category>emp_vmp</category>				
				<category>emp_chs</category>				
			</categories>

			<probability>0.16</probability>				<!-- Base probability of choosing this object -->
			<minimum_seperation>1.0</minimum_seperation>		<!-- Minimum distance this must be from other objects if chosen -->

			<enable_debug_lines>false</enable_debug_lines>		<!-- debug lines to visualise more easily what has been chosen, this was hooked up in TEd, though may still need to be in Terry -->
			<debug_lines_red>1.0</debug_lines_red>
			<debug_lines_green>0.65</debug_lines_green>	
			<debug_lines_blue>0.90</debug_lines_blue>
		</tree>
		<tree> 								<!-- type of object, may be tree, prop, decal or vfx. Needs corresponding closing tag -->
			<model>trees\wh_emp_shrub\shrub_rosea</model>		<!-- path to the object, tree in this case -->

			<size_low>0.8</size_low>				<!-- lowest possible scale -->
			<size_high>1.1</size_high>				<!-- top possible scale -->

			<blendmap_range_low>0.4</blendmap_range_low>		<!-- // same as at group level but for object within group -->
			<blendmap_range_high>1.1</blendmap_range_high>
			<blendmap_range_falloff>0.1</blendmap_range_falloff>
			<height_low>-5000</height_low>
			<height_high>5000</height_high>
			<height_falloff>0</height_falloff>			<!-- // -->

			<humidities>						<!-- Supported humidities, not actually used, we may want to remove this -->
				<humidity>arid</humidity>
				<humidity>humid</humidity>
			</humidities>

			<categories>						<!-- Supported categories, these categories are defined in generation_categories.xml -->
				<category>emp_lowlands</category>
				<category>emp_highlands</category>				
				<category>emp_vmp</category>				
				<category>emp_chs</category>				
			</categories>

			<probability>0.16</probability>				<!-- Base probability of choosing this object -->
			<minimum_seperation>1.0</minimum_seperation>		<!-- Minimum distance this must be from other objects if chosen -->

			<enable_debug_lines>false</enable_debug_lines>		<!-- debug lines to visualise more easily what has been chosen, this was hooked up in TEd, though may still need to be in Terry -->
			<debug_lines_red>1.0</debug_lines_red>
			<debug_lines_green>0.65</debug_lines_green>	
			<debug_lines_blue>0.90</debug_lines_blue>
		</tree>
		<tree> 								<!-- type of object, may be tree, prop, decal or vfx. Needs corresponding closing tag -->
			<model>trees\wh_emp_shrub\shrub_rosec</model>		<!-- path to the object, tree in this case -->

			<size_low>0.8</size_low>				<!-- lowest possible scale -->
			<size_high>1.1</size_high>				<!-- top possible scale -->

			<blendmap_range_low>0.4</blendmap_range_low>		<!-- // same as at group level but for object within group -->
			<blendmap_range_high>1.1</blendmap_range_high>
			<blendmap_range_falloff>0.1</blendmap_range_falloff>
			<height_low>-5000</height_low>
			<height_high>5000</height_high>
			<height_falloff>0</height_falloff>			<!-- // -->

			<humidities>						<!-- Supported humidities, not actually used, we may want to remove this -->
				<humidity>arid</humidity>
				<humidity>humid</humidity>
			</humidities>

			<categories>						<!-- Supported categories, these categories are defined in generation_categories.xml -->
				<category>emp_lowlands</category>	
				<category>emp_highlands</category>				
				<category>emp_vmp</category>				
				<category>emp_chs</category>				
			</categories>

			<probability>0.16</probability>				<!-- Base probability of choosing this object -->
			<minimum_seperation>1.0</minimum_seperation>		<!-- Minimum distance this must be from other objects if chosen -->

			<enable_debug_lines>false</enable_debug_lines>		<!-- debug lines to visualise more easily what has been chosen, this was hooked up in TEd, though may still need to be in Terry -->
			<debug_lines_red>1.0</debug_lines_red>
			<debug_lines_green>0.65</debug_lines_green>	
			<debug_lines_blue>0.90</debug_lines_blue>
		</tree>		
		<tree> 								<!-- type of object, may be tree, prop, decal or vfx. Needs corresponding closing tag -->
			<model>trees\wh_emp_shrub\shrub_thornsa</model>		<!-- path to the object, tree in this case -->

			<size_low>0.8</size_low>				<!-- lowest possible scale -->
			<size_high>1.1</size_high>				<!-- top possible scale -->

			<blendmap_range_low>0.4</blendmap_range_low>		<!-- // same as at group level but for object within group -->
			<blendmap_range_high>1.1</blendmap_range_high>
			<blendmap_range_falloff>0.1</blendmap_range_falloff>
			<height_low>-5000</height_low>
			<height_high>5000</height_high>
			<height_falloff>0</height_falloff>			<!-- // -->

			<humidities>						<!-- Supported humidities, not actually used, we may want to remove this -->
				<humidity>arid</humidity>
				<humidity>humid</humidity>
			</humidities>

			<categories>						<!-- Supported categories, these categories are defined in generation_categories.xml -->
				<category>emp_lowlands</category>	
				<category>emp_highlands</category>				
				<category>emp_vmp</category>				
				<category>emp_chs</category>				
			</categories>

			<probability>0.1</probability>				<!-- Base probability of choosing this object -->
			<minimum_seperation>1.0</minimum_seperation>		<!-- Minimum distance this must be from other objects if chosen -->

			<enable_debug_lines>false</enable_debug_lines>		<!-- debug lines to visualise more easily what has been chosen, this was hooked up in TEd, though may still need to be in Terry -->
			<debug_lines_red>1.0</debug_lines_red>
			<debug_lines_green>0.65</debug_lines_green>	
			<debug_lines_blue>0.90</debug_lines_blue>
		</tree>
		<tree> 								<!-- type of object, may be tree, prop, decal or vfx. Needs corresponding closing tag -->
			<model>trees\wh_emp_shrub\shrub_thornsb</model>		<!-- path to the object, tree in this case -->

			<size_low>0.8</size_low>				<!-- lowest possible scale -->
			<size_high>1.1</size_high>				<!-- top possible scale -->

			<blendmap_range_low>0.4</blendmap_range_low>		<!-- // same as at group level but for object within group -->
			<blendmap_range_high>1.1</blendmap_range_high>
			<blendmap_range_falloff>0.1</blendmap_range_falloff>
			<height_low>-5000</height_low>
			<height_high>5000</height_high>
			<height_falloff>0</height_falloff>			<!-- // -->

			<humidities>						<!-- Supported humidities, not actually used, we may want to remove this -->
				<humidity>arid</humidity>
				<humidity>humid</humidity>
			</humidities>

			<categories>						<!-- Supported categories, these categories are defined in generation_categories.xml -->
				<category>emp_lowlands</category>	
				<category>emp_highlands</category>				
				<category>emp_vmp</category>				
				<category>emp_chs</category>				
			</categories>

			<probability>0.1</probability>				<!-- Base probability of choosing this object -->
			<minimum_seperation>1.0</minimum_seperation>		<!-- Minimum distance this must be from other objects if chosen -->

			<enable_debug_lines>false</enable_debug_lines>		<!-- debug lines to visualise more easily what has been chosen, this was hooked up in TEd, though may still need to be in Terry -->
			<debug_lines_red>1.0</debug_lines_red>
			<debug_lines_green>0.65</debug_lines_green>	
			<debug_lines_blue>0.90</debug_lines_blue>
		</tree>
	</group>
	<group group_name="stones_inner_empcityblend01">
		<texture>empcity</texture>					<!-- texture channel that must exist in order to pick group (well, actually the value must be above 0.05) --> 
		<texture_for_probability>empcity</texture_for_probability>	<!-- texture channel to use for probability, if not defined texture is used -->

		<group_channel_range_low>0.4</group_channel_range_low>		<!-- bottom of blend map value range -->
		<group_channel_range_high>1.1</group_channel_range_high>		<!-- top of blend map value range -->
		<group_channel_range_falloff>0.1</group_channel_range_falloff>	<!-- range within the defined range that is always the top probability, in this case the whole range -->

		<height_range_low>-5000</height_range_low>			<!-- bottom of height map range -->
		<height_range_high>5000</height_range_high>			<!-- top of height map range -->
		<height_range_falloff>10000</height_range_falloff>			<!-- range within the defined range that is always the top probability, in this case only the very centre -->
		
		<probability>0.1</probability>					<!-- the base probability which is adjusted based upon the above -->
		
		<grouping_probability>0</grouping_probability>		<!-- the probability of swapping out near objects with objects from the same group -->
		<grouping_radius>0</grouping_radius>				<!-- the radius within which objects may be swapped out -->
		<prop> 								
			<model>Buildings\emp_stone_a\emp_stone_a_piece01_destruct01</model>		
			<size_low>0.5</size_low>				<!-- lowest possible scale -->
			<size_high>0.7</size_high>				<!-- top possible scale -->

			<blendmap_range_low>0.4</blendmap_range_low>		<!-- // same as at group level but for object within group -->
			<blendmap_range_high>1.1</blendmap_range_high>
			<blendmap_range_falloff>0.1</blendmap_range_falloff>
			<height_low>-5000</height_low>
			<height_high>5000</height_high>
			<height_falloff>0</height_falloff>				<!-- // -->
			<humidities>									<!-- Supported humidities, not actually used, we may want to remove this -->
				<humidity>arid</humidity>
				<humidity>humid</humidity>
			</humidities>
			<categories>									<!-- Supported categories, these categories are defined in generation_categories.xml -->
				<category>emp_lowlands</category>	
				<category>emp_highlands</category>				
				<category>emp_vmp</category>				
				<category>emp_chs</category>				
			</categories>
			<probability>0.143</probability>					<!-- Base probability of choosing this object -->
			<minimum_seperation>1.0</minimum_seperation>		<!-- Minimum distance this must be from other objects if chosen -->
		</prop>
		<prop> 								
			<model>Buildings\emp_stone_b\emp_stone_b_piece01_destruct01</model>		
			<size_low>0.5</size_low>				<!-- lowest possible scale -->
			<size_high>0.7</size_high>				<!-- top possible scale -->

			<blendmap_range_low>0.4</blendmap_range_low>		<!-- // same as at group level but for object within group -->
			<blendmap_range_high>1.1</blendmap_range_high>
			<blendmap_range_falloff>0.1</blendmap_range_falloff>
			<height_low>-5000</height_low>
			<height_high>5000</height_high>
			<height_falloff>0</height_falloff>				<!-- // -->
			<humidities>									<!-- Supported humidities, not actually used, we may want to remove this -->
				<humidity>arid</humidity>
				<humidity>humid</humidity>
			</humidities>
			<categories>									<!-- Supported categories, these categories are defined in generation_categories.xml -->
				<category>emp_lowlands</category>
				<category>emp_highlands</category>				
				<category>emp_vmp</category>				
				<category>emp_chs</category>				
			</categories>
			<probability>0.143</probability>					<!-- Base probability of choosing this object -->
			<minimum_seperation>1.0</minimum_seperation>		<!-- Minimum distance this must be from other objects if chosen -->
		</prop>
		<prop> 								
			<model>Buildings\emp_stone_c\emp_stone_c_piece01_destruct01</model>		
			<size_low>0.5</size_low>				<!-- lowest possible scale -->
			<size_high>0.7</size_high>				<!-- top possible scale -->

			<blendmap_range_low>0.4</blendmap_range_low>		<!-- // same as at group level but for object within group -->
			<blendmap_range_high>1.1</blendmap_range_high>
			<blendmap_range_falloff>0.1</blendmap_range_falloff>
			<height_low>-5000</height_low>
			<height_high>5000</height_high>
			<height_falloff>0</height_falloff>				<!-- // -->
			<humidities>									<!-- Supported humidities, not actually used, we may want to remove this -->
				<humidity>arid</humidity>
				<humidity>humid</humidity>
			</humidities>
			<categories>									<!-- Supported categories, these categories are defined in generation_categories.xml -->
				<category>emp_lowlands</category>
				<category>emp_highlands</category>				
				<category>emp_vmp</category>				
				<category>emp_chs</category>				
			</categories>
			<probability>0.143</probability>					<!-- Base probability of choosing this object -->
			<minimum_seperation>1.0</minimum_seperation>		<!-- Minimum distance this must be from other objects if chosen -->
		</prop>
		<prop> 								
			<model>Buildings\emp_stone_c\emp_stone_c_piece01_destruct01</model>		
			<size_low>0.5</size_low>				<!-- lowest possible scale -->
			<size_high>0.7</size_high>				<!-- top possible scale -->

			<blendmap_range_low>0.4</blendmap_range_low>		<!-- // same as at group level but for object within group -->
			<blendmap_range_high>1.1</blendmap_range_high>
			<blendmap_range_falloff>0.1</blendmap_range_falloff>
			<height_low>-5000</height_low>
			<height_high>5000</height_high>
			<height_falloff>0</height_falloff>				<!-- // -->
			<humidities>									<!-- Supported humidities, not actually used, we may want to remove this -->
				<humidity>arid</humidity>
				<humidity>humid</humidity>
			</humidities>
			<categories>									<!-- Supported categories, these categories are defined in generation_categories.xml -->
				<category>emp_lowlands</category>
				<category>emp_highlands</category>				
				<category>emp_vmp</category>				
				<category>emp_chs</category>				
			</categories>
			<probability>0.143</probability>					<!-- Base probability of choosing this object -->
			<minimum_seperation>1.0</minimum_seperation>		<!-- Minimum distance this must be from other objects if chosen -->
		</prop>
		<prop> 								
			<model>Buildings\emp_stone_d\emp_stone_d_piece01_destruct01</model>		
			<size_low>0.5</size_low>				<!-- lowest possible scale -->
			<size_high>0.7</size_high>				<!-- top possible scale -->

			<blendmap_range_low>0.4</blendmap_range_low>		<!-- // same as at group level but for object within group -->
			<blendmap_range_high>1.1</blendmap_range_high>
			<blendmap_range_falloff>0.1</blendmap_range_falloff>
			<height_low>-5000</height_low>
			<height_high>5000</height_high>
			<height_falloff>0</height_falloff>				<!-- // -->
			<humidities>									<!-- Supported humidities, not actually used, we may want to remove this -->
				<humidity>arid</humidity>
				<humidity>humid</humidity>
			</humidities>
			<categories>									<!-- Supported categories, these categories are defined in generation_categories.xml -->
				<category>emp_lowlands</category>
				<category>emp_highlands</category>				
				<category>emp_vmp</category>				
				<category>emp_chs</category>				
			</categories>
			<probability>0.143</probability>					<!-- Base probability of choosing this object -->
			<minimum_seperation>1.0</minimum_seperation>		<!-- Minimum distance this must be from other objects if chosen -->
		</prop>	
		<prop> 								
			<model>Buildings\emp_stone_e\emp_stone_e_piece01_destruct01</model>		
			<size_low>0.5</size_low>				<!-- lowest possible scale -->
			<size_high>0.7</size_high>				<!-- top possible scale -->

			<blendmap_range_low>0.4</blendmap_range_low>		<!-- // same as at group level but for object within group -->
			<blendmap_range_high>1.1</blendmap_range_high>
			<blendmap_range_falloff>0.1</blendmap_range_falloff>
			<height_low>-5000</height_low>
			<height_high>5000</height_high>
			<height_falloff>0</height_falloff>				<!-- // -->
			<humidities>									<!-- Supported humidities, not actually used, we may want to remove this -->
				<humidity>arid</humidity>
				<humidity>humid</humidity>
			</humidities>
			<categories>									<!-- Supported categories, these categories are defined in generation_categories.xml -->
				<category>emp_lowlands</category>
				<category>emp_highlands</category>				
				<category>emp_vmp</category>				
				<category>emp_chs</category>				
			</categories>
			<probability>0.143</probability>					<!-- Base probability of choosing this object -->
			<minimum_seperation>1.0</minimum_seperation>		<!-- Minimum distance this must be from other objects if chosen -->
		</prop>	
		<prop> 								
			<model>Buildings\emp_stone_f\emp_stone_f_piece01_destruct01</model>		
			<size_low>0.5</size_low>				<!-- lowest possible scale -->
			<size_high>0.7</size_high>				<!-- top possible scale -->

			<blendmap_range_low>0.4</blendmap_range_low>		<!-- // same as at group level but for object within group -->
			<blendmap_range_high>1.1</blendmap_range_high>
			<blendmap_range_falloff>0.1</blendmap_range_falloff>
			<height_low>-5000</height_low>
			<height_high>5000</height_high>
			<height_falloff>0</height_falloff>				<!-- // -->
			<humidities>									<!-- Supported humidities, not actually used, we may want to remove this -->
				<humidity>arid</humidity>
				<humidity>humid</humidity>
			</humidities>
			<categories>									<!-- Supported categories, these categories are defined in generation_categories.xml -->
				<category>emp_lowlands</category>	
				<category>emp_highlands</category>				
				<category>emp_vmp</category>				
				<category>emp_chs</category>				
			</categories>
			<probability>0.143</probability>					<!-- Base probability of choosing this object -->
			<minimum_seperation>1.0</minimum_seperation>		<!-- Minimum distance this must be from other objects if chosen -->
		</prop>		
		<prop> 								
			<model>Buildings\emp_stone_f\emp_stone_f_piece01_destruct01</model>		
			<size_low>0.5</size_low>				<!-- lowest possible scale -->
			<size_high>0.7</size_high>				<!-- top possible scale -->

			<blendmap_range_low>0.4</blendmap_range_low>		<!-- // same as at group level but for object within group -->
			<blendmap_range_high>1.1</blendmap_range_high>
			<blendmap_range_falloff>0.1</blendmap_range_falloff>
			<height_low>-5000</height_low>
			<height_high>5000</height_high>
			<height_falloff>0</height_falloff>				<!-- // -->
			<humidities>									<!-- Supported humidities, not actually used, we may want to remove this -->
				<humidity>arid</humidity>
				<humidity>humid</humidity>
			</humidities>
			<categories>									<!-- Supported categories, these categories are defined in generation_categories.xml -->
				<category>emp_lowlands</category>
				<category>emp_highlands</category>				
				<category>emp_vmp</category>				
				<category>emp_chs</category>				
			</categories>
			<probability>0.143</probability>					<!-- Base probability of choosing this object -->
			<minimum_seperation>1.0</minimum_seperation>		<!-- Minimum distance this must be from other objects if chosen -->
		</prop>
	</group>
	<group group_name="tall_shrub_inner_empcityblend01">
		<texture>empcity</texture>					<!-- texture channel that must exist in order to pick group (well, actually the value must be above 0.05) --> 
		<texture_for_probability>empcity</texture_for_probability>	<!-- texture channel to use for probability, if not defined texture is used -->

		<group_channel_range_low>0.4</group_channel_range_low>		<!-- bottom of blend map value range -->
		<group_channel_range_high>1.1</group_channel_range_high>		<!-- top of blend map value range -->
		<group_channel_range_falloff>0.1</group_channel_range_falloff>	<!-- range within the defined range that is always the top probability, in this case the whole range -->

		<height_range_low>-5000</height_range_low>			<!-- bottom of height map range -->
		<height_range_high>5000</height_range_high>			<!-- top of height map range -->
		<height_range_falloff>10000</height_range_falloff>			<!-- range within the defined range that is always the top probability, in this case only the very centre -->
		
		<probability>0.2</probability>					<!-- the base probability which is adjusted based upon the above -->
		
		<grouping_probability>0</grouping_probability>		<!-- the probability of swapping out near objects with objects from the same group -->
		<grouping_radius>0</grouping_radius>				<!-- the radius within which objects may be swapped out -->

		<tree> 								<!-- type of object, may be tree, prop, decal or vfx. Needs corresponding closing tag -->
			<model>trees\wh_emp_shrub\shrub_dryc_a</model>		<!-- path to the object, tree in this case -->

			<size_low>0.8</size_low>				<!-- lowest possible scale -->
			<size_high>1.1</size_high>				<!-- top possible scale -->

			<blendmap_range_low>0.4</blendmap_range_low>		<!-- // same as at group level but for object within group -->
			<blendmap_range_high>1.1</blendmap_range_high>
			<blendmap_range_falloff>0.1</blendmap_range_falloff>
			<height_low>-5000</height_low>
			<height_high>5000</height_high>
			<height_falloff>0</height_falloff>			<!-- // -->

			<humidities>						<!-- Supported humidities, not actually used, we may want to remove this -->
				<humidity>arid</humidity>
				<humidity>humid</humidity>
			</humidities>

			<categories>						<!-- Supported categories, these categories are defined in generation_categories.xml -->
				<category>emp_lowlands</category>	
				<category>emp_highlands</category>				
				<category>emp_vmp</category>				
				<category>emp_chs</category>				
			</categories>

			<probability>0.2</probability>				<!-- Base probability of choosing this object -->
			<minimum_seperation>1.0</minimum_seperation>		<!-- Minimum distance this must be from other objects if chosen -->

			<enable_debug_lines>false</enable_debug_lines>		<!-- debug lines to visualise more easily what has been chosen, this was hooked up in TEd, though may still need to be in Terry -->
			<debug_lines_red>1.0</debug_lines_red>
			<debug_lines_green>0.65</debug_lines_green>	
			<debug_lines_blue>0.90</debug_lines_blue>
		</tree>
		<tree> 								<!-- type of object, may be tree, prop, decal or vfx. Needs corresponding closing tag -->
			<model>trees\wh_emp_shrub\shrub_dryc_b</model>		<!-- path to the object, tree in this case -->

			<size_low>0.8</size_low>				<!-- lowest possible scale -->
			<size_high>1.1</size_high>				<!-- top possible scale -->

			<blendmap_range_low>0.4</blendmap_range_low>		<!-- // same as at group level but for object within group -->
			<blendmap_range_high>1.1</blendmap_range_high>
			<blendmap_range_falloff>0.1</blendmap_range_falloff>
			<height_low>-5000</height_low>
			<height_high>5000</height_high>
			<height_falloff>0</height_falloff>			<!-- // -->

			<humidities>						<!-- Supported humidities, not actually used, we may want to remove this -->
				<humidity>arid</humidity>
				<humidity>humid</humidity>
			</humidities>

			<categories>						<!-- Supported categories, these categories are defined in generation_categories.xml -->
				<category>emp_lowlands</category>	
				<category>emp_highlands</category>				
				<category>emp_vmp</category>				
				<category>emp_chs</category>					
			</categories>

			<probability>0.2</probability>				<!-- Base probability of choosing this object -->
			<minimum_seperation>1.0</minimum_seperation>		<!-- Minimum distance this must be from other objects if chosen -->

			<enable_debug_lines>false</enable_debug_lines>		<!-- debug lines to visualise more easily what has been chosen, this was hooked up in TEd, though may still need to be in Terry -->
			<debug_lines_red>1.0</debug_lines_red>
			<debug_lines_green>0.65</debug_lines_green>	
			<debug_lines_blue>0.90</debug_lines_blue>
		</tree>
		<tree> 								<!-- type of object, may be tree, prop, decal or vfx. Needs corresponding closing tag -->
			<model>trees\wh_emp_shrub\shrub_nettlesa</model>		<!-- path to the object, tree in this case -->

			<size_low>0.8</size_low>				<!-- lowest possible scale -->
			<size_high>1.1</size_high>				<!-- top possible scale -->

			<blendmap_range_low>0.4</blendmap_range_low>		<!-- // same as at group level but for object within group -->
			<blendmap_range_high>1.1</blendmap_range_high>
			<blendmap_range_falloff>0.1</blendmap_range_falloff>
			<height_low>-5000</height_low>
			<height_high>5000</height_high>
			<height_falloff>0</height_falloff>			<!-- // -->

			<humidities>						<!-- Supported humidities, not actually used, we may want to remove this -->
				<humidity>arid</humidity>
				<humidity>humid</humidity>
			</humidities>

			<categories>						<!-- Supported categories, these categories are defined in generation_categories.xml -->
				<category>emp_lowlands</category>	
				<category>emp_highlands</category>				
				<category>emp_vmp</category>				
				<category>emp_chs</category>					
			</categories>

			<probability>0.2</probability>				<!-- Base probability of choosing this object -->
			<minimum_seperation>1.0</minimum_seperation>		<!-- Minimum distance this must be from other objects if chosen -->

			<enable_debug_lines>false</enable_debug_lines>		<!-- debug lines to visualise more easily what has been chosen, this was hooked up in TEd, though may still need to be in Terry -->
			<debug_lines_red>1.0</debug_lines_red>
			<debug_lines_green>0.65</debug_lines_green>	
			<debug_lines_blue>0.90</debug_lines_blue>
		</tree>
		<tree> 								<!-- type of object, may be tree, prop, decal or vfx. Needs corresponding closing tag -->
			<model>trees\wh_emp_shrub\shrub_nettlesb</model>		<!-- path to the object, tree in this case -->

			<size_low>0.8</size_low>				<!-- lowest possible scale -->
			<size_high>1.1</size_high>				<!-- top possible scale -->

			<blendmap_range_low>0.4</blendmap_range_low>		<!-- // same as at group level but for object within group -->
			<blendmap_range_high>1.1</blendmap_range_high>
			<blendmap_range_falloff>0.1</blendmap_range_falloff>
			<height_low>-5000</height_low>
			<height_high>5000</height_high>
			<height_falloff>0</height_falloff>			<!-- // -->

			<humidities>						<!-- Supported humidities, not actually used, we may want to remove this -->
				<humidity>arid</humidity>
				<humidity>humid</humidity>
			</humidities>

			<categories>						<!-- Supported categories, these categories are defined in generation_categories.xml -->
				<category>emp_lowlands</category>					
			</categories>

			<probability>0.2</probability>				<!-- Base probability of choosing this object -->
			<minimum_seperation>1.0</minimum_seperation>		<!-- Minimum distance this must be from other objects if chosen -->

			<enable_debug_lines>false</enable_debug_lines>		<!-- debug lines to visualise more easily what has been chosen, this was hooked up in TEd, though may still need to be in Terry -->
			<debug_lines_red>1.0</debug_lines_red>
			<debug_lines_green>0.65</debug_lines_green>	
			<debug_lines_blue>0.90</debug_lines_blue>
		</tree>
		<tree> 								<!-- type of object, may be tree, prop, decal or vfx. Needs corresponding closing tag -->
			<model>trees\wh_emp_shrub\shrub_nettlesc</model>		<!-- path to the object, tree in this case -->

			<size_low>0.8</size_low>				<!-- lowest possible scale -->
			<size_high>1.1</size_high>				<!-- top possible scale -->

			<blendmap_range_low>0.4</blendmap_range_low>		<!-- // same as at group level but for object within group -->
			<blendmap_range_high>1.1</blendmap_range_high>
			<blendmap_range_falloff>0.1</blendmap_range_falloff>
			<height_low>-5000</height_low>
			<height_high>5000</height_high>
			<height_falloff>0</height_falloff>			<!-- // -->

			<humidities>						<!-- Supported humidities, not actually used, we may want to remove this -->
				<humidity>arid</humidity>
				<humidity>humid</humidity>
			</humidities>

			<categories>						<!-- Supported categories, these categories are defined in generation_categories.xml -->
				<category>emp_lowlands</category>	
				<category>emp_highlands</category>				
				<category>emp_vmp</category>				
				<category>emp_chs</category>					
			</categories>

			<probability>0.2</probability>				<!-- Base probability of choosing this object -->
			<minimum_seperation>1.0</minimum_seperation>		<!-- Minimum distance this must be from other objects if chosen -->

			<enable_debug_lines>false</enable_debug_lines>		<!-- debug lines to visualise more easily what has been chosen, this was hooked up in TEd, though may still need to be in Terry -->
			<debug_lines_red>1.0</debug_lines_red>
			<debug_lines_green>0.65</debug_lines_green>	
			<debug_lines_blue>0.90</debug_lines_blue>
		</tree>
	</group>	
	<group group_name="flowery_inner_empcityblend01">
		<texture>empcity</texture>					<!-- texture channel that must exist in order to pick group (well, actually the value must be above 0.05) --> 
		<texture_for_probability>empcity</texture_for_probability>	<!-- texture channel to use for probability, if not defined texture is used -->

		<group_channel_range_low>0.4</group_channel_range_low>		<!-- bottom of blend map value range -->
		<group_channel_range_high>1.1</group_channel_range_high>		<!-- top of blend map value range -->
		<group_channel_range_falloff>0.1</group_channel_range_falloff>	<!-- range within the defined range that is always the top probability, in this case the whole range -->

		<height_range_low>-5000</height_range_low>			<!-- bottom of height map range -->
		<height_range_high>5000</height_range_high>			<!-- top of height map range -->
		<height_range_falloff>0</height_range_falloff>			<!-- range within the defined range that is always the top probability, in this case only the very centre -->
		
		<probability>0.2</probability>					<!-- the base probability which is adjusted based upon the above -->
		
		<grouping_probability>0</grouping_probability>		<!-- the probability of swapping out near objects with objects from the same group -->
		<grouping_radius>0</grouping_radius>				<!-- the radius within which objects may be swapped out -->
		<tree> 								<!-- type of object, may be tree, prop, decal or vfx. Needs corresponding closing tag -->
			<model>trees\wh_emp_shrub\shrubb_a</model>		<!-- path to the object, tree in this case -->

			<size_low>0.8</size_low>				<!-- lowest possible scale -->
			<size_high>1.1</size_high>				<!-- top possible scale -->

			<blendmap_range_low>0.4</blendmap_range_low>		<!-- // same as at group level but for object within group -->
			<blendmap_range_high>1.1</blendmap_range_high>
			<blendmap_range_falloff>0.1</blendmap_range_falloff>
			<height_low>-5000</height_low>
			<height_high>5000</height_high>
			<height_falloff>0</height_falloff>			<!-- // -->

			<humidities>						<!-- Supported humidities, not actually used, we may want to remove this -->
				<humidity>arid</humidity>
				<humidity>humid</humidity>
			</humidities>

			<categories>						<!-- Supported categories, these categories are defined in generation_categories.xml -->
				<category>emp_lowlands</category>		
				<category>emp_highlands</category>				
				<category>emp_vmp</category>				
				<category>emp_chs</category>					
			</categories>

			<probability>0.167</probability>				<!-- Base probability of choosing this object -->
			<minimum_seperation>1.0</minimum_seperation>		<!-- Minimum distance this must be from other objects if chosen -->

			<enable_debug_lines>false</enable_debug_lines>		<!-- debug lines to visualise more easily what has been chosen, this was hooked up in TEd, though may still need to be in Terry -->
			<debug_lines_red>1.0</debug_lines_red>
			<debug_lines_green>0.65</debug_lines_green>	
			<debug_lines_blue>0.90</debug_lines_blue>
		</tree>	
		<tree> 								<!-- type of object, may be tree, prop, decal or vfx. Needs corresponding closing tag -->
			<model>trees\wh_emp_shrub\shrubb_b</model>		<!-- path to the object, tree in this case -->

			<size_low>0.8</size_low>				<!-- lowest possible scale -->
			<size_high>1.1</size_high>				<!-- top possible scale -->

			<blendmap_range_low>0.4</blendmap_range_low>		<!-- // same as at group level but for object within group -->
			<blendmap_range_high>1.1</blendmap_range_high>
			<blendmap_range_falloff>0.1</blendmap_range_falloff>
			<height_low>-5000</height_low>
			<height_high>5000</height_high>
			<height_falloff>0</height_falloff>			<!-- // -->

			<humidities>						<!-- Supported humidities, not actually used, we may want to remove this -->
				<humidity>arid</humidity>
				<humidity>humid</humidity>
			</humidities>

			<categories>						<!-- Supported categories, these categories are defined in generation_categories.xml -->
				<category>emp_lowlands</category>
				<category>emp_highlands</category>				
				<category>emp_vmp</category>				
				<category>emp_chs</category>					
			</categories>

			<probability>0.167</probability>				<!-- Base probability of choosing this object -->
			<minimum_seperation>1.0</minimum_seperation>		<!-- Minimum distance this must be from other objects if chosen -->

			<enable_debug_lines>false</enable_debug_lines>		<!-- debug lines to visualise more easily what has been chosen, this was hooked up in TEd, though may still need to be in Terry -->
			<debug_lines_red>1.0</debug_lines_red>
			<debug_lines_green>0.65</debug_lines_green>	
			<debug_lines_blue>0.90</debug_lines_blue>
		</tree>
		<tree> 								<!-- type of object, may be tree, prop, decal or vfx. Needs corresponding closing tag -->
			<model>trees\wh_emp_shrub\shrubb_c</model>		<!-- path to the object, tree in this case -->

			<size_low>0.8</size_low>				<!-- lowest possible scale -->
			<size_high>1.1</size_high>				<!-- top possible scale -->

			<blendmap_range_low>0.4</blendmap_range_low>		<!-- // same as at group level but for object within group -->
			<blendmap_range_high>1.1</blendmap_range_high>
			<blendmap_range_falloff>0.1</blendmap_range_falloff>
			<height_low>-5000</height_low>
			<height_high>5000</height_high>
			<height_falloff>0</height_falloff>			<!-- // -->

			<humidities>						<!-- Supported humidities, not actually used, we may want to remove this -->
				<humidity>arid</humidity>
				<humidity>humid</humidity>
			</humidities>

			<categories>						<!-- Supported categories, these categories are defined in generation_categories.xml -->
				<category>emp_lowlands</category>		
				<category>emp_highlands</category>				
				<category>emp_vmp</category>				
				<category>emp_chs</category>					
			</categories>

			<probability>0.167</probability>				<!-- Base probability of choosing this object -->
			<minimum_seperation>1.0</minimum_seperation>		<!-- Minimum distance this must be from other objects if chosen -->

			<enable_debug_lines>false</enable_debug_lines>		<!-- debug lines to visualise more easily what has been chosen, this was hooked up in TEd, though may still need to be in Terry -->
			<debug_lines_red>1.0</debug_lines_red>
			<debug_lines_green>0.65</debug_lines_green>	
			<debug_lines_blue>0.90</debug_lines_blue>
		</tree>			
		<tree> 								<!-- type of object, may be tree, prop, decal or vfx. Needs corresponding closing tag -->
			<model>trees\wh_emp_shrub\shrub_hogweeda</model>		<!-- path to the object, tree in this case -->

			<size_low>0.8</size_low>				<!-- lowest possible scale -->
			<size_high>1.1</size_high>				<!-- top possible scale -->

			<blendmap_range_low>0.4</blendmap_range_low>		<!-- // same as at group level but for object within group -->
			<blendmap_range_high>1.1</blendmap_range_high>
			<blendmap_range_falloff>0.1</blendmap_range_falloff>
			<height_low>-5000</height_low>
			<height_high>5000</height_high>
			<height_falloff>0</height_falloff>			<!-- // -->

			<humidities>						<!-- Supported humidities, not actually used, we may want to remove this -->
				<humidity>arid</humidity>
				<humidity>humid</humidity>
			</humidities>

			<categories>						<!-- Supported categories, these categories are defined in generation_categories.xml -->
				<category>emp_lowlands</category>		
				<category>emp_highlands</category>				
				<category>emp_vmp</category>				
				<category>emp_chs</category>					
			</categories>

			<probability>0.167</probability>				<!-- Base probability of choosing this object -->
			<minimum_seperation>1.0</minimum_seperation>		<!-- Minimum distance this must be from other objects if chosen -->

			<enable_debug_lines>false</enable_debug_lines>		<!-- debug lines to visualise more easily what has been chosen, this was hooked up in TEd, though may still need to be in Terry -->
			<debug_lines_red>1.0</debug_lines_red>
			<debug_lines_green>0.65</debug_lines_green>	
			<debug_lines_blue>0.90</debug_lines_blue>
		</tree>	
		<tree> 								<!-- type of object, may be tree, prop, decal or vfx. Needs corresponding closing tag -->
			<model>trees\wh_emp_shrub\shrub_hogweedb</model>		<!-- path to the object, tree in this case -->

			<size_low>0.8</size_low>				<!-- lowest possible scale -->
			<size_high>1.1</size_high>				<!-- top possible scale -->

			<blendmap_range_low>0.4</blendmap_range_low>		<!-- // same as at group level but for object within group -->
			<blendmap_range_high>1.1</blendmap_range_high>
			<blendmap_range_falloff>0.1</blendmap_range_falloff>
			<height_low>-5000</height_low>
			<height_high>5000</height_high>
			<height_falloff>0</height_falloff>			<!-- // -->

			<humidities>						<!-- Supported humidities, not actually used, we may want to remove this -->
				<humidity>arid</humidity>
				<humidity>humid</humidity>
			</humidities>

			<categories>						<!-- Supported categories, these categories are defined in generation_categories.xml -->
				<category>emp_lowlands</category>
				<category>emp_highlands</category>				
				<category>emp_vmp</category>				
				<category>emp_chs</category>					
			</categories>

			<probability>0.167</probability>				<!-- Base probability of choosing this object -->
			<minimum_seperation>1.0</minimum_seperation>		<!-- Minimum distance this must be from other objects if chosen -->

			<enable_debug_lines>false</enable_debug_lines>		<!-- debug lines to visualise more easily what has been chosen, this was hooked up in TEd, though may still need to be in Terry -->
			<debug_lines_red>1.0</debug_lines_red>
			<debug_lines_green>0.65</debug_lines_green>	
			<debug_lines_blue>0.90</debug_lines_blue>
		</tree>	
		<tree> 								<!-- type of object, may be tree, prop, decal or vfx. Needs corresponding closing tag -->
			<model>trees\wh_emp_shrub\shrub_hogweedc</model>		<!-- path to the object, tree in this case -->

			<size_low>0.8</size_low>				<!-- lowest possible scale -->
			<size_high>1.1</size_high>				<!-- top possible scale -->

			<blendmap_range_low>0.4</blendmap_range_low>		<!-- // same as at group level but for object within group -->
			<blendmap_range_high>1.1</blendmap_range_high>
			<blendmap_range_falloff>0.1</blendmap_range_falloff>
			<height_low>-5000</height_low>
			<height_high>5000</height_high>
			<height_falloff>0</height_falloff>			<!-- // -->

			<humidities>						<!-- Supported humidities, not actually used, we may want to remove this -->
				<humidity>arid</humidity>
				<humidity>humid</humidity>
			</humidities>

			<categories>						<!-- Supported categories, these categories are defined in generation_categories.xml -->
				<category>emp_lowlands</category>
				<category>emp_highlands</category>				
				<category>emp_vmp</category>				
				<category>emp_chs</category>					
			</categories>

			<probability>0.167</probability>				<!-- Base probability of choosing this object -->
			<minimum_seperation>1.0</minimum_seperation>		<!-- Minimum distance this must be from other objects if chosen -->

			<enable_debug_lines>false</enable_debug_lines>		<!-- debug lines to visualise more easily what has been chosen, this was hooked up in TEd, though may still need to be in Terry -->
			<debug_lines_red>1.0</debug_lines_red>
			<debug_lines_green>0.65</debug_lines_green>	
			<debug_lines_blue>0.90</debug_lines_blue>
		</tree>	
	</group>	
	<group group_name="skulls_inner_empcityblend01">
		<texture>empcity</texture>					<!-- texture channel that must exist in order to pick group (well, actually the value must be above 0.05) --> 
		<texture_for_probability>empcity</texture_for_probability>	<!-- texture channel to use for probability, if not defined texture is used -->

		<group_channel_range_low>0.4</group_channel_range_low>		<!-- bottom of blend map value range -->
		<group_channel_range_high>1.1</group_channel_range_high>		<!-- top of blend map value range -->
		<group_channel_range_falloff>0.1</group_channel_range_falloff>	<!-- range within the defined range that is always the top probability, in this case the whole range -->

		<height_range_low>-5000</height_range_low>			<!-- bottom of height map range -->
		<height_range_high>5000</height_range_high>			<!-- top of height map range -->
		<height_range_falloff>0</height_range_falloff>			<!-- range within the defined range that is always the top probability, in this case only the very centre -->
		
		<probability>0.1</probability>					<!-- the base probability which is adjusted based upon the above -->
		
		<grouping_probability>0</grouping_probability>		<!-- the probability of swapping out near objects with objects from the same group -->
		<grouping_radius>0</grouping_radius>				<!-- the radius within which objects may be swapped out -->

		<prop> 								<!-- type of object, may be tree, prop, decal or vfx. Needs corresponding closing tag -->
			<model>Buildings\skull_terrain_01\skull_terrain_01_piece01_destruct01</model>		<!-- path to the object, tree in this case -->

			<size_low>0.9</size_low>				<!-- lowest possible scale -->
			<size_high>1.0</size_high>				<!-- top possible scale -->

			<blendmap_range_low>0.4</blendmap_range_low>		<!-- // same as at group level but for object within group -->
			<blendmap_range_high>1.1</blendmap_range_high>
			<blendmap_range_falloff>0.1</blendmap_range_falloff>
			<height_low>-5000</height_low>
			<height_high>5000</height_high>
			<height_falloff>0</height_falloff>				<!-- // -->

			<humidities>									<!-- Supported humidities, not actually used, we may want to remove this -->
				<humidity>arid</humidity>
				<humidity>humid</humidity>
			</humidities>

			<categories>									<!-- Supported categories, these categories are defined in generation_categories.xml -->
				<category>emp_lowlands</category>		
				<category>emp_highlands</category>				
				<category>emp_vmp</category>				
				<category>emp_chs</category>					
			</categories>

			<probability>0.33</probability>					<!-- Base probability of choosing this object -->
			<minimum_seperation>1.0</minimum_seperation>		<!-- Minimum distance this must be from other objects if chosen -->
		</prop>
		<prop> 								<!-- type of object, may be tree, prop, decal or vfx. Needs corresponding closing tag -->
			<model>Buildings\skull_terrain_02\skull_terrain_02_piece01_destruct01</model>		<!-- path to the object, tree in this case -->

			<size_low>0.9</size_low>				<!-- lowest possible scale -->
			<size_high>1.0</size_high>				<!-- top possible scale -->

			<blendmap_range_low>0.4</blendmap_range_low>		<!-- // same as at group level but for object within group -->
			<blendmap_range_high>1.1</blendmap_range_high>
			<blendmap_range_falloff>0.1</blendmap_range_falloff>
			<height_low>-5000</height_low>
			<height_high>5000</height_high>
			<height_falloff>0</height_falloff>				<!-- // -->

			<humidities>									<!-- Supported humidities, not actually used, we may want to remove this -->
				<humidity>arid</humidity>
				<humidity>humid</humidity>
			</humidities>

			<categories>									<!-- Supported categories, these categories are defined in generation_categories.xml -->
				<category>emp_lowlands</category>	
				<category>emp_highlands</category>				
				<category>emp_vmp</category>				
				<category>emp_chs</category>					
			</categories>

			<probability>0.33</probability>					<!-- Base probability of choosing this object -->
			<minimum_seperation>1.0</minimum_seperation>		<!-- Minimum distance this must be from other objects if chosen -->
		</prop>
		<prop> 								
			<model>Buildings\skull_terrain_03\skull_terrain_03_piece01_destruct01</model>		

			<size_low>0.9</size_low>				<!-- lowest possible scale -->
			<size_high>1.0</size_high>				<!-- top possible scale -->

			<blendmap_range_low>0.4</blendmap_range_low>		<!-- // same as at group level but for object within group -->
			<blendmap_range_high>1.1</blendmap_range_high>
			<blendmap_range_falloff>0.1</blendmap_range_falloff>

			<height_low>-5000</height_low>
			<height_high>5000</height_high>
			<height_falloff>0</height_falloff>				<!-- // -->

			<humidities>									<!-- Supported humidities, not actually used, we may want to remove this -->
				<humidity>arid</humidity>
				<humidity>humid</humidity>
			</humidities>

			<categories>									<!-- Supported categories, these categories are defined in generation_categories.xml -->
				<category>emp_lowlands</category>	
				<category>emp_highlands</category>				
				<category>emp_vmp</category>				
				<category>emp_chs</category>					
			</categories>

			<probability>0.2</probability>					<!-- Base probability of choosing this object -->

			<minimum_seperation>1.0</minimum_seperation>		<!-- Minimum distance this must be from other objects if chosen -->
		</prop>
		<prop> 								
			<model>Buildings\skull_terrain_04\skull_terrain_04_piece01_destruct01</model>		
			<size_low>0.9</size_low>				<!-- lowest possible scale -->
			<size_high>1.0</size_high>				<!-- top possible scale -->

			<blendmap_range_low>0.4</blendmap_range_low>		<!-- // same as at group level but for object within group -->
			<blendmap_range_high>1.1</blendmap_range_high>
			<blendmap_range_falloff>0.1</blendmap_range_falloff>

			<height_low>-5000</height_low>
			<height_high>5000</height_high>
			<height_falloff>0</height_falloff>				<!-- // -->

			<humidities>									<!-- Supported humidities, not actually used, we may want to remove this -->
				<humidity>arid</humidity>
				<humidity>humid</humidity>
			</humidities>

			<categories>									<!-- Supported categories, these categories are defined in generation_categories.xml -->
				<category>emp_lowlands</category>
				<category>emp_highlands</category>				
				<category>emp_vmp</category>				
				<category>emp_chs</category>					
			</categories>

			<probability>0.33</probability>					<!-- Base probability of choosing this object -->

			<minimum_seperation>1.0</minimum_seperation>		<!-- Minimum distance this must be from other objects if chosen -->
		</prop>
	</group>	

</trees>