<?xml version="1.0" encoding="UTF-8"?>
<categories>
	<category>default</category>
	<category>emp_lowlands</category>
	<category>emp_vmp</category>
	<category>emp_chs</category>
	<category>emp_highlands</category>
	<category>brt_moorlands</category>
	<category>brt_vmp</category>
	<category>brt_chs</category>
	<category>dwf_subterranean</category>
	<category>nor_lowlands</category>
	<category>nor_highlands</category>
	<category>grn_badlands</category>
	<category>chs_wastes</category>
	<category>vmp_marshlands</category>
	<category>mtn_pass</category>
	<category>mtn_pass_snow</category>
	<category>grn_chs</category>
	<category>bst</category>
	<category>bst_paths</category>
	<category>wef</category>
	<category>wef_chs</category>
	<category>wef_ash</category>
	<category>wef_win</category>
	<category>wef_nit</category>
	<category>def</category>
	<category>def_bleak</category>
	<category>def_desert</category>
	<category>def_petrified</category>
	<category>hef</category>
	<category>lzd</category>
	<category>skv</category>
	<category>stl</category>
	<category>iod</category>
</categories>