<?xml version="1.0" encoding="UTF-8"?>
<trees>

<!-- INNER 0.9 # 1.0 #########################################################################################################-->
<!--##########################################################################################################################-->
<!--##########################################################################################################################-->

<!--group#-->
	<group group_name="stones_inner_grnmudblend02">
		<texture>mud02</texture>		
		<texture_for_probability>mud02</texture_for_probability>
		<group_channel_range_low>0.9</group_channel_range_low>	
		<group_channel_range_high>1.1</group_channel_range_high>
		<group_channel_range_falloff>0.0</group_channel_range_falloff>
		<height_range_low>-5000</height_range_low>
		<height_range_high>5000</height_range_high>		
		<height_range_falloff>10000</height_range_falloff>			
		<probability>0.1</probability>					
		<grouping_probability>0.2</grouping_probability>		
		<grouping_radius>5.0</grouping_radius>				
		<prop>
			<model>buildings\dwf_stone_a\dwf_stone_a_piece01_destruct01</model>
			<size_low>0.5</size_low>
			<size_high>0.8</size_high>
			<blendmap_range_low>0.9</blendmap_range_low>
			<blendmap_range_high>1.1</blendmap_range_high>
			<blendmap_range_falloff>0.1</blendmap_range_falloff>
			<height_low>-5000</height_low>
			<height_high>5000</height_high>
			<height_falloff>10000</height_falloff>
			<humidities>
				<humidity>arid</humidity>
				<humidity>humid</humidity>
			</humidities>
			<categories>
				<category>grn_badlands</category>					
			</categories>
			<probability>0.167</probability>
			<minimum_seperation>3</minimum_seperation>
			<enable_debug_lines>false</enable_debug_lines>
			<debug_lines_red>1.0</debug_lines_red>
			<debug_lines_green>0.65</debug_lines_green>	
			<debug_lines_blue>0.90</debug_lines_blue>
		</prop>
		<prop>
			<model>buildings\dwf_stone_b\dwf_stone_b_piece01_destruct01</model>
			<size_low>0.5</size_low>
			<size_high>0.8</size_high>
			<blendmap_range_low>0.9</blendmap_range_low>
			<blendmap_range_high>1.1</blendmap_range_high>
			<blendmap_range_falloff>0.1</blendmap_range_falloff>
			<height_low>-5000</height_low>
			<height_high>5000</height_high>
			<height_falloff>10000</height_falloff>
			<humidities>
				<humidity>arid</humidity>
				<humidity>humid</humidity>
			</humidities>
			<categories>
				<category>grn_badlands</category>					
				</categories>
			<probability>0.167</probability>
			<minimum_seperation>3</minimum_seperation>
			<enable_debug_lines>false</enable_debug_lines>
			<debug_lines_red>1.0</debug_lines_red>
			<debug_lines_green>0.65</debug_lines_green>	
			<debug_lines_blue>0.90</debug_lines_blue>
		</prop>
		<prop>
			<model>buildings\dwf_stone_c\dwf_stone_c_piece01_destruct01</model>
			<size_low>0.5</size_low>
			<size_high>0.8</size_high>
			<blendmap_range_low>0.9</blendmap_range_low>
			<blendmap_range_high>1.1</blendmap_range_high>
			<blendmap_range_falloff>0.1</blendmap_range_falloff>
			<height_low>-5000</height_low>
			<height_high>5000</height_high>
			<height_falloff>10000</height_falloff>
			<humidities>
				<humidity>arid</humidity>
				<humidity>humid</humidity>
			</humidities>
			<categories>
				<category>grn_badlands</category>					
			</categories>
			<probability>0.167</probability>
			<minimum_seperation>3</minimum_seperation>
			<enable_debug_lines>false</enable_debug_lines>
			<debug_lines_red>1.0</debug_lines_red>
			<debug_lines_green>0.65</debug_lines_green>	
			<debug_lines_blue>0.90</debug_lines_blue>
		</prop>
		<prop>
			<model>buildings\dwf_stone_d\dwf_stone_d_piece01_destruct01</model>
			<size_low>0.5</size_low>
			<size_high>0.8</size_high>
			<blendmap_range_low>0.9</blendmap_range_low>
			<blendmap_range_high>1.1</blendmap_range_high>
			<blendmap_range_falloff>0.1</blendmap_range_falloff>
			<height_low>-5000</height_low>
			<height_high>5000</height_high>
			<height_falloff>10000</height_falloff>
			<humidities>
				<humidity>arid</humidity>
				<humidity>humid</humidity>
			</humidities>
			<categories>
				<category>grn_badlands</category>					
			</categories>
			<probability>0.167</probability>
			<minimum_seperation>3</minimum_seperation>
			<enable_debug_lines>false</enable_debug_lines>
			<debug_lines_red>1.0</debug_lines_red>
			<debug_lines_green>0.65</debug_lines_green>	
			<debug_lines_blue>0.90</debug_lines_blue>
		</prop>
		<prop>
			<model>buildings\dwf_stone_e\dwf_stone_e_piece01_destruct01</model>
			<size_low>0.5</size_low>
			<size_high>0.8</size_high>
			<blendmap_range_low>0.9</blendmap_range_low>
			<blendmap_range_high>1.1</blendmap_range_high>
			<blendmap_range_falloff>0.1</blendmap_range_falloff>
			<height_low>-5000</height_low>
			<height_high>5000</height_high>
			<height_falloff>10000</height_falloff>
			<humidities>
				<humidity>arid</humidity>
				<humidity>humid</humidity>
			</humidities>
			<categories>
				<category>grn_badlands</category>					
			</categories>
			<probability>0.167</probability>
			<minimum_seperation>3</minimum_seperation>
			<enable_debug_lines>false</enable_debug_lines>
			<debug_lines_red>1.0</debug_lines_red>
			<debug_lines_green>0.65</debug_lines_green>	
			<debug_lines_blue>0.90</debug_lines_blue>
		</prop>
		<prop>
			<model>buildings\dwf_stone_f\dwf_stone_f_piece01_destruct01</model>
			<size_low>0.5</size_low>
			<size_high>0.8</size_high>
			<blendmap_range_low>0.9</blendmap_range_low>
			<blendmap_range_high>1.1</blendmap_range_high>
			<blendmap_range_falloff>0.1</blendmap_range_falloff>
			<height_low>-5000</height_low>
			<height_high>5000</height_high>
			<height_falloff>10000</height_falloff>
			<humidities>
				<humidity>arid</humidity>
				<humidity>humid</humidity>
			</humidities>
			<categories>
				<category>grn_badlands</category>					
			</categories>
			<probability>0.167</probability>
			<minimum_seperation>3</minimum_seperation>
			<enable_debug_lines>false</enable_debug_lines>
			<debug_lines_red>1.0</debug_lines_red>
			<debug_lines_green>0.65</debug_lines_green>	
			<debug_lines_blue>0.90</debug_lines_blue>
		</prop>	
	</group>	
<!--group#-->
	<group group_name="space_inner_grnmudblend02">
		<texture>mud02</texture>	
		<texture_for_probability>mud02</texture_for_probability>
		<group_channel_range_low>0.9</group_channel_range_low>	
		<group_channel_range_high>1.1</group_channel_range_high>	
		<group_channel_range_falloff>0.0</group_channel_range_falloff>
		<height_range_low>-5000</height_range_low>		
		<height_range_high>5000</height_range_high>	
		<height_range_falloff>10000</height_range_falloff>	
		<probability>0.9</probability>	
		<grouping_probability>0.8</grouping_probability>	
		<grouping_radius>3.0</grouping_radius>	
	
		<prop>
			<model></model> <!--empty_space-->
			<size_low>0.8</size_low>
			<size_high>1.0</size_high>
			<blendmap_range_low>0.9</blendmap_range_low>
			<blendmap_range_high>1.1</blendmap_range_high>
			<blendmap_range_falloff>0.0</blendmap_range_falloff>
			<height_low>-5000</height_low>
			<height_high>5000</height_high>
			<height_falloff>10000</height_falloff>
			<humidities>
				<humidity>arid</humidity>
				<humidity>humid</humidity>
			</humidities>
			<categories>
				<category>grn_badlands</category>					
				</categories>
			<probability>0.2</probability>
			<minimum_seperation>8</minimum_seperation>
			<enable_debug_lines>false</enable_debug_lines>
			<debug_lines_red>1.0</debug_lines_red>
			<debug_lines_green>0.65</debug_lines_green>	
			<debug_lines_blue>0.90</debug_lines_blue>
		</prop>			
		<prop>
			<model></model>  <!--empty_space-->
			<size_low>0.7</size_low>
			<size_high>1.0</size_high>
			<blendmap_range_low>0.9</blendmap_range_low>
			<blendmap_range_high>1.1</blendmap_range_high>
			<blendmap_range_falloff>0.0</blendmap_range_falloff>
			<height_low>-5000</height_low>
			<height_high>5000</height_high>
			<height_falloff>10000</height_falloff>
			<humidities>
				<humidity>arid</humidity>
				<humidity>humid</humidity>
			</humidities>
			<categories>
				<category>grn_badlands</category>					
				</categories>
			<probability>0.2</probability>
			<minimum_seperation>10</minimum_seperation>
			<enable_debug_lines>false</enable_debug_lines>
			<debug_lines_red>1.0</debug_lines_red>
			<debug_lines_green>0.65</debug_lines_green>	
			<debug_lines_blue>0.90</debug_lines_blue>
		</prop>		
		<prop>
			<model></model>  <!--empty_space-->
			<size_low>0.7</size_low>
			<size_high>1.0</size_high>
			<blendmap_range_low>0.9</blendmap_range_low>
			<blendmap_range_high>1.1</blendmap_range_high>
			<blendmap_range_falloff>0.0</blendmap_range_falloff>
			<height_low>-5000</height_low>
			<height_high>5000</height_high>
			<height_falloff>10000</height_falloff>
			<humidities>
				<humidity>arid</humidity>
				<humidity>humid</humidity>
			</humidities>
			<categories>
				<category>grn_badlands</category>					
				</categories>
			<probability>0.2</probability>
			<minimum_seperation>20</minimum_seperation>
			<enable_debug_lines>false</enable_debug_lines>
			<debug_lines_red>1.0</debug_lines_red>
			<debug_lines_green>0.65</debug_lines_green>	
			<debug_lines_blue>0.90</debug_lines_blue>
		</prop>		
		<prop>
			<model></model>  <!--empty_space-->
			<size_low>0.7</size_low>
			<size_high>1.0</size_high>
			<blendmap_range_low>0.9</blendmap_range_low>
			<blendmap_range_high>1.1</blendmap_range_high>
			<blendmap_range_falloff>0.0</blendmap_range_falloff>
			<height_low>-5000</height_low>
			<height_high>5000</height_high>
			<height_falloff>10000</height_falloff>
			<humidities>
				<humidity>arid</humidity>
				<humidity>humid</humidity>
			</humidities>
			<categories>
				<category>grn_badlands</category>					
				</categories>
			<probability>0.2</probability>
			<minimum_seperation>24</minimum_seperation>
			<enable_debug_lines>false</enable_debug_lines>
			<debug_lines_red>1.0</debug_lines_red>
			<debug_lines_green>0.65</debug_lines_green>	
			<debug_lines_blue>0.90</debug_lines_blue>
		</prop>		
		<prop>
			<model></model>  <!--empty_space-->
			<size_low>0.7</size_low>
			<size_high>1.0</size_high>
			<blendmap_range_low>0.9</blendmap_range_low>
			<blendmap_range_high>1.1</blendmap_range_high>
			<blendmap_range_falloff>0.0</blendmap_range_falloff>
			<height_low>-5000</height_low>
			<height_high>5000</height_high>
			<height_falloff>10000</height_falloff>
			<humidities>
				<humidity>arid</humidity>
				<humidity>humid</humidity>
			</humidities>
			<categories>
				<category>grn_badlands</category>					
				</categories>
			<probability>0.2</probability>
			<minimum_seperation>28</minimum_seperation>
			<enable_debug_lines>false</enable_debug_lines>
			<debug_lines_red>1.0</debug_lines_red>
			<debug_lines_green>0.65</debug_lines_green>	
			<debug_lines_blue>0.90</debug_lines_blue>
		</prop>		
	</group>		

</trees>