<?xml version="1.0" encoding="UTF-8"?>
<trees>

<!-- INNER 0.9 # 1.0 #########################################################################################################-->
<!--##########################################################################################################################-->
<!--##########################################################################################################################-->
<!--group#-->
	<group group_name="wetshrub_inner_grnmudblend01">
		<texture>mud01</texture>		
		<texture_for_probability>mud01</texture_for_probability>
		<group_channel_range_low>0.9</group_channel_range_low>	
		<group_channel_range_high>1.1</group_channel_range_high>
		<group_channel_range_falloff>0.0</group_channel_range_falloff>
		<height_range_low>-5000</height_range_low>
		<height_range_high>5000</height_range_high>		
		<height_range_falloff>10000</height_range_falloff>			
		<probability>0.1</probability>					
		<grouping_probability>0.1</grouping_probability>		
		<grouping_radius>3.0</grouping_radius>				
		<tree>
			<model>trees\wh_grn_shrub_a\shrub_bush_02_a</model>
			<size_low>0.8</size_low>				
			<size_high>1.3</size_high>				
			<blendmap_range_low>0.9</blendmap_range_low>	
			<blendmap_range_high>1.1</blendmap_range_high>
			<blendmap_range_falloff>0.0</blendmap_range_falloff>
			<height_low>-5000</height_low>
			<height_high>5000</height_high>
			<height_falloff>0</height_falloff>			
			<humidities>						
				<humidity>arid</humidity>
				<humidity>humid</humidity>
			</humidities>
			<categories>						
				<category>grn_badlands</category>					
			</categories>
			<probability>0.167</probability>				
			<minimum_seperation>0.5</minimum_seperation>		
			<enable_debug_lines>false</enable_debug_lines>		
			<debug_lines_red>1.0</debug_lines_red>
			<debug_lines_green>0.65</debug_lines_green>	
			<debug_lines_blue>0.90</debug_lines_blue>
		</tree>
		<tree>
			<model>trees\wh_grn_shrub_a\shrub_bush_02_b</model>
			<size_low>0.8</size_low>				
			<size_high>1.3</size_high>				
			<blendmap_range_low>0.9</blendmap_range_low>	
			<blendmap_range_high>1.1</blendmap_range_high>
			<blendmap_range_falloff>0.0</blendmap_range_falloff>
			<height_low>-5000</height_low>
			<height_high>5000</height_high>
			<height_falloff>0</height_falloff>			
			<humidities>						
				<humidity>arid</humidity>
				<humidity>humid</humidity>
			</humidities>
			<categories>						
				<category>grn_badlands</category>					
			</categories>
			<probability>0.167</probability>				
			<minimum_seperation>0.5</minimum_seperation>		
			<enable_debug_lines>false</enable_debug_lines>		
			<debug_lines_red>1.0</debug_lines_red>
			<debug_lines_green>0.65</debug_lines_green>	
			<debug_lines_blue>0.90</debug_lines_blue>
		</tree>
		<tree>
			<model>trees\wh_grn_shrub_a\shrub_bush_02_c</model>
			<size_low>0.8</size_low>				
			<size_high>1.3</size_high>				
			<blendmap_range_low>0.9</blendmap_range_low>	
			<blendmap_range_high>1.1</blendmap_range_high>
			<blendmap_range_falloff>0.0</blendmap_range_falloff>
			<height_low>-5000</height_low>
			<height_high>5000</height_high>
			<height_falloff>0</height_falloff>			
			<humidities>						
				<humidity>arid</humidity>
				<humidity>humid</humidity>
			</humidities>
			<categories>						
				<category>grn_badlands</category>					
			</categories>
			<probability>0.167</probability>				
			<minimum_seperation>0.5</minimum_seperation>		
			<enable_debug_lines>false</enable_debug_lines>		
			<debug_lines_red>1.0</debug_lines_red>
			<debug_lines_green>0.65</debug_lines_green>	
			<debug_lines_blue>0.90</debug_lines_blue>
		</tree>		
		<tree>
			<model>trees\wh_grn_shrub_a\shrub_bush_03_a</model>
			<size_low>0.8</size_low>				
			<size_high>1.3</size_high>				
			<blendmap_range_low>0.9</blendmap_range_low>	
			<blendmap_range_high>1.1</blendmap_range_high>
			<blendmap_range_falloff>0.0</blendmap_range_falloff>
			<height_low>-5000</height_low>
			<height_high>5000</height_high>
			<height_falloff>0</height_falloff>			
			<humidities>						
				<humidity>arid</humidity>
				<humidity>humid</humidity>
			</humidities>
			<categories>						
				<category>grn_badlands</category>					
			</categories>
			<probability>0.167</probability>				
			<minimum_seperation>0.5</minimum_seperation>		
			<enable_debug_lines>false</enable_debug_lines>		
			<debug_lines_red>1.0</debug_lines_red>
			<debug_lines_green>0.65</debug_lines_green>	
			<debug_lines_blue>0.90</debug_lines_blue>
		</tree>
		<tree>
			<model>trees\wh_grn_shrub_a\shrub_bush_03_b</model>
			<size_low>0.8</size_low>				
			<size_high>1.3</size_high>				
			<blendmap_range_low>0.9</blendmap_range_low>	
			<blendmap_range_high>1.1</blendmap_range_high>
			<blendmap_range_falloff>0.0</blendmap_range_falloff>
			<height_low>-5000</height_low>
			<height_high>5000</height_high>
			<height_falloff>0</height_falloff>			
			<humidities>						
				<humidity>arid</humidity>
				<humidity>humid</humidity>
			</humidities>
			<categories>						
				<category>grn_badlands</category>					
			</categories>
			<probability>0.167</probability>				
			<minimum_seperation>0.5</minimum_seperation>		
			<enable_debug_lines>false</enable_debug_lines>		
			<debug_lines_red>1.0</debug_lines_red>
			<debug_lines_green>0.65</debug_lines_green>	
			<debug_lines_blue>0.90</debug_lines_blue>
		</tree>		
		<tree>
			<model>trees\wh_grn_shrub_a\shrub_bush_03_c</model>
			<size_low>0.8</size_low>				
			<size_high>1.3</size_high>				
			<blendmap_range_low>0.9</blendmap_range_low>	
			<blendmap_range_high>1.1</blendmap_range_high>
			<blendmap_range_falloff>0.0</blendmap_range_falloff>
			<height_low>-5000</height_low>
			<height_high>5000</height_high>
			<height_falloff>0</height_falloff>			
			<humidities>						
				<humidity>arid</humidity>
				<humidity>humid</humidity>
			</humidities>
			<categories>						
				<category>grn_badlands</category>					
			</categories>
			<probability>0.167</probability>				
			<minimum_seperation>0.5</minimum_seperation>		
			<enable_debug_lines>false</enable_debug_lines>		
			<debug_lines_red>1.0</debug_lines_red>
			<debug_lines_green>0.65</debug_lines_green>	
			<debug_lines_blue>0.90</debug_lines_blue>
		</tree>
	</group>	
<!--group#-->
	<group group_name="wetmushrooms_inner_grnmudblend01">
		<texture>mud01</texture>		
		<texture_for_probability>mud01</texture_for_probability>
		<group_channel_range_low>0.9</group_channel_range_low>	
		<group_channel_range_high>1.1</group_channel_range_high>
		<group_channel_range_falloff>0.0</group_channel_range_falloff>
		<height_range_low>-5000</height_range_low>
		<height_range_high>5000</height_range_high>		
		<height_range_falloff>10000</height_range_falloff>			
		<probability>0.1</probability>					
		<grouping_probability>0.1</grouping_probability>		
		<grouping_radius>3.0</grouping_radius>				

		<prop>
			<model>Buildings\waxcap_mushrooms_a\waxcap_mushrooms_a_piece01_destruct01</model>
			<size_low>0.8</size_low>				
			<size_high>1.3</size_high>				
			<blendmap_range_low>0.9</blendmap_range_low>	
			<blendmap_range_high>1.1</blendmap_range_high>
			<blendmap_range_falloff>0.0</blendmap_range_falloff>
			<height_low>-5000</height_low>
			<height_high>5000</height_high>
			<height_falloff>0</height_falloff>			
			<humidities>						
				<humidity>arid</humidity>
				<humidity>humid</humidity>
			</humidities>
			<categories>						
				<category>grn_badlands</category>					
			</categories>
			<probability>0.167</probability>				
			<minimum_seperation>0.5</minimum_seperation>		
			<enable_debug_lines>false</enable_debug_lines>		
			<debug_lines_red>1.0</debug_lines_red>
			<debug_lines_green>0.65</debug_lines_green>	
			<debug_lines_blue>0.90</debug_lines_blue>
		</prop>
		<prop>
			<model>Buildings\waxcap_mushrooms_b\waxcap_mushrooms_b_piece01_destruct01</model>
			<size_low>0.8</size_low>				
			<size_high>1.3</size_high>				
			<blendmap_range_low>0.9</blendmap_range_low>	
			<blendmap_range_high>1.1</blendmap_range_high>
			<blendmap_range_falloff>0.0</blendmap_range_falloff>
			<height_low>-5000</height_low>
			<height_high>5000</height_high>
			<height_falloff>0</height_falloff>			
			<humidities>						
				<humidity>arid</humidity>
				<humidity>humid</humidity>
			</humidities>
			<categories>						
				<category>grn_badlands</category>					
			</categories>
			<probability>0.167</probability>				
			<minimum_seperation>0.5</minimum_seperation>		
			<enable_debug_lines>false</enable_debug_lines>		
			<debug_lines_red>1.0</debug_lines_red>
			<debug_lines_green>0.65</debug_lines_green>	
			<debug_lines_blue>0.90</debug_lines_blue>
		</prop>
		<prop>
			<model>Buildings\waxcap_mushrooms_c\waxcap_mushrooms_c_piece01_destruct01</model>
			<size_low>0.8</size_low>				
			<size_high>1.3</size_high>				
			<blendmap_range_low>0.9</blendmap_range_low>	
			<blendmap_range_high>1.1</blendmap_range_high>
			<blendmap_range_falloff>0.0</blendmap_range_falloff>
			<height_low>-5000</height_low>
			<height_high>5000</height_high>
			<height_falloff>0</height_falloff>			
			<humidities>						
				<humidity>arid</humidity>
				<humidity>humid</humidity>
			</humidities>
			<categories>						
				<category>grn_badlands</category>					
			</categories>
			<probability>0.167</probability>				
			<minimum_seperation>0.5</minimum_seperation>		
			<enable_debug_lines>false</enable_debug_lines>		
			<debug_lines_red>1.0</debug_lines_red>
			<debug_lines_green>0.65</debug_lines_green>	
			<debug_lines_blue>0.90</debug_lines_blue>
		</prop>		
		<prop>
			<model>Buildings\funnel_mushrooms_a\funnel_mushrooms_a_piece01_destruct01</model>
			<size_low>0.8</size_low>				
			<size_high>1.3</size_high>				
			<blendmap_range_low>0.9</blendmap_range_low>	
			<blendmap_range_high>1.1</blendmap_range_high>
			<blendmap_range_falloff>0.0</blendmap_range_falloff>
			<height_low>-5000</height_low>
			<height_high>5000</height_high>
			<height_falloff>0</height_falloff>			
			<humidities>						
				<humidity>arid</humidity>
				<humidity>humid</humidity>
			</humidities>
			<categories>						
				<category>grn_badlands</category>					
			</categories>
			<probability>0.167</probability>				
			<minimum_seperation>0.5</minimum_seperation>		
			<enable_debug_lines>false</enable_debug_lines>		
			<debug_lines_red>1.0</debug_lines_red>
			<debug_lines_green>0.65</debug_lines_green>	
			<debug_lines_blue>0.90</debug_lines_blue>
		</prop>
		<prop>
			<model>Buildings\funnel_mushrooms_b\funnel_mushrooms_b_piece01_destruct01</model>
			<size_low>0.8</size_low>				
			<size_high>1.3</size_high>				
			<blendmap_range_low>0.9</blendmap_range_low>	
			<blendmap_range_high>1.1</blendmap_range_high>
			<blendmap_range_falloff>0.0</blendmap_range_falloff>
			<height_low>-5000</height_low>
			<height_high>5000</height_high>
			<height_falloff>0</height_falloff>			
			<humidities>						
				<humidity>arid</humidity>
				<humidity>humid</humidity>
			</humidities>
			<categories>						
				<category>grn_badlands</category>					
			</categories>
			<probability>0.167</probability>				
			<minimum_seperation>0.5</minimum_seperation>		
			<enable_debug_lines>false</enable_debug_lines>		
			<debug_lines_red>1.0</debug_lines_red>
			<debug_lines_green>0.65</debug_lines_green>	
			<debug_lines_blue>0.90</debug_lines_blue>
		</prop>		
		<prop>
			<model>Buildings\funnel_mushrooms_c\funnel_mushrooms_c_piece01_destruct01</model>
			<size_low>0.8</size_low>				
			<size_high>1.3</size_high>				
			<blendmap_range_low>0.9</blendmap_range_low>	
			<blendmap_range_high>1.1</blendmap_range_high>
			<blendmap_range_falloff>0.0</blendmap_range_falloff>
			<height_low>-5000</height_low>
			<height_high>5000</height_high>
			<height_falloff>0</height_falloff>			
			<humidities>						
				<humidity>arid</humidity>
				<humidity>humid</humidity>
			</humidities>
			<categories>						
				<category>grn_badlands</category>					
			</categories>
			<probability>0.167</probability>				
			<minimum_seperation>0.5</minimum_seperation>		
			<enable_debug_lines>false</enable_debug_lines>		
			<debug_lines_red>1.0</debug_lines_red>
			<debug_lines_green>0.65</debug_lines_green>	
			<debug_lines_blue>0.90</debug_lines_blue>
		</prop>
	</group>	
<!--group#-->
	<group group_name="space_inner_grnmudblend01">
		<texture>mud01</texture>	
		<texture_for_probability>mud01</texture_for_probability>
		<group_channel_range_low>0.9</group_channel_range_low>	
		<group_channel_range_high>1.1</group_channel_range_high>	
		<group_channel_range_falloff>0.0</group_channel_range_falloff>
		<height_range_low>-5000</height_range_low>		
		<height_range_high>5000</height_range_high>	
		<height_range_falloff>10000</height_range_falloff>	
		<probability>0.8</probability>	
		<grouping_probability>0.8</grouping_probability>	
		<grouping_radius>3.0</grouping_radius>	
	
		<prop>
			<model></model> <!--empty_space-->
			<size_low>0.8</size_low>
			<size_high>1.0</size_high>
			<blendmap_range_low>0.9</blendmap_range_low>
			<blendmap_range_high>1.1</blendmap_range_high>
			<blendmap_range_falloff>0.0</blendmap_range_falloff>
			<height_low>-5000</height_low>
			<height_high>5000</height_high>
			<height_falloff>10000</height_falloff>
			<humidities>
				<humidity>arid</humidity>
				<humidity>humid</humidity>
			</humidities>
			<categories>
				<category>grn_badlands</category>					
				</categories>
			<probability>0.2</probability>
			<minimum_seperation>4</minimum_seperation>
			<enable_debug_lines>false</enable_debug_lines>
			<debug_lines_red>1.0</debug_lines_red>
			<debug_lines_green>0.65</debug_lines_green>	
			<debug_lines_blue>0.90</debug_lines_blue>
		</prop>			
		<prop>
			<model></model>  <!--empty_space-->
			<size_low>0.7</size_low>
			<size_high>1.0</size_high>
			<blendmap_range_low>0.9</blendmap_range_low>
			<blendmap_range_high>1.1</blendmap_range_high>
			<blendmap_range_falloff>0.0</blendmap_range_falloff>
			<height_low>-5000</height_low>
			<height_high>5000</height_high>
			<height_falloff>10000</height_falloff>
			<humidities>
				<humidity>arid</humidity>
				<humidity>humid</humidity>
			</humidities>
			<categories>
				<category>grn_badlands</category>					
				</categories>
			<probability>0.2</probability>
			<minimum_seperation>5</minimum_seperation>
			<enable_debug_lines>false</enable_debug_lines>
			<debug_lines_red>1.0</debug_lines_red>
			<debug_lines_green>0.65</debug_lines_green>	
			<debug_lines_blue>0.90</debug_lines_blue>
		</prop>		
		<prop>
			<model></model>  <!--empty_space-->
			<size_low>0.7</size_low>
			<size_high>1.0</size_high>
			<blendmap_range_low>0.9</blendmap_range_low>
			<blendmap_range_high>1.1</blendmap_range_high>
			<blendmap_range_falloff>0.0</blendmap_range_falloff>
			<height_low>-5000</height_low>
			<height_high>5000</height_high>
			<height_falloff>10000</height_falloff>
			<humidities>
				<humidity>arid</humidity>
				<humidity>humid</humidity>
			</humidities>
			<categories>
				<category>grn_badlands</category>					
				</categories>
			<probability>0.2</probability>
			<minimum_seperation>10</minimum_seperation>
			<enable_debug_lines>false</enable_debug_lines>
			<debug_lines_red>1.0</debug_lines_red>
			<debug_lines_green>0.65</debug_lines_green>	
			<debug_lines_blue>0.90</debug_lines_blue>
		</prop>		
		<prop>
			<model></model>  <!--empty_space-->
			<size_low>0.7</size_low>
			<size_high>1.0</size_high>
			<blendmap_range_low>0.9</blendmap_range_low>
			<blendmap_range_high>1.1</blendmap_range_high>
			<blendmap_range_falloff>0.0</blendmap_range_falloff>
			<height_low>-5000</height_low>
			<height_high>5000</height_high>
			<height_falloff>10000</height_falloff>
			<humidities>
				<humidity>arid</humidity>
				<humidity>humid</humidity>
			</humidities>
			<categories>
				<category>grn_badlands</category>					
				</categories>
			<probability>0.2</probability>
			<minimum_seperation>12</minimum_seperation>
			<enable_debug_lines>false</enable_debug_lines>
			<debug_lines_red>1.0</debug_lines_red>
			<debug_lines_green>0.65</debug_lines_green>	
			<debug_lines_blue>0.90</debug_lines_blue>
		</prop>		
		<prop>
			<model></model>  <!--empty_space-->
			<size_low>0.7</size_low>
			<size_high>1.0</size_high>
			<blendmap_range_low>0.9</blendmap_range_low>
			<blendmap_range_high>1.1</blendmap_range_high>
			<blendmap_range_falloff>0.0</blendmap_range_falloff>
			<height_low>-5000</height_low>
			<height_high>5000</height_high>
			<height_falloff>10000</height_falloff>
			<humidities>
				<humidity>arid</humidity>
				<humidity>humid</humidity>
			</humidities>
			<categories>
				<category>grn_badlands</category>					
				</categories>
			<probability>0.2</probability>
			<minimum_seperation>14</minimum_seperation>
			<enable_debug_lines>false</enable_debug_lines>
			<debug_lines_red>1.0</debug_lines_red>
			<debug_lines_green>0.65</debug_lines_green>	
			<debug_lines_blue>0.90</debug_lines_blue>
		</prop>		
	</group>		
<!-- MIDDLE 0.7 # 0.9 #########################################################################################################-->
<!--##########################################################################################################################-->
<!--##########################################################################################################################-->
<!--group#-->
	<group group_name="wetshrub_middle_grnmudblend01">
		<texture>mud01</texture>		
		<texture_for_probability>mud01</texture_for_probability>
		<group_channel_range_low>0.7</group_channel_range_low>	
		<group_channel_range_high>0.9</group_channel_range_high>
		<group_channel_range_falloff>0.0</group_channel_range_falloff>
		<height_range_low>-5000</height_range_low>
		<height_range_high>5000</height_range_high>		
		<height_range_falloff>10000</height_range_falloff>			
		<probability>0.1</probability>					
		<grouping_probability>0.1</grouping_probability>		
		<grouping_radius>3.0</grouping_radius>				
		<tree>
			<model>trees\wh_grn_shrub_a\shrub_bush_02_a</model>
			<size_low>0.8</size_low>				
			<size_high>1.3</size_high>				
			<blendmap_range_low>0.7</blendmap_range_low>	
			<blendmap_range_high>0.9</blendmap_range_high>
			<blendmap_range_falloff>0.0</blendmap_range_falloff>
			<height_low>-5000</height_low>
			<height_high>5000</height_high>
			<height_falloff>0</height_falloff>			
			<humidities>						
				<humidity>arid</humidity>
				<humidity>humid</humidity>
			</humidities>
			<categories>						
				<category>grn_badlands</category>					
			</categories>
			<probability>0.167</probability>				
			<minimum_seperation>0.5</minimum_seperation>		
			<enable_debug_lines>false</enable_debug_lines>		
			<debug_lines_red>1.0</debug_lines_red>
			<debug_lines_green>0.65</debug_lines_green>	
			<debug_lines_blue>0.90</debug_lines_blue>
		</tree>
		<tree>
			<model>trees\wh_grn_shrub_a\shrub_bush_02_b</model>
			<size_low>0.8</size_low>				
			<size_high>1.3</size_high>				
			<blendmap_range_low>0.7</blendmap_range_low>	
			<blendmap_range_high>0.9</blendmap_range_high>
			<blendmap_range_falloff>0.0</blendmap_range_falloff>
			<height_low>-5000</height_low>
			<height_high>5000</height_high>
			<height_falloff>0</height_falloff>			
			<humidities>						
				<humidity>arid</humidity>
				<humidity>humid</humidity>
			</humidities>
			<categories>						
				<category>grn_badlands</category>					
			</categories>
			<probability>0.167</probability>				
			<minimum_seperation>0.5</minimum_seperation>		
			<enable_debug_lines>false</enable_debug_lines>		
			<debug_lines_red>1.0</debug_lines_red>
			<debug_lines_green>0.65</debug_lines_green>	
			<debug_lines_blue>0.90</debug_lines_blue>
		</tree>
		<tree>
			<model>trees\wh_grn_shrub_a\shrub_bush_02_c</model>
			<size_low>0.8</size_low>				
			<size_high>1.3</size_high>				
			<blendmap_range_low>0.7</blendmap_range_low>	
			<blendmap_range_high>0.9</blendmap_range_high>
			<blendmap_range_falloff>0.0</blendmap_range_falloff>
			<height_low>-5000</height_low>
			<height_high>5000</height_high>
			<height_falloff>0</height_falloff>			
			<humidities>						
				<humidity>arid</humidity>
				<humidity>humid</humidity>
			</humidities>
			<categories>						
				<category>grn_badlands</category>					
			</categories>
			<probability>0.167</probability>				
			<minimum_seperation>0.5</minimum_seperation>		
			<enable_debug_lines>false</enable_debug_lines>		
			<debug_lines_red>1.0</debug_lines_red>
			<debug_lines_green>0.65</debug_lines_green>	
			<debug_lines_blue>0.90</debug_lines_blue>
		</tree>		
		<tree>
			<model>trees\wh_grn_shrub_a\shrub_bush_03_a</model>
			<size_low>0.8</size_low>				
			<size_high>1.3</size_high>				
			<blendmap_range_low>0.7</blendmap_range_low>	
			<blendmap_range_high>0.9</blendmap_range_high>
			<blendmap_range_falloff>0.0</blendmap_range_falloff>
			<height_low>-5000</height_low>
			<height_high>5000</height_high>
			<height_falloff>0</height_falloff>			
			<humidities>						
				<humidity>arid</humidity>
				<humidity>humid</humidity>
			</humidities>
			<categories>						
				<category>grn_badlands</category>					
			</categories>
			<probability>0.167</probability>				
			<minimum_seperation>0.5</minimum_seperation>		
			<enable_debug_lines>false</enable_debug_lines>		
			<debug_lines_red>1.0</debug_lines_red>
			<debug_lines_green>0.65</debug_lines_green>	
			<debug_lines_blue>0.90</debug_lines_blue>
		</tree>
		<tree>
			<model>trees\wh_grn_shrub_a\shrub_bush_03_b</model>
			<size_low>0.8</size_low>				
			<size_high>1.3</size_high>				
			<blendmap_range_low>0.7</blendmap_range_low>	
			<blendmap_range_high>0.9</blendmap_range_high>
			<blendmap_range_falloff>0.0</blendmap_range_falloff>
			<height_low>-5000</height_low>
			<height_high>5000</height_high>
			<height_falloff>0</height_falloff>			
			<humidities>						
				<humidity>arid</humidity>
				<humidity>humid</humidity>
			</humidities>
			<categories>						
				<category>grn_badlands</category>					
			</categories>
			<probability>0.167</probability>				
			<minimum_seperation>0.5</minimum_seperation>		
			<enable_debug_lines>false</enable_debug_lines>		
			<debug_lines_red>1.0</debug_lines_red>
			<debug_lines_green>0.65</debug_lines_green>	
			<debug_lines_blue>0.90</debug_lines_blue>
		</tree>		
		<tree>
			<model>trees\wh_grn_shrub_a\shrub_bush_03_c</model>
			<size_low>0.8</size_low>				
			<size_high>1.3</size_high>				
			<blendmap_range_low>0.7</blendmap_range_low>	
			<blendmap_range_high>0.9</blendmap_range_high>
			<blendmap_range_falloff>0.0</blendmap_range_falloff>
			<height_low>-5000</height_low>
			<height_high>5000</height_high>
			<height_falloff>0</height_falloff>			
			<humidities>						
				<humidity>arid</humidity>
				<humidity>humid</humidity>
			</humidities>
			<categories>						
				<category>grn_badlands</category>					
			</categories>
			<probability>0.167</probability>				
			<minimum_seperation>0.5</minimum_seperation>		
			<enable_debug_lines>false</enable_debug_lines>		
			<debug_lines_red>1.0</debug_lines_red>
			<debug_lines_green>0.65</debug_lines_green>	
			<debug_lines_blue>0.90</debug_lines_blue>
		</tree>
	</group>	
<!--group#-->
	<group group_name="wetmushrooms_middle_grnmudblend01">
		<texture>mud01</texture>		
		<texture_for_probability>mud01</texture_for_probability>
		<group_channel_range_low>0.7</group_channel_range_low>	
		<group_channel_range_high>0.9</group_channel_range_high>
		<group_channel_range_falloff>0.0</group_channel_range_falloff>
		<height_range_low>-5000</height_range_low>
		<height_range_high>5000</height_range_high>		
		<height_range_falloff>10000</height_range_falloff>			
		<probability>0.1</probability>					
		<grouping_probability>0.1</grouping_probability>		
		<grouping_radius>3.0</grouping_radius>				
		<prop>
			<model>Buildings\waxcap_mushrooms_a\waxcap_mushrooms_a_piece01_destruct01</model>
			<size_low>0.8</size_low>				
			<size_high>1.3</size_high>				
			<blendmap_range_low>0.7</blendmap_range_low>	
			<blendmap_range_high>0.9</blendmap_range_high>
			<blendmap_range_falloff>0.0</blendmap_range_falloff>
			<height_low>-5000</height_low>
			<height_high>5000</height_high>
			<height_falloff>0</height_falloff>			
			<humidities>						
				<humidity>arid</humidity>
				<humidity>humid</humidity>
			</humidities>
			<categories>						
				<category>grn_badlands</category>					
			</categories>
			<probability>0.167</probability>				
			<minimum_seperation>0.5</minimum_seperation>		
			<enable_debug_lines>false</enable_debug_lines>		
			<debug_lines_red>1.0</debug_lines_red>
			<debug_lines_green>0.65</debug_lines_green>	
			<debug_lines_blue>0.90</debug_lines_blue>
		</prop>
		<prop>
			<model>Buildings\waxcap_mushrooms_b\waxcap_mushrooms_b_piece01_destruct01</model>
			<size_low>0.8</size_low>				
			<size_high>1.3</size_high>				
			<blendmap_range_low>0.7</blendmap_range_low>	
			<blendmap_range_high>0.9</blendmap_range_high>
			<blendmap_range_falloff>0.0</blendmap_range_falloff>
			<height_low>-5000</height_low>
			<height_high>5000</height_high>
			<height_falloff>0</height_falloff>			
			<humidities>						
				<humidity>arid</humidity>
				<humidity>humid</humidity>
			</humidities>
			<categories>						
				<category>grn_badlands</category>					
			</categories>
			<probability>0.167</probability>				
			<minimum_seperation>0.5</minimum_seperation>		
			<enable_debug_lines>false</enable_debug_lines>		
			<debug_lines_red>1.0</debug_lines_red>
			<debug_lines_green>0.65</debug_lines_green>	
			<debug_lines_blue>0.90</debug_lines_blue>
		</prop>
		<prop>
			<model>Buildings\waxcap_mushrooms_c\waxcap_mushrooms_c_piece01_destruct01</model>
			<size_low>0.8</size_low>				
			<size_high>1.3</size_high>				
			<blendmap_range_low>0.7</blendmap_range_low>	
			<blendmap_range_high>0.9</blendmap_range_high>
			<blendmap_range_falloff>0.0</blendmap_range_falloff>
			<height_low>-5000</height_low>
			<height_high>5000</height_high>
			<height_falloff>0</height_falloff>			
			<humidities>						
				<humidity>arid</humidity>
				<humidity>humid</humidity>
			</humidities>
			<categories>						
				<category>grn_badlands</category>					
			</categories>
			<probability>0.167</probability>				
			<minimum_seperation>0.5</minimum_seperation>		
			<enable_debug_lines>false</enable_debug_lines>		
			<debug_lines_red>1.0</debug_lines_red>
			<debug_lines_green>0.65</debug_lines_green>	
			<debug_lines_blue>0.90</debug_lines_blue>
		</prop>		
		<prop>
			<model>Buildings\funnel_mushrooms_a\funnel_mushrooms_a_piece01_destruct01</model>
			<size_low>0.8</size_low>				
			<size_high>1.3</size_high>				
			<blendmap_range_low>0.7</blendmap_range_low>	
			<blendmap_range_high>0.9</blendmap_range_high>
			<blendmap_range_falloff>0.0</blendmap_range_falloff>
			<height_low>-5000</height_low>
			<height_high>5000</height_high>
			<height_falloff>0</height_falloff>			
			<humidities>						
				<humidity>arid</humidity>
				<humidity>humid</humidity>
			</humidities>
			<categories>						
				<category>grn_badlands</category>					
			</categories>
			<probability>0.167</probability>				
			<minimum_seperation>0.5</minimum_seperation>		
			<enable_debug_lines>false</enable_debug_lines>		
			<debug_lines_red>1.0</debug_lines_red>
			<debug_lines_green>0.65</debug_lines_green>	
			<debug_lines_blue>0.90</debug_lines_blue>
		</prop>
		<prop>
			<model>Buildings\funnel_mushrooms_b\funnel_mushrooms_b_piece01_destruct01</model>
			<size_low>0.8</size_low>				
			<size_high>1.3</size_high>				
			<blendmap_range_low>0.7</blendmap_range_low>	
			<blendmap_range_high>0.9</blendmap_range_high>
			<blendmap_range_falloff>0.0</blendmap_range_falloff>
			<height_low>-5000</height_low>
			<height_high>5000</height_high>
			<height_falloff>0</height_falloff>			
			<humidities>						
				<humidity>arid</humidity>
				<humidity>humid</humidity>
			</humidities>
			<categories>						
				<category>grn_badlands</category>					
			</categories>
			<probability>0.167</probability>				
			<minimum_seperation>0.5</minimum_seperation>		
			<enable_debug_lines>false</enable_debug_lines>		
			<debug_lines_red>1.0</debug_lines_red>
			<debug_lines_green>0.65</debug_lines_green>	
			<debug_lines_blue>0.90</debug_lines_blue>
		</prop>		
		<prop>
			<model>Buildings\funnel_mushrooms_c\funnel_mushrooms_c_piece01_destruct01</model>
			<size_low>0.8</size_low>				
			<size_high>1.3</size_high>				
			<blendmap_range_low>0.7</blendmap_range_low>	
			<blendmap_range_high>0.9</blendmap_range_high>
			<blendmap_range_falloff>0.0</blendmap_range_falloff>
			<height_low>-5000</height_low>
			<height_high>5000</height_high>
			<height_falloff>0</height_falloff>			
			<humidities>						
				<humidity>arid</humidity>
				<humidity>humid</humidity>
			</humidities>
			<categories>						
				<category>grn_badlands</category>					
			</categories>
			<probability>0.167</probability>				
			<minimum_seperation>0.5</minimum_seperation>		
			<enable_debug_lines>false</enable_debug_lines>		
			<debug_lines_red>1.0</debug_lines_red>
			<debug_lines_green>0.65</debug_lines_green>	
			<debug_lines_blue>0.90</debug_lines_blue>
		</prop>
	</group>	
<!--group#-->
	<group group_name="space_middle_grnmudblend01">
		<texture>mud01</texture>	
		<texture_for_probability>mud01</texture_for_probability>
		<group_channel_range_low>0.7</group_channel_range_low>	
		<group_channel_range_high>0.9</group_channel_range_high>	
		<group_channel_range_falloff>0.0</group_channel_range_falloff>
		<height_range_low>-5000</height_range_low>		
		<height_range_high>5000</height_range_high>	
		<height_range_falloff>10000</height_range_falloff>	
		<probability>0.8</probability>	
		<grouping_probability>0.8</grouping_probability>	
		<grouping_radius>3.0</grouping_radius>	
	
		<prop>
			<model></model> <!--empty_space-->
			<size_low>0.8</size_low>
			<size_high>1.0</size_high>
			<blendmap_range_low>0.7</blendmap_range_low>
			<blendmap_range_high>0.9</blendmap_range_high>
			<blendmap_range_falloff>0.0</blendmap_range_falloff>
			<height_low>-5000</height_low>
			<height_high>5000</height_high>
			<height_falloff>10000</height_falloff>
			<humidities>
				<humidity>arid</humidity>
				<humidity>humid</humidity>
			</humidities>
			<categories>
				<category>grn_badlands</category>					
				</categories>
			<probability>0.2</probability>
			<minimum_seperation>5</minimum_seperation>
			<enable_debug_lines>false</enable_debug_lines>
			<debug_lines_red>1.0</debug_lines_red>
			<debug_lines_green>0.65</debug_lines_green>	
			<debug_lines_blue>0.90</debug_lines_blue>
		</prop>			
		<prop>
			<model></model>  <!--empty_space-->
			<size_low>0.7</size_low>
			<size_high>1.0</size_high>
			<blendmap_range_low>0.7</blendmap_range_low>
			<blendmap_range_high>0.9</blendmap_range_high>
			<blendmap_range_falloff>0.0</blendmap_range_falloff>
			<height_low>-5000</height_low>
			<height_high>5000</height_high>
			<height_falloff>10000</height_falloff>
			<humidities>
				<humidity>arid</humidity>
				<humidity>humid</humidity>
			</humidities>
			<categories>
				<category>grn_badlands</category>					
				</categories>
			<probability>0.2</probability>
			<minimum_seperation>5</minimum_seperation>
			<enable_debug_lines>false</enable_debug_lines>
			<debug_lines_red>1.0</debug_lines_red>
			<debug_lines_green>0.65</debug_lines_green>	
			<debug_lines_blue>0.90</debug_lines_blue>
		</prop>		
		<prop>
			<model></model>  <!--empty_space-->
			<size_low>0.7</size_low>
			<size_high>1.0</size_high>
			<blendmap_range_low>0.7</blendmap_range_low>
			<blendmap_range_high>0.9</blendmap_range_high>
			<blendmap_range_falloff>0.0</blendmap_range_falloff>
			<height_low>-5000</height_low>
			<height_high>5000</height_high>
			<height_falloff>10000</height_falloff>
			<humidities>
				<humidity>arid</humidity>
				<humidity>humid</humidity>
			</humidities>
			<categories>
				<category>grn_badlands</category>					
				</categories>
			<probability>0.2</probability>
			<minimum_seperation>11</minimum_seperation>
			<enable_debug_lines>false</enable_debug_lines>
			<debug_lines_red>1.0</debug_lines_red>
			<debug_lines_green>0.65</debug_lines_green>	
			<debug_lines_blue>0.90</debug_lines_blue>
		</prop>		
		<prop>
			<model></model>  <!--empty_space-->
			<size_low>0.7</size_low>
			<size_high>1.0</size_high>
			<blendmap_range_low>0.7</blendmap_range_low>
			<blendmap_range_high>0.9</blendmap_range_high>
			<blendmap_range_falloff>0.0</blendmap_range_falloff>
			<height_low>-5000</height_low>
			<height_high>5000</height_high>
			<height_falloff>10000</height_falloff>
			<humidities>
				<humidity>arid</humidity>
				<humidity>humid</humidity>
			</humidities>
			<categories>
				<category>grn_badlands</category>					
				</categories>
			<probability>0.2</probability>
			<minimum_seperation>13</minimum_seperation>
			<enable_debug_lines>false</enable_debug_lines>
			<debug_lines_red>1.0</debug_lines_red>
			<debug_lines_green>0.65</debug_lines_green>	
			<debug_lines_blue>0.90</debug_lines_blue>
		</prop>		
		<prop>
			<model></model>  <!--empty_space-->
			<size_low>0.7</size_low>
			<size_high>1.0</size_high>
			<blendmap_range_low>0.7</blendmap_range_low>
			<blendmap_range_high>0.9</blendmap_range_high>
			<blendmap_range_falloff>0.0</blendmap_range_falloff>
			<height_low>-5000</height_low>
			<height_high>5000</height_high>
			<height_falloff>10000</height_falloff>
			<humidities>
				<humidity>arid</humidity>
				<humidity>humid</humidity>
			</humidities>
			<categories>
				<category>grn_badlands</category>					
				</categories>
			<probability>0.2</probability>
			<minimum_seperation>15</minimum_seperation>
			<enable_debug_lines>false</enable_debug_lines>
			<debug_lines_red>1.0</debug_lines_red>
			<debug_lines_green>0.65</debug_lines_green>	
			<debug_lines_blue>0.90</debug_lines_blue>
		</prop>		
	</group>	
<!-- OUTER 0.5 # 0.7 #########################################################################################################-->
<!--##########################################################################################################################-->
<!--##########################################################################################################################-->

</trees>