<?xml version="1.0" encoding="UTF-8"?>
<trees>

<!-- INNER 0.9 # 1.0 #########################################################################################################-->
<!--##########################################################################################################################-->
<!--##########################################################################################################################-->
	<group group_name="badlandstree_inner_grnforestblend01">
		<texture>forest01</texture>	
		<texture_for_probability>forest01</texture_for_probability>
		<group_channel_range_low>0.9</group_channel_range_low>	
		<group_channel_range_high>1.1</group_channel_range_high>	
		<group_channel_range_falloff>0.0</group_channel_range_falloff>	
		<height_range_low>-5000</height_range_low>	
		<height_range_high>5000</height_range_high>	
		<height_range_falloff>10000</height_range_falloff>	
		<probability>0.079</probability>
		<grouping_probability>0.5</grouping_probability>	
		<grouping_radius>6</grouping_radius>	

		<tree> 		
			<model>trees\wh_badlands_dragonblood\grn_dragonblood_a</model>
			<size_low>0.7</size_low>			
			<size_high>1.1</size_high>				
			<blendmap_range_low>0.9</blendmap_range_low>
			<blendmap_range_high>1</blendmap_range_high>
			<blendmap_range_falloff>0.0</blendmap_range_falloff>
			<height_low>-5000</height_low>
			<height_high>5000</height_high>
			<height_falloff>0</height_falloff>			
			<humidities>						
				<humidity>arid</humidity>
				<humidity>humid</humidity>
			</humidities>
			<categories>						
				<category>grn_badlands</category>					
			</categories>
			<probability>0.2</probability>				
			<minimum_seperation>6</minimum_seperation>		
			<enable_debug_lines>false</enable_debug_lines>
			<debug_lines_red>1.0</debug_lines_red>
			<debug_lines_green>0.65</debug_lines_green>	
			<debug_lines_blue>0.90</debug_lines_blue>
		</tree>	
		<tree> 		
			<model>trees\wh_badlands_dragonblood\grn_dragonblood_b</model>
			<size_low>0.7</size_low>	
			<size_high>1.1</size_high>	
			<blendmap_range_low>0.9</blendmap_range_low>	
			<blendmap_range_high>1</blendmap_range_high>
			<blendmap_range_falloff>0.0</blendmap_range_falloff>
			<height_low>-5000</height_low>
			<height_high>5000</height_high>
			<height_falloff>0</height_falloff>		
			<humidities>	
				<humidity>arid</humidity>
				<humidity>humid</humidity>
			</humidities>
			<categories>		
				<category>grn_badlands</category>					
			</categories>
			<probability>0.2</probability>	
			<minimum_seperation>5.8</minimum_seperation>
			<enable_debug_lines>false</enable_debug_lines>
			<debug_lines_red>1.0</debug_lines_red>
			<debug_lines_green>0.65</debug_lines_green>	
			<debug_lines_blue>0.90</debug_lines_blue>
		</tree>
		<tree> 			
			<model>trees\wh_badlands_dragonblood\grn_dragonblood_c</model>	
			<size_low>0.7</size_low>	
			<size_high>1.1</size_high>	
			<blendmap_range_low>0.9</blendmap_range_low>	
			<blendmap_range_high>1</blendmap_range_high>
			<blendmap_range_falloff>0.0</blendmap_range_falloff>
			<height_low>-5000</height_low>
			<height_high>5000</height_high>
			<height_falloff>0</height_falloff>
			<humidities>	
				<humidity>arid</humidity>
				<humidity>humid</humidity>
			</humidities>
			<categories>		
				<category>grn_badlands</category>					
			</categories>
			<probability>0.2</probability>			
			<minimum_seperation>5.6</minimum_seperation>
			<enable_debug_lines>false</enable_debug_lines>
			<debug_lines_red>1.0</debug_lines_red>
			<debug_lines_green>0.65</debug_lines_green>	
			<debug_lines_blue>0.90</debug_lines_blue>
		</tree>		
		<tree> 			
			<model>trees\wh_badlands_dragonblood\grn_dragonblood_d</model>	
			<size_low>0.7</size_low>	
			<size_high>1.1</size_high>
			<blendmap_range_low>0.9</blendmap_range_low>
			<blendmap_range_high>1</blendmap_range_high>
			<blendmap_range_falloff>0.0</blendmap_range_falloff>
			<height_low>-5000</height_low>
			<height_high>5000</height_high>
			<height_falloff>0</height_falloff>	
			<humidities>			
				<humidity>arid</humidity>
				<humidity>humid</humidity>
			</humidities>
			<categories>	
				<category>grn_badlands</category>					
			</categories>
			<probability>0.2</probability>	
			<minimum_seperation>5.4</minimum_seperation>
			<enable_debug_lines>false</enable_debug_lines>	
			<debug_lines_red>1.0</debug_lines_red>
			<debug_lines_green>0.65</debug_lines_green>	
			<debug_lines_blue>0.90</debug_lines_blue>
		</tree>
		<tree> 	
			<model>trees\wh_badlands_dragonblood\grn_dragonblood_e</model>	
			<size_low>0.7</size_low>	
			<size_high>1.1</size_high>	
			<blendmap_range_low>0.9</blendmap_range_low>	
			<blendmap_range_high>1</blendmap_range_high>
			<blendmap_range_falloff>0.0</blendmap_range_falloff>
			<height_low>-5000</height_low>
			<height_high>5000</height_high>
			<height_falloff>0</height_falloff>		
			<humidities>		
				<humidity>arid</humidity>
				<humidity>humid</humidity>
			</humidities>
			<categories>	
				<category>grn_badlands</category>					
			</categories>
			<probability>0.2</probability>		
			<minimum_seperation>5</minimum_seperation>	
			<enable_debug_lines>false</enable_debug_lines>
			<debug_lines_red>1.0</debug_lines_red>
			<debug_lines_green>0.65</debug_lines_green>	
			<debug_lines_blue>0.90</debug_lines_blue>
		</tree>			
	</group>
<!--group#-->	
	<group group_name="badlandstree_lone_inner_grnforestblend01">
		<texture>forest01</texture>	
		<texture_for_probability>forest01</texture_for_probability>
		<group_channel_range_low>0.9</group_channel_range_low>	
		<group_channel_range_high>1.1</group_channel_range_high>	
		<group_channel_range_falloff>0.0</group_channel_range_falloff>	
		<height_range_low>-5000</height_range_low>	
		<height_range_high>5000</height_range_high>	
		<height_range_falloff>10000</height_range_falloff>	
		<probability>0.001</probability>
		<grouping_probability>0.0</grouping_probability>	
		<grouping_radius>0</grouping_radius>	

		<tree> 		
			<model>trees\wh_badlands_dragonblood\grn_dragonblood_a_bespoke</model>
			<size_low>0.7</size_low>			
			<size_high>1.1</size_high>				
			<blendmap_range_low>0.9</blendmap_range_low>
			<blendmap_range_high>1</blendmap_range_high>
			<blendmap_range_falloff>0.0</blendmap_range_falloff>
			<height_low>-5000</height_low>
			<height_high>5000</height_high>
			<height_falloff>0</height_falloff>			
			<humidities>						
				<humidity>arid</humidity>
				<humidity>humid</humidity>
			</humidities>
			<categories>						
				<category>grn_badlands</category>					
			</categories>
			<probability>0.34</probability>				
			<minimum_seperation>6</minimum_seperation>		
			<enable_debug_lines>false</enable_debug_lines>
			<debug_lines_red>1.0</debug_lines_red>
			<debug_lines_green>0.65</debug_lines_green>	
			<debug_lines_blue>0.90</debug_lines_blue>
		</tree>	
		<tree> 		
			<model>trees\wh_badlands_dragonblood\grn_dragonblood_b_bespoke</model>
			<size_low>0.7</size_low>	
			<size_high>1.1</size_high>	
			<blendmap_range_low>0.9</blendmap_range_low>	
			<blendmap_range_high>1</blendmap_range_high>
			<blendmap_range_falloff>0.0</blendmap_range_falloff>
			<height_low>-5000</height_low>
			<height_high>5000</height_high>
			<height_falloff>0</height_falloff>		
			<humidities>	
				<humidity>arid</humidity>
				<humidity>humid</humidity>
			</humidities>
			<categories>		
				<category>grn_badlands</category>					
			</categories>
			<probability>0.33</probability>	
			<minimum_seperation>6</minimum_seperation>
			<enable_debug_lines>false</enable_debug_lines>
			<debug_lines_red>1.0</debug_lines_red>
			<debug_lines_green>0.65</debug_lines_green>	
			<debug_lines_blue>0.90</debug_lines_blue>
		</tree>
		<tree> 			
			<model>trees\wh_badlands_dragonblood\grn_dragonblood_c_bespoke</model>	
			<size_low>0.7</size_low>	
			<size_high>1.1</size_high>	
			<blendmap_range_low>0.9</blendmap_range_low>	
			<blendmap_range_high>1</blendmap_range_high>
			<blendmap_range_falloff>0.0</blendmap_range_falloff>
			<height_low>-5000</height_low>
			<height_high>5000</height_high>
			<height_falloff>0</height_falloff>
			<humidities>	
				<humidity>arid</humidity>
				<humidity>humid</humidity>
			</humidities>
			<categories>		
				<category>grn_badlands</category>					
			</categories>
			<probability>0.33</probability>			
			<minimum_seperation>6</minimum_seperation>
			<enable_debug_lines>false</enable_debug_lines>
			<debug_lines_red>1.0</debug_lines_red>
			<debug_lines_green>0.65</debug_lines_green>	
			<debug_lines_blue>0.90</debug_lines_blue>
		</tree>		
	</group>	
<!--group#-->
	<group group_name="deadtree_inner_grnforestblend01">
		<texture>forest01</texture>		
		<texture_for_probability>forest01</texture_for_probability>	
		<group_channel_range_low>0.9</group_channel_range_low>
		<group_channel_range_high>1.1</group_channel_range_high>
		<group_channel_range_falloff>0.0</group_channel_range_falloff>
		<height_range_low>-5000</height_range_low>	
		<height_range_high>5000</height_range_high>	
		<height_range_falloff>10000</height_range_falloff>	
		<probability>0.015</probability>
		<grouping_probability>0.7</grouping_probability>
		<grouping_radius>6</grouping_radius>

		<tree>
			<model>trees\wh_badlands_dead_tree\grn_dead_tree_b</model>
			<size_low>1.0</size_low>
			<size_high>1.2</size_high>
			<blendmap_range_low>0.9</blendmap_range_low>	
			<blendmap_range_high>1</blendmap_range_high>
			<blendmap_range_falloff>0.0</blendmap_range_falloff>
			<height_low>-30</height_low>
			<height_high>985</height_high>
			<height_falloff>10000</height_falloff>
			
			
			<humidities>
				<humidity>arid</humidity>
				<humidity>humid</humidity>
			</humidities>
			<categories>
				<category>grn_badlands</category>					
			</categories>
			<probability>0.34</probability>
			<minimum_seperation>4</minimum_seperation>
			<enable_debug_lines>true</enable_debug_lines>
			<debug_lines_red>1.0</debug_lines_red>
			<debug_lines_green>0.65</debug_lines_green>	
			<debug_lines_blue>0.90</debug_lines_blue>
		</tree>
		<tree>
			<model>trees\wh_badlands_dead_tree\grn_dead_tree_c</model> 
			<size_low>1.0</size_low>
			<size_high>1.2</size_high>
			<blendmap_range_low>0.9</blendmap_range_low>	
			<blendmap_range_high>1</blendmap_range_high>
			<blendmap_range_falloff>0.0</blendmap_range_falloff>
			<height_low>-30</height_low>
			<height_high>985</height_high>
			<height_falloff>10000</height_falloff>
			
			
			<humidities>
				<humidity>arid</humidity>
				<humidity>humid</humidity>
			</humidities>
			<categories>
				<category>grn_badlands</category>					
			</categories>
			<probability>0.33</probability>
			<minimum_seperation>3.8</minimum_seperation>
			<enable_debug_lines>true</enable_debug_lines>
			<debug_lines_red>1.0</debug_lines_red>
			<debug_lines_green>0.65</debug_lines_green>	
			<debug_lines_blue>0.90</debug_lines_blue>
		</tree>
		<tree>
			<model>trees\wh_badlands_dead_tree\grn_dead_tree_d</model> 
			<size_low>1.0</size_low>
			<size_high>1.2</size_high>
			<blendmap_range_low>0.9</blendmap_range_low>	
			<blendmap_range_high>1</blendmap_range_high>
			<blendmap_range_falloff>0.0</blendmap_range_falloff>
			<height_low>-30</height_low>
			<height_high>985</height_high>
			<height_falloff>10000</height_falloff>
			
			
			<humidities>
				<humidity>arid</humidity>
				<humidity>humid</humidity>
			</humidities>
			<categories>
				<category>grn_badlands</category>					
			</categories>
			<probability>0.33</probability>
			<minimum_seperation>3.7</minimum_seperation>
			<enable_debug_lines>true</enable_debug_lines>
			<debug_lines_red>1.0</debug_lines_red>
			<debug_lines_green>0.65</debug_lines_green>	
			<debug_lines_blue>0.90</debug_lines_blue>
		</tree>
	</group>	
<!--group#-->
	<group group_name="dryshrub_inner_grnforestblend01">
		<texture>forest01</texture>		
		<texture_for_probability>forest01</texture_for_probability>
		<group_channel_range_low>0.9</group_channel_range_low>	
		<group_channel_range_high>1.1</group_channel_range_high>
		<group_channel_range_falloff>0.0</group_channel_range_falloff>
		<height_range_low>-5000</height_range_low>
		<height_range_high>5000</height_range_high>		
		<height_range_falloff>10000</height_range_falloff>			
		<probability>0.375</probability>					
		<grouping_probability>0.2</grouping_probability>		
		<grouping_radius>1</grouping_radius>				

		<tree>
			<model>trees\wh_grn_shrub_a\shrub_tall_bush_a</model>
			<size_low>0.8</size_low>				
			<size_high>1.3</size_high>				
			<blendmap_range_low>0.9</blendmap_range_low>	
			<blendmap_range_high>1.1</blendmap_range_high>
			<blendmap_range_falloff>0.0</blendmap_range_falloff>
			<height_low>-5000</height_low>
			<height_high>5000</height_high>
			<height_falloff>0</height_falloff>			
			<humidities>						
				<humidity>arid</humidity>
				<humidity>humid</humidity>
			</humidities>
			<categories>						
				<category>grn_badlands</category>					
			</categories>
			<probability>0.167</probability>				
			<minimum_seperation>0.1</minimum_seperation>		
			<enable_debug_lines>false</enable_debug_lines>		
			<debug_lines_red>1.0</debug_lines_red>
			<debug_lines_green>0.65</debug_lines_green>	
			<debug_lines_blue>0.90</debug_lines_blue>
		</tree>
		<tree>
			<model>trees\wh_grn_shrub_a\shrub_tall_bush_b</model>
			<size_low>0.8</size_low>				
			<size_high>1.3</size_high>				
			<blendmap_range_low>0.9</blendmap_range_low>	
			<blendmap_range_high>1.1</blendmap_range_high>
			<blendmap_range_falloff>0.0</blendmap_range_falloff>
			<height_low>-5000</height_low>
			<height_high>5000</height_high>
			<height_falloff>0</height_falloff>			
			<humidities>						
				<humidity>arid</humidity>
				<humidity>humid</humidity>
			</humidities>
			<categories>						
				<category>grn_badlands</category>					
			</categories>
			<probability>0.167</probability>				
			<minimum_seperation>0.5</minimum_seperation>		
			<enable_debug_lines>false</enable_debug_lines>		
			<debug_lines_red>1.0</debug_lines_red>
			<debug_lines_green>0.65</debug_lines_green>	
			<debug_lines_blue>0.90</debug_lines_blue>
		</tree>
		<tree>
			<model>trees\wh_grn_shrub_a\shrub_tall_bush_c</model>
			<size_low>0.8</size_low>				
			<size_high>1.3</size_high>				
			<blendmap_range_low>0.9</blendmap_range_low>	
			<blendmap_range_high>1.1</blendmap_range_high>
			<blendmap_range_falloff>0.0</blendmap_range_falloff>
			<height_low>-5000</height_low>
			<height_high>5000</height_high>
			<height_falloff>0</height_falloff>			
			<humidities>						
				<humidity>arid</humidity>
				<humidity>humid</humidity>
			</humidities>
			<categories>						
				<category>grn_badlands</category>					
			</categories>
			<probability>0.167</probability>				
			<minimum_seperation>0.1</minimum_seperation>		
			<enable_debug_lines>false</enable_debug_lines>		
			<debug_lines_red>1.0</debug_lines_red>
			<debug_lines_green>0.65</debug_lines_green>	
			<debug_lines_blue>0.90</debug_lines_blue>
		</tree>		
		<tree>
			<model>trees\wh_grn_shrub_a\shrub_bush_01_a</model>
			<size_low>0.8</size_low>				
			<size_high>1.3</size_high>				
			<blendmap_range_low>0.9</blendmap_range_low>	
			<blendmap_range_high>1.1</blendmap_range_high>
			<blendmap_range_falloff>0.0</blendmap_range_falloff>
			<height_low>-5000</height_low>
			<height_high>5000</height_high>
			<height_falloff>0</height_falloff>			
			<humidities>						
				<humidity>arid</humidity>
				<humidity>humid</humidity>
			</humidities>
			<categories>						
				<category>grn_badlands</category>					
			</categories>
			<probability>0.167</probability>				
			<minimum_seperation>0.1</minimum_seperation>		
			<enable_debug_lines>false</enable_debug_lines>		
			<debug_lines_red>1.0</debug_lines_red>
			<debug_lines_green>0.65</debug_lines_green>	
			<debug_lines_blue>0.90</debug_lines_blue>
		</tree>
		<tree>
			<model>trees\wh_grn_shrub_a\shrub_bush_01_b</model>
			<size_low>0.8</size_low>				
			<size_high>1.3</size_high>				
			<blendmap_range_low>0.9</blendmap_range_low>	
			<blendmap_range_high>1.1</blendmap_range_high>
			<blendmap_range_falloff>0.0</blendmap_range_falloff>
			<height_low>-5000</height_low>
			<height_high>5000</height_high>
			<height_falloff>0</height_falloff>			
			<humidities>						
				<humidity>arid</humidity>
				<humidity>humid</humidity>
			</humidities>
			<categories>						
				<category>grn_badlands</category>					
			</categories>
			<probability>0.167</probability>				
			<minimum_seperation>0.1</minimum_seperation>		
			<enable_debug_lines>false</enable_debug_lines>		
			<debug_lines_red>1.0</debug_lines_red>
			<debug_lines_green>0.65</debug_lines_green>	
			<debug_lines_blue>0.90</debug_lines_blue>
		</tree>		
		<tree>
			<model>trees\wh_grn_shrub_a\shrub_bush_01_b</model>
			<size_low>0.8</size_low>				
			<size_high>1.3</size_high>				
			<blendmap_range_low>0.9</blendmap_range_low>	
			<blendmap_range_high>1.1</blendmap_range_high>
			<blendmap_range_falloff>0.0</blendmap_range_falloff>
			<height_low>-5000</height_low>
			<height_high>5000</height_high>
			<height_falloff>0</height_falloff>			
			<humidities>						
				<humidity>arid</humidity>
				<humidity>humid</humidity>
			</humidities>
			<categories>						
				<category>grn_badlands</category>					
			</categories>
			<probability>0.167</probability>				
			<minimum_seperation>0.1</minimum_seperation>		
			<enable_debug_lines>false</enable_debug_lines>		
			<debug_lines_red>1.0</debug_lines_red>
			<debug_lines_green>0.65</debug_lines_green>	
			<debug_lines_blue>0.90</debug_lines_blue>
		</tree>		
	</group>	
<!--group#-->
	<group group_name="drymushrooms_inner_grnforestblend01">
		<texture>forest01</texture>		
		<texture_for_probability>forest01</texture_for_probability>
		<group_channel_range_low>0.9</group_channel_range_low>	
		<group_channel_range_high>1.1</group_channel_range_high>
		<group_channel_range_falloff>0.0</group_channel_range_falloff>
		<height_range_low>-5000</height_range_low>
		<height_range_high>5000</height_range_high>		
		<height_range_falloff>10000</height_range_falloff>			
		<probability>0.375</probability>					
		<grouping_probability>0.2</grouping_probability>		
		<grouping_radius>0.2</grouping_radius>				

		<prop>
			<model>Buildings/beech_mushrooms_a/beech_mushrooms_a_piece01_destruct01</model>
			<size_low>0.8</size_low>				
			<size_high>1.3</size_high>				
			<blendmap_range_low>0.9</blendmap_range_low>		
			<blendmap_range_high>1</blendmap_range_high>
			<blendmap_range_falloff>0.0</blendmap_range_falloff>
			<height_low>-5000</height_low>
			<height_high>5000</height_high>
			<height_falloff>0</height_falloff>			
			<humidities>						
				<humidity>arid</humidity>
				<humidity>humid</humidity>
			</humidities>
			<categories>						
				<category>grn_badlands</category>					
			</categories>
			<probability>0.1</probability>				
			<minimum_seperation>0.1</minimum_seperation>		
			<enable_debug_lines>false</enable_debug_lines>		
			<debug_lines_red>1.0</debug_lines_red>
			<debug_lines_green>0.65</debug_lines_green>	
			<debug_lines_blue>0.90</debug_lines_blue>
		</prop>
		<prop>
			<model>Buildings/beech_mushrooms_b/beech_mushrooms_b_piece01_destruct01</model>
			<size_low>0.8</size_low>				
			<size_high>1.3</size_high>				
			<blendmap_range_low>0.9</blendmap_range_low>		
			<blendmap_range_high>1</blendmap_range_high>
			<blendmap_range_falloff>0.0</blendmap_range_falloff>
			<height_low>-5000</height_low>
			<height_high>5000</height_high>
			<height_falloff>0</height_falloff>			
			<humidities>						
				<humidity>arid</humidity>
				<humidity>humid</humidity>
			</humidities>
			<categories>						
				<category>grn_badlands</category>					
			</categories>
			<probability>0.1</probability>				
			<minimum_seperation>0.1</minimum_seperation>		
			<enable_debug_lines>false</enable_debug_lines>		
			<debug_lines_red>1.0</debug_lines_red>
			<debug_lines_green>0.65</debug_lines_green>	
			<debug_lines_blue>0.90</debug_lines_blue>
		</prop>	
		<prop>
			<model>Buildings/beech_mushrooms_c/beech_mushrooms_c_piece01_destruct01</model>
			<size_low>0.8</size_low>				
			<size_high>1.3</size_high>				
			<blendmap_range_low>0.9</blendmap_range_low>		
			<blendmap_range_high>1</blendmap_range_high>
			<blendmap_range_falloff>0.0</blendmap_range_falloff>
			<height_low>-5000</height_low>
			<height_high>5000</height_high>
			<height_falloff>0</height_falloff>			
			<humidities>						
				<humidity>arid</humidity>
				<humidity>humid</humidity>
			</humidities>
			<categories>						
				<category>grn_badlands</category>					
			</categories>
			<probability>0.1</probability>				
			<minimum_seperation>0.1</minimum_seperation>		
			<enable_debug_lines>false</enable_debug_lines>		
			<debug_lines_red>1.0</debug_lines_red>
			<debug_lines_green>0.65</debug_lines_green>	
			<debug_lines_blue>0.90</debug_lines_blue>
		</prop>		
		<tree>
			<model>trees\wh_grn_shrub_a\shrub_mushrooms_01_a</model>
			<size_low>0.8</size_low>				
			<size_high>1.3</size_high>				
			<blendmap_range_low>0.9</blendmap_range_low>		
			<blendmap_range_high>1</blendmap_range_high>
			<blendmap_range_falloff>0.0</blendmap_range_falloff>
			<height_low>-5000</height_low>
			<height_high>5000</height_high>
			<height_falloff>0</height_falloff>			
			<humidities>						
				<humidity>arid</humidity>
				<humidity>humid</humidity>
			</humidities>
			<categories>						
				<category>grn_badlands</category>					
			</categories>
			<probability>0.45</probability>				
			<minimum_seperation>0.1</minimum_seperation>		
			<enable_debug_lines>false</enable_debug_lines>		
			<debug_lines_red>1.0</debug_lines_red>
			<debug_lines_green>0.65</debug_lines_green>	
			<debug_lines_blue>0.90</debug_lines_blue>
		</tree>
		<tree>
			<model>trees\wh_grn_shrub_a\shrub_mushrooms_01_b</model>
			<size_low>0.8</size_low>				
			<size_high>1.3</size_high>				
			<blendmap_range_low>0.9</blendmap_range_low>		
			<blendmap_range_high>1</blendmap_range_high>
			<blendmap_range_falloff>0.0</blendmap_range_falloff>
			<height_low>-5000</height_low>
			<height_high>5000</height_high>
			<height_falloff>0</height_falloff>			
			<humidities>						
				<humidity>arid</humidity>
				<humidity>humid</humidity>
			</humidities>
			<categories>						
				<category>grn_badlands</category>					
			</categories>
			<probability>0.45</probability>				
			<minimum_seperation>0.1</minimum_seperation>		
			<enable_debug_lines>false</enable_debug_lines>		
			<debug_lines_red>1.0</debug_lines_red>
			<debug_lines_green>0.65</debug_lines_green>	
			<debug_lines_blue>0.90</debug_lines_blue>
		</tree>		
	</group>	
<!--group#-->
	<group group_name="stones_inner_grnforestblend01">
		<texture>forest01</texture>	
		<texture_for_probability>forest01</texture_for_probability>
		<group_channel_range_low>0.9</group_channel_range_low>	
		<group_channel_range_high>1.1</group_channel_range_high>	
		<group_channel_range_falloff>0.0</group_channel_range_falloff>
		<height_range_low>-5000</height_range_low>		
		<height_range_high>5000</height_range_high>	
		<height_range_falloff>10000</height_range_falloff>	
		<probability>0.02</probability>	
		<grouping_probability>0.2</grouping_probability>	
		<grouping_radius>5</grouping_radius>	
	<prop>
			<model>Buildings\grn_rocksml_01\grn_rocksml_01_piece01_destruct01</model>
			<size_low>0.7</size_low>
			<size_high>1.0</size_high>
			<blendmap_range_low>0.7</blendmap_range_low>
			<blendmap_range_high>1</blendmap_range_high>
			<blendmap_range_falloff>0.1</blendmap_range_falloff>
			<height_low>-5000</height_low>
			<height_high>5000</height_high>
			<height_falloff>10000</height_falloff>
			<humidities>
				<humidity>arid</humidity>
				<humidity>humid</humidity>
			</humidities>
			<categories>
				<category>grn_badlands</category>					
			</categories>
			<probability>0.167</probability>
			<minimum_seperation>3</minimum_seperation>
			<enable_debug_lines>false</enable_debug_lines>
			<debug_lines_red>1.0</debug_lines_red>
			<debug_lines_green>0.65</debug_lines_green>	
			<debug_lines_blue>0.90</debug_lines_blue>
		</prop>
		<prop>
			<model>Buildings\grn_rocksml_02\grn_rocksml_02_piece01_destruct01</model>
			<size_low>0.7</size_low>
			<size_high>1.0</size_high>
			<blendmap_range_low>0.7</blendmap_range_low>
			<blendmap_range_high>1</blendmap_range_high>
			<blendmap_range_falloff>0.1</blendmap_range_falloff>
			<height_low>-5000</height_low>
			<height_high>5000</height_high>
			<height_falloff>10000</height_falloff>
			<humidities>
				<humidity>arid</humidity>
				<humidity>humid</humidity>
			</humidities>
			<categories>
				<category>grn_badlands</category>					
				</categories>
			<probability>0.167</probability>
			<minimum_seperation>3</minimum_seperation>
			<enable_debug_lines>false</enable_debug_lines>
			<debug_lines_red>1.0</debug_lines_red>
			<debug_lines_green>0.65</debug_lines_green>	
			<debug_lines_blue>0.90</debug_lines_blue>
		</prop>
		<prop>
			<model>Buildings\grn_rocksml_01\grn_rocksml_01_piece01_destruct01</model>
			<size_low>0.7</size_low>
			<size_high>1.0</size_high>
			<blendmap_range_low>0.7</blendmap_range_low>
			<blendmap_range_high>1</blendmap_range_high>
			<blendmap_range_falloff>0.1</blendmap_range_falloff>
			<height_low>-5000</height_low>
			<height_high>5000</height_high>
			<height_falloff>10000</height_falloff>
			<humidities>
				<humidity>arid</humidity>
				<humidity>humid</humidity>
			</humidities>
			<categories>
				<category>grn_badlands</category>					
			</categories>
			<probability>0.167</probability>
			<minimum_seperation>3</minimum_seperation>
			<enable_debug_lines>false</enable_debug_lines>
			<debug_lines_red>1.0</debug_lines_red>
			<debug_lines_green>0.65</debug_lines_green>	
			<debug_lines_blue>0.90</debug_lines_blue>
		</prop>
		<prop>
			<model>Buildings\grn_rocksml_02\grn_rocksml_02_piece01_destruct01</model>
			<size_low>0.7</size_low>
			<size_high>1.0</size_high>
			<blendmap_range_low>0.7</blendmap_range_low>
			<blendmap_range_high>1</blendmap_range_high>
			<blendmap_range_falloff>0.1</blendmap_range_falloff>
			<height_low>-5000</height_low>
			<height_high>5000</height_high>
			<height_falloff>10000</height_falloff>
			<humidities>
				<humidity>arid</humidity>
				<humidity>humid</humidity>
			</humidities>
			<categories>
				<category>grn_badlands</category>					
			</categories>
			<probability>0.167</probability>
			<minimum_seperation>3</minimum_seperation>
			<enable_debug_lines>false</enable_debug_lines>
			<debug_lines_red>1.0</debug_lines_red>
			<debug_lines_green>0.65</debug_lines_green>	
			<debug_lines_blue>0.90</debug_lines_blue>
		</prop>
		<prop>
			<model>Buildings\grn_rocksml_01\grn_rocksml_01_piece01_destruct01</model>
			<size_low>0.7</size_low>
			<size_high>1.0</size_high>
			<blendmap_range_low>0.7</blendmap_range_low>
			<blendmap_range_high>1</blendmap_range_high>
			<blendmap_range_falloff>0.1</blendmap_range_falloff>
			<height_low>-5000</height_low>
			<height_high>5000</height_high>
			<height_falloff>10000</height_falloff>
			<humidities>
				<humidity>arid</humidity>
				<humidity>humid</humidity>
			</humidities>
			<categories>
				<category>grn_badlands</category>					
			</categories>
			<probability>0.167</probability>
			<minimum_seperation>3</minimum_seperation>
			<enable_debug_lines>false</enable_debug_lines>
			<debug_lines_red>1.0</debug_lines_red>
			<debug_lines_green>0.65</debug_lines_green>	
			<debug_lines_blue>0.90</debug_lines_blue>
		</prop>
		<prop>
			<model>Buildings\grn_rocksml_02\grn_rocksml_02_piece01_destruct01</model>
			<size_low>0.7</size_low>
			<size_high>1.0</size_high>
			<blendmap_range_low>0.7</blendmap_range_low>
			<blendmap_range_high>1</blendmap_range_high>
			<blendmap_range_falloff>0.1</blendmap_range_falloff>
			<height_low>-5000</height_low>
			<height_high>5000</height_high>
			<height_falloff>10000</height_falloff>
			<humidities>
				<humidity>arid</humidity>
				<humidity>humid</humidity>
			</humidities>
			<categories>
				<category>grn_badlands</category>					
				</categories>
			<probability>0.167</probability>
			<minimum_seperation>3</minimum_seperation>
			<enable_debug_lines>false</enable_debug_lines>
			<debug_lines_red>1.0</debug_lines_red>
			<debug_lines_green>0.65</debug_lines_green>	
			<debug_lines_blue>0.90</debug_lines_blue>
		</prop>			
	</group>
	
<!-- MIDDLE 0.7 # 0.9 #########################################################################################################-->
<!--##########################################################################################################################-->
<!--##########################################################################################################################-->
	<group group_name="badlandstree_middle_grnforestblend01">
		<texture>forest01</texture>	
		<texture_for_probability>forest01</texture_for_probability>
		<group_channel_range_low>0.7</group_channel_range_low>	
		<group_channel_range_high>0.9</group_channel_range_high>	
		<group_channel_range_falloff>0.0</group_channel_range_falloff>	
		<height_range_low>-5000</height_range_low>	
		<height_range_high>5000</height_range_high>	
		<height_range_falloff>10000</height_range_falloff>	
		<probability>0.115</probability>
		<grouping_probability>0.5</grouping_probability>	
		<grouping_radius>6</grouping_radius>	

		<tree> 		
			<model>trees\wh_badlands_dragonblood\grn_dragonblood_c</model>
			<size_low>0.7</size_low>			
			<size_high>1.1</size_high>				
			<blendmap_range_low>0.7</blendmap_range_low>
			<blendmap_range_high>0.9</blendmap_range_high>
			<blendmap_range_falloff>0.0</blendmap_range_falloff>
			<height_low>-5000</height_low>
			<height_high>5000</height_high>
			<height_falloff>0</height_falloff>			
			<humidities>						
				<humidity>arid</humidity>
				<humidity>humid</humidity>
			</humidities>
			<categories>						
				<category>grn_badlands</category>					
			</categories>
			<probability>0.25</probability>				
			<minimum_seperation>6</minimum_seperation>		
			<enable_debug_lines>false</enable_debug_lines>
			<debug_lines_red>1.0</debug_lines_red>
			<debug_lines_green>0.65</debug_lines_green>	
			<debug_lines_blue>0.90</debug_lines_blue>
		</tree>	
		<tree> 		
			<model>trees\wh_badlands_dragonblood\grn_dragonblood_d</model>
			<size_low>0.7</size_low>	
			<size_high>1.1</size_high>	
			<blendmap_range_low>0.7</blendmap_range_low>
			<blendmap_range_high>0.9</blendmap_range_high>
			<blendmap_range_falloff>0.0</blendmap_range_falloff>
			<height_low>-5000</height_low>
			<height_high>5000</height_high>
			<height_falloff>0</height_falloff>		
			<humidities>	
				<humidity>arid</humidity>
				<humidity>humid</humidity>
			</humidities>
			<categories>		
				<category>grn_badlands</category>					
			</categories>
			<probability>0.25</probability>	
			<minimum_seperation>6</minimum_seperation>
			<enable_debug_lines>false</enable_debug_lines>
			<debug_lines_red>1.0</debug_lines_red>
			<debug_lines_green>0.65</debug_lines_green>	
			<debug_lines_blue>0.90</debug_lines_blue>
		</tree>
		<tree> 			
			<model>trees\wh_badlands_dragonblood\grn_dragonblood_e</model>	
			<size_low>0.7</size_low>	
			<size_high>1.1</size_high>	
			<blendmap_range_low>0.7</blendmap_range_low>
			<blendmap_range_high>0.9</blendmap_range_high>
			<blendmap_range_falloff>0.0</blendmap_range_falloff>
			<height_low>-5000</height_low>
			<height_high>5000</height_high>
			<height_falloff>0</height_falloff>
			<humidities>	
				<humidity>arid</humidity>
				<humidity>humid</humidity>
			</humidities>
			<categories>		
				<category>grn_badlands</category>					
			</categories>
			<probability>0.25</probability>			
			<minimum_seperation>6</minimum_seperation>
			<enable_debug_lines>false</enable_debug_lines>
			<debug_lines_red>1.0</debug_lines_red>
			<debug_lines_green>0.65</debug_lines_green>	
			<debug_lines_blue>0.90</debug_lines_blue>
		</tree>		
		<tree> 			
			<model>trees\wh_badlands_dragonblood\grn_dragonblood_f</model>	
			<size_low>0.7</size_low>	
			<size_high>1.1</size_high>
			<blendmap_range_low>0.9</blendmap_range_low>
			<blendmap_range_high>0.9</blendmap_range_high>
			<blendmap_range_falloff>0.0</blendmap_range_falloff>
			<height_low>-5000</height_low>
			<height_high>5000</height_high>
			<height_falloff>0</height_falloff>	
			<humidities>			
				<humidity>arid</humidity>
				<humidity>humid</humidity>
			</humidities>
			<categories>	
				<category>grn_badlands</category>					
			</categories>
			<probability>0.25</probability>	
			<minimum_seperation>6</minimum_seperation>
			<enable_debug_lines>false</enable_debug_lines>	
			<debug_lines_red>1.0</debug_lines_red>
			<debug_lines_green>0.65</debug_lines_green>	
			<debug_lines_blue>0.90</debug_lines_blue>
		</tree>
	</group>
<!--group#-->
	<group group_name="deadtree_middle_grnforestblend01">
		<texture>forest01</texture>		
		<texture_for_probability>forest01</texture_for_probability>	
		<group_channel_range_low>0.7</group_channel_range_low>	
		<group_channel_range_high>0.9</group_channel_range_high>
		<group_channel_range_falloff>0.0</group_channel_range_falloff>
		<height_range_low>-5000</height_range_low>	
		<height_range_high>5000</height_range_high>	
		<height_range_falloff>10000</height_range_falloff>	
		<probability>0.015</probability>
		<grouping_probability>0.6</grouping_probability>
		<grouping_radius>6</grouping_radius>

		<tree>
			<model>trees\wh_badlands_dead_tree\grn_dead_tree_b</model>  <!--fallen-->
			<size_low>0.7</size_low>
			<size_high>1</size_high>
			<blendmap_range_low>0.7</blendmap_range_low>
			<blendmap_range_high>0.9</blendmap_range_high>
			<blendmap_range_falloff>0.0</blendmap_range_falloff>
			<height_low>-30</height_low>
			<height_high>985</height_high>
			<height_falloff>10000</height_falloff>
			
			
			<humidities>
				<humidity>arid</humidity>
				<humidity>humid</humidity>
			</humidities>
			<categories>
				<category>grn_badlands</category>					
			</categories>
			<probability>0.025</probability>
			<minimum_seperation>5</minimum_seperation>
			<enable_debug_lines>true</enable_debug_lines>
			<debug_lines_red>1.0</debug_lines_red>
			<debug_lines_green>0.65</debug_lines_green>	
			<debug_lines_blue>0.90</debug_lines_blue>
		</tree>
		<tree>
			<model>trees\wh_badlands_dead_tree\grn_dead_tree_c</model>   <!--fallen-->
			<size_low>0.7</size_low>
			<size_high>1</size_high>
			<blendmap_range_low>0.7</blendmap_range_low>
			<blendmap_range_high>0.9</blendmap_range_high>
			<blendmap_range_falloff>0.0</blendmap_range_falloff>
			<height_low>-30</height_low>
			<height_high>985</height_high>
			<height_falloff>10000</height_falloff>
			
			
			<humidities>
				<humidity>arid</humidity>
				<humidity>humid</humidity>
			</humidities>
			<categories>
				<category>grn_badlands</category>					
			</categories>
			<probability>0.025</probability>
			<minimum_seperation>5</minimum_seperation>
			<enable_debug_lines>true</enable_debug_lines>
			<debug_lines_red>1.0</debug_lines_red>
			<debug_lines_green>0.65</debug_lines_green>	
			<debug_lines_blue>0.90</debug_lines_blue>
		</tree>
		<tree>
			<model>trees\wh_badlands_dead_tree\grn_dead_tree_d</model>   <!--stump-->
			<size_low>0.7</size_low>
			<size_high>1</size_high>
			<blendmap_range_low>0.7</blendmap_range_low>
			<blendmap_range_high>0.9</blendmap_range_high>
			<blendmap_range_falloff>0.0</blendmap_range_falloff>
			<height_low>-30</height_low>
			<height_high>985</height_high>
			<height_falloff>10000</height_falloff>
			
			
			<humidities>
				<humidity>arid</humidity>
				<humidity>humid</humidity>
			</humidities>
			<categories>
				<category>grn_badlands</category>					
			</categories>
			<probability>0.025</probability>
			<minimum_seperation>5</minimum_seperation>
			<enable_debug_lines>true</enable_debug_lines>
			<debug_lines_red>1.0</debug_lines_red>
			<debug_lines_green>0.65</debug_lines_green>	
			<debug_lines_blue>0.90</debug_lines_blue>
		</tree>
		<tree>
			<model>trees\wh_badlands_dead_tree\grn_dead_tree_e</model>   <!--stump-->
			<size_low>0.7</size_low>
			<size_high>1</size_high>
			<blendmap_range_low>0.7</blendmap_range_low>
			<blendmap_range_high>0.9</blendmap_range_high>
			<blendmap_range_falloff>0.0</blendmap_range_falloff>
			<height_low>-30</height_low>
			<height_high>985</height_high>
			<height_falloff>10000</height_falloff>
			
			
			<humidities>
				<humidity>arid</humidity>
				<humidity>humid</humidity>
			</humidities>
			<categories>
				<category>grn_badlands</category>					
			</categories>
			<probability>0.025</probability>
			<minimum_seperation>5</minimum_seperation>
			<enable_debug_lines>true</enable_debug_lines>
			<debug_lines_red>1.0</debug_lines_red>
			<debug_lines_green>0.65</debug_lines_green>	
			<debug_lines_blue>0.90</debug_lines_blue>
		</tree>
		<tree>
			<model>trees\wh_badlands_dead_tree\grn_dead_tree_f</model>
			<size_low>0.7</size_low>
			<size_high>1</size_high>
			<blendmap_range_low>0.7</blendmap_range_low>
			<blendmap_range_high>0.9</blendmap_range_high>
			<blendmap_range_falloff>0.0</blendmap_range_falloff>
			<height_low>-30</height_low>
			<height_high>985</height_high>
			<height_falloff>10000</height_falloff>
			
			
			<humidities>
				<humidity>arid</humidity>
				<humidity>humid</humidity>
			</humidities>
			<categories>
				<category>grn_badlands</category>					
			</categories>
			<probability>0.1</probability>
			<minimum_seperation>5</minimum_seperation>
			<enable_debug_lines>true</enable_debug_lines>
			<debug_lines_red>1.0</debug_lines_red>
			<debug_lines_green>0.65</debug_lines_green>	
			<debug_lines_blue>0.90</debug_lines_blue>
		</tree>
		<tree>
			<model>trees\wh_badlands_dead_tree\grn_dead_tree_g</model>
			<size_low>0.7</size_low>
			<size_high>1</size_high>
			<blendmap_range_low>0.7</blendmap_range_low>
			<blendmap_range_high>0.9</blendmap_range_high>
			<blendmap_range_falloff>0.0</blendmap_range_falloff>
			<height_low>-30</height_low>
			<height_high>985</height_high>
			<height_falloff>10000</height_falloff>
			
			
			<humidities>
				<humidity>arid</humidity>
				<humidity>humid</humidity>
			</humidities>
			<categories>
				<category>grn_badlands</category>					
			</categories>
			<probability>0.4</probability>
			<minimum_seperation>3</minimum_seperation>
			<enable_debug_lines>true</enable_debug_lines>
			<debug_lines_red>1.0</debug_lines_red>
			<debug_lines_green>0.65</debug_lines_green>	
			<debug_lines_blue>0.90</debug_lines_blue>
		</tree>
		<tree>
			<model>trees\wh_badlands_dead_tree\grn_dead_tree_h</model>
			<size_low>0.7</size_low>
			<size_high>1</size_high>
			<blendmap_range_low>0.7</blendmap_range_low>
			<blendmap_range_high>0.9</blendmap_range_high>
			<blendmap_range_falloff>0.0</blendmap_range_falloff>
			<height_low>-30</height_low>
			<height_high>985</height_high>
			<height_falloff>10000</height_falloff>
			
			
			<humidities>
				<humidity>arid</humidity>
				<humidity>humid</humidity>
			</humidities>
			<categories>
				<category>grn_badlands</category>					
			</categories>
			<probability>0.4</probability>
			<minimum_seperation>3</minimum_seperation>
			<enable_debug_lines>true</enable_debug_lines>
			<debug_lines_red>1.0</debug_lines_red>
			<debug_lines_green>0.65</debug_lines_green>	
			<debug_lines_blue>0.90</debug_lines_blue>
		</tree>		
	</group>	
<!--group#-->
	<group group_name="dryshrub_middle_grnforestblend01">
		<texture>forest01</texture>		
		<texture_for_probability>forest01</texture_for_probability>
		<group_channel_range_low>0.7</group_channel_range_low>	
		<group_channel_range_high>0.9</group_channel_range_high>
		<group_channel_range_falloff>0.0</group_channel_range_falloff>
		<height_range_low>-5000</height_range_low>
		<height_range_high>5000</height_range_high>		
		<height_range_falloff>10000</height_range_falloff>			
		<probability>0.475</probability>					
		<grouping_probability>0.2</grouping_probability>		
		<grouping_radius>1</grouping_radius>				

		<tree>
			<model>trees\wh_grn_shrub_a\shrub_tall_bush_a</model>
			<size_low>0.8</size_low>				
			<size_high>1.0</size_high>					
			<blendmap_range_low>0.7</blendmap_range_low>	
			<blendmap_range_high>0.9</blendmap_range_high>
			<blendmap_range_falloff>0.0</blendmap_range_falloff>
			<height_low>-5000</height_low>
			<height_high>5000</height_high>
			<height_falloff>0</height_falloff>			
			<humidities>						
				<humidity>arid</humidity>
				<humidity>humid</humidity>
			</humidities>
			<categories>						
				<category>grn_badlands</category>					
			</categories>
			<probability>0.167</probability>				
			<minimum_seperation>0.5</minimum_seperation>		
			<enable_debug_lines>false</enable_debug_lines>		
			<debug_lines_red>1.0</debug_lines_red>
			<debug_lines_green>0.65</debug_lines_green>	
			<debug_lines_blue>0.90</debug_lines_blue>
		</tree>
		<tree>
			<model>trees\wh_grn_shrub_a\shrub_tall_bush_b</model>
			<size_low>0.8</size_low>				
			<size_high>1.0</size_high>					
			<blendmap_range_low>0.7</blendmap_range_low>	
			<blendmap_range_high>0.9</blendmap_range_high>
			<blendmap_range_falloff>0.0</blendmap_range_falloff>
			<height_low>-5000</height_low>
			<height_high>5000</height_high>
			<height_falloff>0</height_falloff>			
			<humidities>						
				<humidity>arid</humidity>
				<humidity>humid</humidity>
			</humidities>
			<categories>						
				<category>grn_badlands</category>					
			</categories>
			<probability>0.167</probability>				
			<minimum_seperation>0.5</minimum_seperation>		
			<enable_debug_lines>false</enable_debug_lines>		
			<debug_lines_red>1.0</debug_lines_red>
			<debug_lines_green>0.65</debug_lines_green>	
			<debug_lines_blue>0.90</debug_lines_blue>
		</tree>
		<tree>
			<model>trees\wh_grn_shrub_a\shrub_tall_bush_c</model>
			<size_low>0.8</size_low>				
			<size_high>1.0</size_high>				
			<blendmap_range_low>0.7</blendmap_range_low>	
			<blendmap_range_high>0.9</blendmap_range_high>
			<blendmap_range_falloff>0.0</blendmap_range_falloff>
			<height_low>-5000</height_low>
			<height_high>5000</height_high>
			<height_falloff>0</height_falloff>			
			<humidities>						
				<humidity>arid</humidity>
				<humidity>humid</humidity>
			</humidities>
			<categories>						
				<category>grn_badlands</category>					
			</categories>
			<probability>0.167</probability>				
			<minimum_seperation>0.5</minimum_seperation>		
			<enable_debug_lines>false</enable_debug_lines>		
			<debug_lines_red>1.0</debug_lines_red>
			<debug_lines_green>0.65</debug_lines_green>	
			<debug_lines_blue>0.90</debug_lines_blue>
		</tree>		
		<tree>
			<model>trees\wh_grn_shrub_a\shrub_bush_01_a</model>
			<size_low>0.8</size_low>				
			<size_high>1.3</size_high>				
			<blendmap_range_low>0.7</blendmap_range_low>	
			<blendmap_range_high>0.9</blendmap_range_high>
			<blendmap_range_falloff>0.0</blendmap_range_falloff>
			<height_low>-5000</height_low>
			<height_high>5000</height_high>
			<height_falloff>0</height_falloff>			
			<humidities>						
				<humidity>arid</humidity>
				<humidity>humid</humidity>
			</humidities>
			<categories>						
				<category>grn_badlands</category>					
			</categories>
			<probability>0.167</probability>				
			<minimum_seperation>0.5</minimum_seperation>		
			<enable_debug_lines>false</enable_debug_lines>		
			<debug_lines_red>1.0</debug_lines_red>
			<debug_lines_green>0.65</debug_lines_green>	
			<debug_lines_blue>0.90</debug_lines_blue>
		</tree>
		<tree>
			<model>trees\wh_grn_shrub_a\shrub_bush_01_b</model>
			<size_low>0.8</size_low>				
			<size_high>1.3</size_high>				
			<blendmap_range_low>0.7</blendmap_range_low>	
			<blendmap_range_high>0.9</blendmap_range_high>
			<blendmap_range_falloff>0.0</blendmap_range_falloff>
			<height_low>-5000</height_low>
			<height_high>5000</height_high>
			<height_falloff>0</height_falloff>			
			<humidities>						
				<humidity>arid</humidity>
				<humidity>humid</humidity>
			</humidities>
			<categories>						
				<category>grn_badlands</category>					
			</categories>
			<probability>0.167</probability>				
			<minimum_seperation>0.5</minimum_seperation>		
			<enable_debug_lines>false</enable_debug_lines>		
			<debug_lines_red>1.0</debug_lines_red>
			<debug_lines_green>0.65</debug_lines_green>	
			<debug_lines_blue>0.90</debug_lines_blue>
		</tree>		
		<tree>
			<model>trees\wh_grn_shrub_a\shrub_bush_01_b</model>
			<size_low>0.8</size_low>				
			<size_high>1.3</size_high>				
			<blendmap_range_low>0.7</blendmap_range_low>	
			<blendmap_range_high>0.9</blendmap_range_high>
			<blendmap_range_falloff>0.0</blendmap_range_falloff>
			<height_low>-5000</height_low>
			<height_high>5000</height_high>
			<height_falloff>0</height_falloff>			
			<humidities>						
				<humidity>arid</humidity>
				<humidity>humid</humidity>
			</humidities>
			<categories>						
				<category>grn_badlands</category>					
			</categories>
			<probability>0.167</probability>				
			<minimum_seperation>0.5</minimum_seperation>		
			<enable_debug_lines>false</enable_debug_lines>		
			<debug_lines_red>1.0</debug_lines_red>
			<debug_lines_green>0.65</debug_lines_green>	
			<debug_lines_blue>0.90</debug_lines_blue>
		</tree>		
	</group>	
<!--group#-->
	<group group_name="drymushrooms_middle_grnforestblend01">
		<texture>forest01</texture>		
		<texture_for_probability>forest01</texture_for_probability>
		<group_channel_range_low>0.7</group_channel_range_low>	
		<group_channel_range_high>0.8</group_channel_range_high>
		<group_channel_range_falloff>0.0</group_channel_range_falloff>
		<height_range_low>-5000</height_range_low>
		<height_range_high>5000</height_range_high>		
		<height_range_falloff>10000</height_range_falloff>			
		<probability>0.375</probability>					
		<grouping_probability>0.6</grouping_probability>		
		<grouping_radius>0.2</grouping_radius>				

		<prop>
			<model>Buildings/beech_mushrooms_a/beech_mushrooms_a_piece01_destruct01</model>
			<size_low>0.8</size_low>				
			<size_high>1.3</size_high>				
			<blendmap_range_low>0.7</blendmap_range_low>	
			<blendmap_range_high>0.8</blendmap_range_high>
			<blendmap_range_falloff>0.0</blendmap_range_falloff>
			<height_low>-5000</height_low>
			<height_high>5000</height_high>
			<height_falloff>0</height_falloff>			
			<humidities>						
				<humidity>arid</humidity>
				<humidity>humid</humidity>
			</humidities>
			<categories>						
				<category>grn_badlands</category>					
			</categories>
			<probability>0.1</probability>				
			<minimum_seperation>0.5</minimum_seperation>		
			<enable_debug_lines>false</enable_debug_lines>		
			<debug_lines_red>1.0</debug_lines_red>
			<debug_lines_green>0.65</debug_lines_green>	
			<debug_lines_blue>0.90</debug_lines_blue>
		</prop>
		<prop>
			<model>Buildings/beech_mushrooms_b/beech_mushrooms_b_piece01_destruct01</model>
			<size_low>0.8</size_low>				
			<size_high>1.3</size_high>				
			<blendmap_range_low>0.7</blendmap_range_low>	
			<blendmap_range_high>0.8</blendmap_range_high>
			<blendmap_range_falloff>0.0</blendmap_range_falloff>
			<height_low>-5000</height_low>
			<height_high>5000</height_high>
			<height_falloff>0</height_falloff>			
			<humidities>						
				<humidity>arid</humidity>
				<humidity>humid</humidity>
			</humidities>
			<categories>						
				<category>grn_badlands</category>					
			</categories>
			<probability>0.1</probability>				
			<minimum_seperation>0.5</minimum_seperation>		
			<enable_debug_lines>false</enable_debug_lines>		
			<debug_lines_red>1.0</debug_lines_red>
			<debug_lines_green>0.65</debug_lines_green>	
			<debug_lines_blue>0.90</debug_lines_blue>
		</prop>
		<prop>
			<model>Buildings/beech_mushrooms_c/beech_mushrooms_c_piece01_destruct01</model>
			<size_low>0.8</size_low>				
			<size_high>1.3</size_high>				
			<blendmap_range_low>0.7</blendmap_range_low>	
			<blendmap_range_high>0.8</blendmap_range_high>
			<blendmap_range_falloff>0.0</blendmap_range_falloff>
			<height_low>-5000</height_low>
			<height_high>5000</height_high>
			<height_falloff>0</height_falloff>			
			<humidities>						
				<humidity>arid</humidity>
				<humidity>humid</humidity>
			</humidities>
			<categories>						
				<category>grn_badlands</category>					
			</categories>
			<probability>0.1</probability>				
			<minimum_seperation>0.5</minimum_seperation>		
			<enable_debug_lines>false</enable_debug_lines>		
			<debug_lines_red>1.0</debug_lines_red>
			<debug_lines_green>0.65</debug_lines_green>	
			<debug_lines_blue>0.90</debug_lines_blue>
		</prop>		
		<tree>
			<model>trees\wh_grn_shrub_a\shrub_mushrooms_01_a</model>
			<size_low>0.8</size_low>				
			<size_high>1.3</size_high>				
			<blendmap_range_low>0.7</blendmap_range_low>	
			<blendmap_range_high>0.8</blendmap_range_high>
			<blendmap_range_falloff>0.0</blendmap_range_falloff>
			<height_low>-5000</height_low>
			<height_high>5000</height_high>
			<height_falloff>0</height_falloff>			
			<humidities>						
				<humidity>arid</humidity>
				<humidity>humid</humidity>
			</humidities>
			<categories>						
				<category>grn_badlands</category>					
			</categories>
			<probability>0.745</probability>				
			<minimum_seperation>0.2</minimum_seperation>		
			<enable_debug_lines>false</enable_debug_lines>		
			<debug_lines_red>1.0</debug_lines_red>
			<debug_lines_green>0.65</debug_lines_green>	
			<debug_lines_blue>0.90</debug_lines_blue>
		</tree>
		<tree>
			<model>trees\wh_grn_shrub_a\shrub_mushrooms_01_b</model>
			<size_low>0.8</size_low>				
			<size_high>1.3</size_high>				
			<blendmap_range_low>0.7</blendmap_range_low>	
			<blendmap_range_high>0.8</blendmap_range_high>
			<blendmap_range_falloff>0.0</blendmap_range_falloff>
			<height_low>-5000</height_low>
			<height_high>5000</height_high>
			<height_falloff>0</height_falloff>			
			<humidities>						
				<humidity>arid</humidity>
				<humidity>humid</humidity>
			</humidities>
			<categories>						
				<category>grn_badlands</category>					
			</categories>
			<probability>0.45</probability>				
			<minimum_seperation>0.2</minimum_seperation>		
			<enable_debug_lines>false</enable_debug_lines>		
			<debug_lines_red>1.0</debug_lines_red>
			<debug_lines_green>0.65</debug_lines_green>	
			<debug_lines_blue>0.90</debug_lines_blue>
		</tree>		
	</group>	
<!--group#-->
	<group group_name="stones_middle_grnforestblend01">
		<texture>forest01</texture>	
		<texture_for_probability>forest01</texture_for_probability>
		<group_channel_range_low>0.7</group_channel_range_low>	
		<group_channel_range_high>0.9</group_channel_range_high>	
		<group_channel_range_falloff>0.0</group_channel_range_falloff>
		<height_range_low>-5000</height_range_low>		
		<height_range_high>5000</height_range_high>	
		<height_range_falloff>10000</height_range_falloff>	
		<probability>0.02</probability>	
		<grouping_probability>0.2</grouping_probability>	
		<grouping_radius>5</grouping_radius>	
	<prop>
			<model>Buildings\grn_rocksml_01\grn_rocksml_01_piece01_destruct01</model>
			<size_low>0.7</size_low>
			<size_high>1.0</size_high>
			<blendmap_range_low>0.7</blendmap_range_low>
			<blendmap_range_high>0.9</blendmap_range_high>
			<blendmap_range_falloff>0.1</blendmap_range_falloff>
			<height_low>-5000</height_low>
			<height_high>5000</height_high>
			<height_falloff>10000</height_falloff>
			
			
			<humidities>
				<humidity>arid</humidity>
				<humidity>humid</humidity>
			</humidities>
			<categories>
				<category>grn_badlands</category>					
			</categories>
			<probability>0.167</probability>
			<minimum_seperation>3</minimum_seperation>
			<enable_debug_lines>false</enable_debug_lines>
			<debug_lines_red>1.0</debug_lines_red>
			<debug_lines_green>0.65</debug_lines_green>	
			<debug_lines_blue>0.90</debug_lines_blue>
		</prop>
		<prop>
			<model>Buildings\grn_rocksml_02\grn_rocksml_02_piece01_destruct01</model>
			<size_low>0.7</size_low>
			<size_high>1.0</size_high>
			<blendmap_range_low>0.7</blendmap_range_low>
			<blendmap_range_high>0.9</blendmap_range_high>
			<blendmap_range_falloff>0.1</blendmap_range_falloff>
			<height_low>-5000</height_low>
			<height_high>5000</height_high>
			<height_falloff>10000</height_falloff>
			
			
			<humidities>
				<humidity>arid</humidity>
				<humidity>humid</humidity>
			</humidities>
			<categories>
				<category>grn_badlands</category>					
				</categories>
			<probability>0.167</probability>
			<minimum_seperation>3</minimum_seperation>
			<enable_debug_lines>false</enable_debug_lines>
			<debug_lines_red>1.0</debug_lines_red>
			<debug_lines_green>0.65</debug_lines_green>	
			<debug_lines_blue>0.90</debug_lines_blue>
		</prop>
		<prop>
			<model>Buildings\grn_rocksml_01\grn_rocksml_01_piece01_destruct01</model>
			<size_low>0.7</size_low>
			<size_high>1.0</size_high>
			<blendmap_range_low>0.7</blendmap_range_low>
			<blendmap_range_high>0.9</blendmap_range_high>
			<blendmap_range_falloff>0.1</blendmap_range_falloff>
			<height_low>-5000</height_low>
			<height_high>5000</height_high>
			<height_falloff>10000</height_falloff>
			
			
			<humidities>
				<humidity>arid</humidity>
				<humidity>humid</humidity>
			</humidities>
			<categories>
				<category>grn_badlands</category>					
			</categories>
			<probability>0.167</probability>
			<minimum_seperation>3</minimum_seperation>
			<enable_debug_lines>false</enable_debug_lines>
			<debug_lines_red>1.0</debug_lines_red>
			<debug_lines_green>0.65</debug_lines_green>	
			<debug_lines_blue>0.90</debug_lines_blue>
		</prop>
		<prop>
			<model>Buildings\grn_rocksml_02\grn_rocksml_02_piece01_destruct01</model>
			<size_low>0.7</size_low>
			<size_high>1.0</size_high>
			<blendmap_range_low>0.7</blendmap_range_low>
			<blendmap_range_high>0.9</blendmap_range_high>
			<blendmap_range_falloff>0.1</blendmap_range_falloff>
			<height_low>-5000</height_low>
			<height_high>5000</height_high>
			<height_falloff>10000</height_falloff>
			
			
			<humidities>
				<humidity>arid</humidity>
				<humidity>humid</humidity>
			</humidities>
			<categories>
				<category>grn_badlands</category>					
			</categories>
			<probability>0.167</probability>
			<minimum_seperation>3</minimum_seperation>
			<enable_debug_lines>false</enable_debug_lines>
			<debug_lines_red>1.0</debug_lines_red>
			<debug_lines_green>0.65</debug_lines_green>	
			<debug_lines_blue>0.90</debug_lines_blue>
		</prop>
		<prop>
			<model>Buildings\grn_rocksml_01\grn_rocksml_01_piece01_destruct01</model>
			<size_low>0.7</size_low>
			<size_high>1.0</size_high>
			<blendmap_range_low>0.7</blendmap_range_low>
			<blendmap_range_high>0.9</blendmap_range_high>
			<blendmap_range_falloff>0.1</blendmap_range_falloff>
			<height_low>-5000</height_low>
			<height_high>5000</height_high>
			<height_falloff>10000</height_falloff>
			
			
			<humidities>
				<humidity>arid</humidity>
				<humidity>humid</humidity>
			</humidities>
			<categories>
				<category>grn_badlands</category>					
			</categories>
			<probability>0.167</probability>
			<minimum_seperation>3</minimum_seperation>
			<enable_debug_lines>false</enable_debug_lines>
			<debug_lines_red>1.0</debug_lines_red>
			<debug_lines_green>0.65</debug_lines_green>	
			<debug_lines_blue>0.90</debug_lines_blue>
		</prop>
		<prop>
			<model>Buildings\grn_rocksml_02\grn_rocksml_02_piece01_destruct01</model>
			<size_low>0.7</size_low>
			<size_high>1.0</size_high>
			<blendmap_range_low>0.7</blendmap_range_low>
			<blendmap_range_high>0.9</blendmap_range_high>
			<blendmap_range_falloff>0.1</blendmap_range_falloff>
			<height_low>-5000</height_low>
			<height_high>5000</height_high>
			<height_falloff>10000</height_falloff>
			
			
			<humidities>
				<humidity>arid</humidity>
				<humidity>humid</humidity>
			</humidities>
			<categories>
				<category>grn_badlands</category>					
				</categories>
			<probability>0.167</probability>
			<minimum_seperation>3</minimum_seperation>
			<enable_debug_lines>false</enable_debug_lines>
			<debug_lines_red>1.0</debug_lines_red>
			<debug_lines_green>0.65</debug_lines_green>	
			<debug_lines_blue>0.90</debug_lines_blue>
		</prop>			
	</group>

<!-- OUTER 0.5 # 0.7 #########################################################################################################-->
<!--##########################################################################################################################-->
<!--##########################################################################################################################-->
	<group group_name="badlandstree_medium_outer_grnforestblend01">
		<texture>forest01</texture>	
		<texture_for_probability>forest01</texture_for_probability>
		<group_channel_range_low>0.5</group_channel_range_low>	
		<group_channel_range_high>0.7</group_channel_range_high>	
		<group_channel_range_falloff>0.0</group_channel_range_falloff>	
		<height_range_low>-5000</height_range_low>	
		<height_range_high>5000</height_range_high>	
		<height_range_falloff>10000</height_range_falloff>	
		<probability>0.0575</probability>
		<grouping_probability>0.8</grouping_probability>	
		<grouping_radius>6</grouping_radius>	

		<tree> 		
			<model>trees\wh_badlands_dragonblood\grn_dragonblood_d</model>
			<size_low>0.7</size_low>			
			<size_high>1.1</size_high>				
			<blendmap_range_low>0.6</blendmap_range_low>
			<blendmap_range_high>0.7</blendmap_range_high>
			<blendmap_range_falloff>0.0</blendmap_range_falloff>
			<height_low>-5000</height_low>
			<height_high>5000</height_high>
			<height_falloff>0</height_falloff>			
			<humidities>						
				<humidity>arid</humidity>
				<humidity>humid</humidity>
			</humidities>
			<categories>						
				<category>grn_badlands</category>					
			</categories>
			<probability>0.33</probability>				
			<minimum_seperation>5</minimum_seperation>		
			<enable_debug_lines>false</enable_debug_lines>
			<debug_lines_red>1.0</debug_lines_red>
			<debug_lines_green>0.65</debug_lines_green>	
			<debug_lines_blue>0.90</debug_lines_blue>
		</tree>	
		<tree> 		
			<model>trees\wh_badlands_dragonblood\grn_dragonblood_e</model>
			<size_low>0.7</size_low>	
			<size_high>1.1</size_high>	
			<blendmap_range_low>0.6</blendmap_range_low>
			<blendmap_range_high>0.7</blendmap_range_high>
			<blendmap_range_falloff>0.0</blendmap_range_falloff>
			<height_low>-5000</height_low>
			<height_high>5000</height_high>
			<height_falloff>0</height_falloff>		
			<humidities>	
				<humidity>arid</humidity>
				<humidity>humid</humidity>
			</humidities>
			<categories>		
				<category>grn_badlands</category>					
			</categories>
			<probability>0.33</probability>	
			<minimum_seperation>4</minimum_seperation>
			<enable_debug_lines>false</enable_debug_lines>
			<debug_lines_red>1.0</debug_lines_red>
			<debug_lines_green>0.65</debug_lines_green>	
			<debug_lines_blue>0.90</debug_lines_blue>
		</tree>
		<tree> 			
			<model>trees\wh_badlands_dragonblood\grn_dragonblood_f</model>	
			<size_low>0.7</size_low>	
			<size_high>1.1</size_high>	
			<blendmap_range_low>0.6</blendmap_range_low>
			<blendmap_range_high>0.7</blendmap_range_high>
			<blendmap_range_falloff>0.0</blendmap_range_falloff>
			<height_low>-5000</height_low>
			<height_high>5000</height_high>
			<height_falloff>0</height_falloff>
			<humidities>	
				<humidity>arid</humidity>
				<humidity>humid</humidity>
			</humidities>
			<categories>		
				<category>grn_badlands</category>					
			</categories>
			<probability>0.34</probability>			
			<minimum_seperation>3</minimum_seperation>
			<enable_debug_lines>false</enable_debug_lines>
			<debug_lines_red>1.0</debug_lines_red>
			<debug_lines_green>0.65</debug_lines_green>	
			<debug_lines_blue>0.90</debug_lines_blue>
		</tree>		
	</group>
	<group group_name="badlandstree_outer_grnforestblend01">
		<texture>forest01</texture>	
		<texture_for_probability>forest01</texture_for_probability>
		<group_channel_range_low>0.5</group_channel_range_low>	
		<group_channel_range_high>0.7</group_channel_range_high>	
		<group_channel_range_falloff>0.0</group_channel_range_falloff>	
		<height_range_low>-5000</height_range_low>	
		<height_range_high>5000</height_range_high>	
		<height_range_falloff>10000</height_range_falloff>	
		<probability>0.0575</probability>
		<grouping_probability>0.8</grouping_probability>	
		<grouping_radius>6</grouping_radius>	

		<tree> 		
			<model>trees\wh_badlands_dragonblood\grn_dragonblood_f</model>
			<size_low>0.7</size_low>			
			<size_high>1.1</size_high>				
			<blendmap_range_low>0.5</blendmap_range_low>
			<blendmap_range_high>0.7</blendmap_range_high>
			<blendmap_range_falloff>0.0</blendmap_range_falloff>
			<height_low>-5000</height_low>
			<height_high>5000</height_high>
			<height_falloff>0</height_falloff>			
			<humidities>						
				<humidity>arid</humidity>
				<humidity>humid</humidity>
			</humidities>
			<categories>						
				<category>grn_badlands</category>					
			</categories>
			<probability>0.2</probability>				
			<minimum_seperation>4</minimum_seperation>		
			<enable_debug_lines>false</enable_debug_lines>
			<debug_lines_red>1.0</debug_lines_red>
			<debug_lines_green>0.65</debug_lines_green>	
			<debug_lines_blue>0.90</debug_lines_blue>
		</tree>	
		<tree> 		
			<model>trees\wh_badlands_dragonblood\grn_dragonblood_g</model>
			<size_low>0.7</size_low>	
			<size_high>1.1</size_high>	
			<blendmap_range_low>0.5</blendmap_range_low>
			<blendmap_range_high>0.7</blendmap_range_high>
			<blendmap_range_falloff>0.0</blendmap_range_falloff>
			<height_low>-5000</height_low>
			<height_high>5000</height_high>
			<height_falloff>0</height_falloff>		
			<humidities>	
				<humidity>arid</humidity>
				<humidity>humid</humidity>
			</humidities>
			<categories>		
				<category>grn_badlands</category>					
			</categories>
			<probability>0.2</probability>	
			<minimum_seperation>1</minimum_seperation>
			<enable_debug_lines>false</enable_debug_lines>
			<debug_lines_red>1.0</debug_lines_red>
			<debug_lines_green>0.65</debug_lines_green>	
			<debug_lines_blue>0.90</debug_lines_blue>
		</tree>
		<tree> 			
			<model>trees\wh_badlands_dragonblood\grn_dragonblood_h</model>	
			<size_low>0.7</size_low>	
			<size_high>1.1</size_high>	
			<blendmap_range_low>0.5</blendmap_range_low>
			<blendmap_range_high>0.7</blendmap_range_high>
			<blendmap_range_falloff>0.0</blendmap_range_falloff>
			<height_low>-5000</height_low>
			<height_high>5000</height_high>
			<height_falloff>0</height_falloff>
			<humidities>	
				<humidity>arid</humidity>
				<humidity>humid</humidity>
			</humidities>
			<categories>		
				<category>grn_badlands</category>					
			</categories>
			<probability>0.2</probability>			
			<minimum_seperation>1</minimum_seperation>
			<enable_debug_lines>false</enable_debug_lines>
			<debug_lines_red>1.0</debug_lines_red>
			<debug_lines_green>0.65</debug_lines_green>	
			<debug_lines_blue>0.90</debug_lines_blue>
		</tree>		
		<tree> 			
			<model>trees\wh_badlands_dragonblood\grn_dragonblood_i</model>	
			<size_low>0.7</size_low>	
			<size_high>1.1</size_high>
			<blendmap_range_low>0.9</blendmap_range_low>
			<blendmap_range_high>0.7</blendmap_range_high>
			<blendmap_range_falloff>0.0</blendmap_range_falloff>
			<height_low>-5000</height_low>
			<height_high>5000</height_high>
			<height_falloff>0</height_falloff>	
			<humidities>			
				<humidity>arid</humidity>
				<humidity>humid</humidity>
			</humidities>
			<categories>	
				<category>grn_badlands</category>					
			</categories>
			<probability>0.2</probability>	
			<minimum_seperation>1</minimum_seperation>
			<enable_debug_lines>false</enable_debug_lines>	
			<debug_lines_red>1.0</debug_lines_red>
			<debug_lines_green>0.65</debug_lines_green>	
			<debug_lines_blue>0.90</debug_lines_blue>
		</tree>
		<tree> 	
			<model>trees\wh_badlands_dragonblood\grn_dragonblood_j</model>	
			<size_low>0.7</size_low>	
			<size_high>1.1</size_high>	
			<blendmap_range_low>0.5</blendmap_range_low>
			<blendmap_range_high>0.7</blendmap_range_high>
			<blendmap_range_falloff>0.0</blendmap_range_falloff>
			<height_low>-5000</height_low>
			<height_high>5000</height_high>
			<height_falloff>0</height_falloff>		
			<humidities>		
				<humidity>arid</humidity>
				<humidity>humid</humidity>
			</humidities>
			<categories>	
				<category>grn_badlands</category>					
			</categories>
			<probability>0.2</probability>		
			<minimum_seperation>1</minimum_seperation>	
			<enable_debug_lines>false</enable_debug_lines>
			<debug_lines_red>1.0</debug_lines_red>
			<debug_lines_green>0.65</debug_lines_green>	
			<debug_lines_blue>0.90</debug_lines_blue>
		</tree>			
	</group>
<!--group#-->
	<group group_name="deadtree_outer_grnforestblend01">
		<texture>forest01</texture>		
		<texture_for_probability>forest01</texture_for_probability>	
		<group_channel_range_low>0.5</group_channel_range_low>	
		<group_channel_range_high>0.7</group_channel_range_high>
		<group_channel_range_falloff>0.0</group_channel_range_falloff>
		<height_range_low>-5000</height_range_low>	
		<height_range_high>5000</height_range_high>	
		<height_range_falloff>10000</height_range_falloff>	
		<probability>0.015</probability>
		<grouping_probability>0.5</grouping_probability>
		<grouping_radius>6</grouping_radius>

		<tree>
			<model>trees\wh_badlands_dead_tree\grn_dead_tree_e</model>  <!--fallen-->
			<size_low>0.7</size_low>
			<size_high>1</size_high>
			<blendmap_range_low>0.5</blendmap_range_low>
			<blendmap_range_high>0.7</blendmap_range_high>
			<blendmap_range_falloff>0.0</blendmap_range_falloff>
			<height_low>-30</height_low>
			<height_high>985</height_high>
			<height_falloff>10000</height_falloff>
			
			
			<humidities>
				<humidity>arid</humidity>
				<humidity>humid</humidity>
			</humidities>
			<categories>
				<category>grn_badlands</category>					
			</categories>
			<probability>0.025</probability>
			<minimum_seperation>1</minimum_seperation>
			<enable_debug_lines>true</enable_debug_lines>
			<debug_lines_red>1.0</debug_lines_red>
			<debug_lines_green>0.65</debug_lines_green>	
			<debug_lines_blue>0.90</debug_lines_blue>
		</tree>
		<tree>
			<model>trees\wh_badlands_dead_tree\grn_dead_tree_f</model>   <!--fallen-->
			<size_low>0.7</size_low>
			<size_high>1</size_high>
			<blendmap_range_low>0.5</blendmap_range_low>
			<blendmap_range_high>0.7</blendmap_range_high>
			<blendmap_range_falloff>0.0</blendmap_range_falloff>
			<height_low>-30</height_low>
			<height_high>985</height_high>
			<height_falloff>10000</height_falloff>
			
			
			<humidities>
				<humidity>arid</humidity>
				<humidity>humid</humidity>
			</humidities>
			<categories>
				<category>grn_badlands</category>					
			</categories>
			<probability>0.025</probability>
			<minimum_seperation>1</minimum_seperation>
			<enable_debug_lines>true</enable_debug_lines>
			<debug_lines_red>1.0</debug_lines_red>
			<debug_lines_green>0.65</debug_lines_green>	
			<debug_lines_blue>0.90</debug_lines_blue>
		</tree>
		<tree>
			<model>trees\wh_badlands_dead_tree\grn_dead_tree_g</model>   <!--stump-->
			<size_low>0.7</size_low>
			<size_high>1</size_high>
			<blendmap_range_low>0.5</blendmap_range_low>
			<blendmap_range_high>0.7</blendmap_range_high>
			<blendmap_range_falloff>0.0</blendmap_range_falloff>
			<height_low>-30</height_low>
			<height_high>985</height_high>
			<height_falloff>10000</height_falloff>
			
			
			<humidities>
				<humidity>arid</humidity>
				<humidity>humid</humidity>
			</humidities>
			<categories>
				<category>grn_badlands</category>					
			</categories>
			<probability>0.025</probability>
			<minimum_seperation>1</minimum_seperation>
			<enable_debug_lines>true</enable_debug_lines>
			<debug_lines_red>1.0</debug_lines_red>
			<debug_lines_green>0.65</debug_lines_green>	
			<debug_lines_blue>0.90</debug_lines_blue>
		</tree>
		<tree>
			<model>trees\wh_badlands_dead_tree\grn_dead_tree_h</model>   <!--stump-->
			<size_low>0.7</size_low>
			<size_high>1</size_high>
			<blendmap_range_low>0.5</blendmap_range_low>
			<blendmap_range_high>0.7</blendmap_range_high>
			<blendmap_range_falloff>0.0</blendmap_range_falloff>
			<height_low>-30</height_low>
			<height_high>985</height_high>
			<height_falloff>10000</height_falloff>
			
			
			<humidities>
				<humidity>arid</humidity>
				<humidity>humid</humidity>
			</humidities>
			<categories>
				<category>grn_badlands</category>					
			</categories>
			<probability>0.025</probability>
			<minimum_seperation>1</minimum_seperation>
			<enable_debug_lines>true</enable_debug_lines>
			<debug_lines_red>1.0</debug_lines_red>
			<debug_lines_green>0.65</debug_lines_green>	
			<debug_lines_blue>0.90</debug_lines_blue>
		</tree>
		<tree>
			<model>trees\wh_badlands_dead_tree\grn_dead_tree_i</model>
			<size_low>0.7</size_low>
			<size_high>1</size_high>
			<blendmap_range_low>0.5</blendmap_range_low>
			<blendmap_range_high>0.7</blendmap_range_high>
			<blendmap_range_falloff>0.0</blendmap_range_falloff>
			<height_low>-30</height_low>
			<height_high>985</height_high>
			<height_falloff>10000</height_falloff>
			
			
			<humidities>
				<humidity>arid</humidity>
				<humidity>humid</humidity>
			</humidities>
			<categories>
				<category>grn_badlands</category>					
			</categories>
			<probability>0.1</probability>
			<minimum_seperation>1</minimum_seperation>
			<enable_debug_lines>true</enable_debug_lines>
			<debug_lines_red>1.0</debug_lines_red>
			<debug_lines_green>0.65</debug_lines_green>	
			<debug_lines_blue>0.90</debug_lines_blue>
		</tree>
		<tree>
			<model>trees\wh_badlands_dead_tree\grn_dead_tree_j</model>
			<size_low>0.7</size_low>
			<size_high>1</size_high>
			<blendmap_range_low>0.5</blendmap_range_low>
			<blendmap_range_high>0.7</blendmap_range_high>
			<blendmap_range_falloff>0.0</blendmap_range_falloff>
			<height_low>-30</height_low>
			<height_high>985</height_high>
			<height_falloff>10000</height_falloff>
			
			
			<humidities>
				<humidity>arid</humidity>
				<humidity>humid</humidity>
			</humidities>
			<categories>
				<category>grn_badlands</category>					
			</categories>
			<probability>0.4</probability>
			<minimum_seperation>1</minimum_seperation>
			<enable_debug_lines>true</enable_debug_lines>
			<debug_lines_red>1.0</debug_lines_red>
			<debug_lines_green>0.65</debug_lines_green>	
			<debug_lines_blue>0.90</debug_lines_blue>
		</tree>
		<tree>
			<model>trees\wh_badlands_dead_tree\grn_dead_tree_k</model>
			<size_low>0.7</size_low>
			<size_high>1</size_high>
			<blendmap_range_low>0.5</blendmap_range_low>
			<blendmap_range_high>0.7</blendmap_range_high>
			<blendmap_range_falloff>0.0</blendmap_range_falloff>
			<height_low>-30</height_low>
			<height_high>985</height_high>
			<height_falloff>10000</height_falloff>
			
			
			<humidities>
				<humidity>arid</humidity>
				<humidity>humid</humidity>
			</humidities>
			<categories>
				<category>grn_badlands</category>					
			</categories>
			<probability>0.4</probability>
			<minimum_seperation>1</minimum_seperation>
			<enable_debug_lines>true</enable_debug_lines>
			<debug_lines_red>1.0</debug_lines_red>
			<debug_lines_green>0.65</debug_lines_green>	
			<debug_lines_blue>0.90</debug_lines_blue>
		</tree>		
	</group>	
<!--group#-->
	<group group_name="dryshrub_outer_grnforestblend01">
		<texture>forest01</texture>		
		<texture_for_probability>forest01</texture_for_probability>
		<group_channel_range_low>0.5</group_channel_range_low>	
		<group_channel_range_high>0.7</group_channel_range_high>
		<group_channel_range_falloff>0.0</group_channel_range_falloff>
		<height_range_low>-5000</height_range_low>
		<height_range_high>5000</height_range_high>		
		<height_range_falloff>10000</height_range_falloff>			
		<probability>0.475</probability>					
		<grouping_probability>0.2</grouping_probability>		
		<grouping_radius>1</grouping_radius>				

		<tree>
			<model>trees\wh_grn_shrub_a\shrub_tall_bush_a</model>
			<size_low>0.5</size_low>				
			<size_high>0.8</size_high>				
			<blendmap_range_low>0.5</blendmap_range_low>	
			<blendmap_range_high>0.7</blendmap_range_high>
			<blendmap_range_falloff>0.0</blendmap_range_falloff>
			<height_low>-5000</height_low>
			<height_high>5000</height_high>
			<height_falloff>0</height_falloff>			
			<humidities>						
				<humidity>arid</humidity>
				<humidity>humid</humidity>
			</humidities>
			<categories>						
				<category>grn_badlands</category>					
			</categories>
			<probability>0.167</probability>				
			<minimum_seperation>0.5</minimum_seperation>		
			<enable_debug_lines>false</enable_debug_lines>		
			<debug_lines_red>1.0</debug_lines_red>
			<debug_lines_green>0.65</debug_lines_green>	
			<debug_lines_blue>0.90</debug_lines_blue>
		</tree>
		<tree>
			<model>trees\wh_grn_shrub_a\shrub_tall_bush_b</model>
			<size_low>0.5</size_low>				
			<size_high>0.8</size_high>				
			<blendmap_range_low>0.9</blendmap_range_low>	
			<blendmap_range_high>0.7</blendmap_range_high>
			<blendmap_range_falloff>0.0</blendmap_range_falloff>
			<height_low>-5000</height_low>
			<height_high>5000</height_high>
			<height_falloff>0</height_falloff>			
			<humidities>						
				<humidity>arid</humidity>
				<humidity>humid</humidity>
			</humidities>
			<categories>						
				<category>grn_badlands</category>					
			</categories>
			<probability>0.167</probability>				
			<minimum_seperation>0.5</minimum_seperation>		
			<enable_debug_lines>false</enable_debug_lines>		
			<debug_lines_red>1.0</debug_lines_red>
			<debug_lines_green>0.65</debug_lines_green>	
			<debug_lines_blue>0.90</debug_lines_blue>
		</tree>
		<tree>
			<model>trees\wh_grn_shrub_a\shrub_tall_bush_c</model>
			<size_low>0.5</size_low>				
			<size_high>0.8</size_high>				
			<blendmap_range_low>0.5</blendmap_range_low>	
			<blendmap_range_high>0.7</blendmap_range_high>
			<blendmap_range_falloff>0.0</blendmap_range_falloff>
			<height_low>-5000</height_low>
			<height_high>5000</height_high>
			<height_falloff>0</height_falloff>			
			<humidities>						
				<humidity>arid</humidity>
				<humidity>humid</humidity>
			</humidities>
			<categories>						
				<category>grn_badlands</category>					
			</categories>
			<probability>0.167</probability>				
			<minimum_seperation>0.5</minimum_seperation>		
			<enable_debug_lines>false</enable_debug_lines>		
			<debug_lines_red>1.0</debug_lines_red>
			<debug_lines_green>0.65</debug_lines_green>	
			<debug_lines_blue>0.90</debug_lines_blue>
		</tree>		
		<tree>
			<model>trees\wh_grn_shrub_a\shrub_bush_01_a</model>
			<size_low>0.8</size_low>				
			<size_high>1.3</size_high>				
			<blendmap_range_low>0.5</blendmap_range_low>	
			<blendmap_range_high>0.7</blendmap_range_high>
			<blendmap_range_falloff>0.0</blendmap_range_falloff>
			<height_low>-5000</height_low>
			<height_high>5000</height_high>
			<height_falloff>0</height_falloff>			
			<humidities>						
				<humidity>arid</humidity>
				<humidity>humid</humidity>
			</humidities>
			<categories>						
				<category>grn_badlands</category>					
			</categories>
			<probability>0.167</probability>				
			<minimum_seperation>0.5</minimum_seperation>		
			<enable_debug_lines>false</enable_debug_lines>		
			<debug_lines_red>1.0</debug_lines_red>
			<debug_lines_green>0.65</debug_lines_green>	
			<debug_lines_blue>0.90</debug_lines_blue>
		</tree>
		<tree>
			<model>trees\wh_grn_shrub_a\shrub_bush_01_b</model>
			<size_low>0.8</size_low>				
			<size_high>1.3</size_high>				
			<blendmap_range_low>0.5</blendmap_range_low>	
			<blendmap_range_high>0.7</blendmap_range_high>
			<blendmap_range_falloff>0.0</blendmap_range_falloff>
			<height_low>-5000</height_low>
			<height_high>5000</height_high>
			<height_falloff>0</height_falloff>			
			<humidities>						
				<humidity>arid</humidity>
				<humidity>humid</humidity>
			</humidities>
			<categories>						
				<category>grn_badlands</category>					
			</categories>
			<probability>0.167</probability>				
			<minimum_seperation>0.5</minimum_seperation>		
			<enable_debug_lines>false</enable_debug_lines>		
			<debug_lines_red>1.0</debug_lines_red>
			<debug_lines_green>0.65</debug_lines_green>	
			<debug_lines_blue>0.90</debug_lines_blue>
		</tree>		
		<tree>
			<model>trees\wh_grn_shrub_a\shrub_bush_01_b</model>
			<size_low>0.8</size_low>				
			<size_high>1.3</size_high>				
			<blendmap_range_low>0.5</blendmap_range_low>	
			<blendmap_range_high>0.7</blendmap_range_high>
			<blendmap_range_falloff>0.0</blendmap_range_falloff>
			<height_low>-5000</height_low>
			<height_high>5000</height_high>
			<height_falloff>0</height_falloff>			
			<humidities>						
				<humidity>arid</humidity>
				<humidity>humid</humidity>
			</humidities>
			<categories>						
				<category>grn_badlands</category>					
			</categories>
			<probability>0.167</probability>				
			<minimum_seperation>0.5</minimum_seperation>		
			<enable_debug_lines>false</enable_debug_lines>		
			<debug_lines_red>1.0</debug_lines_red>
			<debug_lines_green>0.65</debug_lines_green>	
			<debug_lines_blue>0.90</debug_lines_blue>
		</tree>
	</group>	
<!--group#-->
	<group group_name="drymushrooms_outer_grnforestblend01">
		<texture>forest01</texture>		
		<texture_for_probability>forest01</texture_for_probability>
		<group_channel_range_low>0.5</group_channel_range_low>	
		<group_channel_range_high>0.7</group_channel_range_high>
		<group_channel_range_falloff>0.0</group_channel_range_falloff>
		<height_range_low>-5000</height_range_low>
		<height_range_high>5000</height_range_high>		
		<height_range_falloff>10000</height_range_falloff>			
		<probability>0.375</probability>					
		<grouping_probability>0.2</grouping_probability>		
		<grouping_radius>0.2</grouping_radius>				

		<prop>
			<model>Buildings/beech_mushrooms_a/beech_mushrooms_a_piece01_destruct01</model>
			<size_low>0.8</size_low>				
			<size_high>1.3</size_high>				
			<blendmap_range_low>0.5</blendmap_range_low>	
			<blendmap_range_high>0.7</blendmap_range_high>
			<blendmap_range_falloff>0.0</blendmap_range_falloff>
			<height_low>-5000</height_low>
			<height_high>5000</height_high>
			<height_falloff>0</height_falloff>			
			<humidities>						
				<humidity>arid</humidity>
				<humidity>humid</humidity>
			</humidities>
			<categories>						
				<category>grn_badlands</category>					
			</categories>
			<probability>0.1</probability>				
			<minimum_seperation>0.5</minimum_seperation>		
			<enable_debug_lines>false</enable_debug_lines>		
			<debug_lines_red>1.0</debug_lines_red>
			<debug_lines_green>0.65</debug_lines_green>	
			<debug_lines_blue>0.90</debug_lines_blue>
		</prop>
		<prop>
			<model>Buildings/beech_mushrooms_b/beech_mushrooms_b_piece01_destruct01</model>
			<size_low>0.8</size_low>				
			<size_high>1.3</size_high>				
			<blendmap_range_low>0.5</blendmap_range_low>	
			<blendmap_range_high>0.7</blendmap_range_high>
			<blendmap_range_falloff>0.0</blendmap_range_falloff>
			<height_low>-5000</height_low>
			<height_high>5000</height_high>
			<height_falloff>0</height_falloff>			
			<humidities>						
				<humidity>arid</humidity>
				<humidity>humid</humidity>
			</humidities>
			<categories>						
				<category>grn_badlands</category>					
			</categories>
			<probability>0.1</probability>				
			<minimum_seperation>0.5</minimum_seperation>		
			<enable_debug_lines>false</enable_debug_lines>		
			<debug_lines_red>1.0</debug_lines_red>
			<debug_lines_green>0.65</debug_lines_green>	
			<debug_lines_blue>0.90</debug_lines_blue>
		</prop>		
		<prop>
			<model>Buildings/beech_mushrooms_c/beech_mushrooms_c_piece01_destruct01</model>
			<size_low>0.8</size_low>				
			<size_high>1.3</size_high>				
			<blendmap_range_low>0.5</blendmap_range_low>	
			<blendmap_range_high>0.7</blendmap_range_high>
			<blendmap_range_falloff>0.0</blendmap_range_falloff>
			<height_low>-5000</height_low>
			<height_high>5000</height_high>
			<height_falloff>0</height_falloff>			
			<humidities>						
				<humidity>arid</humidity>
				<humidity>humid</humidity>
			</humidities>
			<categories>						
				<category>grn_badlands</category>					
			</categories>
			<probability>0.1</probability>				
			<minimum_seperation>0.5</minimum_seperation>		
			<enable_debug_lines>false</enable_debug_lines>		
			<debug_lines_red>1.0</debug_lines_red>
			<debug_lines_green>0.65</debug_lines_green>	
			<debug_lines_blue>0.90</debug_lines_blue>
		</prop>		
		<tree>
			<model>trees\wh_grn_shrub_a\shrub_mushrooms_01_a</model>
			<size_low>0.8</size_low>				
			<size_high>1.3</size_high>				
			<blendmap_range_low>0.5</blendmap_range_low>	
			<blendmap_range_high>0.7</blendmap_range_high>
			<blendmap_range_falloff>0.0</blendmap_range_falloff>
			<height_low>-5000</height_low>
			<height_high>5000</height_high>
			<height_falloff>0</height_falloff>			
			<humidities>						
				<humidity>arid</humidity>
				<humidity>humid</humidity>
			</humidities>
			<categories>						
				<category>grn_badlands</category>					
			</categories>
			<probability>0.45</probability>				
			<minimum_seperation>0.2</minimum_seperation>		
			<enable_debug_lines>false</enable_debug_lines>		
			<debug_lines_red>1.0</debug_lines_red>
			<debug_lines_green>0.65</debug_lines_green>	
			<debug_lines_blue>0.90</debug_lines_blue>
		</tree>
		<tree>
			<model>trees\wh_grn_shrub_a\shrub_mushrooms_01_b</model>
			<size_low>0.8</size_low>				
			<size_high>1.3</size_high>				
			<blendmap_range_low>0.5</blendmap_range_low>	
			<blendmap_range_high>0.7</blendmap_range_high>
			<blendmap_range_falloff>0.0</blendmap_range_falloff>
			<height_low>-5000</height_low>
			<height_high>5000</height_high>
			<height_falloff>0</height_falloff>			
			<humidities>						
				<humidity>arid</humidity>
				<humidity>humid</humidity>
			</humidities>
			<categories>						
				<category>grn_badlands</category>					
			</categories>
			<probability>0.45</probability>				
			<minimum_seperation>0.2</minimum_seperation>		
			<enable_debug_lines>false</enable_debug_lines>		
			<debug_lines_red>1.0</debug_lines_red>
			<debug_lines_green>0.65</debug_lines_green>	
			<debug_lines_blue>0.90</debug_lines_blue>
		</tree>		
	</group>	
<!--group#-->
	<group group_name="stones_outer_grnforestblend01">
		<texture>forest01</texture>	
		<texture_for_probability>forest01</texture_for_probability>
		<group_channel_range_low>0.5</group_channel_range_low>	
		<group_channel_range_high>0.7</group_channel_range_high>	
		<group_channel_range_falloff>0.0</group_channel_range_falloff>
		<height_range_low>-5000</height_range_low>		
		<height_range_high>5000</height_range_high>	
		<height_range_falloff>10000</height_range_falloff>	
		<probability>0.02</probability>	
		<grouping_probability>0.2</grouping_probability>	
		<grouping_radius>5</grouping_radius>	
	<prop>
			<model>Buildings\grn_rocksml_01\grn_rocksml_01_piece01_destruct01</model>
			<size_low>0.7</size_low>
			<size_high>1.0</size_high>
			<blendmap_range_low>0.5</blendmap_range_low>
			<blendmap_range_high>0.7</blendmap_range_high>
			<blendmap_range_falloff>0.1</blendmap_range_falloff>
			<height_low>-5000</height_low>
			<height_high>5000</height_high>
			<height_falloff>10000</height_falloff>
			
			
			<humidities>
				<humidity>arid</humidity>
				<humidity>humid</humidity>
			</humidities>
			<categories>
				<category>grn_badlands</category>					
			</categories>
			<probability>0.167</probability>
			<minimum_seperation>3</minimum_seperation>
			<enable_debug_lines>false</enable_debug_lines>
			<debug_lines_red>1.0</debug_lines_red>
			<debug_lines_green>0.65</debug_lines_green>	
			<debug_lines_blue>0.90</debug_lines_blue>
		</prop>
		<prop>
			<model>Buildings\grn_rocksml_02\grn_rocksml_02_piece01_destruct01</model>
			<size_low>0.7</size_low>
			<size_high>1.0</size_high>
			<blendmap_range_low>0.5</blendmap_range_low>
			<blendmap_range_high>0.7</blendmap_range_high>
			<blendmap_range_falloff>0.1</blendmap_range_falloff>
			<height_low>-5000</height_low>
			<height_high>5000</height_high>
			<height_falloff>10000</height_falloff>
			
			
			<humidities>
				<humidity>arid</humidity>
				<humidity>humid</humidity>
			</humidities>
			<categories>
				<category>grn_badlands</category>					
				</categories>
			<probability>0.167</probability>
			<minimum_seperation>3</minimum_seperation>
			<enable_debug_lines>false</enable_debug_lines>
			<debug_lines_red>1.0</debug_lines_red>
			<debug_lines_green>0.65</debug_lines_green>	
			<debug_lines_blue>0.90</debug_lines_blue>
		</prop>
		<prop>
			<model>Buildings\grn_rocksml_01\grn_rocksml_01_piece01_destruct01</model>
			<size_low>0.7</size_low>
			<size_high>1.0</size_high>
			<blendmap_range_low>0.5</blendmap_range_low>
			<blendmap_range_high>0.7</blendmap_range_high>
			<blendmap_range_falloff>0.1</blendmap_range_falloff>
			<height_low>-5000</height_low>
			<height_high>5000</height_high>
			<height_falloff>10000</height_falloff>
			
			
			<humidities>
				<humidity>arid</humidity>
				<humidity>humid</humidity>
			</humidities>
			<categories>
				<category>grn_badlands</category>					
			</categories>
			<probability>0.167</probability>
			<minimum_seperation>3</minimum_seperation>
			<enable_debug_lines>false</enable_debug_lines>
			<debug_lines_red>1.0</debug_lines_red>
			<debug_lines_green>0.65</debug_lines_green>	
			<debug_lines_blue>0.90</debug_lines_blue>
		</prop>
		<prop>
			<model>Buildings\grn_rocksml_02\grn_rocksml_02_piece01_destruct01</model>
			<size_low>0.7</size_low>
			<size_high>1.0</size_high>
			<blendmap_range_low>0.5</blendmap_range_low>
			<blendmap_range_high>0.7</blendmap_range_high>
			<blendmap_range_falloff>0.1</blendmap_range_falloff>
			<height_low>-5000</height_low>
			<height_high>5000</height_high>
			<height_falloff>10000</height_falloff>
			
			
			<humidities>
				<humidity>arid</humidity>
				<humidity>humid</humidity>
			</humidities>
			<categories>
				<category>grn_badlands</category>					
			</categories>
			<probability>0.167</probability>
			<minimum_seperation>3</minimum_seperation>
			<enable_debug_lines>false</enable_debug_lines>
			<debug_lines_red>1.0</debug_lines_red>
			<debug_lines_green>0.65</debug_lines_green>	
			<debug_lines_blue>0.90</debug_lines_blue>
		</prop>
		<prop>
			<model>Buildings\grn_rocksml_01\grn_rocksml_01_piece01_destruct01</model>
			<size_low>0.7</size_low>
			<size_high>1.0</size_high>
			<blendmap_range_low>0.5</blendmap_range_low>
			<blendmap_range_high>0.7</blendmap_range_high>
			<blendmap_range_falloff>0.1</blendmap_range_falloff>
			<height_low>-5000</height_low>
			<height_high>5000</height_high>
			<height_falloff>10000</height_falloff>
			
			
			<humidities>
				<humidity>arid</humidity>
				<humidity>humid</humidity>
			</humidities>
			<categories>
				<category>grn_badlands</category>					
			</categories>
			<probability>0.167</probability>
			<minimum_seperation>3</minimum_seperation>
			<enable_debug_lines>false</enable_debug_lines>
			<debug_lines_red>1.0</debug_lines_red>
			<debug_lines_green>0.65</debug_lines_green>	
			<debug_lines_blue>0.90</debug_lines_blue>
		</prop>
		<prop>
			<model>Buildings\grn_rocksml_02\grn_rocksml_02_piece01_destruct01</model>
			<size_low>0.7</size_low>
			<size_high>1.0</size_high>
			<blendmap_range_low>0.5</blendmap_range_low>
			<blendmap_range_high>0.7</blendmap_range_high>
			<blendmap_range_falloff>0.1</blendmap_range_falloff>
			<height_low>-5000</height_low>
			<height_high>5000</height_high>
			<height_falloff>10000</height_falloff>
			
			
			<humidities>
				<humidity>arid</humidity>
				<humidity>humid</humidity>
			</humidities>
			<categories>
				<category>grn_badlands</category>					
				</categories>
			<probability>0.167</probability>
			<minimum_seperation>3</minimum_seperation>
			<enable_debug_lines>false</enable_debug_lines>
			<debug_lines_red>1.0</debug_lines_red>
			<debug_lines_green>0.65</debug_lines_green>	
			<debug_lines_blue>0.90</debug_lines_blue>
		</prop>			
	</group>

</trees>