<?xml version="1.0" encoding="UTF-8"?>
<trees>

<!-- INNER 0.9 # 1.0 #########################################################################################################-->
<!--##########################################################################################################################-->
<!--##########################################################################################################################-->
<!--group#-->
	<group group_name="dryshrub_inner_grngrassblend02">
		<texture>grass02</texture>		
		<texture_for_probability>grass02</texture_for_probability>
		<group_channel_range_low>0.9</group_channel_range_low>	
		<group_channel_range_high>1.1</group_channel_range_high>
		<group_channel_range_falloff>0.0</group_channel_range_falloff>
		<height_range_low>-5000</height_range_low>
		<height_range_high>5000</height_range_high>		
		<height_range_falloff>10000</height_range_falloff>			
		<probability>0.055</probability>					
		<grouping_probability>0.4</grouping_probability>		
		<grouping_radius>5</grouping_radius>				
		<tree>
			<model>trees\wh_grn_shrub_a\shrub_tall_bush_a</model>
			<size_low>0.8</size_low>				
			<size_high>1.3</size_high>				
			<blendmap_range_low>0.9</blendmap_range_low>	
			<blendmap_range_high>1.1</blendmap_range_high>
			<blendmap_range_falloff>0.0</blendmap_range_falloff>
			<height_low>-5000</height_low>
			<height_high>5000</height_high>
			<height_falloff>0</height_falloff>			
			<humidities>						
				<humidity>arid</humidity>
				<humidity>humid</humidity>
			</humidities>
			<categories>						
				<category>grn_badlands</category>					
			</categories>
			<probability>0.167</probability>				
			<minimum_seperation>0.5</minimum_seperation>		
			<enable_debug_lines>false</enable_debug_lines>		
			<debug_lines_red>1.0</debug_lines_red>
			<debug_lines_green>0.65</debug_lines_green>	
			<debug_lines_blue>0.90</debug_lines_blue>
		</tree>
		<tree>
			<model>trees\wh_grn_shrub_a\shrub_tall_bush_b</model>
			<size_low>0.8</size_low>				
			<size_high>1.3</size_high>				
			<blendmap_range_low>0.9</blendmap_range_low>	
			<blendmap_range_high>1.1</blendmap_range_high>
			<blendmap_range_falloff>0.0</blendmap_range_falloff>
			<height_low>-5000</height_low>
			<height_high>5000</height_high>
			<height_falloff>0</height_falloff>			
			<humidities>						
				<humidity>arid</humidity>
				<humidity>humid</humidity>
			</humidities>
			<categories>						
				<category>grn_badlands</category>					
			</categories>
			<probability>0.167</probability>				
			<minimum_seperation>0.5</minimum_seperation>		
			<enable_debug_lines>false</enable_debug_lines>		
			<debug_lines_red>1.0</debug_lines_red>
			<debug_lines_green>0.65</debug_lines_green>	
			<debug_lines_blue>0.90</debug_lines_blue>
		</tree>
		<tree>
			<model>trees\wh_grn_shrub_a\shrub_tall_bush_c</model>
			<size_low>0.8</size_low>				
			<size_high>1.3</size_high>				
			<blendmap_range_low>0.9</blendmap_range_low>	
			<blendmap_range_high>1.1</blendmap_range_high>
			<blendmap_range_falloff>0.0</blendmap_range_falloff>
			<height_low>-5000</height_low>
			<height_high>5000</height_high>
			<height_falloff>0</height_falloff>			
			<humidities>						
				<humidity>arid</humidity>
				<humidity>humid</humidity>
			</humidities>
			<categories>						
				<category>grn_badlands</category>					
			</categories>
			<probability>0.167</probability>				
			<minimum_seperation>0.5</minimum_seperation>		
			<enable_debug_lines>false</enable_debug_lines>		
			<debug_lines_red>1.0</debug_lines_red>
			<debug_lines_green>0.65</debug_lines_green>	
			<debug_lines_blue>0.90</debug_lines_blue>
		</tree>		
		<tree>
			<model>trees\wh_grn_shrub_a\shrub_bush_01_a</model>
			<size_low>0.8</size_low>				
			<size_high>1.3</size_high>				
			<blendmap_range_low>0.9</blendmap_range_low>	
			<blendmap_range_high>1.1</blendmap_range_high>
			<blendmap_range_falloff>0.0</blendmap_range_falloff>
			<height_low>-5000</height_low>
			<height_high>5000</height_high>
			<height_falloff>0</height_falloff>			
			<humidities>						
				<humidity>arid</humidity>
				<humidity>humid</humidity>
			</humidities>
			<categories>						
				<category>grn_badlands</category>					
			</categories>
			<probability>0.167</probability>				
			<minimum_seperation>0.5</minimum_seperation>		
			<enable_debug_lines>false</enable_debug_lines>		
			<debug_lines_red>1.0</debug_lines_red>
			<debug_lines_green>0.65</debug_lines_green>	
			<debug_lines_blue>0.90</debug_lines_blue>
		</tree>
		<tree>
			<model>trees\wh_grn_shrub_a\shrub_bush_01_b</model>
			<size_low>0.8</size_low>				
			<size_high>1.3</size_high>				
			<blendmap_range_low>0.9</blendmap_range_low>	
			<blendmap_range_high>1.1</blendmap_range_high>
			<blendmap_range_falloff>0.0</blendmap_range_falloff>
			<height_low>-5000</height_low>
			<height_high>5000</height_high>
			<height_falloff>0</height_falloff>			
			<humidities>						
				<humidity>arid</humidity>
				<humidity>humid</humidity>
			</humidities>
			<categories>						
				<category>grn_badlands</category>					
			</categories>
			<probability>0.167</probability>				
			<minimum_seperation>0.5</minimum_seperation>		
			<enable_debug_lines>false</enable_debug_lines>		
			<debug_lines_red>1.0</debug_lines_red>
			<debug_lines_green>0.65</debug_lines_green>	
			<debug_lines_blue>0.90</debug_lines_blue>
		</tree>		
		<tree>
			<model>trees\wh_grn_shrub_a\shrub_bush_01_b</model>
			<size_low>0.8</size_low>				
			<size_high>1.3</size_high>				
			<blendmap_range_low>0.9</blendmap_range_low>	
			<blendmap_range_high>1.1</blendmap_range_high>
			<blendmap_range_falloff>0.0</blendmap_range_falloff>
			<height_low>-5000</height_low>
			<height_high>5000</height_high>
			<height_falloff>0</height_falloff>			
			<humidities>						
				<humidity>arid</humidity>
				<humidity>humid</humidity>
			</humidities>
			<categories>						
				<category>grn_badlands</category>					
			</categories>
			<probability>0.167</probability>				
			<minimum_seperation>0.5</minimum_seperation>		
			<enable_debug_lines>false</enable_debug_lines>		
			<debug_lines_red>1.0</debug_lines_red>
			<debug_lines_green>0.65</debug_lines_green>	
			<debug_lines_blue>0.90</debug_lines_blue>
		</tree>
	</group>	
<!--group#-->
	<group group_name="drymushrooms_inner_grngrassblend02">
		<texture>grass02</texture>		
		<texture_for_probability>grass02</texture_for_probability>
		<group_channel_range_low>0.9</group_channel_range_low>	
		<group_channel_range_high>1.1</group_channel_range_high>
		<group_channel_range_falloff>0.0</group_channel_range_falloff>
		<height_range_low>-5000</height_range_low>
		<height_range_high>5000</height_range_high>		
		<height_range_falloff>10000</height_range_falloff>			
		<probability>0.055</probability>					
		<grouping_probability>0.4</grouping_probability>		
		<grouping_radius>5</grouping_radius>				

		<prop>
			<model>buildings\beech_mushrooms_a\beech_mushrooms_a_piece01_destruct01</model>
			<size_low>0.8</size_low>				
			<size_high>1.3</size_high>				
			<blendmap_range_low>0.7</blendmap_range_low>		
			<blendmap_range_high>0.9</blendmap_range_high>
			<blendmap_range_falloff>0.0</blendmap_range_falloff>
			<height_low>-5000</height_low>
			<height_high>5000</height_high>
			<height_falloff>0</height_falloff>			
			<humidities>						
				<humidity>arid</humidity>
				<humidity>humid</humidity>
			</humidities>
			<categories>						
				<category>grn_badlands</category>					
			</categories>
			<probability>0.1</probability>				
			<minimum_seperation>0.5</minimum_seperation>		
			<enable_debug_lines>false</enable_debug_lines>		
			<debug_lines_red>1.0</debug_lines_red>
			<debug_lines_green>0.65</debug_lines_green>	
			<debug_lines_blue>0.90</debug_lines_blue>
		</prop>
		<prop>
			<model>buildings\beech_mushrooms_b\beech_mushrooms_b_piece01_destruct01</model>
			<size_low>0.8</size_low>				
			<size_high>1.3</size_high>				
			<blendmap_range_low>0.7</blendmap_range_low>		
			<blendmap_range_high>0.9</blendmap_range_high>
			<blendmap_range_falloff>0.0</blendmap_range_falloff>
			<height_low>-5000</height_low>
			<height_high>5000</height_high>
			<height_falloff>0</height_falloff>			
			<humidities>						
				<humidity>arid</humidity>
				<humidity>humid</humidity>
			</humidities>
			<categories>						
				<category>grn_badlands</category>					
			</categories>
			<probability>0.1</probability>				
			<minimum_seperation>0.5</minimum_seperation>		
			<enable_debug_lines>false</enable_debug_lines>		
			<debug_lines_red>1.0</debug_lines_red>
			<debug_lines_green>0.65</debug_lines_green>	
			<debug_lines_blue>0.90</debug_lines_blue>
		</prop>
		<prop>
			<model>buildings\beech_mushrooms_c\beech_mushrooms_c_piece01_destruct01</model>
			<size_low>0.8</size_low>				
			<size_high>1.3</size_high>				
			<blendmap_range_low>0.7</blendmap_range_low>		
			<blendmap_range_high>0.9</blendmap_range_high>
			<blendmap_range_falloff>0.0</blendmap_range_falloff>
			<height_low>-5000</height_low>
			<height_high>5000</height_high>
			<height_falloff>0</height_falloff>			
			<humidities>						
				<humidity>arid</humidity>
				<humidity>humid</humidity>
			</humidities>
			<categories>						
				<category>grn_badlands</category>					
			</categories>
			<probability>0.1</probability>				
			<minimum_seperation>0.5</minimum_seperation>		
			<enable_debug_lines>false</enable_debug_lines>		
			<debug_lines_red>1.0</debug_lines_red>
			<debug_lines_green>0.65</debug_lines_green>	
			<debug_lines_blue>0.90</debug_lines_blue>
		</prop>	
		<tree>
			<model>trees\wh_grn_shrub_a\shrub_mushrooms_01_a</model>
			<size_low>0.8</size_low>				
			<size_high>1.3</size_high>				
			<blendmap_range_low>0.9</blendmap_range_low>		
			<blendmap_range_high>1</blendmap_range_high>
			<blendmap_range_falloff>0.0</blendmap_range_falloff>
			<height_low>-5000</height_low>
			<height_high>5000</height_high>
			<height_falloff>0</height_falloff>			
			<humidities>						
				<humidity>arid</humidity>
				<humidity>humid</humidity>
			</humidities>
			<categories>						
				<category>grn_badlands</category>					
			</categories>
			<probability>0.7</probability>				
			<minimum_seperation>0.2</minimum_seperation>		
			<enable_debug_lines>false</enable_debug_lines>		
			<debug_lines_red>1.0</debug_lines_red>
			<debug_lines_green>0.65</debug_lines_green>	
			<debug_lines_blue>0.90</debug_lines_blue>
		</tree>
	</group>	

	<group group_name="space_inner_grngrassblend02">
		<texture>grass02</texture>	
		<texture_for_probability>grass02</texture_for_probability>
		<group_channel_range_low>0.9</group_channel_range_low>	
		<group_channel_range_high>1.1</group_channel_range_high>	
		<group_channel_range_falloff>0.0</group_channel_range_falloff>
		<height_range_low>-5000</height_range_low>		
		<height_range_high>5000</height_range_high>	
		<height_range_falloff>10000</height_range_falloff>	
		<probability>0.89</probability>	
		<grouping_probability>0.4</grouping_probability>	
		<grouping_radius>5</grouping_radius>	
	
		<prop>
			<model></model> <!--empty_space-->
			<size_low>0.8</size_low>
			<size_high>1.0</size_high>
			<blendmap_range_low>0.9</blendmap_range_low>
			<blendmap_range_high>1.0</blendmap_range_high>
			<blendmap_range_falloff>0.0</blendmap_range_falloff>
			<height_low>-5000</height_low>
			<height_high>5000</height_high>
			<height_falloff>10000</height_falloff>
			<humidities>
				<humidity>arid</humidity>
				<humidity>humid</humidity>
			</humidities>
			<categories>
				<category>grn_badlands</category>					
				</categories>
			<probability>0.2</probability>
			<minimum_seperation>6</minimum_seperation>
			<enable_debug_lines>false</enable_debug_lines>
			<debug_lines_red>1.0</debug_lines_red>
			<debug_lines_green>0.65</debug_lines_green>	
			<debug_lines_blue>0.90</debug_lines_blue>
		</prop>			
		<prop>
			<model></model>  <!--empty_space-->
			<size_low>0.7</size_low>
			<size_high>1.0</size_high>
			<blendmap_range_low>0.9</blendmap_range_low>
			<blendmap_range_high>1.0</blendmap_range_high>
			<blendmap_range_falloff>0.0</blendmap_range_falloff>
			<height_low>-5000</height_low>
			<height_high>5000</height_high>
			<height_falloff>10000</height_falloff>
			<humidities>
				<humidity>arid</humidity>
				<humidity>humid</humidity>
			</humidities>
			<categories>
				<category>grn_badlands</category>					
				</categories>
			<probability>0.2</probability>
			<minimum_seperation>7</minimum_seperation>
			<enable_debug_lines>false</enable_debug_lines>
			<debug_lines_red>1.0</debug_lines_red>
			<debug_lines_green>0.65</debug_lines_green>	
			<debug_lines_blue>0.90</debug_lines_blue>
		</prop>		
		<prop>
			<model></model>  <!--empty_space-->
			<size_low>0.7</size_low>
			<size_high>1.0</size_high>
			<blendmap_range_low>0.9</blendmap_range_low>
			<blendmap_range_high>1.0</blendmap_range_high>
			<blendmap_range_falloff>0.0</blendmap_range_falloff>
			<height_low>-5000</height_low>
			<height_high>5000</height_high>
			<height_falloff>10000</height_falloff>
			<humidities>
				<humidity>arid</humidity>
				<humidity>humid</humidity>
			</humidities>
			<categories>
				<category>grn_badlands</category>					
				</categories>
			<probability>0.2</probability>
			<minimum_seperation>10</minimum_seperation>
			<enable_debug_lines>false</enable_debug_lines>
			<debug_lines_red>1.0</debug_lines_red>
			<debug_lines_green>0.65</debug_lines_green>	
			<debug_lines_blue>0.90</debug_lines_blue>
		</prop>		
		<prop>
			<model></model>  <!--empty_space-->
			<size_low>0.7</size_low>
			<size_high>1.0</size_high>
			<blendmap_range_low>0.9</blendmap_range_low>
			<blendmap_range_high>1.0</blendmap_range_high>
			<blendmap_range_falloff>0.0</blendmap_range_falloff>
			<height_low>-5000</height_low>
			<height_high>5000</height_high>
			<height_falloff>10000</height_falloff>
			<humidities>
				<humidity>arid</humidity>
				<humidity>humid</humidity>
			</humidities>
			<categories>
				<category>grn_badlands</category>					
				</categories>
			<probability>0.2</probability>
			<minimum_seperation>14</minimum_seperation>
			<enable_debug_lines>false</enable_debug_lines>
			<debug_lines_red>1.0</debug_lines_red>
			<debug_lines_green>0.65</debug_lines_green>	
			<debug_lines_blue>0.90</debug_lines_blue>
		</prop>		
		<prop>
			<model></model>  <!--empty_space-->
			<size_low>0.7</size_low>
			<size_high>1.0</size_high>
			<blendmap_range_low>0.9</blendmap_range_low>
			<blendmap_range_high>1.0</blendmap_range_high>
			<blendmap_range_falloff>0.0</blendmap_range_falloff>
			<height_low>-5000</height_low>
			<height_high>5000</height_high>
			<height_falloff>10000</height_falloff>
			<humidities>
				<humidity>arid</humidity>
				<humidity>humid</humidity>
			</humidities>
			<categories>
				<category>grn_badlands</category>					
				</categories>
			<probability>0.2</probability>
			<minimum_seperation>16</minimum_seperation>
			<enable_debug_lines>false</enable_debug_lines>
			<debug_lines_red>1.0</debug_lines_red>
			<debug_lines_green>0.65</debug_lines_green>	
			<debug_lines_blue>0.90</debug_lines_blue>
		</prop>		
	</group>		
<!-- MIDDLE 0.7 # 0.9 #########################################################################################################-->
<!--##########################################################################################################################-->
<!--##########################################################################################################################-->
<!--group#-->
	<group group_name="dryshrub_middle_grngrassblend02">
		<texture>grass02</texture>		
		<texture_for_probability>grass02</texture_for_probability>
		<group_channel_range_low>0.7</group_channel_range_low>	
		<group_channel_range_high>0.9</group_channel_range_high>
		<group_channel_range_falloff>0.0</group_channel_range_falloff>
		<height_range_low>-5000</height_range_low>
		<height_range_high>5000</height_range_high>		
		<height_range_falloff>10000</height_range_falloff>			
		<probability>0.0475</probability>					
		<grouping_probability>0.2</grouping_probability>		
		<grouping_radius>5</grouping_radius>				

		<tree>
			<model>trees\wh_grn_shrub_a\shrub_tall_bush_a</model>
			<size_low>0.8</size_low>				
			<size_high>1.3</size_high>				
			<blendmap_range_low>0.7</blendmap_range_low>	
			<blendmap_range_high>0.9</blendmap_range_high>
			<blendmap_range_falloff>0.0</blendmap_range_falloff>
			<height_low>-5000</height_low>
			<height_high>5000</height_high>
			<height_falloff>0</height_falloff>			
			<humidities>						
				<humidity>arid</humidity>
				<humidity>humid</humidity>
			</humidities>
			<categories>						
				<category>grn_badlands</category>					
			</categories>
			<probability>0.167</probability>				
			<minimum_seperation>0.5</minimum_seperation>		
			<enable_debug_lines>false</enable_debug_lines>		
			<debug_lines_red>1.0</debug_lines_red>
			<debug_lines_green>0.65</debug_lines_green>	
			<debug_lines_blue>0.90</debug_lines_blue>
		</tree>
		<tree>
			<model>trees\wh_grn_shrub_a\shrub_tall_bush_b</model>
			<size_low>0.8</size_low>				
			<size_high>1.3</size_high>				
			<blendmap_range_low>0.7</blendmap_range_low>	
			<blendmap_range_high>0.9</blendmap_range_high>
			<blendmap_range_falloff>0.0</blendmap_range_falloff>
			<height_low>-5000</height_low>
			<height_high>5000</height_high>
			<height_falloff>0</height_falloff>			
			<humidities>						
				<humidity>arid</humidity>
				<humidity>humid</humidity>
			</humidities>
			<categories>						
				<category>grn_badlands</category>					
			</categories>
			<probability>0.167</probability>				
			<minimum_seperation>0.5</minimum_seperation>		
			<enable_debug_lines>false</enable_debug_lines>		
			<debug_lines_red>1.0</debug_lines_red>
			<debug_lines_green>0.65</debug_lines_green>	
			<debug_lines_blue>0.90</debug_lines_blue>
		</tree>
		<tree>
			<model>trees\wh_grn_shrub_a\shrub_tall_bush_c</model>
			<size_low>0.8</size_low>				
			<size_high>1.3</size_high>				
			<blendmap_range_low>0.7</blendmap_range_low>	
			<blendmap_range_high>0.9</blendmap_range_high>
			<blendmap_range_falloff>0.0</blendmap_range_falloff>
			<height_low>-5000</height_low>
			<height_high>5000</height_high>
			<height_falloff>0</height_falloff>			
			<humidities>						
				<humidity>arid</humidity>
				<humidity>humid</humidity>
			</humidities>
			<categories>						
				<category>grn_badlands</category>					
			</categories>
			<probability>0.167</probability>				
			<minimum_seperation>0.5</minimum_seperation>		
			<enable_debug_lines>false</enable_debug_lines>		
			<debug_lines_red>1.0</debug_lines_red>
			<debug_lines_green>0.65</debug_lines_green>	
			<debug_lines_blue>0.90</debug_lines_blue>
		</tree>		
		<tree>
			<model>trees\wh_grn_shrub_a\shrub_bush_01_a</model>
			<size_low>0.8</size_low>				
			<size_high>1.3</size_high>				
			<blendmap_range_low>0.7</blendmap_range_low>	
			<blendmap_range_high>0.9</blendmap_range_high>
			<blendmap_range_falloff>0.0</blendmap_range_falloff>
			<height_low>-5000</height_low>
			<height_high>5000</height_high>
			<height_falloff>0</height_falloff>			
			<humidities>						
				<humidity>arid</humidity>
				<humidity>humid</humidity>
			</humidities>
			<categories>						
				<category>grn_badlands</category>					
			</categories>
			<probability>0.167</probability>				
			<minimum_seperation>0.5</minimum_seperation>		
			<enable_debug_lines>false</enable_debug_lines>		
			<debug_lines_red>1.0</debug_lines_red>
			<debug_lines_green>0.65</debug_lines_green>	
			<debug_lines_blue>0.90</debug_lines_blue>
		</tree>
		<tree>
			<model>trees\wh_grn_shrub_a\shrub_bush_01_b</model>
			<size_low>0.8</size_low>				
			<size_high>1.3</size_high>				
			<blendmap_range_low>0.7</blendmap_range_low>	
			<blendmap_range_high>0.9</blendmap_range_high>
			<blendmap_range_falloff>0.0</blendmap_range_falloff>
			<height_low>-5000</height_low>
			<height_high>5000</height_high>
			<height_falloff>0</height_falloff>			
			<humidities>						
				<humidity>arid</humidity>
				<humidity>humid</humidity>
			</humidities>
			<categories>						
				<category>grn_badlands</category>					
			</categories>
			<probability>0.167</probability>				
			<minimum_seperation>0.5</minimum_seperation>		
			<enable_debug_lines>false</enable_debug_lines>		
			<debug_lines_red>1.0</debug_lines_red>
			<debug_lines_green>0.65</debug_lines_green>	
			<debug_lines_blue>0.90</debug_lines_blue>
		</tree>		
		<tree>
			<model>trees\wh_grn_shrub_a\shrub_bush_01_b</model>
			<size_low>0.8</size_low>				
			<size_high>1.3</size_high>				
			<blendmap_range_low>0.7</blendmap_range_low>	
			<blendmap_range_high>0.9</blendmap_range_high>
			<blendmap_range_falloff>0.0</blendmap_range_falloff>
			<height_low>-5000</height_low>
			<height_high>5000</height_high>
			<height_falloff>0</height_falloff>			
			<humidities>						
				<humidity>arid</humidity>
				<humidity>humid</humidity>
			</humidities>
			<categories>						
				<category>grn_badlands</category>					
			</categories>
			<probability>0.167</probability>				
			<minimum_seperation>0.5</minimum_seperation>		
			<enable_debug_lines>false</enable_debug_lines>		
			<debug_lines_red>1.0</debug_lines_red>
			<debug_lines_green>0.65</debug_lines_green>	
			<debug_lines_blue>0.90</debug_lines_blue>
		</tree>
	</group>	
<!--group#-->
	<group group_name="drymushrooms_middle_grngrassblend02">
		<texture>grass02</texture>		
		<texture_for_probability>grass02</texture_for_probability>
		<group_channel_range_low>0.7</group_channel_range_low>	
		<group_channel_range_high>0.9</group_channel_range_high>
		<group_channel_range_falloff>0.0</group_channel_range_falloff>
		<height_range_low>-5000</height_range_low>
		<height_range_high>5000</height_range_high>		
		<height_range_falloff>10000</height_range_falloff>			
		<probability>0.0475</probability>					
		<grouping_probability>0.3</grouping_probability>		
		<grouping_radius>5</grouping_radius>				
		<prop>
			<model>buildings\beech_mushrooms_a\beech_mushrooms_a_piece01_destruct01</model>
			<size_low>0.8</size_low>				
			<size_high>1.3</size_high>				
			<blendmap_range_low>0.7</blendmap_range_low>		
			<blendmap_range_high>0.9</blendmap_range_high>
			<blendmap_range_falloff>0.0</blendmap_range_falloff>
			<height_low>-5000</height_low>
			<height_high>5000</height_high>
			<height_falloff>0</height_falloff>			
			<humidities>						
				<humidity>arid</humidity>
				<humidity>humid</humidity>
			</humidities>
			<categories>						
				<category>grn_badlands</category>					
			</categories>
			<probability>0.1</probability>				
			<minimum_seperation>0.5</minimum_seperation>		
			<enable_debug_lines>false</enable_debug_lines>		
			<debug_lines_red>1.0</debug_lines_red>
			<debug_lines_green>0.65</debug_lines_green>	
			<debug_lines_blue>0.90</debug_lines_blue>
		</prop>
		<prop>
			<model>buildings\beech_mushrooms_b\beech_mushrooms_b_piece01_destruct01</model>
			<size_low>0.8</size_low>				
			<size_high>1.3</size_high>				
			<blendmap_range_low>0.7</blendmap_range_low>		
			<blendmap_range_high>0.9</blendmap_range_high>
			<blendmap_range_falloff>0.0</blendmap_range_falloff>
			<height_low>-5000</height_low>
			<height_high>5000</height_high>
			<height_falloff>0</height_falloff>			
			<humidities>						
				<humidity>arid</humidity>
				<humidity>humid</humidity>
			</humidities>
			<categories>						
				<category>grn_badlands</category>					
			</categories>
			<probability>0.1</probability>				
			<minimum_seperation>0.5</minimum_seperation>		
			<enable_debug_lines>false</enable_debug_lines>		
			<debug_lines_red>1.0</debug_lines_red>
			<debug_lines_green>0.65</debug_lines_green>	
			<debug_lines_blue>0.90</debug_lines_blue>
		</prop>
		<prop>
			<model>buildings\beech_mushrooms_c\beech_mushrooms_c_piece01_destruct01</model>
			<size_low>0.8</size_low>				
			<size_high>1.3</size_high>				
			<blendmap_range_low>0.7</blendmap_range_low>		
			<blendmap_range_high>0.9</blendmap_range_high>
			<blendmap_range_falloff>0.0</blendmap_range_falloff>
			<height_low>-5000</height_low>
			<height_high>5000</height_high>
			<height_falloff>0</height_falloff>			
			<humidities>						
				<humidity>arid</humidity>
				<humidity>humid</humidity>
			</humidities>
			<categories>						
				<category>grn_badlands</category>					
			</categories>
			<probability>0.1</probability>				
			<minimum_seperation>0.5</minimum_seperation>		
			<enable_debug_lines>false</enable_debug_lines>		
			<debug_lines_red>1.0</debug_lines_red>
			<debug_lines_green>0.65</debug_lines_green>	
			<debug_lines_blue>0.90</debug_lines_blue>
		</prop>				
		<tree>
			<model>trees\wh_grn_shrub_a\shrub_mushrooms_01_a</model>
			<size_low>0.8</size_low>				
			<size_high>1.3</size_high>				
			<blendmap_range_low>0.7</blendmap_range_low>		
			<blendmap_range_high>0.9</blendmap_range_high>
			<blendmap_range_falloff>0.0</blendmap_range_falloff>
			<height_low>-5000</height_low>
			<height_high>5000</height_high>
			<height_falloff>0</height_falloff>			
			<humidities>						
				<humidity>arid</humidity>
				<humidity>humid</humidity>
			</humidities>
			<categories>						
				<category>grn_badlands</category>					
			</categories>
			<probability>0.7</probability>				
			<minimum_seperation>0.2</minimum_seperation>		
			<enable_debug_lines>false</enable_debug_lines>		
			<debug_lines_red>1.0</debug_lines_red>
			<debug_lines_green>0.65</debug_lines_green>	
			<debug_lines_blue>0.90</debug_lines_blue>
		</tree>
	</group>	
	<group group_name="space_middle_grngrassblend02">
		<texture>grass02</texture>	
		<texture_for_probability>grass02</texture_for_probability>
		<group_channel_range_low>0.7</group_channel_range_low>	
		<group_channel_range_high>0.9</group_channel_range_high>	
		<group_channel_range_falloff>0.0</group_channel_range_falloff>
		<height_range_low>-5000</height_range_low>		
		<height_range_high>5000</height_range_high>	
		<height_range_falloff>10000</height_range_falloff>	
		<probability>0.905</probability>	
		<grouping_probability>0.3</grouping_probability>	
		<grouping_radius>5</grouping_radius>	
	
		<prop>
			<model></model> <!--empty_space-->
			<size_low>0.8</size_low>
			<size_high>1.0</size_high>
			<blendmap_range_low>0.7</blendmap_range_low>
			<blendmap_range_high>1.0</blendmap_range_high>
			<blendmap_range_falloff>0.0</blendmap_range_falloff>
			<height_low>-5000</height_low>
			<height_high>5000</height_high>
			<height_falloff>10000</height_falloff>
			<humidities>
				<humidity>arid</humidity>
				<humidity>humid</humidity>
			</humidities>
			<categories>
				<category>grn_badlands</category>					
				</categories>
			<probability>0.2</probability>
			<minimum_seperation>8</minimum_seperation>
			<enable_debug_lines>false</enable_debug_lines>
			<debug_lines_red>1.0</debug_lines_red>
			<debug_lines_green>0.65</debug_lines_green>	
			<debug_lines_blue>0.90</debug_lines_blue>
		</prop>			
		<prop>
			<model></model>  <!--empty_space-->
			<size_low>0.7</size_low>
			<size_high>1.0</size_high>
			<blendmap_range_low>0.7</blendmap_range_low>
			<blendmap_range_high>1.0</blendmap_range_high>
			<blendmap_range_falloff>0.0</blendmap_range_falloff>
			<height_low>-5000</height_low>
			<height_high>5000</height_high>
			<height_falloff>10000</height_falloff>
			<humidities>
				<humidity>arid</humidity>
				<humidity>humid</humidity>
			</humidities>
			<categories>
				<category>grn_badlands</category>					
				</categories>
			<probability>0.2</probability>
			<minimum_seperation>10</minimum_seperation>
			<enable_debug_lines>false</enable_debug_lines>
			<debug_lines_red>1.0</debug_lines_red>
			<debug_lines_green>0.65</debug_lines_green>	
			<debug_lines_blue>0.90</debug_lines_blue>
		</prop>		
		<prop>
			<model></model>  <!--empty_space-->
			<size_low>0.7</size_low>
			<size_high>1.0</size_high>
			<blendmap_range_low>0.7</blendmap_range_low>
			<blendmap_range_high>1.0</blendmap_range_high>
			<blendmap_range_falloff>0.0</blendmap_range_falloff>
			<height_low>-5000</height_low>
			<height_high>5000</height_high>
			<height_falloff>10000</height_falloff>
			<humidities>
				<humidity>arid</humidity>
				<humidity>humid</humidity>
			</humidities>
			<categories>
				<category>grn_badlands</category>					
				</categories>
			<probability>0.2</probability>
			<minimum_seperation>20</minimum_seperation>
			<enable_debug_lines>false</enable_debug_lines>
			<debug_lines_red>1.0</debug_lines_red>
			<debug_lines_green>0.65</debug_lines_green>	
			<debug_lines_blue>0.90</debug_lines_blue>
		</prop>		
		<prop>
			<model></model>  <!--empty_space-->
			<size_low>0.7</size_low>
			<size_high>1.0</size_high>
			<blendmap_range_low>0.7</blendmap_range_low>
			<blendmap_range_high>1.0</blendmap_range_high>
			<blendmap_range_falloff>0.0</blendmap_range_falloff>
			<height_low>-5000</height_low>
			<height_high>5000</height_high>
			<height_falloff>10000</height_falloff>
			<humidities>
				<humidity>arid</humidity>
				<humidity>humid</humidity>
			</humidities>
			<categories>
				<category>grn_badlands</category>					
				</categories>
			<probability>0.2</probability>
			<minimum_seperation>24</minimum_seperation>
			<enable_debug_lines>false</enable_debug_lines>
			<debug_lines_red>1.0</debug_lines_red>
			<debug_lines_green>0.65</debug_lines_green>	
			<debug_lines_blue>0.90</debug_lines_blue>
		</prop>		
		<prop>
			<model></model>  <!--empty_space-->
			<size_low>0.7</size_low>
			<size_high>1.0</size_high>
			<blendmap_range_low>0.7</blendmap_range_low>
			<blendmap_range_high>1.0</blendmap_range_high>
			<blendmap_range_falloff>0.0</blendmap_range_falloff>
			<height_low>-5000</height_low>
			<height_high>5000</height_high>
			<height_falloff>10000</height_falloff>
			<humidities>
				<humidity>arid</humidity>
				<humidity>humid</humidity>
			</humidities>
			<categories>
				<category>grn_badlands</category>					
				</categories>
			<probability>0.2</probability>
			<minimum_seperation>28</minimum_seperation>
			<enable_debug_lines>false</enable_debug_lines>
			<debug_lines_red>1.0</debug_lines_red>
			<debug_lines_green>0.65</debug_lines_green>	
			<debug_lines_blue>0.90</debug_lines_blue>
		</prop>		
	</group>
<!-- OUTER 0.5 # 0.7 #########################################################################################################-->
<!--##########################################################################################################################-->
<!--##########################################################################################################################-->
<!--group#-->
	<group group_name="dryshrub_outer_grngrassblend02">
		<texture>grass02</texture>		
		<texture_for_probability>grass02</texture_for_probability>
		<group_channel_range_low>0.5</group_channel_range_low>	
		<group_channel_range_high>0.7</group_channel_range_high>
		<group_channel_range_falloff>0.0</group_channel_range_falloff>
		<height_range_low>-5000</height_range_low>
		<height_range_high>5000</height_range_high>		
		<height_range_falloff>10000</height_range_falloff>			
		<probability>0.0475</probability>					
		<grouping_probability>0.3</grouping_probability>		
		<grouping_radius>5</grouping_radius>				

		<tree>
			<model>trees\wh_grn_shrub_a\shrub_tall_bush_a</model>
			<size_low>0.8</size_low>				
			<size_high>1.3</size_high>				
			<blendmap_range_low>0.5</blendmap_range_low>	
			<blendmap_range_high>0.7</blendmap_range_high>
			<blendmap_range_falloff>0.0</blendmap_range_falloff>
			<height_low>-5000</height_low>
			<height_high>5000</height_high>
			<height_falloff>0</height_falloff>			
			<humidities>						
				<humidity>arid</humidity>
				<humidity>humid</humidity>
			</humidities>
			<categories>						
				<category>grn_badlands</category>					
			</categories>
			<probability>0.167</probability>				
			<minimum_seperation>0.5</minimum_seperation>		
			<enable_debug_lines>false</enable_debug_lines>		
			<debug_lines_red>1.0</debug_lines_red>
			<debug_lines_green>0.65</debug_lines_green>	
			<debug_lines_blue>0.90</debug_lines_blue>
		</tree>
		<tree>
			<model>trees\wh_grn_shrub_a\shrub_tall_bush_b</model>
			<size_low>0.8</size_low>				
			<size_high>1.3</size_high>				
			<blendmap_range_low>0.5</blendmap_range_low>	
			<blendmap_range_high>0.7</blendmap_range_high>
			<blendmap_range_falloff>0.0</blendmap_range_falloff>
			<height_low>-5000</height_low>
			<height_high>5000</height_high>
			<height_falloff>0</height_falloff>			
			<humidities>						
				<humidity>arid</humidity>
				<humidity>humid</humidity>
			</humidities>
			<categories>						
				<category>grn_badlands</category>					
			</categories>
			<probability>0.167</probability>				
			<minimum_seperation>0.5</minimum_seperation>		
			<enable_debug_lines>false</enable_debug_lines>		
			<debug_lines_red>1.0</debug_lines_red>
			<debug_lines_green>0.65</debug_lines_green>	
			<debug_lines_blue>0.90</debug_lines_blue>
		</tree>
		<tree>
			<model>trees\wh_grn_shrub_a\shrub_tall_bush_c</model>
			<size_low>0.8</size_low>				
			<size_high>1.3</size_high>				
			<blendmap_range_low>0.5</blendmap_range_low>	
			<blendmap_range_high>0.7</blendmap_range_high>
			<blendmap_range_falloff>0.0</blendmap_range_falloff>
			<height_low>-5000</height_low>
			<height_high>5000</height_high>
			<height_falloff>0</height_falloff>			
			<humidities>						
				<humidity>arid</humidity>
				<humidity>humid</humidity>
			</humidities>
			<categories>						
				<category>grn_badlands</category>					
			</categories>
			<probability>0.167</probability>				
			<minimum_seperation>0.5</minimum_seperation>		
			<enable_debug_lines>false</enable_debug_lines>		
			<debug_lines_red>1.0</debug_lines_red>
			<debug_lines_green>0.65</debug_lines_green>	
			<debug_lines_blue>0.90</debug_lines_blue>
		</tree>		
		<tree>
			<model>trees\wh_grn_shrub_a\shrub_bush_01_a</model>
			<size_low>0.8</size_low>				
			<size_high>1.3</size_high>				
			<blendmap_range_low>0.5</blendmap_range_low>	
			<blendmap_range_high>0.7</blendmap_range_high>
			<blendmap_range_falloff>0.0</blendmap_range_falloff>
			<height_low>-5000</height_low>
			<height_high>5000</height_high>
			<height_falloff>0</height_falloff>			
			<humidities>						
				<humidity>arid</humidity>
				<humidity>humid</humidity>
			</humidities>
			<categories>						
				<category>grn_badlands</category>					
			</categories>
			<probability>0.167</probability>				
			<minimum_seperation>0.5</minimum_seperation>		
			<enable_debug_lines>false</enable_debug_lines>		
			<debug_lines_red>1.0</debug_lines_red>
			<debug_lines_green>0.65</debug_lines_green>	
			<debug_lines_blue>0.90</debug_lines_blue>
		</tree>
		<tree>
			<model>trees\wh_grn_shrub_a\shrub_bush_01_b</model>
			<size_low>0.8</size_low>				
			<size_high>1.3</size_high>				
			<blendmap_range_low>0.5</blendmap_range_low>	
			<blendmap_range_high>0.7</blendmap_range_high>
			<blendmap_range_falloff>0.0</blendmap_range_falloff>
			<height_low>-5000</height_low>
			<height_high>5000</height_high>
			<height_falloff>0</height_falloff>			
			<humidities>						
				<humidity>arid</humidity>
				<humidity>humid</humidity>
			</humidities>
			<categories>						
				<category>grn_badlands</category>					
			</categories>
			<probability>0.167</probability>				
			<minimum_seperation>0.5</minimum_seperation>		
			<enable_debug_lines>false</enable_debug_lines>		
			<debug_lines_red>1.0</debug_lines_red>
			<debug_lines_green>0.65</debug_lines_green>	
			<debug_lines_blue>0.90</debug_lines_blue>
		</tree>		
		<tree>
			<model>trees\wh_grn_shrub_a\shrub_bush_01_b</model>
			<size_low>0.8</size_low>				
			<size_high>1.3</size_high>				
			<blendmap_range_low>0.5</blendmap_range_low>	
			<blendmap_range_high>0.7</blendmap_range_high>
			<blendmap_range_falloff>0.0</blendmap_range_falloff>
			<height_low>-5000</height_low>
			<height_high>5000</height_high>
			<height_falloff>0</height_falloff>			
			<humidities>						
				<humidity>arid</humidity>
				<humidity>humid</humidity>
			</humidities>
			<categories>						
				<category>grn_badlands</category>					
			</categories>
			<probability>0.167</probability>				
			<minimum_seperation>0.5</minimum_seperation>		
			<enable_debug_lines>false</enable_debug_lines>		
			<debug_lines_red>1.0</debug_lines_red>
			<debug_lines_green>0.65</debug_lines_green>	
			<debug_lines_blue>0.90</debug_lines_blue>
		</tree>
	</group>	
<!--group#-->
	<group group_name="drymushrooms_outer_grngrassblend02">
		<texture>grass02</texture>		
		<texture_for_probability>grass02</texture_for_probability>
		<group_channel_range_low>0.5</group_channel_range_low>	
		<group_channel_range_high>0.7</group_channel_range_high>
		<group_channel_range_falloff>0.0</group_channel_range_falloff>
		<height_range_low>-5000</height_range_low>
		<height_range_high>5000</height_range_high>		
		<height_range_falloff>10000</height_range_falloff>			
		<probability>0.0475</probability>					
		<grouping_probability>0.3</grouping_probability>		
		<grouping_radius>5</grouping_radius>				

		<prop>
			<model>buildings\beech_mushrooms_a\beech_mushrooms_a_piece01_destruct01</model>
			<size_low>0.8</size_low>				
			<size_high>1.3</size_high>				
			<blendmap_range_low>0.7</blendmap_range_low>		
			<blendmap_range_high>0.9</blendmap_range_high>
			<blendmap_range_falloff>0.0</blendmap_range_falloff>
			<height_low>-5000</height_low>
			<height_high>5000</height_high>
			<height_falloff>0</height_falloff>			
			<humidities>						
				<humidity>arid</humidity>
				<humidity>humid</humidity>
			</humidities>
			<categories>						
				<category>grn_badlands</category>					
			</categories>
			<probability>0.1</probability>				
			<minimum_seperation>0.5</minimum_seperation>		
			<enable_debug_lines>false</enable_debug_lines>		
			<debug_lines_red>1.0</debug_lines_red>
			<debug_lines_green>0.65</debug_lines_green>	
			<debug_lines_blue>0.90</debug_lines_blue>
		</prop>
		<prop>
			<model>buildings\beech_mushrooms_b\beech_mushrooms_b_piece01_destruct01</model>
			<size_low>0.8</size_low>				
			<size_high>1.3</size_high>				
			<blendmap_range_low>0.7</blendmap_range_low>		
			<blendmap_range_high>0.9</blendmap_range_high>
			<blendmap_range_falloff>0.0</blendmap_range_falloff>
			<height_low>-5000</height_low>
			<height_high>5000</height_high>
			<height_falloff>0</height_falloff>			
			<humidities>						
				<humidity>arid</humidity>
				<humidity>humid</humidity>
			</humidities>
			<categories>						
				<category>grn_badlands</category>					
			</categories>
			<probability>0.1</probability>				
			<minimum_seperation>0.5</minimum_seperation>		
			<enable_debug_lines>false</enable_debug_lines>		
			<debug_lines_red>1.0</debug_lines_red>
			<debug_lines_green>0.65</debug_lines_green>	
			<debug_lines_blue>0.90</debug_lines_blue>
		</prop>
		<prop>
			<model>buildings\beech_mushrooms_c\beech_mushrooms_c_piece01_destruct01</model>
			<size_low>0.8</size_low>				
			<size_high>1.3</size_high>				
			<blendmap_range_low>0.7</blendmap_range_low>		
			<blendmap_range_high>0.9</blendmap_range_high>
			<blendmap_range_falloff>0.0</blendmap_range_falloff>
			<height_low>-5000</height_low>
			<height_high>5000</height_high>
			<height_falloff>0</height_falloff>			
			<humidities>						
				<humidity>arid</humidity>
				<humidity>humid</humidity>
			</humidities>
			<categories>						
				<category>grn_badlands</category>					
			</categories>
			<probability>0.1</probability>				
			<minimum_seperation>0.5</minimum_seperation>		
			<enable_debug_lines>false</enable_debug_lines>		
			<debug_lines_red>1.0</debug_lines_red>
			<debug_lines_green>0.65</debug_lines_green>	
			<debug_lines_blue>0.90</debug_lines_blue>
		</prop>	
		<tree>
			<model>trees\wh_grn_shrub_a\shrub_mushrooms_01_a</model>
			<size_low>0.8</size_low>				
			<size_high>1.3</size_high>				
			<blendmap_range_low>0.5</blendmap_range_low>		
			<blendmap_range_high>0.7</blendmap_range_high>
			<blendmap_range_falloff>0.0</blendmap_range_falloff>
			<height_low>-5000</height_low>
			<height_high>5000</height_high>
			<height_falloff>0</height_falloff>			
			<humidities>						
				<humidity>arid</humidity>
				<humidity>humid</humidity>
			</humidities>
			<categories>						
				<category>grn_badlands</category>					
			</categories>
			<probability>0.7</probability>				
			<minimum_seperation>0.2</minimum_seperation>		
			<enable_debug_lines>false</enable_debug_lines>		
			<debug_lines_red>1.0</debug_lines_red>
			<debug_lines_green>0.65</debug_lines_green>	
			<debug_lines_blue>0.90</debug_lines_blue>
		</tree>
	</group>	
	<group group_name="space_outer_grngrassblend02">
		<texture>grass02</texture>	
		<texture_for_probability>grass02</texture_for_probability>
		<group_channel_range_low>0.5</group_channel_range_low>	
		<group_channel_range_high>0.7</group_channel_range_high>	
		<group_channel_range_falloff>0.0</group_channel_range_falloff>
		<height_range_low>-5000</height_range_low>		
		<height_range_high>5000</height_range_high>	
		<height_range_falloff>10000</height_range_falloff>	
		<probability>0.905</probability>	
		<grouping_probability>0.3</grouping_probability>	
		<grouping_radius>5</grouping_radius>	
	
		<prop>
			<model></model> <!--empty_space-->
			<size_low>0.8</size_low>
			<size_high>1.0</size_high>
			<blendmap_range_low>0.5</blendmap_range_low>
			<blendmap_range_high>1.0</blendmap_range_high>
			<blendmap_range_falloff>0.0</blendmap_range_falloff>
			<height_low>-5000</height_low>
			<height_high>5000</height_high>
			<height_falloff>10000</height_falloff>
			<humidities>
				<humidity>arid</humidity>
				<humidity>humid</humidity>
			</humidities>
			<categories>
				<category>grn_badlands</category>					
				</categories>
			<probability>0.2</probability>
			<minimum_seperation>12</minimum_seperation>
			<enable_debug_lines>false</enable_debug_lines>
			<debug_lines_red>1.0</debug_lines_red>
			<debug_lines_green>0.65</debug_lines_green>	
			<debug_lines_blue>0.90</debug_lines_blue>
		</prop>			
		<prop>
			<model></model>  <!--empty_space-->
			<size_low>0.7</size_low>
			<size_high>1.0</size_high>
			<blendmap_range_low>0.5</blendmap_range_low>
			<blendmap_range_high>1.0</blendmap_range_high>
			<blendmap_range_falloff>0.0</blendmap_range_falloff>
			<height_low>-5000</height_low>
			<height_high>5000</height_high>
			<height_falloff>10000</height_falloff>
			<humidities>
				<humidity>arid</humidity>
				<humidity>humid</humidity>
			</humidities>
			<categories>
				<category>grn_badlands</category>					
				</categories>
			<probability>0.2</probability>
			<minimum_seperation>15</minimum_seperation>
			<enable_debug_lines>false</enable_debug_lines>
			<debug_lines_red>1.0</debug_lines_red>
			<debug_lines_green>0.65</debug_lines_green>	
			<debug_lines_blue>0.90</debug_lines_blue>
		</prop>		
		<prop>
			<model></model>  <!--empty_space-->
			<size_low>0.7</size_low>
			<size_high>1.0</size_high>
			<blendmap_range_low>0.5</blendmap_range_low>
			<blendmap_range_high>1.0</blendmap_range_high>
			<blendmap_range_falloff>0.0</blendmap_range_falloff>
			<height_low>-5000</height_low>
			<height_high>5000</height_high>
			<height_falloff>10000</height_falloff>
			<humidities>
				<humidity>arid</humidity>
				<humidity>humid</humidity>
			</humidities>
			<categories>
				<category>grn_badlands</category>					
				</categories>
			<probability>0.2</probability>
			<minimum_seperation>30</minimum_seperation>
			<enable_debug_lines>false</enable_debug_lines>
			<debug_lines_red>1.0</debug_lines_red>
			<debug_lines_green>0.65</debug_lines_green>	
			<debug_lines_blue>0.90</debug_lines_blue>
		</prop>		
		<prop>
			<model></model>  <!--empty_space-->
			<size_low>0.7</size_low>
			<size_high>1.0</size_high>
			<blendmap_range_low>0.5</blendmap_range_low>
			<blendmap_range_high>1.0</blendmap_range_high>
			<blendmap_range_falloff>0.0</blendmap_range_falloff>
			<height_low>-5000</height_low>
			<height_high>5000</height_high>
			<height_falloff>10000</height_falloff>
			<humidities>
				<humidity>arid</humidity>
				<humidity>humid</humidity>
			</humidities>
			<categories>
				<category>grn_badlands</category>					
				</categories>
			<probability>0.2</probability>
			<minimum_seperation>36</minimum_seperation>
			<enable_debug_lines>false</enable_debug_lines>
			<debug_lines_red>1.0</debug_lines_red>
			<debug_lines_green>0.65</debug_lines_green>	
			<debug_lines_blue>0.90</debug_lines_blue>
		</prop>		
		<prop>
			<model></model>  <!--empty_space-->
			<size_low>0.7</size_low>
			<size_high>1.0</size_high>
			<blendmap_range_low>0.5</blendmap_range_low>
			<blendmap_range_high>1.0</blendmap_range_high>
			<blendmap_range_falloff>0.0</blendmap_range_falloff>
			<height_low>-5000</height_low>
			<height_high>5000</height_high>
			<height_falloff>10000</height_falloff>
			<humidities>
				<humidity>arid</humidity>
				<humidity>humid</humidity>
			</humidities>
			<categories>
				<category>grn_badlands</category>					
				</categories>
			<probability>0.2</probability>
			<minimum_seperation>42</minimum_seperation>
			<enable_debug_lines>false</enable_debug_lines>
			<debug_lines_red>1.0</debug_lines_red>
			<debug_lines_green>0.65</debug_lines_green>	
			<debug_lines_blue>0.90</debug_lines_blue>
		</prop>		
	</group>
</trees>