<?xml version="1.0" encoding="UTF-8"?>
<trees>

<!-- 0.5 - 1 mixture of little shrubs and flowers etc #########################################################################################################-->
<!--##########################################################################################################################-->
<!--##########################################################################################################################-->

	<group group_name="hef_grass02_high_density">
		<texture>grass02</texture>					<!-- texture channel that must exist in order to pick group (well, actually the value must be above 0.05) --> 
		<texture_for_probability>grass02</texture_for_probability>	<!-- texture channel to use for probability, if not defined texture is used -->

		<group_channel_range_low>0.5</group_channel_range_low>		<!-- bottom of blend map value range -->
		<group_channel_range_high>1.1</group_channel_range_high>		<!-- top of blend map value range -->
		<group_channel_range_falloff>1</group_channel_range_falloff>	<!-- range within the defined range that is always the top probability, in this case the whole range -->

		<height_range_low>-5000</height_range_low>			<!-- bottom of height map range -->
		<height_range_high>5000</height_range_high>			<!-- top of height map range -->
		<height_range_falloff>10000</height_range_falloff>			<!-- range within the defined range that is always the top probability, in this case only the very centre -->
		
		<probability>0.45</probability>					<!-- the base probability which is adjusted based upon the above -->
		
		<grouping_probability>0</grouping_probability>		<!-- the probability of swapping out near objects with objects from the same group -->
		<grouping_radius>0</grouping_radius>				<!-- the radius within which objects may be swapped out -->

		
		
		<tree> 								<!-- type of object, may be tree, prop, decal or vfx. Needs corresponding closing tag -->
			<model>trees/wh_def_shrub/shrub_heather_a</model>		<!-- path to the object, tree in this case -->

			<size_low>0.8</size_low>				<!-- lowest possible scale -->
			<size_high>1.4</size_high>				<!-- top possible scale -->

			<blendmap_range_low>0</blendmap_range_low>		<!-- // same as at group level but for object within group -->
			<blendmap_range_high>1.1</blendmap_range_high>
			<blendmap_range_falloff>1</blendmap_range_falloff>
			<height_low>-5000</height_low>
			<height_high>5000</height_high>
			<height_falloff>0</height_falloff>			<!-- // -->

			<humidities>						<!-- Supported humidities, not actually used, we may want to remove this -->
				<humidity>arid</humidity>
				<humidity>humid</humidity>
			</humidities>

			<categories>						<!-- Supported categories, these categories are defined in generation_categories.xml -->
				<category>hef</category>					
			</categories>

			<probability>0.005</probability>				<!-- Base probability of choosing this object -->
			<minimum_seperation>0.5</minimum_seperation>		<!-- Minimum distance this must be from other objects if chosen -->

			<enable_debug_lines>false</enable_debug_lines>		<!-- debug lines to visualise more easily what has been chosen, this was hooked up in TEd, though may still need to be in Terry -->
			<debug_lines_red>1.0</debug_lines_red>
			<debug_lines_green>0.65</debug_lines_green>	
			<debug_lines_blue>0.90</debug_lines_blue>
		</tree>
		<tree> 								<!-- type of object, may be tree, prop, decal or vfx. Needs corresponding closing tag -->
			<model>trees/wh_def_shrub/shrub_heather_b</model>		<!-- path to the object, tree in this case -->

			<size_low>0.6</size_low>				<!-- lowest possible scale -->
			<size_high>1.5</size_high>				<!-- top possible scale -->

			<blendmap_range_low>0</blendmap_range_low>		<!-- // same as at group level but for object within group -->
			<blendmap_range_high>1.1</blendmap_range_high>
			<blendmap_range_falloff>1</blendmap_range_falloff>
			<height_low>-5000</height_low>
			<height_high>5000</height_high>
			<height_falloff>0</height_falloff>			<!-- // -->

			<humidities>						<!-- Supported humidities, not actually used, we may want to remove this -->
				<humidity>arid</humidity>
				<humidity>humid</humidity>
			</humidities>

			<categories>						<!-- Supported categories, these categories are defined in generation_categories.xml -->
				<category>hef</category>					
			</categories>

			<probability>0.01</probability>				<!-- Base probability of choosing this object -->
			<minimum_seperation>0.75</minimum_seperation>		<!-- Minimum distance this must be from other objects if chosen -->

			<enable_debug_lines>false</enable_debug_lines>		<!-- debug lines to visualise more easily what has been chosen, this was hooked up in TEd, though may still need to be in Terry -->
			<debug_lines_red>1.0</debug_lines_red>
			<debug_lines_green>0.65</debug_lines_green>	
			<debug_lines_blue>0.90</debug_lines_blue>
		</tree>
		<tree> 								<!-- type of object, may be tree, prop, decal or vfx. Needs corresponding closing tag -->
			<model>trees/wh_def_shrub/shrub_heather_c</model>		<!-- path to the object, tree in this case -->

			<size_low>0.4</size_low>				<!-- lowest possible scale -->
			<size_high>1.6</size_high>				<!-- top possible scale -->

			<blendmap_range_low>0</blendmap_range_low>		<!-- // same as at group level but for object within group -->
			<blendmap_range_high>1.1</blendmap_range_high>
			<blendmap_range_falloff>1</blendmap_range_falloff>
			<height_low>-5000</height_low>
			<height_high>5000</height_high>
			<height_falloff>0</height_falloff>			<!-- // -->

			<humidities>						<!-- Supported humidities, not actually used, we may want to remove this -->
				<humidity>arid</humidity>
				<humidity>humid</humidity>
			</humidities>

			<categories>						<!-- Supported categories, these categories are defined in generation_categories.xml -->
				<category>hef</category>					
			</categories>

			<probability>0.005</probability>				<!-- Base probability of choosing this object -->
			<minimum_seperation>0.5</minimum_seperation>		<!-- Minimum distance this must be from other objects if chosen -->

			<enable_debug_lines>false</enable_debug_lines>		<!-- debug lines to visualise more easily what has been chosen, this was hooked up in TEd, though may still need to be in Terry -->
			<debug_lines_red>1.0</debug_lines_red>
			<debug_lines_green>0.65</debug_lines_green>	
			<debug_lines_blue>0.90</debug_lines_blue>
		</tree>
<tree> 								<!-- type of object, may be tree, prop, decal or vfx. Needs corresponding closing tag -->
			<model>trees/wh_def_shrub/shrub_bush_a</model>		<!-- path to the object, tree in this case -->

			<size_low>0.8</size_low>				<!-- lowest possible scale -->
			<size_high>1.5</size_high>				<!-- top possible scale -->

			<blendmap_range_low>0</blendmap_range_low>		<!-- // same as at group level but for object within group -->
			<blendmap_range_high>1.1</blendmap_range_high>
			<blendmap_range_falloff>1</blendmap_range_falloff>
			<height_low>-5000</height_low>
			<height_high>5000</height_high>
			<height_falloff>0</height_falloff>			<!-- // -->

			<humidities>						<!-- Supported humidities, not actually used, we may want to remove this -->
				<humidity>arid</humidity>
				<humidity>humid</humidity>
			</humidities>

			<categories>						<!-- Supported categories, these categories are defined in generation_categories.xml -->
				<category>hef</category>					
			</categories>

			<probability>0.1</probability>				<!-- Base probability of choosing this object -->
			<minimum_seperation>0.5</minimum_seperation>		<!-- Minimum distance this must be from other objects if chosen -->

			<enable_debug_lines>false</enable_debug_lines>		<!-- debug lines to visualise more easily what has been chosen, this was hooked up in TEd, though may still need to be in Terry -->
			<debug_lines_red>1.0</debug_lines_red>
			<debug_lines_green>0.65</debug_lines_green>	
			<debug_lines_blue>0.90</debug_lines_blue>
		</tree>	
<tree> 								<!-- type of object, may be tree, prop, decal or vfx. Needs corresponding closing tag -->
			<model>trees/wh_def_shrub/shrub_bush_b</model>		<!-- path to the object, tree in this case -->

			<size_low>0.8</size_low>				<!-- lowest possible scale -->
			<size_high>1.5</size_high>				<!-- top possible scale -->

			<blendmap_range_low>0</blendmap_range_low>		<!-- // same as at group level but for object within group -->
			<blendmap_range_high>1.1</blendmap_range_high>
			<blendmap_range_falloff>1</blendmap_range_falloff>
			<height_low>-5000</height_low>
			<height_high>5000</height_high>
			<height_falloff>0</height_falloff>			<!-- // -->

			<humidities>						<!-- Supported humidities, not actually used, we may want to remove this -->
				<humidity>arid</humidity>
				<humidity>humid</humidity>
			</humidities>

			<categories>						<!-- Supported categories, these categories are defined in generation_categories.xml -->
				<category>hef</category>					
			</categories>

			<probability>0.1</probability>				<!-- Base probability of choosing this object -->
			<minimum_seperation>0.5</minimum_seperation>		<!-- Minimum distance this must be from other objects if chosen -->

			<enable_debug_lines>false</enable_debug_lines>		<!-- debug lines to visualise more easily what has been chosen, this was hooked up in TEd, though may still need to be in Terry -->
			<debug_lines_red>1.0</debug_lines_red>
			<debug_lines_green>0.65</debug_lines_green>	
			<debug_lines_blue>0.90</debug_lines_blue>
		</tree>
<tree> 								<!-- type of object, may be tree, prop, decal or vfx. Needs corresponding closing tag -->
			<model>trees/wh_def_shrub/shrub_bush_c</model>		<!-- path to the object, tree in this case -->

			<size_low>0.8</size_low>				<!-- lowest possible scale -->
			<size_high>1.5</size_high>				<!-- top possible scale -->

			<blendmap_range_low>0</blendmap_range_low>		<!-- // same as at group level but for object within group -->
			<blendmap_range_high>1.1</blendmap_range_high>
			<blendmap_range_falloff>1</blendmap_range_falloff>
			<height_low>-5000</height_low>
			<height_high>5000</height_high>
			<height_falloff>0</height_falloff>			<!-- // -->

			<humidities>						<!-- Supported humidities, not actually used, we may want to remove this -->
				<humidity>arid</humidity>
				<humidity>humid</humidity>
			</humidities>

			<categories>						<!-- Supported categories, these categories are defined in generation_categories.xml -->
				<category>hef</category>					
			</categories>

			<probability>0.1</probability>				<!-- Base probability of choosing this object -->
			<minimum_seperation>0.5</minimum_seperation>		<!-- Minimum distance this must be from other objects if chosen -->

			<enable_debug_lines>false</enable_debug_lines>		<!-- debug lines to visualise more easily what has been chosen, this was hooked up in TEd, though may still need to be in Terry -->
			<debug_lines_red>1.0</debug_lines_red>
			<debug_lines_green>0.65</debug_lines_green>	
			<debug_lines_blue>0.90</debug_lines_blue>
		</tree>		
		<tree> 								<!-- type of object, may be tree, prop, decal or vfx. Needs corresponding closing tag -->
			<model>trees/wh_def_shrub/shrub_flowers_d</model>		<!-- path to the object, tree in this case -->

			<size_low>1</size_low>				<!-- lowest possible scale -->
			<size_high>1.8</size_high>				<!-- top possible scale -->

			<blendmap_range_low>0</blendmap_range_low>		<!-- // same as at group level but for object within group -->
			<blendmap_range_high>1.1</blendmap_range_high>
			<blendmap_range_falloff>1</blendmap_range_falloff>
			<height_low>-5000</height_low>
			<height_high>5000</height_high>
			<height_falloff>0</height_falloff>			<!-- // -->

			<humidities>						<!-- Supported humidities, not actually used, we may want to remove this -->
				<humidity>arid</humidity>
				<humidity>humid</humidity>
			</humidities>

			<categories>						<!-- Supported categories, these categories are defined in generation_categories.xml -->
				<category>hef</category>					
			</categories>

			<probability>0.08</probability>				<!-- Base probability of choosing this object -->
			<minimum_seperation>1</minimum_seperation>		<!-- Minimum distance this must be from other objects if chosen -->

			<enable_debug_lines>false</enable_debug_lines>		<!-- debug lines to visualise more easily what has been chosen, this was hooked up in TEd, though may still need to be in Terry -->
			<debug_lines_red>1.0</debug_lines_red>
			<debug_lines_green>0.65</debug_lines_green>	
			<debug_lines_blue>0.90</debug_lines_blue>
		</tree>
		<tree> 								<!-- type of object, may be tree, prop, decal or vfx. Needs corresponding closing tag -->
			<model>trees/wh_def_shrub/shrub_flowers_c</model>		<!-- path to the object, tree in this case -->

			<size_low>1</size_low>				<!-- lowest possible scale -->
			<size_high>1.8</size_high>				<!-- top possible scale -->

			<blendmap_range_low>0</blendmap_range_low>		<!-- // same as at group level but for object within group -->
			<blendmap_range_high>1.1</blendmap_range_high>
			<blendmap_range_falloff>1</blendmap_range_falloff>
			<height_low>-5000</height_low>
			<height_high>5000</height_high>
			<height_falloff>0</height_falloff>			<!-- // -->

			<humidities>						<!-- Supported humidities, not actually used, we may want to remove this -->
				<humidity>arid</humidity>
				<humidity>humid</humidity>
			</humidities>

			<categories>						<!-- Supported categories, these categories are defined in generation_categories.xml -->
				<category>hef</category>					
			</categories>

			<probability>0.05</probability>				<!-- Base probability of choosing this object -->
			<minimum_seperation>3</minimum_seperation>		<!-- Minimum distance this must be from other objects if chosen -->

			<enable_debug_lines>false</enable_debug_lines>		<!-- debug lines to visualise more easily what has been chosen, this was hooked up in TEd, though may still need to be in Terry -->
			<debug_lines_red>1.0</debug_lines_red>
			<debug_lines_green>0.65</debug_lines_green>	
			<debug_lines_blue>0.90</debug_lines_blue>
		</tree>
		<tree> 								<!-- type of object, may be tree, prop, decal or vfx. Needs corresponding closing tag -->
			<model></model>		<!-- path to the object, tree in this case -->

			<size_low>1.4</size_low>				<!-- lowest possible scale -->
			<size_high>2.4</size_high>				<!-- top possible scale -->

			<blendmap_range_low>0</blendmap_range_low>		<!-- // same as at group level but for object within group -->
			<blendmap_range_high>1.1</blendmap_range_high>
			<blendmap_range_falloff>1</blendmap_range_falloff>
			<height_low>-5000</height_low>
			<height_high>5000</height_high>
			<height_falloff>0</height_falloff>			<!-- // -->

			<humidities>						<!-- Supported humidities, not actually used, we may want to remove this -->
				<humidity>arid</humidity>
				<humidity>humid</humidity>
			</humidities>

			<categories>						<!-- Supported categories, these categories are defined in generation_categories.xml -->
				<category>hef</category>					
			</categories>

			<probability>0.4</probability>				<!-- Base probability of choosing this object -->
			<minimum_seperation>3</minimum_seperation>		<!-- Minimum distance this must be from other objects if chosen -->

			<enable_debug_lines>false</enable_debug_lines>		<!-- debug lines to visualise more easily what has been chosen, this was hooked up in TEd, though may still need to be in Terry -->
			<debug_lines_red>1.0</debug_lines_red>
			<debug_lines_green>0.65</debug_lines_green>	
			<debug_lines_blue>0.90</debug_lines_blue>
		</tree>
	</group>
	
	<group group_name="hef_grass02_gaps">
		<texture>grass02</texture>					<!-- texture channel that must exist in order to pick group (well, actually the value must be above 0.05) --> 
		<texture_for_probability>grass02</texture_for_probability>	<!-- texture channel to use for probability, if not defined texture is used -->

		<group_channel_range_low>0.5</group_channel_range_low>		<!-- bottom of blend map value range -->
		<group_channel_range_high>1.1</group_channel_range_high>		<!-- top of blend map value range -->
		<group_channel_range_falloff>1</group_channel_range_falloff>	<!-- range within the defined range that is always the top probability, in this case the whole range -->

		<height_range_low>-5000</height_range_low>			<!-- bottom of height map range -->
		<height_range_high>5000</height_range_high>			<!-- top of height map range -->
		<height_range_falloff>10000</height_range_falloff>			<!-- range within the defined range that is always the top probability, in this case only the very centre -->
		
		<probability>0.45</probability>					<!-- the base probability which is adjusted based upon the above -->
		
		<grouping_probability>0</grouping_probability>		<!-- the probability of swapping out near objects with objects from the same group -->
		<grouping_radius>0</grouping_radius>				<!-- the radius within which objects may be swapped out -->
		
			<tree> 								<!-- type of object, may be tree, prop, decal or vfx. Needs corresponding closing tag -->
			<model></model>		<!-- path to the object, tree in this case -->

			<size_low>1.4</size_low>				<!-- lowest possible scale -->
			<size_high>2.4</size_high>				<!-- top possible scale -->

			<blendmap_range_low>0</blendmap_range_low>		<!-- // same as at group level but for object within group -->
			<blendmap_range_high>1.1</blendmap_range_high>
			<blendmap_range_falloff>1</blendmap_range_falloff>
			<height_low>-5000</height_low>
			<height_high>5000</height_high>
			<height_falloff>0</height_falloff>			<!-- // -->

			<humidities>						<!-- Supported humidities, not actually used, we may want to remove this -->
				<humidity>arid</humidity>
				<humidity>humid</humidity>
			</humidities>

			<categories>						<!-- Supported categories, these categories are defined in generation_categories.xml -->
				<category>hef</category>					
			</categories>

			<probability>0.055</probability>				<!-- Base probability of choosing this object -->
			<minimum_seperation>3.75</minimum_seperation>		<!-- Minimum distance this must be from other objects if chosen -->

			<enable_debug_lines>false</enable_debug_lines>		<!-- debug lines to visualise more easily what has been chosen, this was hooked up in TEd, though may still need to be in Terry -->
			<debug_lines_red>1.0</debug_lines_red>
			<debug_lines_green>0.65</debug_lines_green>	
			<debug_lines_blue>0.90</debug_lines_blue>
		</tree>
		</group>


<!-- 0 - 0.5 mixture of little shrubs and flowers etc #########################################################################################################-->
<!--##########################################################################################################################-->
<!--##########################################################################################################################-->

	<group group_name="hef_grass_02_low_density">
		<texture>grass02</texture>					<!-- texture channel that must exist in order to pick group (well, actually the value must be above 0.05) --> 
		<texture_for_probability>grass02</texture_for_probability>	<!-- texture channel to use for probability, if not defined texture is used -->

		<group_channel_range_low>0</group_channel_range_low>		<!-- bottom of blend map value range -->
		<group_channel_range_high>0.51</group_channel_range_high>		<!-- top of blend map value range -->
		<group_channel_range_falloff>1</group_channel_range_falloff>	<!-- range within the defined range that is always the top probability, in this case the whole range -->

		<height_range_low>-5000</height_range_low>			<!-- bottom of height map range -->
		<height_range_high>5000</height_range_high>			<!-- top of height map range -->
		<height_range_falloff>10000</height_range_falloff>			<!-- range within the defined range that is always the top probability, in this case only the very centre -->
		
		<probability>0.65</probability>					<!-- the base probability which is adjusted based upon the above -->
		
		<grouping_probability>0</grouping_probability>		<!-- the probability of swapping out near objects with objects from the same group -->
		<grouping_radius>0</grouping_radius>				<!-- the radius within which objects may be swapped out -->

		
		
		<tree> 								<!-- type of object, may be tree, prop, decal or vfx. Needs corresponding closing tag -->
			<model>trees/wh_def_shrub/shrub_heather_a</model>		<!-- path to the object, tree in this case -->

			<size_low>0.8</size_low>				<!-- lowest possible scale -->
			<size_high>1.1</size_high>				<!-- top possible scale -->

			<blendmap_range_low>0</blendmap_range_low>		<!-- // same as at group level but for object within group -->
			<blendmap_range_high>1.1</blendmap_range_high>
			<blendmap_range_falloff>1</blendmap_range_falloff>
			<height_low>-5000</height_low>
			<height_high>5000</height_high>
			<height_falloff>0</height_falloff>			<!-- // -->

			<humidities>						<!-- Supported humidities, not actually used, we may want to remove this -->
				<humidity>arid</humidity>
				<humidity>humid</humidity>
			</humidities>

			<categories>						<!-- Supported categories, these categories are defined in generation_categories.xml -->
				<category>hef</category>					
			</categories>

			<probability>0.005</probability>				<!-- Base probability of choosing this object -->
			<minimum_seperation>7</minimum_seperation>		<!-- Minimum distance this must be from other objects if chosen -->

			<enable_debug_lines>false</enable_debug_lines>		<!-- debug lines to visualise more easily what has been chosen, this was hooked up in TEd, though may still need to be in Terry -->
			<debug_lines_red>1.0</debug_lines_red>
			<debug_lines_green>0.65</debug_lines_green>	
			<debug_lines_blue>0.90</debug_lines_blue>
		</tree>
		<tree> 								<!-- type of object, may be tree, prop, decal or vfx. Needs corresponding closing tag -->
			<model>trees/wh_def_shrub/shrub_heather_b</model>		<!-- path to the object, tree in this case -->

			<size_low>0.8</size_low>				<!-- lowest possible scale -->
			<size_high>1.2</size_high>				<!-- top possible scale -->

			<blendmap_range_low>0</blendmap_range_low>		<!-- // same as at group level but for object within group -->
			<blendmap_range_high>1.1</blendmap_range_high>
			<blendmap_range_falloff>1</blendmap_range_falloff>
			<height_low>-5000</height_low>
			<height_high>5000</height_high>
			<height_falloff>0</height_falloff>			<!-- // -->

			<humidities>						<!-- Supported humidities, not actually used, we may want to remove this -->
				<humidity>arid</humidity>
				<humidity>humid</humidity>
			</humidities>

			<categories>						<!-- Supported categories, these categories are defined in generation_categories.xml -->
				<category>hef</category>					
			</categories>

			<probability>0.01</probability>				<!-- Base probability of choosing this object -->
			<minimum_seperation>8</minimum_seperation>		<!-- Minimum distance this must be from other objects if chosen -->

			<enable_debug_lines>false</enable_debug_lines>		<!-- debug lines to visualise more easily what has been chosen, this was hooked up in TEd, though may still need to be in Terry -->
			<debug_lines_red>1.0</debug_lines_red>
			<debug_lines_green>0.65</debug_lines_green>	
			<debug_lines_blue>0.90</debug_lines_blue>
		</tree>
		<tree> 								<!-- type of object, may be tree, prop, decal or vfx. Needs corresponding closing tag -->
			<model>trees/wh_def_shrub/shrub_heather_c</model>		<!-- path to the object, tree in this case -->

			<size_low>0.6</size_low>				<!-- lowest possible scale -->
			<size_high>1.1</size_high>				<!-- top possible scale -->

			<blendmap_range_low>0</blendmap_range_low>		<!-- // same as at group level but for object within group -->
			<blendmap_range_high>1.1</blendmap_range_high>
			<blendmap_range_falloff>1</blendmap_range_falloff>
			<height_low>-5000</height_low>
			<height_high>5000</height_high>
			<height_falloff>0</height_falloff>			<!-- // -->

			<humidities>						<!-- Supported humidities, not actually used, we may want to remove this -->
				<humidity>arid</humidity>
				<humidity>humid</humidity>
			</humidities>

			<categories>						<!-- Supported categories, these categories are defined in generation_categories.xml -->
				<category>hef</category>					
			</categories>

			<probability>0.0075</probability>				<!-- Base probability of choosing this object -->
			<minimum_seperation>3</minimum_seperation>		<!-- Minimum distance this must be from other objects if chosen -->

			<enable_debug_lines>false</enable_debug_lines>		<!-- debug lines to visualise more easily what has been chosen, this was hooked up in TEd, though may still need to be in Terry -->
			<debug_lines_red>1.0</debug_lines_red>
			<debug_lines_green>0.65</debug_lines_green>	
			<debug_lines_blue>0.90</debug_lines_blue>
		</tree>	
		<tree> 								<!-- type of object, may be tree, prop, decal or vfx. Needs corresponding closing tag -->
			<model>trees/wh_def_shrub/shrub_flowers_d</model>		<!-- path to the object, tree in this case -->

			<size_low>0.8</size_low>				<!-- lowest possible scale -->
			<size_high>1.3</size_high>				<!-- top possible scale -->

			<blendmap_range_low>0</blendmap_range_low>		<!-- // same as at group level but for object within group -->
			<blendmap_range_high>1.1</blendmap_range_high>
			<blendmap_range_falloff>1</blendmap_range_falloff>
			<height_low>-5000</height_low>
			<height_high>5000</height_high>
			<height_falloff>0</height_falloff>			<!-- // -->

			<humidities>						<!-- Supported humidities, not actually used, we may want to remove this -->
				<humidity>arid</humidity>
				<humidity>humid</humidity>
			</humidities>

			<categories>						<!-- Supported categories, these categories are defined in generation_categories.xml -->
				<category>hef</category>					
			</categories>

			<probability>0.04</probability>				<!-- Base probability of choosing this object -->
			<minimum_seperation>7</minimum_seperation>		<!-- Minimum distance this must be from other objects if chosen -->

			<enable_debug_lines>false</enable_debug_lines>		<!-- debug lines to visualise more easily what has been chosen, this was hooked up in TEd, though may still need to be in Terry -->
			<debug_lines_red>1.0</debug_lines_red>
			<debug_lines_green>0.65</debug_lines_green>	
			<debug_lines_blue>0.90</debug_lines_blue>
		</tree>
		<tree> 								<!-- type of object, may be tree, prop, decal or vfx. Needs corresponding closing tag -->
			<model>trees/wh_def_shrub/shrub_flowers_c</model>		<!-- path to the object, tree in this case -->

			<size_low>0.8</size_low>				<!-- lowest possible scale -->
			<size_high>1.4</size_high>				<!-- top possible scale -->

			<blendmap_range_low>0</blendmap_range_low>		<!-- // same as at group level but for object within group -->
			<blendmap_range_high>1.1</blendmap_range_high>
			<blendmap_range_falloff>1</blendmap_range_falloff>
			<height_low>-5000</height_low>
			<height_high>5000</height_high>
			<height_falloff>0</height_falloff>			<!-- // -->

			<humidities>						<!-- Supported humidities, not actually used, we may want to remove this -->
				<humidity>arid</humidity>
				<humidity>humid</humidity>
			</humidities>

			<categories>						<!-- Supported categories, these categories are defined in generation_categories.xml -->
				<category>hef</category>					
			</categories>

			<probability>0.15</probability>				<!-- Base probability of choosing this object -->
			<minimum_seperation>6</minimum_seperation>		<!-- Minimum distance this must be from other objects if chosen -->

			<enable_debug_lines>false</enable_debug_lines>		<!-- debug lines to visualise more easily what has been chosen, this was hooked up in TEd, though may still need to be in Terry -->
			<debug_lines_red>1.0</debug_lines_red>
			<debug_lines_green>0.65</debug_lines_green>	
			<debug_lines_blue>0.90</debug_lines_blue>
		</tree>
		<tree> 								<!-- type of object, may be tree, prop, decal or vfx. Needs corresponding closing tag -->
			<model></model>		<!-- path to the object, tree in this case -->

			<size_low>1</size_low>				<!-- lowest possible scale -->
			<size_high>1.6</size_high>				<!-- top possible scale -->

			<blendmap_range_low>0</blendmap_range_low>		<!-- // same as at group level but for object within group -->
			<blendmap_range_high>1.1</blendmap_range_high>
			<blendmap_range_falloff>1</blendmap_range_falloff>
			<height_low>-5000</height_low>
			<height_high>5000</height_high>
			<height_falloff>0</height_falloff>			<!-- // -->

			<humidities>						<!-- Supported humidities, not actually used, we may want to remove this -->
				<humidity>arid</humidity>
				<humidity>humid</humidity>
			</humidities>

			<categories>						<!-- Supported categories, these categories are defined in generation_categories.xml -->
				<category>hef</category>					
			</categories>

			<probability>0.35</probability>				<!-- Base probability of choosing this object -->
			<minimum_seperation>8</minimum_seperation>		<!-- Minimum distance this must be from other objects if chosen -->

			<enable_debug_lines>false</enable_debug_lines>		<!-- debug lines to visualise more easily what has been chosen, this was hooked up in TEd, though may still need to be in Terry -->
			<debug_lines_red>1.0</debug_lines_red>
			<debug_lines_green>0.65</debug_lines_green>	
			<debug_lines_blue>0.90</debug_lines_blue>
		</tree>
	</group>

	<group group_name="hef_grass02_gaps_02">
		<texture>grass02</texture>					<!-- texture channel that must exist in order to pick group (well, actually the value must be above 0.05) --> 
		<texture_for_probability>grass02</texture_for_probability>	<!-- texture channel to use for probability, if not defined texture is used -->

		<group_channel_range_low>0</group_channel_range_low>		<!-- bottom of blend map value range -->
		<group_channel_range_high>1.1</group_channel_range_high>		<!-- top of blend map value range -->
		<group_channel_range_falloff>1</group_channel_range_falloff>	<!-- range within the defined range that is always the top probability, in this case the whole range -->

		<height_range_low>-5000</height_range_low>			<!-- bottom of height map range -->
		<height_range_high>5000</height_range_high>			<!-- top of height map range -->
		<height_range_falloff>10000</height_range_falloff>			<!-- range within the defined range that is always the top probability, in this case only the very centre -->
		
		<probability>0.45</probability>					<!-- the base probability which is adjusted based upon the above -->
		
		<grouping_probability>0</grouping_probability>		<!-- the probability of swapping out near objects with objects from the same group -->
		<grouping_radius>0</grouping_radius>				<!-- the radius within which objects may be swapped out -->
		
			<tree> 								<!-- type of object, may be tree, prop, decal or vfx. Needs corresponding closing tag -->
			<model></model>		<!-- path to the object, tree in this case -->

			<size_low>1.4</size_low>				<!-- lowest possible scale -->
			<size_high>2.4</size_high>				<!-- top possible scale -->

			<blendmap_range_low>0</blendmap_range_low>		<!-- // same as at group level but for object within group -->
			<blendmap_range_high>1.1</blendmap_range_high>
			<blendmap_range_falloff>1</blendmap_range_falloff>
			<height_low>-5000</height_low>
			<height_high>5000</height_high>
			<height_falloff>0</height_falloff>			<!-- // -->

			<humidities>						<!-- Supported humidities, not actually used, we may want to remove this -->
				<humidity>arid</humidity>
				<humidity>humid</humidity>
			</humidities>

			<categories>						<!-- Supported categories, these categories are defined in generation_categories.xml -->
				<category>hef</category>					
			</categories>

			<probability>0.7</probability>				<!-- Base probability of choosing this object -->
			<minimum_seperation>3</minimum_seperation>		<!-- Minimum distance this must be from other objects if chosen -->

			<enable_debug_lines>false</enable_debug_lines>		<!-- debug lines to visualise more easily what has been chosen, this was hooked up in TEd, though may still need to be in Terry -->
			<debug_lines_red>1.0</debug_lines_red>
			<debug_lines_green>0.65</debug_lines_green>	
			<debug_lines_blue>0.90</debug_lines_blue>
		</tree>
		</group>





<!-- GAPS IN ALL -->
<group group_name="gaps_all_01_02">
		<texture>grass01</texture>					<!-- texture channel that must exist in order to pick group (well, actually the value must be above 0.05) --> 
		<texture_for_probability>grass01</texture_for_probability>	<!-- texture channel to use for probability, if not defined texture is used -->

		<group_channel_range_low>0</group_channel_range_low>		<!-- bottom of blend map value range -->
		<group_channel_range_high>1.1</group_channel_range_high>		<!-- top of blend map value range -->
		<group_channel_range_falloff>0.45</group_channel_range_falloff>	<!-- range within the defined range that is always the top probability, in this case the whole range -->

		<height_range_low>-5000</height_range_low>			<!-- bottom of height map range -->
		<height_range_high>5000</height_range_high>			<!-- top of height map range -->
		<height_range_falloff>10000</height_range_falloff>			<!-- range within the defined range that is always the top probability, in this case only the very centre -->
		
		<probability>0.1</probability>					<!-- the base probability which is adjusted based upon the above -->
		
		<grouping_probability>0</grouping_probability>		<!-- the probability of swapping out near objects with objects from the same group -->
		<grouping_radius>0</grouping_radius>				<!-- the radius within which objects may be swapped out -->

		<tree> 								<!-- type of object, may be tree, prop, decal or vfx. Needs corresponding closing tag -->
			<model></model>		<!-- path to the object, tree in this case -->

			<size_low>0.5</size_low>				<!-- lowest possible scale -->
			<size_high>1.5</size_high>				<!-- top possible scale -->

			<blendmap_range_low>0.5</blendmap_range_low>		<!-- // same as at group level but for object within group -->
			<blendmap_range_high>1.0</blendmap_range_high>
			<blendmap_range_falloff>0.45</blendmap_range_falloff>
			<height_low>-5000</height_low>
			<height_high>5000</height_high>
			<height_falloff>0</height_falloff>			<!-- // -->

			<humidities>						<!-- Supported humidities, not actually used, we may want to remove this -->
				<humidity>arid</humidity>
				<humidity>humid</humidity>
			</humidities>

			<categories>						<!-- Supported categories, these categories are defined in generation_categories.xml -->
				<category>hef</category>					
			</categories>

			<probability>0.35</probability>				<!-- Base probability of choosing this object -->
			<minimum_seperation>7.5</minimum_seperation>		<!-- Minimum distance this must be from other objects if chosen -->

			<enable_debug_lines>false</enable_debug_lines>		<!-- debug lines to visualise more easily what has been chosen, this was hooked up in TEd, though may still need to be in Terry -->
			<debug_lines_red>1.0</debug_lines_red>
			<debug_lines_green>0.65</debug_lines_green>	
			<debug_lines_blue>0.90</debug_lines_blue>
		</tree>
	</group>





		
</trees>