<?xml version="1.0" encoding="UTF-8"?>


<!-- #INNER 0.5 # 1.0 #########################################################################################################-->
<!--##########################################################################################################################-->
<!--##########################################################################################################################-->
<trees>
	<group group_name="stones_inner_lzdmudblend01">
		<texture>mud01</texture>					<!-- texture channel that must exist in order to pick group (well, actually the value must be above 0.05) --> 
		<texture_for_probability>mud01</texture_for_probability>	<!-- texture channel to use for probability, if not defined texture is used -->

		<group_channel_range_low>0.5</group_channel_range_low>		<!-- bottom of blend map value range -->
		<group_channel_range_high>1.1</group_channel_range_high>		<!-- top of blend map value range -->
		<group_channel_range_falloff>1</group_channel_range_falloff>	<!-- range within the defined range that is always the top probability, in this case the whole range -->

		<height_range_low>-5000</height_range_low>			<!-- bottom of height map range -->
		<height_range_high>5000</height_range_high>			<!-- top of height map range -->
		<height_range_falloff>10000</height_range_falloff>			<!-- range within the defined range that is always the top probability, in this case only the very centre -->
		
		<probability>0.02</probability>					<!-- the base probability which is adjusted based upon the above -->
		
		<grouping_probability>0.15</grouping_probability>		<!-- the probability of swapping out near objects with objects from the same group -->
		<grouping_radius>5</grouping_radius>				<!-- the radius within which objects may be swapped out -->
		<prop> 								
			<model>Buildings\lzd_boulder_01\lzd_boulder_01_piece01_destruct01</model>		
			<size_low>2</size_low>				<!-- lowest possible scale -->
			<size_high>3</size_high>				<!-- top possible scale -->
			<blendmap_range_low>0.5</blendmap_range_low>		<!-- // same as at group level but for object within group -->
			<blendmap_range_high>1.0</blendmap_range_high>
			<blendmap_range_falloff>0.1</blendmap_range_falloff>
			<height_low>-5000</height_low>
			<height_high>5000</height_high>
			<height_falloff>0</height_falloff>				<!-- // -->
			<humidities>									<!-- Supported humidities, not actually used, we may want to remove this -->
				<humidity>arid</humidity>
				<humidity>humid</humidity>
			</humidities>
			<categories>									<!-- Supported categories, these categories are defined in generation_categories.xml -->
				<category>lzd</category>					
			</categories>

			<probability>0.143</probability>					<!-- Base probability of choosing this object -->
			<minimum_seperation>8</minimum_seperation>		<!-- Minimum distance this must be from other objects if chosen -->
		</prop>
		<prop> 								
			<model>Buildings\lzd_boulder_02\lzd_boulder_02_piece01_destruct01</model>		
			<size_low>2</size_low>				<!-- lowest possible scale -->
			<size_high>3</size_high>				<!-- top possible scale -->
			<blendmap_range_low>0.5</blendmap_range_low>		<!-- // same as at group level but for object within group -->
			<blendmap_range_high>1.0</blendmap_range_high>
			<blendmap_range_falloff>0.1</blendmap_range_falloff>
			<height_low>-5000</height_low>
			<height_high>5000</height_high>
			<height_falloff>0</height_falloff>				<!-- // -->
			<humidities>									<!-- Supported humidities, not actually used, we may want to remove this -->
				<humidity>arid</humidity>
				<humidity>humid</humidity>
			</humidities>
			<categories>									<!-- Supported categories, these categories are defined in generation_categories.xml -->
				<category>lzd</category>					
			</categories>
			<probability>0.143</probability>					<!-- Base probability of choosing this object -->
			<minimum_seperation>11</minimum_seperation>		<!-- Minimum distance this must be from other objects if chosen -->
		</prop>
		<prop> 								
			<model>Buildings\lzd_boulder_03\lzd_boulder_03_piece01_destruct01</model>		
			<size_low>2</size_low>				<!-- lowest possible scale -->
			<size_high>3</size_high>				<!-- top possible scale -->
			<blendmap_range_low>0.5</blendmap_range_low>		<!-- // same as at group level but for object within group -->
			<blendmap_range_high>1.0</blendmap_range_high>
			<blendmap_range_falloff>0.1</blendmap_range_falloff>
			<height_low>-5000</height_low>
			<height_high>5000</height_high>
			<height_falloff>0</height_falloff>				<!-- // -->
			<humidities>									<!-- Supported humidities, not actually used, we may want to remove this -->
				<humidity>arid</humidity>
				<humidity>humid</humidity>
			</humidities>
			<categories>									<!-- Supported categories, these categories are defined in generation_categories.xml -->
				<category>lzd</category>					
			</categories>
			<probability>0.143</probability>					<!-- Base probability of choosing this object -->
			<minimum_seperation>9</minimum_seperation>		<!-- Minimum distance this must be from other objects if chosen -->
		</prop>
		<prop> 								
			<model>Buildings\lzd_boulder_04\lzd_boulder_04_piece01_destruct01</model>		
			<size_low>0.5</size_low>				<!-- lowest possible scale -->
			<size_high>1</size_high>				<!-- top possible scale -->
			<blendmap_range_low>0.5</blendmap_range_low>		<!-- // same as at group level but for object within group -->
			<blendmap_range_high>1.0</blendmap_range_high>
			<blendmap_range_falloff>0.1</blendmap_range_falloff>
			<height_low>-5000</height_low>
			<height_high>5000</height_high>
			<height_falloff>0</height_falloff>				<!-- // -->
			<humidities>									<!-- Supported humidities, not actually used, we may want to remove this -->
				<humidity>arid</humidity>
				<humidity>humid</humidity>
			</humidities>
			<categories>									<!-- Supported categories, these categories are defined in generation_categories.xml -->
				<category>lzd</category>					
			</categories>
			<probability>0.143</probability>					<!-- Base probability of choosing this object -->
			<minimum_seperation>9</minimum_seperation>		<!-- Minimum distance this must be from other objects if chosen -->
		</prop>
	
	</group>
	<group group_name="space_inner_lzdmudblend01">
		<texture>mud01</texture>					<!-- texture channel that must exist in order to pick group (well, actually the value must be above 0.05) --> 
		<texture_for_probability>mud01</texture_for_probability>	<!-- texture channel to use for probability, if not defined texture is used -->

		<group_channel_range_low>0.5</group_channel_range_low>		<!-- bottom of blend map value range -->
		<group_channel_range_high>1.1</group_channel_range_high>		<!-- top of blend map value range -->
		<group_channel_range_falloff>1</group_channel_range_falloff>	<!-- range within the defined range that is always the top probability, in this case the whole range -->

		<height_range_low>-5000</height_range_low>			<!-- bottom of height map range -->
		<height_range_high>5000</height_range_high>			<!-- top of height map range -->
		<height_range_falloff>10000</height_range_falloff>			<!-- range within the defined range that is always the top probability, in this case only the very centre -->
		
		<probability>0.44</probability>					<!-- the base probability which is adjusted based upon the above -->
		
		<grouping_probability>0.55</grouping_probability>		<!-- the probability of swapping out near objects with objects from the same group -->
		<grouping_radius>5</grouping_radius>				<!-- the radius within which objects may be swapped out -->
		
		<prop> 								
			<model></model>		
			<size_low>0.8</size_low>				<!-- lowest possible scale -->
			<size_high>1.2</size_high>				<!-- top possible scale -->
			<blendmap_range_low>0.5</blendmap_range_low>		<!-- // same as at group level but for object within group -->
			<blendmap_range_high>1.0</blendmap_range_high>
			<blendmap_range_falloff>0.1</blendmap_range_falloff>
			<height_low>-5000</height_low>
			<height_high>5000</height_high>
			<height_falloff>0</height_falloff>				<!-- // -->
			<humidities>									<!-- Supported humidities, not actually used, we may want to remove this -->
				<humidity>arid</humidity>
				<humidity>humid</humidity>
			</humidities>
			<categories>									<!-- Supported categories, these categories are defined in generation_categories.xml -->
				<category>lzd</category>					
			</categories>

			<probability>0.25</probability>					<!-- Base probability of choosing this object -->
			<minimum_seperation>4.2</minimum_seperation>		<!-- Minimum distance this must be from other objects if chosen -->
		</prop>
	</group>

</trees>