<?xml version="1.0" encoding="UTF-8"?>


<!-- #INNER 0.5 # 1.0 #########################################################################################################-->
<!--##########################################################################################################################-->
<!--##########################################################################################################################-->
<trees>
	<group group_name="mtnshrub01_inner_mtngrassblend02">
		<texture>grass02</texture>					<!-- texture channel that must exist in order to pick group (well, actually the value must be above 0.05) --> 
		<texture_for_probability>grass02</texture_for_probability>	<!-- texture channel to use for probability, if not defined texture is used -->

		<group_channel_range_low>0.5</group_channel_range_low>		<!-- bottom of blend map value range -->
		<group_channel_range_high>1.1</group_channel_range_high>		<!-- top of blend map value range -->
		<group_channel_range_falloff>0.1</group_channel_range_falloff>	<!-- range within the defined range that is always the top probability, in this case the whole range -->

		<height_range_low>-5000</height_range_low>			<!-- bottom of height map range -->
		<height_range_high>5000</height_range_high>			<!-- top of height map range -->
		<height_range_falloff>10000</height_range_falloff>			<!-- range within the defined range that is always the top probability, in this case only the very centre -->
		
		<probability>0.045</probability>					<!-- the base probability which is adjusted based upon the above -->
		
		<grouping_probability>0.3</grouping_probability>		<!-- the probability of swapping out near objects with objects from the same group -->
		<grouping_radius>5</grouping_radius>				<!-- the radius within which objects may be swapped out -->

		<tree> 								<!-- type of object, may be tree, prop, decal or vfx. Needs corresponding closing tag -->
			<model>trees\wh_mtn_shrub\shrub_drya_a</model>		<!-- path to the object, tree in this case -->

			<size_low>0.8</size_low>				<!-- lowest possible scale -->
			<size_high>1.3</size_high>				<!-- top possible scale -->

			<blendmap_range_low>0.5</blendmap_range_low>		<!-- // same as at group level but for object within group -->
			<blendmap_range_high>1.0</blendmap_range_high>
			<blendmap_range_falloff>0.1</blendmap_range_falloff>
			<height_low>-5000</height_low>
			<height_high>5000</height_high>
			<height_falloff>0</height_falloff>			<!-- // -->

			<humidities>						<!-- Supported humidities, not actually used, we may want to remove this -->
				<humidity>arid</humidity>
				<humidity>humid</humidity>
			</humidities>

			<categories>						<!-- Supported categories, these categories are defined in generation_categories.xml -->
				<category>mtn_pass</category>					
			</categories>

			<probability>0.111</probability>				<!-- Base probability of choosing this object -->
			<minimum_seperation>0.1</minimum_seperation>		<!-- Minimum distance this must be from other objects if chosen -->

			<enable_debug_lines>false</enable_debug_lines>		<!-- debug lines to visualise more easily what has been chosen, this was hooked up in TEd, though may still need to be in Terry -->
			<debug_lines_red>1.0</debug_lines_red>
			<debug_lines_green>0.65</debug_lines_green>	
			<debug_lines_blue>0.90</debug_lines_blue>
		</tree>
		<tree> 								<!-- type of object, may be tree, prop, decal or vfx. Needs corresponding closing tag -->
			<model>trees\wh_mtn_shrub\shrub_drya_b</model>		<!-- path to the object, tree in this case -->

			<size_low>0.8</size_low>				<!-- lowest possible scale -->
			<size_high>1.3</size_high>				<!-- top possible scale -->

			<blendmap_range_low>0.5</blendmap_range_low>		<!-- // same as at group level but for object within group -->
			<blendmap_range_high>1.0</blendmap_range_high>
			<blendmap_range_falloff>0.1</blendmap_range_falloff>
			<height_low>-5000</height_low>
			<height_high>5000</height_high>
			<height_falloff>0</height_falloff>			<!-- // -->

			<humidities>						<!-- Supported humidities, not actually used, we may want to remove this -->
				<humidity>arid</humidity>
				<humidity>humid</humidity>
			</humidities>

			<categories>						<!-- Supported categories, these categories are defined in generation_categories.xml -->
				<category>mtn_pass</category>					
			</categories>

			<probability>0.111</probability>				<!-- Base probability of choosing this object -->
			<minimum_seperation>0.1</minimum_seperation>		<!-- Minimum distance this must be from other objects if chosen -->

			<enable_debug_lines>false</enable_debug_lines>		<!-- debug lines to visualise more easily what has been chosen, this was hooked up in TEd, though may still need to be in Terry -->
			<debug_lines_red>1.0</debug_lines_red>
			<debug_lines_green>0.65</debug_lines_green>	
			<debug_lines_blue>0.90</debug_lines_blue>
		</tree>
		<tree> 								<!-- type of object, may be tree, prop, decal or vfx. Needs corresponding closing tag -->
			<model>trees\wh_mtn_shrub\shrub_drya_c</model>		<!-- path to the object, tree in this case -->

			<size_low>0.8</size_low>				<!-- lowest possible scale -->
			<size_high>1.3</size_high>				<!-- top possible scale -->

			<blendmap_range_low>0.5</blendmap_range_low>		<!-- // same as at group level but for object within group -->
			<blendmap_range_high>1.0</blendmap_range_high>
			<blendmap_range_falloff>0.1</blendmap_range_falloff>
			<height_low>-5000</height_low>
			<height_high>5000</height_high>
			<height_falloff>0</height_falloff>			<!-- // -->

			<humidities>						<!-- Supported humidities, not actually used, we may want to remove this -->
				<humidity>arid</humidity>
				<humidity>humid</humidity>
			</humidities>

			<categories>						<!-- Supported categories, these categories are defined in generation_categories.xml -->
				<category>mtn_pass</category>					
			</categories>

			<probability>0.111</probability>				<!-- Base probability of choosing this object -->
			<minimum_seperation>0.1</minimum_seperation>		<!-- Minimum distance this must be from other objects if chosen -->

			<enable_debug_lines>false</enable_debug_lines>		<!-- debug lines to visualise more easily what has been chosen, this was hooked up in TEd, though may still need to be in Terry -->
			<debug_lines_red>1.0</debug_lines_red>
			<debug_lines_green>0.65</debug_lines_green>	
			<debug_lines_blue>0.90</debug_lines_blue>
		</tree>
		<tree> 								<!-- type of object, may be tree, prop, decal or vfx. Needs corresponding closing tag -->
			<model>trees\wh_mtn_shrub\shrub_dryf_a</model>		<!-- path to the object, tree in this case -->

			<size_low>0.8</size_low>				<!-- lowest possible scale -->
			<size_high>1.3</size_high>				<!-- top possible scale -->

			<blendmap_range_low>0.5</blendmap_range_low>		<!-- // same as at group level but for object within group -->
			<blendmap_range_high>1.0</blendmap_range_high>
			<blendmap_range_falloff>0.1</blendmap_range_falloff>
			<height_low>-5000</height_low>
			<height_high>5000</height_high>
			<height_falloff>0</height_falloff>			<!-- // -->

			<humidities>						<!-- Supported humidities, not actually used, we may want to remove this -->
				<humidity>arid</humidity>
				<humidity>humid</humidity>
			</humidities>

			<categories>						<!-- Supported categories, these categories are defined in generation_categories.xml -->
				<category>mtn_pass</category>					
			</categories>

			<probability>0.111</probability>				<!-- Base probability of choosing this object -->
			<minimum_seperation>0.1</minimum_seperation>		<!-- Minimum distance this must be from other objects if chosen -->

			<enable_debug_lines>false</enable_debug_lines>		<!-- debug lines to visualise more easily what has been chosen, this was hooked up in TEd, though may still need to be in Terry -->
			<debug_lines_red>1.0</debug_lines_red>
			<debug_lines_green>0.65</debug_lines_green>	
			<debug_lines_blue>0.90</debug_lines_blue>
		</tree>		
		<tree> 								<!-- type of object, may be tree, prop, decal or vfx. Needs corresponding closing tag -->
			<model>trees\wh_mtn_shrub\shrub_dryf_b</model>		<!-- path to the object, tree in this case -->

			<size_low>0.8</size_low>				<!-- lowest possible scale -->
			<size_high>1.3</size_high>				<!-- top possible scale -->

			<blendmap_range_low>0.5</blendmap_range_low>		<!-- // same as at group level but for object within group -->
			<blendmap_range_high>1.0</blendmap_range_high>
			<blendmap_range_falloff>0.1</blendmap_range_falloff>
			<height_low>-5000</height_low>
			<height_high>5000</height_high>
			<height_falloff>0</height_falloff>			<!-- // -->

			<humidities>						<!-- Supported humidities, not actually used, we may want to remove this -->
				<humidity>arid</humidity>
				<humidity>humid</humidity>
			</humidities>

			<categories>						<!-- Supported categories, these categories are defined in generation_categories.xml -->
				<category>mtn_pass</category>					
			</categories>

			<probability>0.111</probability>				<!-- Base probability of choosing this object -->
			<minimum_seperation>0.1</minimum_seperation>		<!-- Minimum distance this must be from other objects if chosen -->

			<enable_debug_lines>false</enable_debug_lines>		<!-- debug lines to visualise more easily what has been chosen, this was hooked up in TEd, though may still need to be in Terry -->
			<debug_lines_red>1.0</debug_lines_red>
			<debug_lines_green>0.65</debug_lines_green>	
			<debug_lines_blue>0.90</debug_lines_blue>
		</tree>	
		<tree> 								<!-- type of object, may be tree, prop, decal or vfx. Needs corresponding closing tag -->
			<model>trees\wh_mtn_shrub\shrub_dryf_c</model>		<!-- path to the object, tree in this case -->

			<size_low>0.8</size_low>				<!-- lowest possible scale -->
			<size_high>1.3</size_high>				<!-- top possible scale -->

			<blendmap_range_low>0.5</blendmap_range_low>		<!-- // same as at group level but for object within group -->
			<blendmap_range_high>1.0</blendmap_range_high>
			<blendmap_range_falloff>0.1</blendmap_range_falloff>
			<height_low>-5000</height_low>
			<height_high>5000</height_high>
			<height_falloff>0</height_falloff>			<!-- // -->

			<humidities>						<!-- Supported humidities, not actually used, we may want to remove this -->
				<humidity>arid</humidity>
				<humidity>humid</humidity>
			</humidities>

			<categories>						<!-- Supported categories, these categories are defined in generation_categories.xml -->
				<category>mtn_pass</category>					
			</categories>

			<probability>0.111</probability>				<!-- Base probability of choosing this object -->
			<minimum_seperation>0.1</minimum_seperation>		<!-- Minimum distance this must be from other objects if chosen -->

			<enable_debug_lines>false</enable_debug_lines>		<!-- debug lines to visualise more easily what has been chosen, this was hooked up in TEd, though may still need to be in Terry -->
			<debug_lines_red>1.0</debug_lines_red>
			<debug_lines_green>0.65</debug_lines_green>	
			<debug_lines_blue>0.90</debug_lines_blue>
		</tree>
		<tree> 								<!-- type of object, may be tree, prop, decal or vfx. Needs corresponding closing tag -->
			<model>trees\wh_mtn_shrub\shrub_dryb_a</model>		<!-- path to the object, tree in this case -->

			<size_low>0.8</size_low>				<!-- lowest possible scale -->
			<size_high>1.3</size_high>				<!-- top possible scale -->

			<blendmap_range_low>0.5</blendmap_range_low>		<!-- // same as at group level but for object within group -->
			<blendmap_range_high>1.0</blendmap_range_high>
			<blendmap_range_falloff>0.1</blendmap_range_falloff>
			<height_low>-5000</height_low>
			<height_high>5000</height_high>
			<height_falloff>0</height_falloff>			<!-- // -->

			<humidities>						<!-- Supported humidities, not actually used, we may want to remove this -->
				<humidity>arid</humidity>
				<humidity>humid</humidity>
			</humidities>

			<categories>						<!-- Supported categories, these categories are defined in generation_categories.xml -->
				<category>mtn_pass</category>					
			</categories>

			<probability>0.111</probability>				<!-- Base probability of choosing this object -->
			<minimum_seperation>0.1</minimum_seperation>		<!-- Minimum distance this must be from other objects if chosen -->

			<enable_debug_lines>false</enable_debug_lines>		<!-- debug lines to visualise more easily what has been chosen, this was hooked up in TEd, though may still need to be in Terry -->
			<debug_lines_red>1.0</debug_lines_red>
			<debug_lines_green>0.65</debug_lines_green>	
			<debug_lines_blue>0.90</debug_lines_blue>
		</tree>	
		<tree> 								<!-- type of object, may be tree, prop, decal or vfx. Needs corresponding closing tag -->
			<model>trees\wh_mtn_shrub\shrub_dryb_b</model>		<!-- path to the object, tree in this case -->

			<size_low>0.8</size_low>				<!-- lowest possible scale -->
			<size_high>1.3</size_high>				<!-- top possible scale -->

			<blendmap_range_low>0.5</blendmap_range_low>		<!-- // same as at group level but for object within group -->
			<blendmap_range_high>1.0</blendmap_range_high>
			<blendmap_range_falloff>0.1</blendmap_range_falloff>
			<height_low>-5000</height_low>
			<height_high>5000</height_high>
			<height_falloff>0</height_falloff>			<!-- // -->

			<humidities>						<!-- Supported humidities, not actually used, we may want to remove this -->
				<humidity>arid</humidity>
				<humidity>humid</humidity>
			</humidities>

			<categories>						<!-- Supported categories, these categories are defined in generation_categories.xml -->
				<category>mtn_pass</category>					
			</categories>

			<probability>0.111</probability>				<!-- Base probability of choosing this object -->
			<minimum_seperation>0.1</minimum_seperation>		<!-- Minimum distance this must be from other objects if chosen -->

			<enable_debug_lines>false</enable_debug_lines>		<!-- debug lines to visualise more easily what has been chosen, this was hooked up in TEd, though may still need to be in Terry -->
			<debug_lines_red>1.0</debug_lines_red>
			<debug_lines_green>0.65</debug_lines_green>	
			<debug_lines_blue>0.90</debug_lines_blue>
		</tree>	
		<tree> 								<!-- type of object, may be tree, prop, decal or vfx. Needs corresponding closing tag -->
			<model>trees\wh_mtn_shrub\shrub_dryb_c</model>		<!-- path to the object, tree in this case -->

			<size_low>0.8</size_low>				<!-- lowest possible scale -->
			<size_high>1.3</size_high>				<!-- top possible scale -->

			<blendmap_range_low>0.5</blendmap_range_low>		<!-- // same as at group level but for object within group -->
			<blendmap_range_high>1.0</blendmap_range_high>
			<blendmap_range_falloff>0.1</blendmap_range_falloff>
			<height_low>-5000</height_low>
			<height_high>5000</height_high>
			<height_falloff>0</height_falloff>			<!-- // -->

			<humidities>						<!-- Supported humidities, not actually used, we may want to remove this -->
				<humidity>arid</humidity>
				<humidity>humid</humidity>
			</humidities>

			<categories>						<!-- Supported categories, these categories are defined in generation_categories.xml -->
				<category>mtn_pass</category>					
			</categories>

			<probability>0.111</probability>				<!-- Base probability of choosing this object -->
			<minimum_seperation>0.5</minimum_seperation>		<!-- Minimum distance this must be from other objects if chosen -->

			<enable_debug_lines>false</enable_debug_lines>		<!-- debug lines to visualise more easily what has been chosen, this was hooked up in TEd, though may still need to be in Terry -->
			<debug_lines_red>1.0</debug_lines_red>
			<debug_lines_green>0.65</debug_lines_green>	
			<debug_lines_blue>0.90</debug_lines_blue>
		</tree>			
	</group>
	<group group_name="mtnflower01_inner_mtngrassblend02">
		<texture>grass02</texture>					<!-- texture channel that must exist in order to pick group (well, actually the value must be above 0.05) --> 
		<texture_for_probability>grass02</texture_for_probability>	<!-- texture channel to use for probability, if not defined texture is used -->

		<group_channel_range_low>0.5</group_channel_range_low>		<!-- bottom of blend map value range -->
		<group_channel_range_high>1.1</group_channel_range_high>		<!-- top of blend map value range -->
		<group_channel_range_falloff>0.1</group_channel_range_falloff>	<!-- range within the defined range that is always the top probability, in this case the whole range -->

		<height_range_low>-5000</height_range_low>			<!-- bottom of height map range -->
		<height_range_high>5000</height_range_high>			<!-- top of height map range -->
		<height_range_falloff>10000</height_range_falloff>			<!-- range within the defined range that is always the top probability, in this case only the very centre -->
		
		<probability>0.045</probability>					<!-- the base probability which is adjusted based upon the above -->
		
		<grouping_probability>0.15</grouping_probability>		<!-- the probability of swapping out near objects with objects from the same group -->
		<grouping_radius>5</grouping_radius>				<!-- the radius within which objects may be swapped out -->

		<tree> 								<!-- type of object, may be tree, prop, decal or vfx. Needs corresponding closing tag -->
			<model>trees\wh_mtn_shrub\shrub_redflowera</model>		<!-- path to the object, tree in this case -->

			<size_low>0.8</size_low>				<!-- lowest possible scale -->
			<size_high>1.3</size_high>				<!-- top possible scale -->

			<blendmap_range_low>0.5</blendmap_range_low>		<!-- // same as at group level but for object within group -->
			<blendmap_range_high>1.0</blendmap_range_high>
			<blendmap_range_falloff>0.1</blendmap_range_falloff>
			<height_low>-5000</height_low>
			<height_high>5000</height_high>
			<height_falloff>0</height_falloff>			<!-- // -->

			<humidities>						<!-- Supported humidities, not actually used, we may want to remove this -->
				<humidity>arid</humidity>
				<humidity>humid</humidity>
			</humidities>

			<categories>						<!-- Supported categories, these categories are defined in generation_categories.xml -->
				<category>mtn_pass</category>					
			</categories>

			<probability>0.33</probability>				<!-- Base probability of choosing this object -->
			<minimum_seperation>0.5</minimum_seperation>		<!-- Minimum distance this must be from other objects if chosen -->

			<enable_debug_lines>false</enable_debug_lines>		<!-- debug lines to visualise more easily what has been chosen, this was hooked up in TEd, though may still need to be in Terry -->
			<debug_lines_red>1.0</debug_lines_red>
			<debug_lines_green>0.65</debug_lines_green>	
			<debug_lines_blue>0.90</debug_lines_blue>
		</tree>
		<tree> 								<!-- type of object, may be tree, prop, decal or vfx. Needs corresponding closing tag -->
			<model>trees\wh_mtn_shrub\shrub_redflowerb</model>		<!-- path to the object, tree in this case -->

			<size_low>0.8</size_low>				<!-- lowest possible scale -->
			<size_high>1.3</size_high>				<!-- top possible scale -->

			<blendmap_range_low>0.5</blendmap_range_low>		<!-- // same as at group level but for object within group -->
			<blendmap_range_high>1.0</blendmap_range_high>
			<blendmap_range_falloff>0.1</blendmap_range_falloff>
			<height_low>-5000</height_low>
			<height_high>5000</height_high>
			<height_falloff>0</height_falloff>			<!-- // -->

			<humidities>						<!-- Supported humidities, not actually used, we may want to remove this -->
				<humidity>arid</humidity>
				<humidity>humid</humidity>
			</humidities>

			<categories>						<!-- Supported categories, these categories are defined in generation_categories.xml -->
				<category>mtn_pass</category>					
			</categories>

			<probability>0.33</probability>				<!-- Base probability of choosing this object -->
			<minimum_seperation>0.5</minimum_seperation>		<!-- Minimum distance this must be from other objects if chosen -->

			<enable_debug_lines>false</enable_debug_lines>		<!-- debug lines to visualise more easily what has been chosen, this was hooked up in TEd, though may still need to be in Terry -->
			<debug_lines_red>1.0</debug_lines_red>
			<debug_lines_green>0.65</debug_lines_green>	
			<debug_lines_blue>0.90</debug_lines_blue>
		</tree>
		<tree> 								<!-- type of object, may be tree, prop, decal or vfx. Needs corresponding closing tag -->
			<model>trees\wh_mtn_shrub\shrub_redflowerc</model>		<!-- path to the object, tree in this case -->

			<size_low>0.8</size_low>				<!-- lowest possible scale -->
			<size_high>1.3</size_high>				<!-- top possible scale -->

			<blendmap_range_low>0.5</blendmap_range_low>		<!-- // same as at group level but for object within group -->
			<blendmap_range_high>1.0</blendmap_range_high>
			<blendmap_range_falloff>0.1</blendmap_range_falloff>
			<height_low>-5000</height_low>
			<height_high>5000</height_high>
			<height_falloff>0</height_falloff>			<!-- // -->

			<humidities>						<!-- Supported humidities, not actually used, we may want to remove this -->
				<humidity>arid</humidity>
				<humidity>humid</humidity>
			</humidities>

			<categories>						<!-- Supported categories, these categories are defined in generation_categories.xml -->
				<category>mtn_pass</category>					
			</categories>

			<probability>0.33</probability>				<!-- Base probability of choosing this object -->
			<minimum_seperation>0.5</minimum_seperation>		<!-- Minimum distance this must be from other objects if chosen -->

			<enable_debug_lines>false</enable_debug_lines>		<!-- debug lines to visualise more easily what has been chosen, this was hooked up in TEd, though may still need to be in Terry -->
			<debug_lines_red>1.0</debug_lines_red>
			<debug_lines_green>0.65</debug_lines_green>	
			<debug_lines_blue>0.90</debug_lines_blue>
		</tree>
	</group>
	<group group_name="space_inner_mtngrassblend02">
		<texture>grass02</texture>					<!-- texture channel that must exist in order to pick group (well, actually the value must be above 0.05) --> 
		<texture_for_probability>grass02</texture_for_probability>	<!-- texture channel to use for probability, if not defined texture is used -->

		<group_channel_range_low>0.5</group_channel_range_low>		<!-- bottom of blend map value range -->
		<group_channel_range_high>1.1</group_channel_range_high>		<!-- top of blend map value range -->
		<group_channel_range_falloff>0.1</group_channel_range_falloff>	<!-- range within the defined range that is always the top probability, in this case the whole range -->

		<height_range_low>-5000</height_range_low>			<!-- bottom of height map range -->
		<height_range_high>5000</height_range_high>			<!-- top of height map range -->
		<height_range_falloff>10000</height_range_falloff>			<!-- range within the defined range that is always the top probability, in this case only the very centre -->
		
		<probability>0.91</probability>					<!-- the base probability which is adjusted based upon the above -->
		
		<grouping_probability>0.5</grouping_probability>		<!-- the probability of swapping out near objects with objects from the same group -->
		<grouping_radius>5</grouping_radius>				<!-- the radius within which objects may be swapped out -->
		
		<prop> 								
			<model></model>		
			<size_low>0.8</size_low>				<!-- lowest possible scale -->
			<size_high>1.2</size_high>				<!-- top possible scale -->
			<blendmap_range_low>0.5</blendmap_range_low>		<!-- // same as at group level but for object within group -->
			<blendmap_range_high>1.0</blendmap_range_high>
			<blendmap_range_falloff>0.1</blendmap_range_falloff>
			<height_low>-5000</height_low>
			<height_high>5000</height_high>
			<height_falloff>0</height_falloff>				<!-- // -->
			<humidities>									<!-- Supported humidities, not actually used, we may want to remove this -->
				<humidity>arid</humidity>
				<humidity>humid</humidity>
			</humidities>
			<categories>									<!-- Supported categories, these categories are defined in generation_categories.xml -->
				<category>mtn_pass</category>					
			</categories>

			<probability>0.25</probability>					<!-- Base probability of choosing this object -->
			<minimum_seperation>4.2</minimum_seperation>		<!-- Minimum distance this must be from other objects if chosen -->
		</prop>
		<prop> 								
			<model></model>		
			<size_low>0.8</size_low>				<!-- lowest possible scale -->
			<size_high>1.2</size_high>				<!-- top possible scale -->
			<blendmap_range_low>0.5</blendmap_range_low>		<!-- // same as at group level but for object within group -->
			<blendmap_range_high>1.0</blendmap_range_high>
			<blendmap_range_falloff>0.1</blendmap_range_falloff>
			<height_low>-5000</height_low>
			<height_high>5000</height_high>
			<height_falloff>0</height_falloff>				<!-- // -->
			<humidities>									<!-- Supported humidities, not actually used, we may want to remove this -->
				<humidity>arid</humidity>
				<humidity>humid</humidity>
			</humidities>
			<categories>									<!-- Supported categories, these categories are defined in generation_categories.xml -->
				<category>mtn_pass</category>					
			</categories>
			<probability>0.111</probability>					<!-- Base probability of choosing this object -->
			<minimum_seperation>8.6</minimum_seperation>		<!-- Minimum distance this must be from other objects if chosen -->
		</prop>
		<prop> 								
			<model></model>		
			<size_low>0.8</size_low>				<!-- lowest possible scale -->
			<size_high>1.2</size_high>				<!-- top possible scale -->
			<blendmap_range_low>0.5</blendmap_range_low>		<!-- // same as at group level but for object within group -->
			<blendmap_range_high>1.0</blendmap_range_high>
			<blendmap_range_falloff>0.1</blendmap_range_falloff>
			<height_low>-5000</height_low>
			<height_high>5000</height_high>
			<height_falloff>0</height_falloff>				<!-- // -->
			<humidities>									<!-- Supported humidities, not actually used, we may want to remove this -->
				<humidity>arid</humidity>
				<humidity>humid</humidity>
			</humidities>
			<categories>									<!-- Supported categories, these categories are defined in generation_categories.xml -->
				<category>mtn_pass</category>					
			</categories>
			<probability>0.25</probability>					<!-- Base probability of choosing this object -->
			<minimum_seperation>16.7</minimum_seperation>		<!-- Minimum distance this must be from other objects if chosen -->
		</prop>
		<prop> 								
			<model></model>		
			<size_low>0.8</size_low>				<!-- lowest possible scale -->
			<size_high>1.2</size_high>				<!-- top possible scale -->
			<blendmap_range_low>0.5</blendmap_range_low>		<!-- // same as at group level but for object within group -->
			<blendmap_range_high>1.0</blendmap_range_high>
			<blendmap_range_falloff>0.1</blendmap_range_falloff>
			<height_low>-5000</height_low>
			<height_high>5000</height_high>
			<height_falloff>0</height_falloff>				<!-- // -->
			<humidities>									<!-- Supported humidities, not actually used, we may want to remove this -->
				<humidity>arid</humidity>
				<humidity>humid</humidity>
			</humidities>
			<categories>									<!-- Supported categories, these categories are defined in generation_categories.xml -->
				<category>mtn_pass</category>					
			</categories>
			<probability>0.25</probability>					<!-- Base probability of choosing this object -->
			<minimum_seperation>48.0</minimum_seperation>		<!-- Minimum distance this must be from other objects if chosen -->
		</prop>		
	</group>

</trees>