<?xml version="1.0" encoding="UTF-8"?>
<climates>
	<climate>
		<name>default</name>
		<max_trees_per_metre_squared>0.004</max_trees_per_metre_squared>
		<max_vfx_per_metre_squared>0.004</max_vfx_per_metre_squared>
		<max_decals_per_metre_squared>0.004</max_decals_per_metre_squared>
	</climate>
	<climate>
		<name>emp_lowlands</name>
		<max_trees_per_metre_squared>0.2</max_trees_per_metre_squared>
		<max_vfx_per_metre_squared>0.004</max_vfx_per_metre_squared>
		<max_decals_per_metre_squared>0.004</max_decals_per_metre_squared>
	</climate>
	<climate>
		<name>emp_vmp</name>
		<max_trees_per_metre_squared>0.2</max_trees_per_metre_squared>
		<max_vfx_per_metre_squared>0.004</max_vfx_per_metre_squared>
		<max_decals_per_metre_squared>0.004</max_decals_per_metre_squared>
	</climate>
	<climate>
		<name>emp_chs</name>
		<max_trees_per_metre_squared>0.2</max_trees_per_metre_squared>
		<max_vfx_per_metre_squared>0.004</max_vfx_per_metre_squared>
		<max_decals_per_metre_squared>0.004</max_decals_per_metre_squared>
	</climate>
	<climate>
		<name>emp_highlands</name>
		<max_trees_per_metre_squared>0.2</max_trees_per_metre_squared>
		<max_vfx_per_metre_squared>0.004</max_vfx_per_metre_squared>
		<max_decals_per_metre_squared>0.004</max_decals_per_metre_squared>
	</climate>
	<climate>
		<name>nor_lowlands</name>
		<max_trees_per_metre_squared>0.2</max_trees_per_metre_squared>
		<max_vfx_per_metre_squared>0.004</max_vfx_per_metre_squared>
		<max_decals_per_metre_squared>0.004</max_decals_per_metre_squared>
	</climate>
	<climate>
		<name>nor_highlands</name>
		<max_trees_per_metre_squared>0.2</max_trees_per_metre_squared>
		<max_vfx_per_metre_squared>0.004</max_vfx_per_metre_squared>
		<max_decals_per_metre_squared>0.004</max_decals_per_metre_squared>
	</climate>
	<climate>
		<name>chs_wastes</name>
		<max_trees_per_metre_squared>0.075</max_trees_per_metre_squared>
		<max_vfx_per_metre_squared>0.004</max_vfx_per_metre_squared>
		<max_decals_per_metre_squared>0.004</max_decals_per_metre_squared>
	</climate>
	<climate>
		<name>brt_moorlands</name>
		<max_trees_per_metre_squared>0.2</max_trees_per_metre_squared>
		<max_vfx_per_metre_squared>0.004</max_vfx_per_metre_squared>
		<max_decals_per_metre_squared>0.004</max_decals_per_metre_squared>
	</climate>
	<climate>
		<name>brt_vmp</name>
		<max_trees_per_metre_squared>0.2</max_trees_per_metre_squared>
		<max_vfx_per_metre_squared>0.004</max_vfx_per_metre_squared>
		<max_decals_per_metre_squared>0.004</max_decals_per_metre_squared>
	</climate>
	<climate>
		<name>brt_chs</name>
		<max_trees_per_metre_squared>0.2</max_trees_per_metre_squared>
		<max_vfx_per_metre_squared>0.004</max_vfx_per_metre_squared>
		<max_decals_per_metre_squared>0.004</max_decals_per_metre_squared>
	</climate>
	<climate>
		<name>vmp_marshlands</name>
		<max_trees_per_metre_squared>0.15</max_trees_per_metre_squared>
		<max_vfx_per_metre_squared>0.004</max_vfx_per_metre_squared>
		<max_decals_per_metre_squared>0.004</max_decals_per_metre_squared>
	</climate>
		<climate>
		<name>dwf_subterranean</name>
		<max_trees_per_metre_squared>0.1</max_trees_per_metre_squared>
		<max_vfx_per_metre_squared>0.004</max_vfx_per_metre_squared>
		<max_decals_per_metre_squared>0.004</max_decals_per_metre_squared>
	</climate>
	<climate>
		<name>grn_badlands</name>
		<max_trees_per_metre_squared>0.1</max_trees_per_metre_squared>
		<max_vfx_per_metre_squared>0.004</max_vfx_per_metre_squared>
		<max_decals_per_metre_squared>0.004</max_decals_per_metre_squared>
	</climate>
		<climate>
		<name>mtn_pass</name>
		<max_trees_per_metre_squared>0.1</max_trees_per_metre_squared>
		<max_vfx_per_metre_squared>0.004</max_vfx_per_metre_squared>
		<max_decals_per_metre_squared>0.004</max_decals_per_metre_squared>
	</climate>
		<climate>
		<name>mtn_pass_snow</name>
		<max_trees_per_metre_squared>0.2</max_trees_per_metre_squared>
		<max_vfx_per_metre_squared>0.004</max_vfx_per_metre_squared>
		<max_decals_per_metre_squared>0.004</max_decals_per_metre_squared>
	</climate>
		<climate>
		<name>grn_chs</name>
		<max_trees_per_metre_squared>0.05</max_trees_per_metre_squared>
		<max_vfx_per_metre_squared>0.004</max_vfx_per_metre_squared>
		<max_decals_per_metre_squared>0.004</max_decals_per_metre_squared>
	</climate>
	<climate>
		<name>bst</name>
		<max_trees_per_metre_squared>0.1</max_trees_per_metre_squared>
		<max_vfx_per_metre_squared>0.004</max_vfx_per_metre_squared>
		<max_decals_per_metre_squared>0.004</max_decals_per_metre_squared>
	</climate>
	<climate>
		<name>bst_paths</name>
		<max_trees_per_metre_squared>0.1</max_trees_per_metre_squared>
		<max_vfx_per_metre_squared>0.004</max_vfx_per_metre_squared>
		<max_decals_per_metre_squared>0.004</max_decals_per_metre_squared>
	</climate>
		<climate>
		<name>wef</name>
		<max_trees_per_metre_squared>0.09</max_trees_per_metre_squared>
		<max_vfx_per_metre_squared>0.004</max_vfx_per_metre_squared>
		<max_decals_per_metre_squared>0.004</max_decals_per_metre_squared>
	</climate>
		<climate>
		<name>wef_chs</name>
		<max_trees_per_metre_squared>0.09</max_trees_per_metre_squared>
		<max_vfx_per_metre_squared>0.004</max_vfx_per_metre_squared>
		<max_decals_per_metre_squared>0.004</max_decals_per_metre_squared>
	</climate>
		<climate>
		<name>wef_ash</name>
		<max_trees_per_metre_squared>0.09</max_trees_per_metre_squared>
		<max_vfx_per_metre_squared>0.004</max_vfx_per_metre_squared>
		<max_decals_per_metre_squared>0.004</max_decals_per_metre_squared>
	</climate>
		<climate>
		<name>wef_win</name>
		<max_trees_per_metre_squared>0.09</max_trees_per_metre_squared>
		<max_vfx_per_metre_squared>0.004</max_vfx_per_metre_squared>
		<max_decals_per_metre_squared>0.004</max_decals_per_metre_squared>
	</climate>
		<climate>
		<name>wef_nit</name>
		<max_trees_per_metre_squared>0.09</max_trees_per_metre_squared>
		<max_vfx_per_metre_squared>0.004</max_vfx_per_metre_squared>
		<max_decals_per_metre_squared>0.004</max_decals_per_metre_squared>
	</climate>
			<climate>
		<name>def</name>
		<max_trees_per_metre_squared>0.2</max_trees_per_metre_squared>
		<max_vfx_per_metre_squared>0.004</max_vfx_per_metre_squared>
		<max_decals_per_metre_squared>0.004</max_decals_per_metre_squared>
	</climate>
		<climate>
		<name>def_bleak</name>
		<max_trees_per_metre_squared>0.2</max_trees_per_metre_squared>
		<max_vfx_per_metre_squared>0.004</max_vfx_per_metre_squared>
		<max_decals_per_metre_squared>0.004</max_decals_per_metre_squared>
	</climate>
		<climate>
		<name>def_desert</name>
		<max_trees_per_metre_squared>0.03</max_trees_per_metre_squared>
		<max_vfx_per_metre_squared>0.004</max_vfx_per_metre_squared>
		<max_decals_per_metre_squared>0.004</max_decals_per_metre_squared>
	</climate>
		<climate>
		<name>def_petrified</name>
		<max_trees_per_metre_squared>0.05</max_trees_per_metre_squared>
		<max_vfx_per_metre_squared>0.004</max_vfx_per_metre_squared>
		<max_decals_per_metre_squared>0.004</max_decals_per_metre_squared>
	</climate>
		<climate>
		<name>hef</name>
		<max_trees_per_metre_squared>0.15</max_trees_per_metre_squared>
		<max_vfx_per_metre_squared>0.004</max_vfx_per_metre_squared>
		<max_decals_per_metre_squared>0.004</max_decals_per_metre_squared>
	</climate>
		<climate>
		<name>lzd</name>
		<max_trees_per_metre_squared>0.018</max_trees_per_metre_squared>
		<max_vfx_per_metre_squared>0.004</max_vfx_per_metre_squared>
		<max_decals_per_metre_squared>0.004</max_decals_per_metre_squared>
	</climate>
		<climate>
		<name>skv</name>
		<max_trees_per_metre_squared>0.2</max_trees_per_metre_squared>
		<max_vfx_per_metre_squared>0.004</max_vfx_per_metre_squared>
		<max_decals_per_metre_squared>0.004</max_decals_per_metre_squared>
	</climate>
		<climate>
		<name>stl</name>
		<max_trees_per_metre_squared>0.05</max_trees_per_metre_squared>
		<max_vfx_per_metre_squared>0.004</max_vfx_per_metre_squared>
		<max_decals_per_metre_squared>0.004</max_decals_per_metre_squared>
	</climate>
		<climate>
		<name>iod</name>
		<max_trees_per_metre_squared>0.2</max_trees_per_metre_squared>
		<max_vfx_per_metre_squared>0.004</max_vfx_per_metre_squared>
		<max_decals_per_metre_squared>0.004</max_decals_per_metre_squared>
	</climate>
</climates>