<?xml version="1.0" encoding="UTF-8"?>
<trees>

<!-- trees 0.5-1 #########################################################################################################-->
<!--##########################################################################################################################-->
<!--##########################################################################################################################-->

	<group group_name="oak_large_dead_01_skvforestblend01">
		<texture>forest01</texture>					<!-- texture channel that must exist in order to pick group (well, actually the value must be above 0.05) --> 
		<texture_for_probability>forest01</texture_for_probability>	<!-- texture channel to use for probability, if not defined texture is used -->

		<group_channel_range_low>0.49</group_channel_range_low>		<!-- bottom of blend map value range -->
		<group_channel_range_high>1.01</group_channel_range_high>		<!-- top of blend map value range -->
		<group_channel_range_falloff>0.2</group_channel_range_falloff>	<!-- range within the defined range that is always the top probability, in this case the whole range -->

		<height_range_low>-2000</height_range_low>			<!-- bottom of height map range -->
		<height_range_high>5000</height_range_high>			<!-- top of height map range -->
		<height_range_falloff>10000</height_range_falloff>			<!-- range within the defined range that is always the top probability, in this case only the very centre -->
		
		<probability>0.25</probability>					<!-- the base probability which is adjusted based upon the above -->
		
		<grouping_probability>0.2</grouping_probability>		<!-- the probability of swapping out near objects with objects from the same group -->
		<grouping_radius>0.3</grouping_radius>				<!-- the radius within which objects may be swapped out -->

		<tree>
		
			<model>trees\wh_oak_tree\wh_oak_tree_skv_a</model>		<!-- path to the object, tree in this case -->

			<size_low>0.4</size_low>				<!-- lowest possible scale -->
			<size_high>1</size_high>				<!-- top possible scale -->

			<blendmap_range_low>0</blendmap_range_low>		<!-- // same as at group level but for object within group -->
			<blendmap_range_high>1</blendmap_range_high>
			<blendmap_range_falloff>0.1</blendmap_range_falloff>
			<height_low>-5000</height_low>
			<height_high>5000</height_high>
			<height_falloff>0</height_falloff>			<!-- // -->

			<humidities>						<!-- Supported humidities, not actually used, we may want to remove this -->
				<humidity>arid</humidity>
				<humidity>humid</humidity>
			</humidities>

			<categories>						<!-- Supported categories, these categories are defined in generation_categories.xml -->
				<category>skv</category>					
			</categories>

			<probability>1</probability>				<!-- Base probability of choosing this object -->
			<minimum_seperation>6</minimum_seperation>		<!-- Minimum distance this must be from other objects if chosen -->

			<enable_debug_lines>false</enable_debug_lines>		<!-- debug lines to visualise more easily what has been chosen, this was hooked up in TEd, though may still need to be in Terry -->
			<debug_lines_red>1.0</debug_lines_red>
			<debug_lines_green>0.65</debug_lines_green>	
			<debug_lines_blue>0.90</debug_lines_blue>
			</tree>
		
		
		<tree>
			<model>trees\wh_oak_tree\wh_oak_tree_skv_b</model>		<!-- path to the object, tree in this case -->

			<size_low>0.4</size_low>				<!-- lowest possible scale -->
			<size_high>1</size_high>				<!-- top possible scale -->

			<blendmap_range_low>0</blendmap_range_low>		<!-- // same as at group level but for object within group -->
			<blendmap_range_high>1</blendmap_range_high>
			<blendmap_range_falloff>0.1</blendmap_range_falloff>
			<height_low>-5000</height_low>
			<height_high>5000</height_high>
			<height_falloff>0</height_falloff>			<!-- // -->

			<humidities>						<!-- Supported humidities, not actually used, we may want to remove this -->
				<humidity>arid</humidity>
				<humidity>humid</humidity>
			</humidities>

			<categories>						<!-- Supported categories, these categories are defined in generation_categories.xml -->
				<category>skv</category>					
			</categories>

			<probability>0.25</probability>				<!-- Base probability of choosing this object -->
			<minimum_seperation>9</minimum_seperation>		<!-- Minimum distance this must be from other objects if chosen -->

			<enable_debug_lines>false</enable_debug_lines>		<!-- debug lines to visualise more easily what has been chosen, this was hooked up in TEd, though may still need to be in Terry -->
			<debug_lines_red>1.0</debug_lines_red>
			<debug_lines_green>0.65</debug_lines_green>	
			<debug_lines_blue>0.90</debug_lines_blue>
			</tree>
		<tree>
		
			<model>trees\wh_oak_tree\wh_oak_tree_skv_c</model>		<!-- path to the object, tree in this case -->

			<size_low>0.4</size_low>				<!-- lowest possible scale -->
			<size_high>1</size_high>				<!-- top possible scale -->

			<blendmap_range_low>0</blendmap_range_low>		<!-- // same as at group level but for object within group -->
			<blendmap_range_high>1</blendmap_range_high>
			<blendmap_range_falloff>0.1</blendmap_range_falloff>
			<height_low>-5000</height_low>
			<height_high>5000</height_high>
			<height_falloff>0</height_falloff>			<!-- // -->

			<humidities>						<!-- Supported humidities, not actually used, we may want to remove this -->
				<humidity>arid</humidity>
				<humidity>humid</humidity>
			</humidities>

			<categories>						<!-- Supported categories, these categories are defined in generation_categories.xml -->
				<category>skv</category>					
			</categories>

			<probability>0.25</probability>				<!-- Base probability of choosing this object -->
			<minimum_seperation>9</minimum_seperation>		<!-- Minimum distance this must be from other objects if chosen -->

			<enable_debug_lines>false</enable_debug_lines>		<!-- debug lines to visualise more easily what has been chosen, this was hooked up in TEd, though may still need to be in Terry -->
			<debug_lines_red>1.0</debug_lines_red>
			<debug_lines_green>0.65</debug_lines_green>	
			<debug_lines_blue>0.90</debug_lines_blue>
			</tree>
			
			
			<tree>
		
			<model>trees\wh_vmp_shrub\shrub_clump_a</model>		<!-- path to the object, tree in this case -->

			<size_low>1.3</size_low>				<!-- lowest possible scale -->
			<size_high>1.55</size_high>				<!-- top possible scale -->

			<blendmap_range_low>0</blendmap_range_low>		<!-- // same as at group level but for object within group -->
			<blendmap_range_high>1</blendmap_range_high>
			<blendmap_range_falloff>0.1</blendmap_range_falloff>
			<height_low>-5000</height_low>
			<height_high>5000</height_high>
			<height_falloff>0</height_falloff>			<!-- // -->

			<humidities>						<!-- Supported humidities, not actually used, we may want to remove this -->
				<humidity>arid</humidity>
				<humidity>humid</humidity>
			</humidities>

			<categories>						<!-- Supported categories, these categories are defined in generation_categories.xml -->
				<category>skv</category>					
			</categories>

			<probability>7</probability>				<!-- Base probability of choosing this object -->
			<minimum_seperation>0.001</minimum_seperation>		<!-- Minimum distance this must be from other objects if chosen -->

			<enable_debug_lines>false</enable_debug_lines>		<!-- debug lines to visualise more easily what has been chosen, this was hooked up in TEd, though may still need to be in Terry -->
			<debug_lines_red>1.0</debug_lines_red>
			<debug_lines_green>0.65</debug_lines_green>	
			<debug_lines_blue>0.90</debug_lines_blue>
			</tree>
			<tree>
		
			<model>trees\wh_vmp_shrub\shrub_bush_a</model>		<!-- path to the object, tree in this case -->

			<size_low>1.3</size_low>				<!-- lowest possible scale -->
			<size_high>1.55</size_high>				<!-- top possible scale -->

			<blendmap_range_low>0</blendmap_range_low>		<!-- // same as at group level but for object within group -->
			<blendmap_range_high>1</blendmap_range_high>
			<blendmap_range_falloff>0.1</blendmap_range_falloff>
			<height_low>-5000</height_low>
			<height_high>5000</height_high>
			<height_falloff>0</height_falloff>			<!-- // -->

			<humidities>						<!-- Supported humidities, not actually used, we may want to remove this -->
				<humidity>arid</humidity>
				<humidity>humid</humidity>
			</humidities>

			<categories>						<!-- Supported categories, these categories are defined in generation_categories.xml -->
				<category>skv</category>					
			</categories>

			<probability>2</probability>				<!-- Base probability of choosing this object -->
			<minimum_seperation>0.001</minimum_seperation>		<!-- Minimum distance this must be from other objects if chosen -->

			<enable_debug_lines>false</enable_debug_lines>		<!-- debug lines to visualise more easily what has been chosen, this was hooked up in TEd, though may still need to be in Terry -->
			<debug_lines_red>1.0</debug_lines_red>
			<debug_lines_green>0.65</debug_lines_green>	
			<debug_lines_blue>0.90</debug_lines_blue>
			</tree>
			
			<tree>
		
			<model>trees\wh_chs_shrub\shrub_bush_02_a</model>		<!-- path to the object, tree in this case -->

			<size_low>0.9</size_low>				<!-- lowest possible scale -->
			<size_high>1.2</size_high>				<!-- top possible scale -->

			<blendmap_range_low>0</blendmap_range_low>		<!-- // same as at group level but for object within group -->
			<blendmap_range_high>1</blendmap_range_high>
			<blendmap_range_falloff>0.1</blendmap_range_falloff>
			<height_low>-5000</height_low>
			<height_high>5000</height_high>
			<height_falloff>0</height_falloff>			<!-- // -->

			<humidities>						<!-- Supported humidities, not actually used, we may want to remove this -->
				<humidity>arid</humidity>
				<humidity>humid</humidity>
			</humidities>

			<categories>						<!-- Supported categories, these categories are defined in generation_categories.xml -->
				<category>skv</category>					
			</categories>

			<probability>0.5</probability>				<!-- Base probability of choosing this object -->
			<minimum_seperation>1.3</minimum_seperation>		<!-- Minimum distance this must be from other objects if chosen -->

			<enable_debug_lines>false</enable_debug_lines>		<!-- debug lines to visualise more easily what has been chosen, this was hooked up in TEd, though may still need to be in Terry -->
			<debug_lines_red>1.0</debug_lines_red>
			<debug_lines_green>0.65</debug_lines_green>	
			<debug_lines_blue>0.90</debug_lines_blue>
			</tree>
			
			
			<tree>
		
			<model></model>		<!-- path to the object, tree in this case -->

			<size_low>1.3</size_low>				<!-- lowest possible scale -->
			<size_high>1.55</size_high>				<!-- top possible scale -->

			<blendmap_range_low>0</blendmap_range_low>		<!-- // same as at group level but for object within group -->
			<blendmap_range_high>1</blendmap_range_high>
			<blendmap_range_falloff>0.1</blendmap_range_falloff>
			<height_low>-5000</height_low>
			<height_high>5000</height_high>
			<height_falloff>0</height_falloff>			<!-- // -->

			<humidities>						<!-- Supported humidities, not actually used, we may want to remove this -->
				<humidity>arid</humidity>
				<humidity>humid</humidity>
			</humidities>

			<categories>						<!-- Supported categories, these categories are defined in generation_categories.xml -->
				<category>skv</category>					
			</categories>

			<probability>5</probability>				<!-- Base probability of choosing this object -->
			<minimum_seperation>0.001</minimum_seperation>		<!-- Minimum distance this must be from other objects if chosen -->

			<enable_debug_lines>false</enable_debug_lines>		<!-- debug lines to visualise more easily what has been chosen, this was hooked up in TEd, though may still need to be in Terry -->
			<debug_lines_red>1.0</debug_lines_red>
			<debug_lines_green>0.65</debug_lines_green>	
			<debug_lines_blue>0.90</debug_lines_blue>
			</tree>
		
		</group>




<!-- bushes 0-0.5 #########################################################################################################-->
<!--##########################################################################################################################-->
<!--##########################################################################################################################-->		
	<group group_name="skv_forest_bushes">
		<texture>forest01</texture>					<!-- texture channel that must exist in order to pick group (well, actually the value must be above 0.05) --> 
		<texture_for_probability>forest01</texture_for_probability>	<!-- texture channel to use for probability, if not defined texture is used -->

		<group_channel_range_low>0</group_channel_range_low>		<!-- bottom of blend map value range -->
		<group_channel_range_high>0.5</group_channel_range_high>		<!-- top of blend map value range -->
		<group_channel_range_falloff>0.2</group_channel_range_falloff>	<!-- range within the defined range that is always the top probability, in this case the whole range -->

		<height_range_low>-2000</height_range_low>			<!-- bottom of height map range -->
		<height_range_high>5000</height_range_high>			<!-- top of height map range -->
		<height_range_falloff>10000</height_range_falloff>			<!-- range within the defined range that is always the top probability, in this case only the very centre -->
		
		<probability>0.25</probability>					<!-- the base probability which is adjusted based upon the above -->
		
		<grouping_probability>0.2</grouping_probability>		<!-- the probability of swapping out near objects with objects from the same group -->
		<grouping_radius>0.3</grouping_radius>				<!-- the radius within which objects may be swapped out -->

		
			
			
			<tree>
		
			<model>trees\wh_chs_shrub\shrub_bush_02_a</model>		<!-- path to the object, tree in this case -->

			<size_low>1.3</size_low>				<!-- lowest possible scale -->
			<size_high>1.55</size_high>				<!-- top possible scale -->

			<blendmap_range_low>0</blendmap_range_low>		<!-- // same as at group level but for object within group -->
			<blendmap_range_high>1</blendmap_range_high>
			<blendmap_range_falloff>0.1</blendmap_range_falloff>
			<height_low>-5000</height_low>
			<height_high>5000</height_high>
			<height_falloff>0</height_falloff>			<!-- // -->

			<humidities>						<!-- Supported humidities, not actually used, we may want to remove this -->
				<humidity>arid</humidity>
				<humidity>humid</humidity>
			</humidities>

			<categories>						<!-- Supported categories, these categories are defined in generation_categories.xml -->
				<category>skv</category>					
			</categories>

			<probability>0.1</probability>				<!-- Base probability of choosing this object -->
			<minimum_seperation>0.9</minimum_seperation>		<!-- Minimum distance this must be from other objects if chosen -->

			<enable_debug_lines>false</enable_debug_lines>		<!-- debug lines to visualise more easily what has been chosen, this was hooked up in TEd, though may still need to be in Terry -->
			<debug_lines_red>1.0</debug_lines_red>
			<debug_lines_green>0.65</debug_lines_green>	
			<debug_lines_blue>0.90</debug_lines_blue>
			</tree>
			<tree>
		
			<model>trees\wh_chs_shrub\shrub_bush_02_b</model>		<!-- path to the object, tree in this case -->

			<size_low>1.3</size_low>				<!-- lowest possible scale -->
			<size_high>1.55</size_high>				<!-- top possible scale -->

			<blendmap_range_low>0</blendmap_range_low>		<!-- // same as at group level but for object within group -->
			<blendmap_range_high>1</blendmap_range_high>
			<blendmap_range_falloff>0.1</blendmap_range_falloff>
			<height_low>-5000</height_low>
			<height_high>5000</height_high>
			<height_falloff>0</height_falloff>			<!-- // -->

			<humidities>						<!-- Supported humidities, not actually used, we may want to remove this -->
				<humidity>arid</humidity>
				<humidity>humid</humidity>
			</humidities>

			<categories>						<!-- Supported categories, these categories are defined in generation_categories.xml -->
				<category>skv</category>					
			</categories>

			<probability>0.1</probability>				<!-- Base probability of choosing this object -->
			<minimum_seperation>0.9</minimum_seperation>		<!-- Minimum distance this must be from other objects if chosen -->

			<enable_debug_lines>false</enable_debug_lines>		<!-- debug lines to visualise more easily what has been chosen, this was hooked up in TEd, though may still need to be in Terry -->
			<debug_lines_red>1.0</debug_lines_red>
			<debug_lines_green>0.65</debug_lines_green>	
			<debug_lines_blue>0.90</debug_lines_blue>
			</tree>
			<tree>
		
			<model>trees\wh_chs_shrub\shrub_bush_02_c</model>		<!-- path to the object, tree in this case -->

			<size_low>1.3</size_low>				<!-- lowest possible scale -->
			<size_high>1.55</size_high>				<!-- top possible scale -->

			<blendmap_range_low>0</blendmap_range_low>		<!-- // same as at group level but for object within group -->
			<blendmap_range_high>1</blendmap_range_high>
			<blendmap_range_falloff>0.1</blendmap_range_falloff>
			<height_low>-5000</height_low>
			<height_high>5000</height_high>
			<height_falloff>0</height_falloff>			<!-- // -->

			<humidities>						<!-- Supported humidities, not actually used, we may want to remove this -->
				<humidity>arid</humidity>
				<humidity>humid</humidity>
			</humidities>

			<categories>						<!-- Supported categories, these categories are defined in generation_categories.xml -->
				<category>skv</category>					
			</categories>

			<probability>0.2</probability>				<!-- Base probability of choosing this object -->
			<minimum_seperation>2</minimum_seperation>		<!-- Minimum distance this must be from other objects if chosen -->

			<enable_debug_lines>false</enable_debug_lines>		<!-- debug lines to visualise more easily what has been chosen, this was hooked up in TEd, though may still need to be in Terry -->
			<debug_lines_red>1.0</debug_lines_red>
			<debug_lines_green>0.65</debug_lines_green>	
			<debug_lines_blue>0.90</debug_lines_blue>
			</tree>
			
			<tree>
		
			<model>trees\wh_vmp_shrub\shrub_clump_a</model>		<!-- path to the object, tree in this case -->

			<size_low>1.2</size_low>				<!-- lowest possible scale -->
			<size_high>1.6</size_high>				<!-- top possible scale -->

			<blendmap_range_low>0</blendmap_range_low>		<!-- // same as at group level but for object within group -->
			<blendmap_range_high>1</blendmap_range_high>
			<blendmap_range_falloff>0.1</blendmap_range_falloff>
			<height_low>-5000</height_low>
			<height_high>5000</height_high>
			<height_falloff>0</height_falloff>			<!-- // -->

			<humidities>						<!-- Supported humidities, not actually used, we may want to remove this -->
				<humidity>arid</humidity>
				<humidity>humid</humidity>
			</humidities>

			<categories>						<!-- Supported categories, these categories are defined in generation_categories.xml -->
				<category>skv</category>					
			</categories>

			<probability>44</probability>				<!-- Base probability of choosing this object -->
			<minimum_seperation>0.2</minimum_seperation>		<!-- Minimum distance this must be from other objects if chosen -->

			<enable_debug_lines>false</enable_debug_lines>		<!-- debug lines to visualise more easily what has been chosen, this was hooked up in TEd, though may still need to be in Terry -->
			<debug_lines_red>1.0</debug_lines_red>
			<debug_lines_green>0.65</debug_lines_green>	
			<debug_lines_blue>0.90</debug_lines_blue>
			</tree>
			
			
			<tree>
		
			<model></model>		<!-- path to the object, tree in this case -->

			<size_low>1.3</size_low>				<!-- lowest possible scale -->
			<size_high>1.55</size_high>				<!-- top possible scale -->

			<blendmap_range_low>0</blendmap_range_low>		<!-- // same as at group level but for object within group -->
			<blendmap_range_high>1</blendmap_range_high>
			<blendmap_range_falloff>0.1</blendmap_range_falloff>
			<height_low>-5000</height_low>
			<height_high>5000</height_high>
			<height_falloff>0</height_falloff>			<!-- // -->

			<humidities>						<!-- Supported humidities, not actually used, we may want to remove this -->
				<humidity>arid</humidity>
				<humidity>humid</humidity>
			</humidities>

			<categories>						<!-- Supported categories, these categories are defined in generation_categories.xml -->
				<category>skv</category>					
			</categories>

			<probability>0.1</probability>				<!-- Base probability of choosing this object -->
			<minimum_seperation>2</minimum_seperation>		<!-- Minimum distance this must be from other objects if chosen -->

			<enable_debug_lines>false</enable_debug_lines>		<!-- debug lines to visualise more easily what has been chosen, this was hooked up in TEd, though may still need to be in Terry -->
			<debug_lines_red>1.0</debug_lines_red>
			<debug_lines_green>0.65</debug_lines_green>	
			<debug_lines_blue>0.90</debug_lines_blue>
			</tree>
			
			
		
		</group>
					
					
					
		<group group_name="skv_forest_bushes_SPACES">
		<texture>forest01</texture>					<!-- texture channel that must exist in order to pick group (well, actually the value must be above 0.05) --> 
		<texture_for_probability>forest01</texture_for_probability>	<!-- texture channel to use for probability, if not defined texture is used -->

		<group_channel_range_low>0</group_channel_range_low>		<!-- bottom of blend map value range -->
		<group_channel_range_high>0.5</group_channel_range_high>		<!-- top of blend map value range -->
		<group_channel_range_falloff>0.2</group_channel_range_falloff>	<!-- range within the defined range that is always the top probability, in this case the whole range -->

		<height_range_low>-2000</height_range_low>			<!-- bottom of height map range -->
		<height_range_high>5000</height_range_high>			<!-- top of height map range -->
		<height_range_falloff>10000</height_range_falloff>			<!-- range within the defined range that is always the top probability, in this case only the very centre -->
		
		<probability>0.25</probability>					<!-- the base probability which is adjusted based upon the above -->
		
		<grouping_probability>0.2</grouping_probability>		<!-- the probability of swapping out near objects with objects from the same group -->
		<grouping_radius>0.3</grouping_radius>				<!-- the radius within which objects may be swapped out -->
			
			<tree>
		
			<model></model>		<!-- path to the object, tree in this case -->

			<size_low>1</size_low>				<!-- lowest possible scale -->
			<size_high>1</size_high>				<!-- top possible scale -->

			<blendmap_range_low>0</blendmap_range_low>		<!-- // same as at group level but for object within group -->
			<blendmap_range_high>1</blendmap_range_high>
			<blendmap_range_falloff>0.1</blendmap_range_falloff>
			<height_low>-5000</height_low>
			<height_high>5000</height_high>
			<height_falloff>0</height_falloff>			<!-- // -->

			<humidities>						<!-- Supported humidities, not actually used, we may want to remove this -->
				<humidity>arid</humidity>
				<humidity>humid</humidity>
			</humidities>

			<categories>						<!-- Supported categories, these categories are defined in generation_categories.xml -->
				<category>skv</category>					
			</categories>

			<probability>0.1</probability>				<!-- Base probability of choosing this object -->
			<minimum_seperation>2.2</minimum_seperation>		<!-- Minimum distance this must be from other objects if chosen -->

			<enable_debug_lines>false</enable_debug_lines>		<!-- debug lines to visualise more easily what has been chosen, this was hooked up in TEd, though may still need to be in Terry -->
			<debug_lines_red>1.0</debug_lines_red>
			<debug_lines_green>0.65</debug_lines_green>	
			<debug_lines_blue>0.90</debug_lines_blue>
			</tree>
			</group>
	</trees>
	