<?xml version="1.0" encoding="UTF-8"?>
<dataroot xmlns:od="urn:schemas-microsoft-com:officedata" xmlns:xsi="http://www.w3.org/2001/XMLSchema-instance" xsi:noNamespaceSchemaLocation="advisors.xsd" export_time="Wed May 31 11:38:12 2017" revision="19" export_branch="E:/TW/branches/warhammer2/dev/warhammer/binaries.x64" export_user="bob">
<edit_uuid>553cfd8e-e380-4be3-806b-50c636214b29</edit_uuid>
<advisors record_uuid="{37ea8840-f63d-47ab-9154-607322b1ec75}" record_timestamp="1496227092213" record_key="faction_leader">
<advisor_icon_path>faction_leader</advisor_icon_path>
<advisor_name>faction_leader</advisor_name>
</advisors>
<advisors record_uuid="{abbc56e0-3854-4e8c-8c03-49c02ff00272}" record_timestamp="1496227092213" record_key="standard_advisor">
<advisor_icon_path>standard_advisor</advisor_icon_path>
<advisor_name>standard_advisor</advisor_name>
</advisors>
</dataroot>
