<?xml version="1.0" encoding="UTF-8"?>
<dataroot xmlns:od="urn:schemas-microsoft-com:officedata" xmlns:xsi="http://www.w3.org/2001/XMLSchema-instance" xsi:noNamespaceSchemaLocation="ancillary_triggers.xsd" export_time="Fri Nov 10 09:09:56 2017" revision="117" export_branch="T:/" export_user="bob">
<edit_uuid>dc0cdb67-6c1f-4737-b355-32a8339624e8</edit_uuid>
<ancillary_triggers record_uuid="{fbccab22-b961-46ac-a367-22ba2395d4f5}" record_timestamp="1502715520644" record_key="h2_main_trig_character_skv_engineering_student">
<conditions>context:character():has_region() and context:character():turns_in_own_regions() &gt;= 1 and (region_has_superchain(context:character():region(), &quot;wh2_main_skv_engineers&quot;))</conditions>
<event>CharacterTurnStart</event>
<trigger>h2_main_trig_character_skv_engineering_student</trigger>
</ancillary_triggers>
<ancillary_triggers record_uuid="{91521a0d-99e1-4017-b357-42b95edaf643}" record_timestamp="1508928450698" record_key="wh2_dlc09_trig_tmb_acolyte_of_sokth">
<conditions>not context:character():has_ancillary(&quot;wh2_dlc09_anc_follower_tmb_acolyte_of_sokth&quot;)</conditions>
<event>CharacterLootedSettlement</event>
<trigger>wh2_dlc09_trig_tmb_acolyte_of_sokth</trigger>
</ancillary_triggers>
<ancillary_triggers record_uuid="{feda2d47-3b44-4bc3-bfe4-6d604072b750}" record_timestamp="1508928450588" record_key="wh2_dlc09_trig_tmb_charnel_valley_necrotect">
<conditions>context:character():has_region() and context:character():region():settlement():get_climate() == &quot;climate_mountain&quot; and not context:character():has_ancillary(&quot;wh2_dlc09_anc_follower_tmb_charnel_valley_necrotect&quot;)</conditions>
<event>CharacterRankUp</event>
<trigger>wh2_dlc09_trig_tmb_charnel_valley_necrotect</trigger>
</ancillary_triggers>
<ancillary_triggers record_uuid="{6a423935-24f2-444e-86db-d6c28db389e2}" record_timestamp="1508928449939" record_key="wh2_dlc09_trig_tmb_cultist_of_usirian">
<conditions>context:character():has_region() and context:character():region():religion_proportion(&quot;wh_main_religion_untainted&quot;) &lt; 0.7 and not context:character():has_ancillary(&quot;wh2_dlc09_anc_follower_tmb_cultist_of_usirian&quot;)</conditions>
<event>CharacterRankUp</event>
<trigger>wh2_dlc09_trig_tmb_cultist_of_usirian</trigger>
</ancillary_triggers>
<ancillary_triggers record_uuid="{bbf2b9e3-7b5a-4973-80ce-f5a4eacf4846}" record_timestamp="1508928451686" record_key="wh2_dlc09_trig_tmb_dog_headed_ushabti">
<conditions>char_is_general(context:character()) and not context:character():won_battle() and (context:pending_battle():attacker() == context:character() and context:pending_battle():defender():faction():culture() == &quot;wh2_dlc09_tmb_tomb_kings&quot;) or (context:pending_battle():defender() == context:character() and context:pending_battle():attacker():faction():culture() == &quot;wh2_dlc09_tmb_tomb_kings&quot;) and not context:character():has_ancillary(&quot;wh2_dlc09_anc_follower_tmb_dog_headed_ushabti&quot;)</conditions>
<event>CharacterCompletedBattle</event>
<trigger>wh2_dlc09_trig_tmb_dog_headed_ushabti</trigger>
</ancillary_triggers>
<ancillary_triggers record_uuid="{11002db9-38b3-4ef2-b7ff-bd392a3e1855}" record_timestamp="1509444464844" record_key="wh2_dlc09_trig_tmb_high_born_of_khemri">
<conditions>char_is_general_with_army(context:character()) and context:character():has_region() and context:character():turns_in_own_regions() &gt;= 1 and context:character():region():public_order() &lt; -20 and not context:character():has_ancillary(&quot;wh2_dlc09_anc_follower_tmb_high_born_of_khemri&quot;)</conditions>
<event>CharacterTurnStart</event>
<trigger>wh2_dlc09_trig_tmb_high_born_of_khemri</trigger>
</ancillary_triggers>
<ancillary_triggers record_uuid="{bb0887d2-5997-47a0-9f0b-deebda3d1d23}" record_timestamp="1508928451377" record_key="wh2_dlc09_trig_tmb_legionnaire_of_asaph">
<conditions>context:mission_result_failure() and not context:character():has_ancillary(&quot;wh2_dlc09_anc_follower_tmb_legionnaire_of_asaph&quot;)</conditions>
<event>CharacterCharacterTargetAction</event>
<trigger>wh2_dlc09_trig_tmb_legionnaire_of_asaph</trigger>
</ancillary_triggers>
<ancillary_triggers record_uuid="{f3c698a6-e942-44c1-9c25-8ce9fc698e35}" record_timestamp="1508928451608" record_key="wh2_dlc09_trig_tmb_priest_of_ptra">
<conditions>context:character():has_region() and context:character():region():owning_faction():culture() == &quot;wh_main_vmp_vampire_counts&quot; and not context:character():has_ancillary(&quot;wh2_dlc09_anc_follower_tmb_priest_of_ptra&quot;)</conditions>
<event>CharacterRankUp</event>
<trigger>wh2_dlc09_trig_tmb_priest_of_ptra</trigger>
</ancillary_triggers>
<ancillary_triggers record_uuid="{98b16491-a192-4836-9b86-1fb7fe12cae1}" record_timestamp="1508928451110" record_key="wh2_dlc09_trig_tmb_skeletal_labourer">
<conditions>not context:character():has_ancillary(&quot;wh2_dlc09_anc_follower_tmb_skeletal_labourer&quot;)</conditions>
<event>CharacterSackedSettlement</event>
<trigger>wh2_dlc09_trig_tmb_skeletal_labourer</trigger>
</ancillary_triggers>
<ancillary_triggers record_uuid="{12534f21-dc0e-4d7b-b2f6-7176007239a8}" record_timestamp="1508928450996" record_key="wh2_dlc09_trig_tmb_tombfleet_taskmaster">
<conditions>not context:character():has_ancillary(&quot;wh2_dlc09_anc_follower_tmb_tombfleet_taskmaster&quot;)</conditions>
<event>CharacterPostBattleRelease</event>
<trigger>wh2_dlc09_trig_tmb_tombfleet_taskmaster</trigger>
</ancillary_triggers>
<ancillary_triggers record_uuid="{c7cfd09e-d7a2-4711-9a4a-373e2d2d72fb}" record_timestamp="1508928450884" record_key="wh2_dlc09_trig_tmb_ushabti_bodyguard">
<conditions>char_army_has_unit(context:character(), {&quot;wh2_dlc09_tmb_mon_ushabti_0&quot;, &quot;wh2_dlc09_tmb_mon_ushabti_1&quot;}) and not context:character():has_ancillary(&quot;wh2_dlc09_anc_follower_tmb_ushabti_bodyguard&quot;)</conditions>
<event>CharacterRankUp</event>
<trigger>wh2_dlc09_trig_tmb_ushabti_bodyguard</trigger>
</ancillary_triggers>
<ancillary_triggers record_uuid="{b09b66c3-2503-418f-a006-30d60c931a31}" record_timestamp="1502715520643" record_key="wh2_main_trig_character_def_apprentice_assassin">
<conditions>char_has_tech(context:character(), &quot;tech_def_2_3_3&quot;) and context:character():has_region() and context:character():turns_in_own_regions() &gt;= 1 and (region_has_superchain(context:character():region(), &quot;wh2_main_def_murder&quot;))</conditions>
<event>CharacterTurnStart</event>
<trigger>wh2_main_trig_character_def_apprentice_assassin</trigger>
</ancillary_triggers>
<ancillary_triggers record_uuid="{43cc8b16-92a1-42c2-9b42-f4371d8463cf}" record_timestamp="1502715520643" record_key="wh2_main_trig_character_def_beastmaster">
<conditions>context:character():has_region() and context:character():turns_in_own_regions() &gt;= 1 and (region_has_superchain(context:character():region(), &quot;wh2_main_def_beasts&quot;))</conditions>
<event>CharacterTurnStart</event>
<trigger>wh2_main_trig_character_def_beastmaster</trigger>
</ancillary_triggers>
<ancillary_triggers record_uuid="{b3468355-d398-4f37-8331-ddd18c733a08}" record_timestamp="1487954247567" record_key="wh2_main_trig_character_def_bodyguard">
<conditions>context:mission_result_failure() and not context:ability() == &quot;assist_army&quot;</conditions>
<event>CharacterCharacterTargetAction</event>
<trigger>wh2_main_trig_character_def_bodyguard</trigger>
</ancillary_triggers>
<ancillary_triggers record_uuid="{bdebef7a-2532-47f7-a0c1-7f5671063cab}" record_timestamp="1502715520643" record_key="wh2_main_trig_character_def_cultist">
<conditions>context:character():has_region() and context:character():turns_in_own_regions() &gt;= 1 and (region_has_superchain(context:character():region(), &quot;wh2_main_def_pleasure_cult&quot;))</conditions>
<event>CharacterTurnStart</event>
<trigger>wh2_main_trig_character_def_cultist</trigger>
</ancillary_triggers>
<ancillary_triggers record_uuid="{a3cb4746-d81a-4f68-a829-6ddb52381e09}" record_timestamp="1502715520643" record_key="wh2_main_trig_character_def_daemon_whisperer">
<conditions>context:character():has_region() and context:character():turns_in_own_regions() &gt;= 1 and (region_has_superchain(context:character():region(), &quot;wh2_main_def_pleasure_cult&quot;))</conditions>
<event>CharacterTurnStart</event>
<trigger>wh2_main_trig_character_def_daemon_whisperer</trigger>
</ancillary_triggers>
<ancillary_triggers record_uuid="{b8a635c0-800d-47a4-a1b5-24cd83894408}" record_timestamp="1510304996034" record_key="wh2_main_trig_character_def_diplomat_slaanesh">
<conditions state="NOT_APPROVED" last_approved_text="" last_edit_user="bob">char_has_tech(context:character(), &quot;tech_def_3_3_3&quot;) and context:character():has_region() and context:character():region():religion_proportion(&quot;wh_main_religion_chaos&quot;) &gt; 0.4 and not context:character():has_ancillary(&quot;wh2_main_anc_follower_def_diplomat_slaanesh&quot;)</conditions>
<event>CharacterTurnStart</event>
<trigger>wh2_main_trig_character_def_diplomat_slaanesh</trigger>
</ancillary_triggers>
<ancillary_triggers record_uuid="{c161371e-ba9c-4cc3-a7ed-9f86ee88fd1d}" record_timestamp="1507893357401" record_key="wh2_main_trig_character_def_fanatic">
<conditions>context:character():has_region() and context:character():turns_in_own_regions() &gt;= 1 and (region_has_superchain(context:character():region(), &quot;wh2_main_def_worship&quot;))</conditions>
<event>CharacterRankUp</event>
<trigger>wh2_main_trig_character_def_fanatic</trigger>
</ancillary_triggers>
<ancillary_triggers record_uuid="{e158474a-a9ec-4487-932c-bd24d5df519d}" record_timestamp="1502715520643" record_key="wh2_main_trig_character_def_fimir_balefiend">
<conditions>context:character():has_region() and context:character():turns_in_own_regions() &gt;= 1 and (region_has_superchain(context:character():region(), &quot;wh2_main_def_sorcery&quot;))</conditions>
<event>CharacterTurnStart</event>
<trigger>wh2_main_trig_character_def_fimir_balefiend</trigger>
</ancillary_triggers>
<ancillary_triggers record_uuid="{beabeea1-138a-4ab3-916b-58e5e904cd8d}" record_timestamp="1507893357401" record_key="wh2_main_trig_character_def_harem_attendant">
<conditions>context:character():has_region() and context:character():turns_in_own_regions() &gt;= 1 and (region_has_superchain(context:character():region(), &quot;wh2_main_def_pleasure_cult&quot;))</conditions>
<event>CharacterRankUp</event>
<trigger>wh2_main_trig_character_def_harem_attendant</trigger>
</ancillary_triggers>
<ancillary_triggers record_uuid="{e9f2f657-0d6d-4ad6-a22a-c407bab5b723}" record_timestamp="1507893357401" record_key="wh2_main_trig_character_def_harem_keeper">
<conditions>context:character():has_region() and context:character():turns_in_own_regions() &gt;= 1 and (region_has_superchain(context:character():region(), &quot;wh2_main_def_pleasure_cult&quot;))</conditions>
<event>CharacterRankUp</event>
<trigger>wh2_main_trig_character_def_harem_keeper</trigger>
</ancillary_triggers>
<ancillary_triggers record_uuid="{c01f7557-e2eb-4b08-9e16-81a4a43f8547}" record_timestamp="1502715520643" record_key="wh2_main_trig_character_def_merchant">
<conditions>context:character():has_region() and context:character():turns_in_own_regions() &gt;= 1 and (region_has_superchain(context:character():region(), &quot;wh2_main_def_industry&quot;))</conditions>
<event>CharacterTurnStart</event>
<trigger>wh2_main_trig_character_def_merchant</trigger>
</ancillary_triggers>
<ancillary_triggers record_uuid="{f64aa0cf-c2a9-4abb-91a1-f402f802e0b6}" record_timestamp="1502715520643" record_key="wh2_main_trig_character_def_musician_choirmaster">
<conditions>context:character():has_region() and context:character():turns_in_own_regions() &gt;= 1 and (region_has_superchain(context:character():region(), &quot;wh2_main_def_farm&quot;))</conditions>
<event>CharacterTurnStart</event>
<trigger>wh2_main_trig_character_def_musician_choirmaster</trigger>
</ancillary_triggers>
<ancillary_triggers record_uuid="{50643414-aa2d-4209-bef9-a53736833bf9}" record_timestamp="1502715520643" record_key="wh2_main_trig_character_def_musician_drum">
<conditions>context:character():has_region() and context:character():turns_in_own_regions() &gt;= 1 and (region_has_superchain(context:character():region(), &quot;wh2_main_def_order&quot;))</conditions>
<event>CharacterTurnStart</event>
<trigger>wh2_main_trig_character_def_musician_drum</trigger>
</ancillary_triggers>
<ancillary_triggers record_uuid="{7a66552e-da35-4cb1-8140-59a04269e73c}" record_timestamp="1502715520643" record_key="wh2_main_trig_character_def_musician_flute">
<conditions>context:character():has_region() and context:character():turns_in_own_regions() &gt;= 1 and (region_has_superchain(context:character():region(), &quot;wh2_main_def_pleasure_cult&quot;))</conditions>
<event>CharacterTurnStart</event>
<trigger>wh2_main_trig_character_def_musician_flute</trigger>
</ancillary_triggers>
<ancillary_triggers record_uuid="{7680dd48-52e7-4fa7-b82b-08fb4335b5dd}" record_timestamp="1500644676489" record_key="wh2_main_trig_character_def_organ_merchant">
<conditions>char_has_tech(context:character(), &quot;tech_def_2_3_0&quot;) and context:character():faction():trade_value_percent() &gt; 40</conditions>
<event>CharacterRankUp</event>
<trigger>wh2_main_trig_character_def_organ_merchant</trigger>
</ancillary_triggers>
<ancillary_triggers record_uuid="{b77f9205-3f12-45c5-8cf2-e7cb7719eb1c}" record_timestamp="1502389498414" record_key="wh2_main_trig_character_def_overseer">
<conditions>char_has_tech(context:character(), &quot;tech_def_1_2_0&quot;) and context:character():faction():trade_value_percent() &gt; 20 and context:character():faction():treasury() &gt; 2000</conditions>
<event>CharacterRankUp</event>
<trigger>wh2_main_trig_character_def_overseer</trigger>
</ancillary_triggers>
<ancillary_triggers record_uuid="{a245adfc-2868-4c20-9727-71dc72f85f9c}" record_timestamp="1502715520643" record_key="wh2_main_trig_character_def_propagandist">
<conditions>context:character():has_region() and context:character():turns_in_own_regions() &gt;= 1 and (region_has_superchain(context:character():region(), &quot;wh2_main_def_worship&quot;))</conditions>
<event>CharacterTurnStart</event>
<trigger>wh2_main_trig_character_def_propagandist</trigger>
</ancillary_triggers>
<ancillary_triggers record_uuid="{08cb4b19-dd2e-494e-a5be-9fa7e2baff66}" record_timestamp="1500310523096" record_key="wh2_main_trig_character_def_servant">
<conditions>char_has_tech(context:character(), &quot;tech_def_2_2_0&quot;) and (not context:character():character_subtype(&quot;dlc07_brt_green_knight&quot;)) and context:character():rank() &gt; 10</conditions>
<event>CharacterRankUp</event>
<trigger>wh2_main_trig_character_def_servant</trigger>
</ancillary_triggers>
<ancillary_triggers record_uuid="{14c5dbf0-31b6-4faf-a9bb-b01f8977e2ee}" record_timestamp="1502715520643" record_key="wh2_main_trig_character_def_slave_trader">
<conditions>context:character():has_region() and context:character():turns_in_own_regions() &gt;= 1 and (region_has_superchain(context:character():region(), &quot;wh2_main_def_slaves&quot;))</conditions>
<event>CharacterTurnStart</event>
<trigger>wh2_main_trig_character_def_slave_trader</trigger>
</ancillary_triggers>
<ancillary_triggers record_uuid="{c53f45d6-5ebf-43d8-af91-bbff969aec76}" record_timestamp="1502715520643" record_key="wh2_main_trig_character_hef_admiral">
<conditions>context:character():has_region() and context:character():turns_in_own_regions() &gt;= 1 and (region_has_superchain(context:character():region(), &quot;wh2_main_hef_port&quot;))</conditions>
<event>CharacterTurnStart</event>
<trigger>wh2_main_trig_character_hef_admiral</trigger>
</ancillary_triggers>
<ancillary_triggers record_uuid="{2b08d9ce-5d6c-4e6a-8636-44a5fd477f75}" record_timestamp="1502715520643" record_key="wh2_main_trig_character_hef_assassin">
<conditions>context:character():has_region() and context:character():turns_in_own_regions() &gt; 1 and (region_has_superchain(context:character():region(), &quot;wh2_main_hef_embassy&quot;))</conditions>
<event>CharacterTurnStart</event>
<trigger>wh2_main_trig_character_hef_assassin</trigger>
</ancillary_triggers>
<ancillary_triggers record_uuid="{40c8906d-a3f7-4676-886c-104de2551679}" record_timestamp="1502715520643" record_key="wh2_main_trig_character_hef_bard">
<conditions>context:character():has_region() and context:character():turns_in_own_regions() &gt;= 1 and (region_has_superchain(context:character():region(), &quot;wh2_main_hef_order&quot;))</conditions>
<event>CharacterTurnStart</event>
<trigger>wh2_main_trig_character_hef_bard</trigger>
</ancillary_triggers>
<ancillary_triggers record_uuid="{f4c65ebb-07b6-475b-ab48-5812dfba235c}" record_timestamp="1502715520643" record_key="wh2_main_trig_character_hef_counsellor">
<conditions>context:character():has_region() and context:character():turns_in_own_regions() &gt;= 1 and (region_has_superchain(context:character():region(), &quot;wh2_main_hef_court&quot;))</conditions>
<event>CharacterTurnStart</event>
<trigger>wh2_main_trig_character_hef_counsellor</trigger>
</ancillary_triggers>
<ancillary_triggers record_uuid="{57f1bf82-8222-47b1-9899-c0a727ac22d6}" record_timestamp="1502715520643" record_key="wh2_main_trig_character_hef_minstrel">
<conditions>context:character():has_region() and context:character():turns_in_own_regions() &gt;= 1 and (region_has_superchain(context:character():region(), &quot;wh2_main_hef_order&quot;))</conditions>
<event>CharacterTurnStart</event>
<trigger>wh2_main_trig_character_hef_minstrel</trigger>
</ancillary_triggers>
<ancillary_triggers record_uuid="{3ec1e978-a369-46fe-b5dd-1853dea703d3}" record_timestamp="1502715520643" record_key="wh2_main_trig_character_hef_poisoner">
<conditions>context:character():has_region() and context:character():turns_in_own_regions() &gt;= 1 and (region_has_superchain(context:character():region(), &quot;wh2_main_hef_mages&quot;))</conditions>
<event>CharacterTurnStart</event>
<trigger>wh2_main_trig_character_hef_poisoner</trigger>
</ancillary_triggers>
<ancillary_triggers record_uuid="{4ff88fae-fdac-4d24-89d3-89329d15e2ad}" record_timestamp="1502715520643" record_key="wh2_main_trig_character_hef_raven_keeper">
<conditions>context:character():has_region() and context:character():turns_in_own_regions() &gt;= 1 and (region_has_superchain(context:character():region(), &quot;wh2_main_hef_birds&quot;))</conditions>
<event>CharacterTurnStart</event>
<trigger>wh2_main_trig_character_hef_raven_keeper</trigger>
</ancillary_triggers>
<ancillary_triggers record_uuid="{711d50b2-a909-4baf-ba68-79eaaf1dba58}" record_timestamp="1502715520643" record_key="wh2_main_trig_character_hef_trappist">
<conditions>context:character():has_region() and context:character():turns_in_own_regions() &gt;= 1 and (region_has_superchain(context:character():region(), &quot;wh2_main_hef_mages&quot;))</conditions>
<event>CharacterTurnStart</event>
<trigger>wh2_main_trig_character_hef_trappist</trigger>
</ancillary_triggers>
<ancillary_triggers record_uuid="{84cadf91-3111-446d-bf0e-d5c3ae3e0916}" record_timestamp="1490383780421" record_key="wh2_main_trig_character_lizardmen_won_20_battles">
<conditions>(not context:character():character_subtype(&quot;dlc07_brt_green_knight&quot;)) and context:character():faction():culture() == &quot;wh2_main_lzd_lizardmen&quot; and context:character():battles_won() &gt; 19</conditions>
<event>CharacterCompletedBattle</event>
<trigger>wh2_main_trig_character_lizardmen_won_20_battles</trigger>
</ancillary_triggers>
<ancillary_triggers record_uuid="{58d79111-7f5c-402e-bb74-4875269cbaa9}" record_timestamp="1504091738654" record_key="wh2_main_trig_character_lzd_architect">
<conditions>char_has_tech(context:character(), &quot;tech_lzd_4_4&quot;) and context:character():has_region() and context:character():turns_in_own_regions() &gt;= 1 and (region_has_superchain(context:character():region(), &quot;wh_main_sch_settlement_major&quot;) or (region_has_superchain(context:character():region(), &quot;wh_main_sch_settlement_major_coast&quot;)))</conditions>
<event>CharacterRankUp</event>
<trigger>wh2_main_trig_character_lzd_architect</trigger>
</ancillary_triggers>
<ancillary_triggers record_uuid="{86242e8b-408c-4e6e-967b-4be230c0bbf4}" record_timestamp="1500644676490" record_key="wh2_main_trig_character_lzd_archivist">
<conditions>char_has_tech(context:character(), &quot;tech_lzd_0_2&quot;) and context:mission_result_success() or context:mission_result_critial_success() and not context:ability() == &quot;assist_army&quot;</conditions>
<event>CharacterCharacterTargetAction</event>
<trigger>wh2_main_trig_character_lzd_archivist</trigger>
</ancillary_triggers>
<ancillary_triggers record_uuid="{0f2b41fc-2de9-43d7-8f6c-0e46d625fa37}" record_timestamp="1502715520643" record_key="wh2_main_trig_character_lzd_astrologer">
<conditions>context:character():has_region() and context:character():turns_in_own_regions() &gt;= 1 and (region_has_superchain(context:character():region(), &quot;wh2_main_lzd_scrying&quot;))</conditions>
<event>CharacterTurnStart</event>
<trigger>wh2_main_trig_character_lzd_astrologer</trigger>
</ancillary_triggers>
<ancillary_triggers record_uuid="{d82d1606-e4f3-4b8d-ae83-c044972c3ac8}" record_timestamp="1502715520643" record_key="wh2_main_trig_character_lzd_astronomer">
<conditions>context:character():has_region() and context:character():turns_in_own_regions() &gt;= 1 and (region_has_superchain(context:character():region(), &quot;wh2_main_lzd_worship_oldones&quot;))</conditions>
<event>CharacterTurnStart</event>
<trigger>wh2_main_trig_character_lzd_astronomer</trigger>
</ancillary_triggers>
<ancillary_triggers record_uuid="{06a5fc39-7bf4-49bf-b9c0-0d82092bf86c}" record_timestamp="1502715520643" record_key="wh2_main_trig_character_lzd_beast_hunter">
<conditions>context:character():has_region() and context:character():turns_in_own_regions() &gt;= 1 and (region_has_superchain(context:character():region(), &quot;wh2_main_lzd_beasts&quot;) or (region_has_superchain(context:character():region(), &quot;wh2_main_lzd_terradons&quot;) or (region_has_superchain(context:character():region(), &quot;wh2_main_lzd_coldones&quot;))))</conditions>
<event>CharacterTurnStart</event>
<trigger>wh2_main_trig_character_lzd_beast_hunter</trigger>
</ancillary_triggers>
<ancillary_triggers record_uuid="{0f84da16-aeb5-43af-aad5-c910952b3c50}" record_timestamp="1504091738654" record_key="wh2_main_trig_character_lzd_cleaner">
<conditions>char_has_tech(context:character(), &quot;tech_lzd_1_6&quot;) and context:character():has_region() and context:character():turns_in_own_regions() &gt;= 1 and (region_has_superchain(context:character():region(), &quot;wh2_main_sch_military2_stables&quot;) or (region_has_superchain(context:character():region(), &quot;wh2_main_sch_military1_barracks&quot;)))</conditions>
<event>CharacterRankUp</event>
<trigger>wh2_main_trig_character_lzd_cleaner</trigger>
</ancillary_triggers>
<ancillary_triggers record_uuid="{0928285d-f718-49b2-96b5-fad8bf6e45c9}" record_timestamp="1504091738654" record_key="wh2_main_trig_character_lzd_defence_expert">
<conditions>context:character():has_region() and context:character():turns_in_own_regions() &gt;= 1 and (region_has_superchain(context:character():region(), &quot;wh2_main_sch_defence_major_lzd&quot;))</conditions>
<event>CharacterRankUp</event>
<trigger>wh2_main_trig_character_lzd_defence_expert</trigger>
</ancillary_triggers>
<ancillary_triggers record_uuid="{2cc6ab36-3347-4ec4-8dd6-c3857b9ce99f}" record_timestamp="1500301604554" record_key="wh2_main_trig_character_lzd_fan_waver">
<conditions>(not context:character():character_subtype(&quot;dlc07_brt_green_knight&quot;)) and context:character():faction():culture() == &quot;wh2_main_lzd_lizardmen&quot; and context:character():battles_won() &gt; 3</conditions>
<event>CharacterCompletedBattle</event>
<trigger>wh2_main_trig_character_lzd_fan_waver</trigger>
</ancillary_triggers>
<ancillary_triggers record_uuid="{3a753564-efe6-4201-b581-f8e89317ae75}" record_timestamp="1504091738654" record_key="wh2_main_trig_character_lzd_gardener">
<conditions>context:character():has_region() and context:character():turns_in_own_regions() &gt;= 1 and (region_has_superchain(context:character():region(), &quot;wh2_main_sch_defence_major_lzd&quot;))</conditions>
<event>CharacterRankUp</event>
<trigger>wh2_main_trig_character_lzd_gardener</trigger>
</ancillary_triggers>
<ancillary_triggers record_uuid="{ccb4d062-fff1-49fb-8a68-3171b8c2dbf2}" record_timestamp="1504091738654" record_key="wh2_main_trig_character_lzd_metallurgist">
<conditions>char_has_tech(context:character(), &quot;tech_lzd_4_6&quot;) and context:character():has_region() and context:character():turns_in_own_regions() &gt;= 1 and (region_has_superchain(context:character():region(), &quot;wh_main_sch_settlement_major&quot;) or (region_has_superchain(context:character():region(), &quot;wh_main_sch_settlement_major_coast&quot;)))</conditions>
<event>CharacterRankUp</event>
<trigger>wh2_main_trig_character_lzd_metallurgist</trigger>
</ancillary_triggers>
<ancillary_triggers record_uuid="{1f1f63ce-20ca-47e9-af40-6f837f808885}" record_timestamp="1502715520643" record_key="wh2_main_trig_character_lzd_temple_cleaner">
<conditions>context:character():has_region() and context:character():turns_in_own_regions() &gt;= 1 and (region_has_superchain(context:character():region(), &quot;wh2_main_lzd_worship_sotek&quot;))</conditions>
<event>CharacterTurnStart</event>
<trigger>wh2_main_trig_character_lzd_temple_cleaner</trigger>
</ancillary_triggers>
<ancillary_triggers record_uuid="{d4b55808-81cb-41b7-bc58-0cdbd002bf6f}" record_timestamp="1503503909887" record_key="wh2_main_trig_character_lzd_veteran_warrior">
<conditions>context:character():has_region() and context:character():turns_in_own_regions() &gt; 1 and (region_has_superchain(context:character():region(), &quot;wh2_main_sch_defence_minor&quot;))</conditions>
<event>CharacterRankUp</event>
<trigger>wh2_main_trig_character_lzd_veteran_warrior</trigger>
</ancillary_triggers>
<ancillary_triggers record_uuid="{4c20b785-6413-4ebd-a2af-af3cf6df1b15}" record_timestamp="1502715520644" record_key="wh2_main_trig_character_skv_artefact_hunter">
<conditions>context:character():has_region() and context:character():turns_in_own_regions() &gt; 1 and (region_has_superchain(context:character():region(), &quot;wh2_main_skv_settlement_major&quot;) or (region_has_superchain(context:character():region(), &quot;wh2_main_skv_settlement_major_coast&quot;) or (region_has_superchain(context:character():region(), &quot;wh2_main_skv_defence_minor&quot;))))</conditions>
<event>CharacterTurnStart</event>
<trigger>wh2_main_trig_character_skv_artefact_hunter</trigger>
</ancillary_triggers>
<ancillary_triggers record_uuid="{e9a7bc67-239a-4f9a-a0f1-fdefe26ae373}" record_timestamp="1502715520644" record_key="wh2_main_trig_character_skv_bell_polisher">
<conditions>context:character():has_region() and context:character():turns_in_own_regions() &gt;= 1 and (region_has_superchain(context:character():region(), &quot;wh2_main_skv_order&quot;))</conditions>
<event>CharacterTurnStart</event>
<trigger>wh2_main_trig_character_skv_bell_polisher</trigger>
</ancillary_triggers>
<ancillary_triggers record_uuid="{6a1a31ef-8e19-4e49-9831-5b4257395331}" record_timestamp="1500297757835" record_key="wh2_main_trig_character_skv_chemist">
<conditions>(not context:character():character_subtype(&quot;dlc07_brt_green_knight&quot;)) and context:character():won_battle()</conditions>
<event>CharacterCompletedBattle</event>
<trigger>wh2_main_trig_character_skv_chemist</trigger>
</ancillary_triggers>
<ancillary_triggers record_uuid="{9fdd3cd1-0deb-455d-a574-17bb74de49aa}" record_timestamp="1500297757835" record_key="wh2_main_trig_character_skv_clerk">
<conditions>(not context:character():character_subtype(&quot;dlc07_brt_green_knight&quot;)) and context:mission_result_success() and not context:ability() == &quot;assist_army&quot;</conditions>
<event>CharacterCharacterTargetAction</event>
<trigger>wh2_main_trig_character_skv_clerk</trigger>
</ancillary_triggers>
<ancillary_triggers record_uuid="{849e80db-e2d9-4b05-82cd-d454c7c635a6}" record_timestamp="1502715520644" record_key="wh2_main_trig_character_skv_female">
<conditions>context:character():has_region() and context:character():turns_in_own_regions() &gt;= 1 and (region_has_superchain(context:character():region(), &quot;wh2_main_skv_farm&quot;))</conditions>
<event>CharacterTurnStart</event>
<trigger>wh2_main_trig_character_skv_female</trigger>
</ancillary_triggers>
<ancillary_triggers record_uuid="{4264e5a8-8910-404e-a978-04864171ea4a}" record_timestamp="1500297757835" record_key="wh2_main_trig_character_skv_hell_pit_attendant">
<conditions>(not context:character():character_subtype(&quot;dlc07_brt_green_knight&quot;)) and context:character():won_battle() and char_has_tech(context:character(), &quot;tech_skv_4_1&quot;) </conditions>
<event>CharacterCompletedBattle</event>
<trigger>wh2_main_trig_character_skv_hell_pit_attendant</trigger>
</ancillary_triggers>
<ancillary_triggers record_uuid="{ce699831-cf3e-4bd2-90ae-d020dfa1019b}" record_timestamp="1500297757835" record_key="wh2_main_trig_character_skv_mechanic">
<conditions>(not context:character():character_subtype(&quot;dlc07_brt_green_knight&quot;)) and context:character():won_battle()</conditions>
<event>CharacterCompletedBattle</event>
<trigger>wh2_main_trig_character_skv_mechanic</trigger>
</ancillary_triggers>
<ancillary_triggers record_uuid="{f86dc93c-1339-4eac-93e4-bda9a20a97e0}" record_timestamp="1500297757835" record_key="wh2_main_trig_character_skv_messenger">
<conditions>(not context:character():character_subtype(&quot;dlc07_brt_green_knight&quot;)) and context:character():won_battle()</conditions>
<event>CharacterCompletedBattle</event>
<trigger>wh2_main_trig_character_skv_messenger</trigger>
</ancillary_triggers>
<ancillary_triggers record_uuid="{83f2a68e-7ae7-40a2-b2f0-8a87016d8fbe}" record_timestamp="1502715520644" record_key="wh2_main_trig_character_skv_saboteur">
<conditions>context:character():has_region() and context:character():turns_in_own_regions() &gt;= 1 and (region_has_superchain(context:character():region(), &quot;wh2_main_skv_assassins&quot;))</conditions>
<event>CharacterTurnStart</event>
<trigger>wh2_main_trig_character_skv_saboteur</trigger>
</ancillary_triggers>
<ancillary_triggers record_uuid="{01dea0b4-07cf-4ac1-a6b8-2d2d9668d6df}" record_timestamp="1507894000137" record_key="wh2_main_trig_character_skv_sculptor">
<conditions>(not context:character():character_subtype(&quot;dlc07_brt_green_knight&quot;)) and context:character():faction():trade_value_percent() &gt; 40 and context:character():model():turn_number() &gt; 5 and context:character():model():turn_number() % 5 == 0 and context:character():model():campaign_name(&quot;wh2_main_great_vortex&quot;)</conditions>
<event>CharacterRankUp</event>
<trigger>wh2_main_trig_character_skv_sculptor</trigger>
</ancillary_triggers>
<ancillary_triggers record_uuid="{089e69aa-ec04-4bce-ae98-56c3e13307f5}" record_timestamp="1502715520644" record_key="wh2_main_trig_character_skv_trainee_assassin">
<conditions>context:character():has_region() and context:character():turns_in_own_regions() &gt;= 1 and (region_has_superchain(context:character():region(), &quot;wh2_main_skv_assassins&quot;))</conditions>
<event>CharacterTurnStart</event>
<trigger>wh2_main_trig_character_skv_trainee_assassin</trigger>
</ancillary_triggers>
<ancillary_triggers record_uuid="{11e8d458-f45f-4266-9ef0-2ba0e698aab3}" record_timestamp="1502715520644" record_key="wh2_main_trig_character_skv_wolf_rat">
<conditions>context:character():has_region() and context:character():turns_in_own_regions() &gt;= 1 and (region_has_superchain(context:character():region(), &quot;wh2_main_skv_monsters&quot;))</conditions>
<event>CharacterTurnStart</event>
<trigger>wh2_main_trig_character_skv_wolf_rat</trigger>
</ancillary_triggers>
<ancillary_triggers record_uuid="{70a47244-24d0-47bc-b5ea-9bea7cea792b}" record_timestamp="1490698007560" record_key="wh2_main_trig_character_won_battle_against_dwarfs">
<conditions>(not context:character():character_subtype(&quot;dlc07_brt_green_knight&quot;)) and char_is_general(context:character()) and context:character():won_battle() and (context:pending_battle():attacker() == context:character() and context:pending_battle():defender():faction():culture() == &quot;wh_main_dwf_dwarfs&quot;) or (context:pending_battle():defender() == context:character() and context:pending_battle():attacker():faction():culture() == &quot;wh_main_dwf_dwarfs&quot;)</conditions>
<event>CharacterCompletedBattle</event>
<trigger>wh2_main_trig_character_won_battle_against_dwarfs</trigger>
</ancillary_triggers>
<ancillary_triggers record_uuid="{99118fd5-ea06-4444-9707-a7c6057d18ed}" record_timestamp="1490698202487" record_key="wh2_main_trig_character_won_battle_against_lizardmen">
<conditions>(not context:character():character_subtype(&quot;dlc07_brt_green_knight&quot;)) and char_is_general(context:character()) and context:character():won_battle() and (context:pending_battle():attacker() == context:character() and context:pending_battle():defender():faction():culture() == &quot;wh2_main_lzd_lizardmen&quot;) or (context:pending_battle():defender() == context:character() and context:pending_battle():attacker():faction():culture() == &quot;wh2_main_lzd_lizardmen&quot;)</conditions>
<event>CharacterCompletedBattle</event>
<trigger>wh2_main_trig_character_won_battle_against_lizardmen</trigger>
</ancillary_triggers>
<ancillary_triggers record_uuid="{96d4e4f5-30e2-4f01-bb7d-6ab5e93c9f5d}" record_timestamp="1490698202497" record_key="wh2_main_trig_character_won_battle_against_skaven">
<conditions>(not context:character():character_subtype(&quot;dlc07_brt_green_knight&quot;)) and char_is_general(context:character()) and context:character():won_battle() and (context:pending_battle():attacker() == context:character() and context:pending_battle():defender():faction():culture() == &quot;wh2_main_skv_skaven&quot;) or (context:pending_battle():defender() == context:character() and context:pending_battle():attacker():faction():culture() == &quot;wh2_main_skv_skaven&quot;)</conditions>
<event>CharacterCompletedBattle</event>
<trigger>wh2_main_trig_character_won_battle_against_skaven</trigger>
</ancillary_triggers>
<ancillary_triggers record_uuid="{36a16ae1-bb9b-4004-8cb5-c8409ed05f6f}" record_timestamp="1502715520643" record_key="wh2_main_trig_general_constructed_building_hef_court_of_the_everqueen">
<conditions>context:character():has_region() and context:character():turns_in_own_regions() &gt;= 1 and (region_has_superchain(context:character():region(), &quot;wh2_main_special_everqueen_court&quot;))</conditions>
<event>CharacterTurnStart</event>
<trigger>wh2_main_trig_general_constructed_building_hef_court_of_the_everqueen</trigger>
</ancillary_triggers>
<ancillary_triggers record_uuid="{0cc55613-11c7-4ed6-bef8-3c8363966052}" record_timestamp="1502715520643" record_key="wh2_main_trig_general_constructed_building_hef_dragon_keep">
<conditions>context:character():has_region() and context:character():turns_in_own_regions() &gt;= 1 and (region_has_superchain(context:character():region(), &quot;wh2_main_hef_dragons&quot;))</conditions>
<event>CharacterTurnStart</event>
<trigger>wh2_main_trig_general_constructed_building_hef_dragon_keep</trigger>
</ancillary_triggers>
<ancillary_triggers record_uuid="{20e9b953-a522-4638-b97b-db2418097587}" record_timestamp="1502715520643" record_key="wh2_main_trig_general_constructed_building_hef_dragon_lair">
<conditions>context:character():has_region() and context:character():turns_in_own_regions() &gt;= 1 and (region_has_superchain(context:character():region(), &quot;wh2_main_hef_dragons&quot;))</conditions>
<event>CharacterTurnStart</event>
<trigger>wh2_main_trig_general_constructed_building_hef_dragon_lair</trigger>
</ancillary_triggers>
<ancillary_triggers record_uuid="{bec07a40-2634-438f-ae41-1a3c67751824}" record_timestamp="1502715520643" record_key="wh2_main_trig_general_constructed_building_hef_ellyrian_royal_stables">
<conditions>context:character():has_region() and context:character():turns_in_own_regions() &gt;= 1 and (region_has_superchain(context:character():region(), &quot;wh2_main_special_ellyrian_stables&quot;))</conditions>
<event>CharacterTurnStart</event>
<trigger>wh2_main_trig_general_constructed_building_hef_ellyrian_royal_stables</trigger>
</ancillary_triggers>
<ancillary_triggers record_uuid="{c4568cc2-9f7c-4fbc-987c-4676210e1c17}" record_timestamp="1502715520643" record_key="wh2_main_trig_general_constructed_building_hef_elven_estate">
<conditions>context:character():has_region() and context:character():turns_in_own_regions() &gt;= 1 and (region_has_superchain(context:character():region(), &quot;wh2_main_hef_farm&quot;))</conditions>
<event>CharacterTurnStart</event>
<trigger>wh2_main_trig_general_constructed_building_hef_elven_estate</trigger>
</ancillary_triggers>
<ancillary_triggers record_uuid="{8cfadd65-93c7-40fd-b4d0-002f97979b49}" record_timestamp="1502715520643" record_key="wh2_main_trig_general_constructed_building_hef_hall_of_dragons">
<conditions>context:character():has_region() and context:character():turns_in_own_regions() &gt;= 1 and (region_has_superchain(context:character():region(), &quot;wh2_main_special_hall_of_dragons&quot;))</conditions>
<event>CharacterTurnStart</event>
<trigger>wh2_main_trig_general_constructed_building_hef_hall_of_dragons</trigger>
</ancillary_triggers>
<ancillary_triggers record_uuid="{58c78055-c011-41f6-b864-333c2e4107af}" record_timestamp="1502715520643" record_key="wh2_main_trig_general_constructed_building_hef_library_of_hoeth">
<conditions>context:character():has_region() and context:character():turns_in_own_regions() &gt;= 1 and (region_has_superchain(context:character():region(), &quot;wh2_main_special_tower_of_hoeth&quot;))</conditions>
<event>CharacterTurnStart</event>
<trigger>wh2_main_trig_general_constructed_building_hef_library_of_hoeth</trigger>
</ancillary_triggers>
<ancillary_triggers record_uuid="{f4a326b6-84d3-4de6-950d-7c0713bd8218}" record_timestamp="1502715520643" record_key="wh2_main_trig_general_constructed_building_hef_shrine_of_asuryan">
<conditions>context:character():has_region() and context:character():turns_in_own_regions() &gt;= 1 and (region_has_superchain(context:character():region(), &quot;wh2_main_hef_worship&quot;))</conditions>
<event>CharacterTurnStart</event>
<trigger>wh2_main_trig_general_constructed_building_hef_shrine_of_asuryan</trigger>
</ancillary_triggers>
<ancillary_triggers record_uuid="{470e23c1-14a7-49fd-9149-84038794f564}" record_timestamp="1502715520644" record_key="wh2_main_trig_general_constructed_building_lzd_blessed_incubator">
<conditions>context:character():has_region() and context:character():turns_in_own_regions() &gt;= 1 and (region_has_superchain(context:character():region(), &quot;wh2_main_sch_special_hexoatl_incubator&quot;))</conditions>
<event>CharacterTurnStart</event>
<trigger>wh2_main_trig_general_constructed_building_lzd_blessed_incubator</trigger>
</ancillary_triggers>
<ancillary_triggers record_uuid="{b7bc9a82-297b-4e42-a63d-2a97ce1d21f1}" record_timestamp="1503503909919" record_key="wh2_main_trig_general_constructed_building_lzd_old_ones">
<conditions>context:character():has_region() and context:character():turns_in_own_regions() &gt;= 2 and (region_has_superchain(context:character():region(), &quot;wh2_main_sch_support2_worship&quot;))</conditions>
<event>CharacterRankUp</event>
<trigger>wh2_main_trig_general_constructed_building_lzd_old_ones</trigger>
</ancillary_triggers>
<ancillary_triggers record_uuid="{6fc1d5ca-0234-4e7a-812d-a55c7fdd0125}" record_timestamp="1502715520644" record_key="wh2_main_trig_general_constructed_building_lzd_water_holes">
<conditions>context:character():has_region() and context:character():turns_in_own_regions() &gt; 1 and (region_has_superchain(context:character():region(), &quot;wh2_main_sch_military1_barracks&quot;))</conditions>
<event>CharacterTurnStart</event>
<trigger>wh2_main_trig_general_constructed_building_lzd_water_holes</trigger>
</ancillary_triggers>
<ancillary_triggers record_uuid="{5aa31cdd-7406-4423-9ef6-7f73641085b0}" record_timestamp="1488578440966" record_key="wh_dlc03_trig_character_lost_battle_has_bst_warhounds">
<conditions>(not context:character():character_subtype(&quot;dlc07_brt_green_knight&quot;)) and not context:character():won_battle() and (char_army_has_unit(context:character(), &quot;wh_dlc03_bst_inf_chaos_warhounds_1&quot;) or char_army_has_unit(context:character(), &quot;wh_dlc03_bst_inf_chaos_warhounds_0&quot;))</conditions>
<event>CharacterCompletedBattle</event>
<trigger>wh_dlc03_trig_character_lost_battle_has_bst_warhounds</trigger>
</ancillary_triggers>
<ancillary_triggers record_uuid="{140ce79d-ecd1-48df-99ef-fb5bc0bd8b21}" record_timestamp="1488578445596" record_key="wh_dlc03_trig_character_rank_up_can_recruit_bst_spawn">
<conditions>(not context:character():character_subtype(&quot;dlc07_brt_green_knight&quot;)) and char_can_recruit_unit(context:character(), &quot;wh_dlc03_bst_mon_chaos_spawn_0&quot;)</conditions>
<event>CharacterRankUp</event>
<trigger>wh_dlc03_trig_character_rank_up_can_recruit_bst_spawn</trigger>
</ancillary_triggers>
<ancillary_triggers record_uuid="{0a06cab3-f71c-4142-bf12-39cfb44560d7}" record_timestamp="1488578446158" record_key="wh_dlc03_trig_character_razed_settlement_not_doe">
<conditions>(not context:character():character_subtype(&quot;dlc07_brt_green_knight&quot;)) and context:character():faction():culture() == &quot;wh_dlc03_bst_beastmen&quot; and not context:character():has_ancillary(&quot;wh_dlc03_anc_follower_beastmen_doe&quot;)</conditions>
<event>CharacterRazedSettlement</event>
<trigger>wh_dlc03_trig_character_razed_settlement_not_doe</trigger>
</ancillary_triggers>
<ancillary_triggers record_uuid="{1cfd0f71-bfd4-4d79-b31e-62bc2b7732fb}" record_timestamp="1488578446172" record_key="wh_dlc03_trig_character_razed_settlement_not_ungor_whelp">
<conditions>(not context:character():character_subtype(&quot;dlc07_brt_green_knight&quot;)) and context:character():battles_won() &gt; 5 and not context:character():faction():ancillary_exists(&quot;wh_dlc03_anc_follower_beastmen_ungor_whelp&quot;)</conditions>
<event>CharacterRazedSettlement</event>
<trigger>wh_dlc03_trig_character_razed_settlement_not_ungor_whelp</trigger>
</ancillary_triggers>
<ancillary_triggers record_uuid="{d51eaa83-f332-4feb-a13b-e56d5d269204}" record_timestamp="1488578446215" record_key="wh_dlc03_trig_hero_won_battle_against_men">
<conditions>(not context:character():character_subtype(&quot;dlc07_brt_green_knight&quot;)) and context:character():won_battle() and (not context:character():model():pending_battle():defender():won_battle() and (context:character():model():pending_battle():defender():faction():culture() == &quot;wh_main_emp_empire&quot; or context:character():model():pending_battle():defender():faction():culture() == &quot;wh_main_brt_bretonnia&quot;)) or (not context:character():model():pending_battle():attacker():won_battle() and (context:character():model():pending_battle():attacker():faction():culture() == &quot;wh_main_emp_empire&quot; or context:character():model():pending_battle():attacker():faction():culture() == &quot;wh_main_brt_bretonnia&quot;))</conditions>
<event>HeroCharacterParticipatedInBattle</event>
<trigger>wh_dlc03_trig_hero_won_battle_against_men</trigger>
</ancillary_triggers>
<ancillary_triggers record_uuid="{ce20fcc2-d06c-46ef-87b4-bc57a9a6f210}" record_timestamp="1488578445613" record_key="wh_main_character_rank_up_untainted_region">
<conditions>(not context:character():character_subtype(&quot;dlc07_brt_green_knight&quot;)) and context:character():has_region() and context:character():region():majority_religion() == &quot;wh_main_religion_untainted&quot;</conditions>
<event>CharacterRankUp</event>
<trigger>wh_main_character_rank_up_untainted_region</trigger>
</ancillary_triggers>
<ancillary_triggers record_uuid="{02cef9f8-9b4c-476d-8fea-178c461be223}" record_timestamp="1488578446232" record_key="wh_main_trig_award_magic_item">
<conditions>(not context:character():character_subtype(&quot;dlc07_brt_green_knight&quot;)) and context:character():won_battle() and char_is_general_with_army(context:character()) and not context:has_stolen_ancillary() and attempt_to_award_random_magical_item(context)</conditions>
<event>TriggerPostBattleAncillaries</event>
<trigger>wh_main_trig_award_magic_item</trigger>
</ancillary_triggers>
<ancillary_triggers record_uuid="{51ab8e1b-3d70-44f1-8014-c0e9e76c3228}" record_timestamp="1488578440895" record_key="wh_main_trig_character_assassinated_character">
<conditions>(not context:character():character_subtype(&quot;dlc07_brt_green_knight&quot;)) and context:mission_result_success() or context:mission_result_critial_success() and not context:ability() == &quot;assist_army&quot;</conditions>
<event>CharacterCharacterTargetAction</event>
<trigger>wh_main_trig_character_assassinated_character</trigger>
</ancillary_triggers>
<ancillary_triggers record_uuid="{7214e7b4-1b20-49ff-8ac2-8bb47f1bde6d}" record_timestamp="1488578440893" record_key="wh_main_trig_character_assassinated_character_failure">
<conditions>(not context:character():character_subtype(&quot;dlc07_brt_green_knight&quot;)) and context:mission_result_failure() and not context:ability() == &quot;assist_army&quot;</conditions>
<event>CharacterCharacterTargetAction</event>
<trigger>wh_main_trig_character_assassinated_character_failure</trigger>
</ancillary_triggers>
<ancillary_triggers record_uuid="{d378e69a-a4db-45f1-a6b9-3c09d444dfd7}" record_timestamp="1488578440891" record_key="wh_main_trig_character_assassinated_character_human_even">
<conditions>(not context:character():character_subtype(&quot;dlc07_brt_green_knight&quot;)) and context:character():model():turn_number() % 2 == 0 and context:character():faction():is_human() and context:mission_result_success() or context:mission_result_critial_success() and not context:ability() == &quot;assist_army&quot;</conditions>
<event>CharacterCharacterTargetAction</event>
<trigger>wh_main_trig_character_assassinated_character_human_even</trigger>
</ancillary_triggers>
<ancillary_triggers record_uuid="{9b332199-d4d6-4647-a1ed-7d478706aabf}" record_timestamp="1488578440905" record_key="wh_main_trig_character_assassinated_character_human_odd">
<conditions>(not context:character():character_subtype(&quot;dlc07_brt_green_knight&quot;)) and not (context:character():model():turn_number() % 2 == 0) and context:character():faction():is_human() and context:mission_result_success() or context:mission_result_critial_success() and not context:ability() == &quot;assist_army&quot;</conditions>
<event>CharacterCharacterTargetAction</event>
<trigger>wh_main_trig_character_assassinated_character_human_odd</trigger>
</ancillary_triggers>
<ancillary_triggers record_uuid="{6eb4867d-b52f-4222-a89b-42f2681eab9c}" record_timestamp="1488578440906" record_key="wh_main_trig_character_completed_battle_has_grn_trolls">
<conditions>(not context:character():character_subtype(&quot;dlc07_brt_green_knight&quot;)) and char_army_has_unit(context:character(), &quot;wh_main_grn_mon_trolls&quot;)</conditions>
<event>CharacterCompletedBattle</event>
<trigger>wh_main_trig_character_completed_battle_has_grn_trolls</trigger>
</ancillary_triggers>
<ancillary_triggers record_uuid="{60d444e7-73da-43f1-acb8-bcde0237822b}" record_timestamp="1488578440967" record_key="wh_main_trig_character_hindered_settlement">
<conditions>(not context:character():character_subtype(&quot;dlc07_brt_green_knight&quot;)) and context:mission_result_success()</conditions>
<event>CharacterGarrisonTargetAction</event>
<trigger>wh_main_trig_character_hindered_settlement</trigger>
</ancillary_triggers>
<ancillary_triggers record_uuid="{f11136e7-343e-44e6-9a76-c1c2f07a9313}" record_timestamp="1488578446212" record_key="wh_main_trig_character_idle_in_estalia">
<conditions>(not context:character():character_subtype(&quot;dlc07_brt_green_knight&quot;)) and context:character():has_region() and context:character():faction():culture() == &quot;wh_main_emp_empire&quot; and context:character():action_points_remaining_percent() &gt; 75 and (context:character():region():name() == &quot;wh_main_estalia_bilbali&quot; or context:character():region():name() == &quot;wh_main_estalia_magritta&quot; or context:character():region():name() == &quot;wh_main_estalia_tobaro&quot;) and not context:character():has_ancillary(&quot;wh_main_anc_follower_empire_estalian_diestro&quot;)</conditions>
<event>CharacterTurnEnd</event>
<trigger>wh_main_trig_character_idle_in_estalia</trigger>
</ancillary_triggers>
<ancillary_triggers record_uuid="{b86946f0-59f4-47d9-ad16-6f27570eddb1}" record_timestamp="1488578446213" record_key="wh_main_trig_character_idle_in_the_moot">
<conditions>(not context:character():character_subtype(&quot;dlc07_brt_green_knight&quot;)) and context:character():has_region() and context:character():action_points_remaining_percent() &gt; 75 and context:character():region():name() == &quot;wh_main_stirland_the_moot&quot; and not context:character():has_ancillary(&quot;wh_main_anc_follower_halfling_fieldwarden&quot;)</conditions>
<event>CharacterTurnEnd</event>
<trigger>wh_main_trig_character_idle_in_the_moot</trigger>
</ancillary_triggers>
<ancillary_triggers record_uuid="{f719067c-966f-4e8d-9536-691148ced7c7}" record_timestamp="1488578440969" record_key="wh_main_trig_character_looted_settlement">
<conditions>(not context:character():character_subtype(&quot;dlc07_brt_green_knight&quot;))</conditions>
<event>CharacterLootedSettlement</event>
<trigger>wh_main_trig_character_looted_settlement</trigger>
</ancillary_triggers>
<ancillary_triggers record_uuid="{443538c1-beb9-41a2-a51c-eb7774fafbb0}" record_timestamp="1488578440987" record_key="wh_main_trig_character_looted_settlement_belonging_to_emp">
<conditions>(not context:character():character_subtype(&quot;dlc07_brt_green_knight&quot;)) and context:garrison_residence():faction():culture() == &quot;wh_main_emp_empire&quot;</conditions>
<event>CharacterLootedSettlement</event>
<trigger>wh_main_trig_character_looted_settlement_belonging_to_emp</trigger>
</ancillary_triggers>
<ancillary_triggers record_uuid="{77dd50ad-84fb-49f0-bfce-bdcd57b61c90}" record_timestamp="1488578440989" record_key="wh_main_trig_character_looted_settlement_belonging_to_vmp">
<conditions>(not context:character():character_subtype(&quot;dlc07_brt_green_knight&quot;)) and context:garrison_residence():faction():culture() == &quot;wh_main_vmp_vampire_counts&quot;</conditions>
<event>CharacterLootedSettlement</event>
<trigger>wh_main_trig_character_looted_settlement_belonging_to_vmp</trigger>
</ancillary_triggers>
<ancillary_triggers record_uuid="{0cf6dee6-df17-4f7a-84a7-ee692bd1746c}" record_timestamp="1488578440982" record_key="wh_main_trig_character_looted_settlement_large_army">
<conditions>(not context:character():character_subtype(&quot;dlc07_brt_green_knight&quot;)) and char_is_general_with_army(context:character()) and context:character():military_force():unit_list():num_items() &gt; 10</conditions>
<event>CharacterLootedSettlement</event>
<trigger>wh_main_trig_character_looted_settlement_large_army</trigger>
</ancillary_triggers>
<ancillary_triggers record_uuid="{041280dd-a443-4f22-ad24-aac91e504211}" record_timestamp="1488578440980" record_key="wh_main_trig_character_looted_settlement_small_army">
<conditions>(not context:character():character_subtype(&quot;dlc07_brt_green_knight&quot;)) and char_is_general_with_army(context:character()) and context:character():military_force():unit_list():num_items() &lt; 10</conditions>
<event>CharacterLootedSettlement</event>
<trigger>wh_main_trig_character_looted_settlement_small_army</trigger>
</ancillary_triggers>
<ancillary_triggers record_uuid="{d7e7545c-ec1e-4eec-aacb-d9011a3c6f91}" record_timestamp="1488578440964" record_key="wh_main_trig_character_lost_battle">
<conditions>(not context:character():character_subtype(&quot;dlc07_brt_green_knight&quot;)) and not context:character():won_battle()</conditions>
<event>CharacterCompletedBattle</event>
<trigger>wh_main_trig_character_lost_battle</trigger>
</ancillary_triggers>
<ancillary_triggers record_uuid="{9a5a4b40-2351-4c8b-9ac0-7afe77944d3c}" record_timestamp="1488578440960" record_key="wh_main_trig_character_participated_in_ambush_battle">
<conditions>(not context:character():character_subtype(&quot;dlc07_brt_green_knight&quot;)) and context:pending_battle():ambush_battle()</conditions>
<event>CharacterCompletedBattle</event>
<trigger>wh_main_trig_character_participated_in_ambush_battle</trigger>
</ancillary_triggers>
<ancillary_triggers record_uuid="{14788c4b-10fb-4d26-80e2-a2c2c16f58ae}" record_timestamp="1488578440991" record_key="wh_main_trig_character_post_battle_slaughter">
<conditions>(not context:character():character_subtype(&quot;dlc07_brt_green_knight&quot;)) and char_is_general_with_army(context:character())</conditions>
<event>CharacterPostBattleSlaughter</event>
<trigger>wh_main_trig_character_post_battle_slaughter</trigger>
</ancillary_triggers>
<ancillary_triggers record_uuid="{186b0055-5b20-419a-8a8a-40679b7652cd}" record_timestamp="1488578445614" record_key="wh_main_trig_character_rank_up_at_sea">
<conditions>(not context:character():character_subtype(&quot;dlc07_brt_green_knight&quot;)) and char_on_sea(context:character())</conditions>
<event>CharacterRankUp</event>
<trigger>wh_main_trig_character_rank_up_at_sea</trigger>
</ancillary_triggers>
<ancillary_triggers record_uuid="{5ceffb31-53d5-449e-a280-a89a86be8216}" record_timestamp="1488578445634" record_key="wh_main_trig_character_rank_up_can_recruit_dwf_cannon">
<conditions>(not context:character():character_subtype(&quot;dlc07_brt_green_knight&quot;)) and char_can_recruit_unit(context:character(), &quot;wh_main_dwf_art_cannon&quot;)</conditions>
<event>CharacterRankUp</event>
<trigger>wh_main_trig_character_rank_up_can_recruit_dwf_cannon</trigger>
</ancillary_triggers>
<ancillary_triggers record_uuid="{e72a9253-b306-4485-8a4f-f0a2d5e2a745}" record_timestamp="1488578445636" record_key="wh_main_trig_character_rank_up_can_recruit_runesmith">
<conditions>(not context:character():character_subtype(&quot;dlc07_brt_green_knight&quot;)) and context:character():has_region() and context:character():region():can_recruit_agent_at_settlement(&quot;runesmith&quot;)</conditions>
<event>CharacterRankUp</event>
<trigger>wh_main_trig_character_rank_up_can_recruit_runesmith</trigger>
</ancillary_triggers>
<ancillary_triggers record_uuid="{8f8287b6-ee5d-425e-94fd-09b263a68bdd}" record_timestamp="1488578445647" record_key="wh_main_trig_character_rank_up_can_recruit_spy">
<conditions>(not context:character():character_subtype(&quot;dlc07_brt_green_knight&quot;)) and context:character():has_region() and context:character():region():can_recruit_agent_at_settlement(&quot;spy&quot;)</conditions>
<event>CharacterRankUp</event>
<trigger>wh_main_trig_character_rank_up_can_recruit_spy</trigger>
</ancillary_triggers>
<ancillary_triggers record_uuid="{9662ba23-aa44-4e92-a958-298ddf9fbfdf}" record_timestamp="1488578445649" record_key="wh_main_trig_character_rank_up_dwarf_beer">
<conditions>(not context:character():character_subtype(&quot;dlc07_brt_green_knight&quot;)) and context:character():faction():trade_resource_exists(&quot;res_rom_glass&quot;)</conditions>
<event>CharacterRankUp</event>
<trigger>wh_main_trig_character_rank_up_dwarf_beer</trigger>
</ancillary_triggers>
<ancillary_triggers record_uuid="{752c13d7-f859-4a4f-be22-b90ec698aa3d}" record_timestamp="1488578445651" record_key="wh_main_trig_character_rank_up_goblin_shaman">
<conditions>(not context:character():character_subtype(&quot;dlc07_brt_green_knight&quot;)) and context:character():character_subtype(&quot;grn_goblin_great_shaman&quot;)</conditions>
<event>CharacterRankUp</event>
<trigger>wh_main_trig_character_rank_up_goblin_shaman</trigger>
</ancillary_triggers>
<ancillary_triggers record_uuid="{6a89114a-c49b-4659-a8a9-5ba3f1120606}" record_timestamp="1488578445653" record_key="wh_main_trig_character_rank_up_goblin_shaman_idle_won_battles">
<conditions>(not context:character():character_subtype(&quot;dlc07_brt_green_knight&quot;)) and context:character():character_subtype(&quot;grn_goblin_great_shaman&quot;) and context:character():turns_in_own_regions() &gt; 3 and context:character():battles_won() &gt; 2</conditions>
<event>CharacterRankUp</event>
<trigger>wh_main_trig_character_rank_up_goblin_shaman_idle_won_battles</trigger>
</ancillary_triggers>
<ancillary_triggers record_uuid="{a538f1bd-6e8b-465a-921d-3292bb7def54}" record_timestamp="1488578440992" record_key="wh_main_trig_character_rank_up_has_chs_warhounds">
<conditions>(not context:character():character_subtype(&quot;dlc07_brt_green_knight&quot;)) and char_army_has_unit(context:character(), &quot;wh_main_chs_mon_chaos_warhounds_0&quot;)</conditions>
<event>CharacterRankUp</event>
<trigger>wh_main_trig_character_rank_up_has_chs_warhounds</trigger>
</ancillary_triggers>
<ancillary_triggers record_uuid="{36a5bffd-1f1b-4408-be27-aaa0e732400d}" record_timestamp="1488578445667" record_key="wh_main_trig_character_rank_up_has_dwf_slayers">
<conditions>(not context:character():character_subtype(&quot;dlc07_brt_green_knight&quot;)) and char_army_has_unit(context:character(), &quot;wh_main_dwf_inf_slayers&quot;)</conditions>
<event>CharacterRankUp</event>
<trigger>wh_main_trig_character_rank_up_has_dwf_slayers</trigger>
</ancillary_triggers>
<ancillary_triggers record_uuid="{742ad40e-8ad5-420e-9e1f-fc9dcc8ec91e}" record_timestamp="1488578445669" record_key="wh_main_trig_character_rank_up_has_grn_night_goblins">
<conditions>(not context:character():character_subtype(&quot;dlc07_brt_green_knight&quot;)) and char_army_has_unit(context:character(), &quot;wh_main_grn_inf_night_goblins&quot;) or char_army_has_unit(context:character(), &quot;wh_main_grn_inf_night_goblin_archers&quot;)</conditions>
<event>CharacterRankUp</event>
<trigger>wh_main_trig_character_rank_up_has_grn_night_goblins</trigger>
</ancillary_triggers>
<ancillary_triggers record_uuid="{d6cfd373-329e-4f6e-976d-1fe077abbb1c}" record_timestamp="1488578445671" record_key="wh_main_trig_character_rank_up_has_grn_savage_orcs">
<conditions>(not context:character():character_subtype(&quot;dlc07_brt_green_knight&quot;)) and char_army_has_unit(context:character(), &quot;wh_main_grn_inf_savage_orcs&quot;) or char_army_has_unit(context:character(), &quot;wh_main_grn_inf_savage_orc_arrer_boyz&quot;) or char_army_has_unit(context:character(), &quot;wh_main_grn_cav_savage_orc_boar_boyz&quot;)</conditions>
<event>CharacterRankUp</event>
<trigger>wh_main_trig_character_rank_up_has_grn_savage_orcs</trigger>
</ancillary_triggers>
<ancillary_triggers record_uuid="{e1bc16c1-2cce-444b-bc43-9a454d8c385f}" record_timestamp="1488578445672" record_key="wh_main_trig_character_rank_up_has_tech_spider_worship">
<conditions>(not context:character():character_subtype(&quot;dlc07_brt_green_knight&quot;)) and char_has_tech(context:character(), &quot;tech_grn_main_4_1&quot;) and context:character():battles_fought() &gt; 3</conditions>
<event>CharacterRankUp</event>
<trigger>wh_main_trig_character_rank_up_has_tech_spider_worship</trigger>
</ancillary_triggers>
<ancillary_triggers record_uuid="{e2dff7eb-24aa-4514-9829-12216f1279db}" record_timestamp="1488578445685" record_key="wh_main_trig_character_rank_up_has_tech_unholy_communion">
<conditions>(not context:character():character_subtype(&quot;dlc07_brt_green_knight&quot;)) and char_has_tech(context:character(), &quot;tech_chs_main_3&quot;) and context:character():battles_fought() &gt; 3</conditions>
<event>CharacterRankUp</event>
<trigger>wh_main_trig_character_rank_up_has_tech_unholy_communion</trigger>
</ancillary_triggers>
<ancillary_triggers record_uuid="{56c5fd11-5413-4c53-ac45-40ccb51afcde}" record_timestamp="1488578445687" record_key="wh_main_trig_character_rank_up_has_tech_valayas_protection">
<conditions>(not context:character():character_subtype(&quot;dlc07_brt_green_knight&quot;)) and char_has_tech(context:character(), &quot;tech_dwf_civ_6_4&quot;) and context:character():battles_fought() &gt; 3</conditions>
<event>CharacterRankUp</event>
<trigger>wh_main_trig_character_rank_up_has_tech_valayas_protection</trigger>
</ancillary_triggers>
<ancillary_triggers record_uuid="{73849ec0-ed1e-4a4b-b18c-660c1ec63525}" record_timestamp="1488578445689" record_key="wh_main_trig_character_rank_up_high">
<conditions>(not context:character():character_subtype(&quot;dlc07_brt_green_knight&quot;)) and context:character():rank() &gt; 21</conditions>
<event>CharacterRankUp</event>
<trigger>wh_main_trig_character_rank_up_high</trigger>
</ancillary_triggers>
<ancillary_triggers record_uuid="{7d304e8f-5bfc-450b-8465-ee7366f7909e}" record_timestamp="1488578445690" record_key="wh_main_trig_character_rank_up_high_trade">
<conditions>(not context:character():character_subtype(&quot;dlc07_brt_green_knight&quot;)) and context:character():faction():trade_value_percent() &gt; 40 and context:character():model():turn_number() &gt; 5 and context:character():model():turn_number() % 5 == 0</conditions>
<event>CharacterRankUp</event>
<trigger>wh_main_trig_character_rank_up_high_trade</trigger>
</ancillary_triggers>
<ancillary_triggers record_uuid="{c67d47d7-6cf1-4201-8fae-0a94064f5ddd}" record_timestamp="1488578445700" record_key="wh_main_trig_character_rank_up_high_trade_can_equip_smuggler">
<conditions>(not context:character():character_subtype(&quot;dlc07_brt_green_knight&quot;)) and context:character():faction():trade_value_percent() &gt; 40 and context:character():model():turn_number() &gt; 5 and context:character():model():turn_number() % 5 == 0 and context:character():can_equip_ancillary(&quot;wh_main_anc_follower_all_men_smuggler&quot;)</conditions>
<event>CharacterRankUp</event>
<trigger>wh_main_trig_character_rank_up_high_trade_can_equip_smuggler</trigger>
</ancillary_triggers>
<ancillary_triggers record_uuid="{e809c664-4d34-4769-8d45-b54fe8c89471}" record_timestamp="1488578445702" record_key="wh_main_trig_character_rank_up_idle_won_battles">
<conditions>(not context:character():character_subtype(&quot;dlc07_brt_green_knight&quot;)) and context:character():turns_in_own_regions() &gt; 3 and context:character():battles_won() &gt; 2</conditions>
<event>CharacterRankUp</event>
<trigger>wh_main_trig_character_rank_up_idle_won_battles</trigger>
</ancillary_triggers>
<ancillary_triggers record_uuid="{2a22b034-0969-4964-9312-cf050809873e}" record_timestamp="1488578445706" record_key="wh_main_trig_character_rank_up_in_enemy_territory">
<conditions>(not context:character():character_subtype(&quot;dlc07_brt_green_knight&quot;)) and context:character():turns_in_enemy_regions() &gt; 3</conditions>
<event>CharacterRankUp</event>
<trigger>wh_main_trig_character_rank_up_in_enemy_territory</trigger>
</ancillary_triggers>
<ancillary_triggers record_uuid="{71e80339-7739-419e-bb99-9e9a092ca847}" record_timestamp="1488578445708" record_key="wh_main_trig_character_rank_up_in_kislev">
<conditions>(not context:character():character_subtype(&quot;dlc07_brt_green_knight&quot;)) and context:character():has_region() and (context:character():region():name() == &quot;wh_main_troll_country_zoishenk&quot; or context:character():region():name() == &quot;wh_main_troll_country_erengrad&quot; or context:character():region():name() == &quot;wh_main_northern_oblast_fort_straghov&quot; or context:character():region():name() == &quot;wh_main_northern_oblast_fort_ostrosk&quot; or context:character():region():name() == &quot;wh_main_eastern_oblast_praag&quot; or context:character():region():name() == &quot;wh_main_eastern_oblast_volksgrad&quot; or context:character():region():name() == &quot;wh_main_southern_oblast_zavastra&quot; or context:character():region():name() == &quot;wh_main_southern_oblast_kislev&quot; or context:character():region():name() == &quot;wh_main_southern_oblast_fort_jakova&quot;)</conditions>
<event>CharacterRankUp</event>
<trigger>wh_main_trig_character_rank_up_in_kislev</trigger>
</ancillary_triggers>
<ancillary_triggers record_uuid="{c23896fa-6f9e-4da2-b93b-02caa74bed9f}" record_timestamp="1488578445723" record_key="wh_main_trig_character_rank_up_in_marienburg">
<conditions>(not context:character():character_subtype(&quot;dlc07_brt_green_knight&quot;)) and context:character():has_region() and context:character():region():name() == &quot;wh_main_the_wasteland_marienburg&quot;</conditions>
<event>CharacterRankUp</event>
<trigger>wh_main_trig_character_rank_up_in_marienburg</trigger>
</ancillary_triggers>
<ancillary_triggers record_uuid="{6e5c1a5c-c5d5-434d-aa63-bc02ffdfa168}" record_timestamp="1488578445725" record_key="wh_main_trig_character_rank_up_in_marienburg_5_mul">
<conditions>(not context:character():character_subtype(&quot;dlc07_brt_green_knight&quot;)) and context:character():has_region() and context:character():region():name() == &quot;wh_main_the_wasteland_marienburg&quot; and context:character():model():turn_number() % 5 == 0</conditions>
<event>CharacterRankUp</event>
<trigger>wh_main_trig_character_rank_up_in_marienburg_5_mul</trigger>
</ancillary_triggers>
<ancillary_triggers record_uuid="{4ca8c116-cefc-41ba-be02-e422869db66e}" record_timestamp="1488578445726" record_key="wh_main_trig_character_rank_up_in_vampire_count_territory">
<conditions>(not context:character():character_subtype(&quot;dlc07_brt_green_knight&quot;)) and context:character():has_region() and context:character():region():owning_faction():culture() == &quot;wh_main_vmp_vampire_counts&quot;</conditions>
<event>CharacterRankUp</event>
<trigger>wh_main_trig_character_rank_up_in_vampire_count_territory</trigger>
</ancillary_triggers>
<ancillary_triggers record_uuid="{aa369c5b-4bb4-414e-bfa3-d8b4cee6229c}" record_timestamp="1488578445727" record_key="wh_main_trig_character_rank_up_low">
<conditions>(not context:character():character_subtype(&quot;dlc07_brt_green_knight&quot;)) and context:character():rank() &lt; 11</conditions>
<event>CharacterRankUp</event>
<trigger>wh_main_trig_character_rank_up_low</trigger>
</ancillary_triggers>
<ancillary_triggers record_uuid="{16447e90-9224-455d-a33c-960561bb44da}" record_timestamp="1488578445729" record_key="wh_main_trig_character_rank_up_low_public_order">
<conditions>(not context:character():character_subtype(&quot;dlc07_brt_green_knight&quot;)) and context:character():has_region() and context:character():turns_in_own_regions() &gt;= 1 and context:character():region():public_order() &lt; -20</conditions>
<event>CharacterRankUp</event>
<trigger>wh_main_trig_character_rank_up_low_public_order</trigger>
</ancillary_triggers>
<ancillary_triggers record_uuid="{6b862de1-a654-4a3e-9917-47a55efb59ed}" record_timestamp="1488578445739" record_key="wh_main_trig_character_rank_up_marble">
<conditions>(not context:character():character_subtype(&quot;dlc07_brt_green_knight&quot;)) and context:character():faction():trade_resource_exists(&quot;res_rom_marble&quot;)</conditions>
<event>CharacterRankUp</event>
<trigger>wh_main_trig_character_rank_up_marble</trigger>
</ancillary_triggers>
<ancillary_triggers record_uuid="{b4d22872-4765-4aa9-854c-b829f49eee82}" record_timestamp="1488578445782" record_key="wh_main_trig_character_rank_up_medium">
<conditions>(not context:character():character_subtype(&quot;dlc07_brt_green_knight&quot;)) and context:character():rank() &gt; 11 and context:character():rank() &lt; 21</conditions>
<event>CharacterRankUp</event>
<trigger>wh_main_trig_character_rank_up_medium</trigger>
</ancillary_triggers>
<ancillary_triggers record_uuid="{4837390f-9e01-42b0-bddb-7113174f9f29}" record_timestamp="1488578445784" record_key="wh_main_trig_character_rank_up_medium_low_public_order">
<conditions>(not context:character():character_subtype(&quot;dlc07_brt_green_knight&quot;)) and context:character():has_region() and context:character():turns_in_own_regions() &gt; 1 and context:character():region():public_order() &lt; -25 and context:character():rank() &gt; 11 and context:character():rank() &lt; 21</conditions>
<event>CharacterRankUp</event>
<trigger>wh_main_trig_character_rank_up_medium_low_public_order</trigger>
</ancillary_triggers>
<ancillary_triggers record_uuid="{caeb6f5b-60be-4649-9886-f8e66247babf}" record_timestamp="1488578446100" record_key="wh_main_trig_character_rank_up_night_goblin_shaman">
<conditions>(not context:character():character_subtype(&quot;dlc07_brt_green_knight&quot;)) and context:character():character_subtype(&quot;grn_night_goblin_shaman&quot;)</conditions>
<event>CharacterRankUp</event>
<trigger>wh_main_trig_character_rank_up_night_goblin_shaman</trigger>
</ancillary_triggers>
<ancillary_triggers record_uuid="{3e011e48-5d1c-4a14-9895-a7a96ba19df1}" record_timestamp="1488578446101" record_key="wh_main_trig_character_rank_up_not_researching">
<conditions>(not context:character():character_subtype(&quot;dlc07_brt_green_knight&quot;)) and context:character():faction():research_queue_idle()</conditions>
<event>CharacterRankUp</event>
<trigger>wh_main_trig_character_rank_up_not_researching</trigger>
</ancillary_triggers>
<ancillary_triggers record_uuid="{18fcbbca-86c8-4367-a69e-e06f47b87d15}" record_timestamp="1488578446124" record_key="wh_main_trig_character_rank_up_raiding">
<conditions>(not context:character():character_subtype(&quot;dlc07_brt_green_knight&quot;)) and context:character():has_military_force() and (context:character():military_force():active_stance() == &quot;MILITARY_FORCE_ACTIVE_STANCE_TYPE_SET_CAMP_RAIDING&quot; or context:character():military_force():active_stance() == &quot;MILITARY_FORCE_ACTIVE_STANCE_TYPE_LAND_RAID&quot;)</conditions>
<event>CharacterRankUp</event>
<trigger>wh_main_trig_character_rank_up_raiding</trigger>
</ancillary_triggers>
<ancillary_triggers record_uuid="{f987a0a5-8f5c-4f3f-b2de-325b9841a4d6}" record_timestamp="1488578446125" record_key="wh_main_trig_character_rank_up_region_has_dwf_gems">
<conditions>(not context:character():character_subtype(&quot;dlc07_brt_green_knight&quot;)) and context:character():has_region() and (context:character():region():building_exists(&quot;wh_main_dwf_resource_gems_1&quot;) or context:character():region():building_exists(&quot;wh_main_dwf_resource_gems_2&quot;) or context:character():region():building_exists(&quot;wh_main_dwf_resource_gems_3&quot;) or context:character():region():building_exists(&quot;wh_main_dwf_resource_gems_4&quot;))</conditions>
<event>CharacterRankUp</event>
<trigger>wh_main_trig_character_rank_up_region_has_dwf_gems</trigger>
</ancillary_triggers>
<ancillary_triggers record_uuid="{18d01a92-d0bf-4233-aaf2-78a73371a0f1}" record_timestamp="1488578446126" record_key="wh_main_trig_character_rank_up_region_has_dwf_gold">
<conditions>(not context:character():character_subtype(&quot;dlc07_brt_green_knight&quot;)) and context:character():has_region() and (context:character():region():building_exists(&quot;wh_main_dwf_resource_gold_1&quot;) or context:character():region():building_exists(&quot;wh_main_dwf_resource_gold_2&quot;) or context:character():region():building_exists(&quot;wh_main_dwf_resource_gold_3&quot;) or context:character():region():building_exists(&quot;wh_main_dwf_resource_gold_4&quot;))</conditions>
<event>CharacterRankUp</event>
<trigger>wh_main_trig_character_rank_up_region_has_dwf_gold</trigger>
</ancillary_triggers>
<ancillary_triggers record_uuid="{6bf83f2d-9d35-4d1e-b00d-c3956e7eac0f}" record_timestamp="1488578446127" record_key="wh_main_trig_character_rank_up_region_has_dwf_iron">
<conditions>(not context:character():character_subtype(&quot;dlc07_brt_green_knight&quot;)) and context:character():has_region() and (context:character():region():building_exists(&quot;wh_main_dwf_resource_iron_1&quot;) or context:character():region():building_exists(&quot;wh_main_dwf_resource_iron_2&quot;) or context:character():region():building_exists(&quot;wh_main_dwf_resource_iron_3&quot;) or context:character():region():building_exists(&quot;wh_main_dwf_resource_iron_4&quot;))</conditions>
<event>CharacterRankUp</event>
<trigger>wh_main_trig_character_rank_up_region_has_dwf_iron</trigger>
</ancillary_triggers>
<ancillary_triggers record_uuid="{ee8e8750-b6e5-4698-9d55-6af68775eb54}" record_timestamp="1488578446128" record_key="wh_main_trig_character_rank_up_region_has_timber">
<conditions>(not context:character():character_subtype(&quot;dlc07_brt_green_knight&quot;)) and context:character():has_region() and (context:character():region():building_exists(&quot;wh_main_emp_resource_timber_1&quot;) or context:character():region():building_exists(&quot;wh_main_emp_resource_timber_2&quot;) or context:character():region():building_exists(&quot;wh_main_emp_resource_timber_3&quot;))</conditions>
<event>CharacterRankUp</event>
<trigger>wh_main_trig_character_rank_up_region_has_timber</trigger>
</ancillary_triggers>
<ancillary_triggers record_uuid="{ddb70c10-1784-425c-b9af-e6a3f32f94b1}" record_timestamp="1488578446128" record_key="wh_main_trig_character_rank_up_region_high_corruption">
<conditions>(not context:character():character_subtype(&quot;dlc07_brt_green_knight&quot;)) and context:character():has_region() and context:character():region():religion_proportion(&quot;wh_main_religion_untainted&quot;) &lt; 0.7</conditions>
<event>CharacterRankUp</event>
<trigger>wh_main_trig_character_rank_up_region_high_corruption</trigger>
</ancillary_triggers>
<ancillary_triggers record_uuid="{5df85629-42f3-460e-a075-4673994ddcee}" record_timestamp="1488578446129" record_key="wh_main_trig_character_rank_up_runesmith_alone">
<conditions>(not context:character():character_subtype(&quot;dlc07_brt_green_knight&quot;)) and context:character():character_subtype(&quot;dwf_runesmith&quot;) and not context:character():is_embedded_in_military_force()</conditions>
<event>CharacterRankUp</event>
<trigger>wh_main_trig_character_rank_up_runesmith_alone</trigger>
</ancillary_triggers>
<ancillary_triggers record_uuid="{11b7cde4-c12a-474c-b7a1-a5ddd82a1989}" record_timestamp="1488578446130" record_key="wh_main_trig_character_rank_up_started_war">
<conditions>(not context:character():character_subtype(&quot;dlc07_brt_green_knight&quot;)) and context:character():faction():started_war_this_turn() and context:character():offensive_battles_won() &gt; 3</conditions>
<event>CharacterRankUp</event>
<trigger>wh_main_trig_character_rank_up_started_war</trigger>
</ancillary_triggers>
<ancillary_triggers record_uuid="{f47318fe-7c54-4c81-9016-5d185c5b4cad}" record_timestamp="1488578446131" record_key="wh_main_trig_character_rank_up_tunnelling">
<conditions>(not context:character():character_subtype(&quot;dlc07_brt_green_knight&quot;)) and context:character():has_military_force() and context:character():military_force():active_stance() == &quot;MILITARY_FORCE_ACTIVE_STANCE_TYPE_TUNNELING&quot;</conditions>
<event>CharacterRankUp</event>
<trigger>wh_main_trig_character_rank_up_tunnelling</trigger>
</ancillary_triggers>
<ancillary_triggers record_uuid="{626ee0b1-5349-418b-bcc1-2ad53b2b9aaa}" record_timestamp="1488578446131" record_key="wh_main_trig_character_rank_up_with_mercs">
<conditions>(not context:character():character_subtype(&quot;dlc07_brt_green_knight&quot;)) and context:character():has_military_force() and context:character():military_force():contains_mercenaries()</conditions>
<event>CharacterRankUp</event>
<trigger>wh_main_trig_character_rank_up_with_mercs</trigger>
</ancillary_triggers>
<ancillary_triggers record_uuid="{e2c2c993-46c1-44dc-b2fd-ce97540555e3}" record_timestamp="1488578446132" record_key="wh_main_trig_character_rank_up_wizard_alone">
<conditions>(not context:character():character_subtype(&quot;dlc07_brt_green_knight&quot;)) and context:character():character_type(&quot;wizard&quot;) and not context:character():is_embedded_in_military_force()</conditions>
<event>CharacterRankUp</event>
<trigger>wh_main_trig_character_rank_up_wizard_alone</trigger>
</ancillary_triggers>
<ancillary_triggers record_uuid="{7516cf87-4adc-4cb0-b868-44ebfefb210c}" record_timestamp="1488578446157" record_key="wh_main_trig_character_rank_up_won_offensive_battles">
<conditions>(not context:character():character_subtype(&quot;dlc07_brt_green_knight&quot;)) and context:character():offensive_battles_won() &gt; 5</conditions>
<event>CharacterRankUp</event>
<trigger>wh_main_trig_character_rank_up_won_offensive_battles</trigger>
</ancillary_triggers>
<ancillary_triggers record_uuid="{6e778d24-2dac-4d3f-8611-b3a6e36ec41b}" record_timestamp="1488578446196" record_key="wh_main_trig_character_sacked_settlement">
<conditions>(not context:character():character_subtype(&quot;dlc07_brt_green_knight&quot;))</conditions>
<event>CharacterSackedSettlement</event>
<trigger>wh_main_trig_character_sacked_settlement</trigger>
</ancillary_triggers>
<ancillary_triggers record_uuid="{67b9226d-67fa-468e-8f69-9561f456fea8}" record_timestamp="1488578446196" record_key="wh_main_trig_character_sacked_settlement_losing_money">
<conditions>(not context:character():character_subtype(&quot;dlc07_brt_green_knight&quot;)) and context:character():faction():losing_money()</conditions>
<event>CharacterSackedSettlement</event>
<trigger>wh_main_trig_character_sacked_settlement_losing_money</trigger>
</ancillary_triggers>
<ancillary_triggers record_uuid="{8dfe68d6-dfd5-4dad-9d99-ebe10533ad04}" record_timestamp="1488578446197" record_key="wh_main_trig_character_sacked_settlement_started_war">
<conditions>(not context:character():character_subtype(&quot;dlc07_brt_green_knight&quot;)) and context:character():faction():started_war_this_turn()</conditions>
<event>CharacterSackedSettlement</event>
<trigger>wh_main_trig_character_sacked_settlement_started_war</trigger>
</ancillary_triggers>
<ancillary_triggers record_uuid="{94c8f070-e63a-4d2f-8823-22e177192ae6}" record_timestamp="1488578446214" record_key="wh_main_trig_character_turn_end_poo">
<conditions>(not context:character():character_subtype(&quot;dlc07_brt_green_knight&quot;)) and context:character():has_region() and has_poo(context:character():region())</conditions>
<event>CharacterTurnEnd</event>
<trigger>wh_main_trig_character_turn_end_poo</trigger>
</ancillary_triggers>
<ancillary_triggers record_uuid="{f47789ca-445d-4135-a121-8bbb0284f63b}" record_timestamp="1488578440917" record_key="wh_main_trig_character_won_battle">
<conditions>(not context:character():character_subtype(&quot;dlc07_brt_green_knight&quot;)) and context:character():won_battle()</conditions>
<event>CharacterCompletedBattle</event>
<trigger>wh_main_trig_character_won_battle</trigger>
</ancillary_triggers>
<ancillary_triggers record_uuid="{6d9b5ce3-1b0b-4f92-8bbe-08c34e13b844}" record_timestamp="1488578440941" record_key="wh_main_trig_character_won_battle_5_mul">
<conditions>(not context:character():character_subtype(&quot;dlc07_brt_green_knight&quot;)) and context:character():won_battle() and context:character():model():turn_number() % 5 == 0</conditions>
<event>CharacterCompletedBattle</event>
<trigger>wh_main_trig_character_won_battle_5_mul</trigger>
</ancillary_triggers>
<ancillary_triggers record_uuid="{6012bba3-3d2e-4b6e-aa85-085d5142dae3}" record_timestamp="1488578440927" record_key="wh_main_trig_character_won_battle_against_trolls">
<conditions>(not context:character():character_subtype(&quot;dlc07_brt_green_knight&quot;)) and context:character():won_battle() and battle_featured_unit(context:pending_battle(), &quot;wh_main_grn_mon_trolls&quot;)</conditions>
<event>CharacterCompletedBattle</event>
<trigger>wh_main_trig_character_won_battle_against_trolls</trigger>
</ancillary_triggers>
<ancillary_triggers record_uuid="{9330a684-19af-47c0-a4f0-cb328ab4eefb}" record_timestamp="1488578440933" record_key="wh_main_trig_character_won_battle_losing_money">
<conditions>(not context:character():character_subtype(&quot;dlc07_brt_green_knight&quot;)) and context:character():won_battle() and context:character():faction():losing_money()</conditions>
<event>CharacterCompletedBattle</event>
<trigger>wh_main_trig_character_won_battle_losing_money</trigger>
</ancillary_triggers>
<ancillary_triggers record_uuid="{809b3e46-923c-4f05-ac46-cbfe0bee3f17}" record_timestamp="1488578440953" record_key="wh_main_trig_character_won_battle_no_messenger">
<conditions>(not context:character():character_subtype(&quot;dlc07_brt_green_knight&quot;)) and context:character():won_battle() and not context:character():has_ancillary(&quot;wh_main_anc_follower_empire_messenger&quot;)</conditions>
<event>CharacterCompletedBattle</event>
<trigger>wh_main_trig_character_won_battle_no_messenger</trigger>
</ancillary_triggers>
<ancillary_triggers record_uuid="{7227859e-7552-453f-b2ec-05e23d897160}" record_timestamp="1488578440939" record_key="wh_main_trig_character_won_battle_poor">
<conditions>(not context:character():character_subtype(&quot;dlc07_brt_green_knight&quot;)) and context:character():won_battle() and context:character():faction():treasury() &lt; 3000</conditions>
<event>CharacterCompletedBattle</event>
<trigger>wh_main_trig_character_won_battle_poor</trigger>
</ancillary_triggers>
<ancillary_triggers record_uuid="{46742d33-c9bc-48fe-bde8-997a521d7ea8}" record_timestamp="1488578440943" record_key="wh_main_trig_character_won_siege_battle">
<conditions>(not context:character():character_subtype(&quot;dlc07_brt_green_knight&quot;)) and context:character():won_battle() and context:pending_battle():seige_battle()</conditions>
<event>CharacterCompletedBattle</event>
<trigger>wh_main_trig_character_won_siege_battle</trigger>
</ancillary_triggers>
<ancillary_triggers record_uuid="{02f24a6b-6ac7-42c0-ae6a-ac3374edbe1c}" record_timestamp="1488578440909" record_key="wh_main_trig_general_lost_battle_against_greenskins">
<conditions>(not context:character():character_subtype(&quot;dlc07_brt_green_knight&quot;)) and char_is_general(context:character()) and not context:character():won_battle() and (context:pending_battle():attacker() == context:character() and context:pending_battle():defender():faction():culture() == &quot;wh_main_grn_greenskins&quot;) or (context:pending_battle():defender() == context:character() and context:pending_battle():attacker():faction():culture() == &quot;wh_main_grn_greenskins&quot;)</conditions>
<event>CharacterCompletedBattle</event>
<trigger>wh_main_trig_general_lost_battle_against_greenskins</trigger>
</ancillary_triggers>
<ancillary_triggers record_uuid="{82746753-61e3-4ee2-af4f-b3db2ef595ae}" record_timestamp="1488578440915" record_key="wh_main_trig_general_lost_battle_against_vampire_counts">
<conditions>(not context:character():character_subtype(&quot;dlc07_brt_green_knight&quot;)) and char_is_general(context:character()) and not context:character():won_battle() and (context:pending_battle():attacker() == context:character() and context:pending_battle():defender():faction():culture() == &quot;wh_main_vmp_vampire_counts&quot;) or (context:pending_battle():defender() == context:character() and context:pending_battle():attacker():faction():culture() == &quot;wh_main_vmp_vampire_counts&quot;)</conditions>
<event>CharacterCompletedBattle</event>
<trigger>wh_main_trig_general_lost_battle_against_vampire_counts</trigger>
</ancillary_triggers>
<ancillary_triggers record_uuid="{44392f32-26ea-42a4-a42d-e0d00343a800}" record_timestamp="1488578440908" record_key="wh_main_trig_general_won_battle_against_men">
<conditions>(not context:character():character_subtype(&quot;dlc07_brt_green_knight&quot;)) and char_is_general(context:character()) and context:character():won_battle() and (context:pending_battle():attacker() == context:character() and (context:pending_battle():defender():faction():culture() == &quot;wh_main_emp_empire&quot; or context:pending_battle():defender():faction():culture() == &quot;wh_main_brt_bretonnia&quot;)) or (context:pending_battle():defender() == context:character() and (context:pending_battle():attacker():faction():culture() == &quot;wh_main_emp_empire&quot; or context:pending_battle():attacker():faction():culture() == &quot;wh_main_brt_bretonnia&quot;))</conditions>
<event>CharacterCompletedBattle</event>
<trigger>wh_main_trig_general_won_battle_against_men</trigger>
</ancillary_triggers>
<ancillary_triggers record_uuid="{9f59e9a7-7104-46ed-82b5-b8c8b06b486d}" record_timestamp="1488578440962" record_key="wh_main_trig_general_won_battle_against_men_not_militiaman">
<conditions>(not context:character():character_subtype(&quot;dlc07_brt_green_knight&quot;)) and not context:character():has_ancillary(&quot;wh_main_anc_follower_all_men_militiaman&quot;) and char_is_general(context:character()) and context:character():won_battle() and (context:pending_battle():attacker() == context:character() and (context:pending_battle():defender():faction():culture() == &quot;wh_main_emp_empire&quot; or context:pending_battle():defender():faction():culture() == &quot;wh_main_brt_bretonnia&quot;)) or (context:pending_battle():defender() == context:character() and (context:pending_battle():attacker():faction():culture() == &quot;wh_main_emp_empire&quot; or context:pending_battle():attacker():faction():culture() == &quot;wh_main_brt_bretonnia&quot;))</conditions>
<event>CharacterCompletedBattle</event>
<trigger>wh_main_trig_general_won_battle_against_men_not_militiaman</trigger>
</ancillary_triggers>
<ancillary_triggers record_uuid="{4814b4be-c25a-45a1-95e4-fa4b311479ae}" record_timestamp="1488578446216" record_key="wh_main_trig_hero_won_battle_losing_money">
<conditions>(not context:character():character_subtype(&quot;dlc07_brt_green_knight&quot;)) and context:character():won_battle() and context:character():faction():losing_money()</conditions>
<event>HeroCharacterParticipatedInBattle</event>
<trigger>wh_main_trig_hero_won_battle_losing_money</trigger>
</ancillary_triggers>
<ancillary_triggers record_uuid="{ef52791f-ee83-4f06-ab45-e38de1146109}" record_timestamp="1488578446231" record_key="wh_main_trig_hero_won_battle_wizard">
<conditions>(not context:character():character_subtype(&quot;dlc07_brt_green_knight&quot;)) and context:character():won_battle() and context:character():character_type(&quot;wizard&quot;)</conditions>
<event>HeroCharacterParticipatedInBattle</event>
<trigger>wh_main_trig_hero_won_battle_wizard</trigger>
</ancillary_triggers>
</dataroot>
