<?xml version="1.0" encoding="UTF-8"?>
<dataroot xmlns:od="urn:schemas-microsoft-com:officedata" xmlns:xsi="http://www.w3.org/2001/XMLSchema-instance" xsi:noNamespaceSchemaLocation="ancillaries_categories_faction_junctions.xsd" export_time="Wed Aug 9 13:11:33 2017" revision="65" export_branch="T:/" export_user="bob">
<edit_uuid>1081cf62-aabe-48a0-9670-f4cc2e0f73f9</edit_uuid>
<ancillaries_categories_faction_junctions record_uuid="{9624b31c-094c-41bd-aadd-a5388111d855}" record_timestamp="1491584305255" record_key="arcane_item">
<allowed_per_character>1</allowed_per_character>
<ancillary_category>arcane_item</ancillary_category>
<faction></faction>
</ancillaries_categories_faction_junctions>
<ancillaries_categories_faction_junctions record_uuid="{2fb5a68b-b36f-422a-b299-52e574da387e}" record_timestamp="1502280693363" record_key="arcane_itemwh2_main_dwf_greybeards_prospectors">
<allowed_per_character>0</allowed_per_character>
<ancillary_category>arcane_item</ancillary_category>
<faction>wh2_main_dwf_greybeards_prospectors</faction>
</ancillaries_categories_faction_junctions>
<ancillaries_categories_faction_junctions record_uuid="{5b780da7-e337-4eb8-9282-c163d0c68f3b}" record_timestamp="1502280693203" record_key="arcane_itemwh2_main_dwf_karak_zorn">
<allowed_per_character>0</allowed_per_character>
<ancillary_category>arcane_item</ancillary_category>
<faction>wh2_main_dwf_karak_zorn</faction>
</ancillaries_categories_faction_junctions>
<ancillaries_categories_faction_junctions record_uuid="{8c2f8043-dd45-435e-8712-432de04ea14a}" record_timestamp="1502280693171" record_key="arcane_itemwh2_main_dwf_spine_of_sotek_dwarfs">
<allowed_per_character>0</allowed_per_character>
<ancillary_category>arcane_item</ancillary_category>
<faction>wh2_main_dwf_spine_of_sotek_dwarfs</faction>
</ancillaries_categories_faction_junctions>
<ancillaries_categories_faction_junctions record_uuid="{8ea0fa64-6b18-4061-8757-4b36a5172373}" record_timestamp="1502280693139" record_key="arcane_itemwh_dlc05_dwf_mini_karak_ziflin">
<allowed_per_character>0</allowed_per_character>
<ancillary_category>arcane_item</ancillary_category>
<faction>wh_dlc05_dwf_mini_karak_ziflin</faction>
</ancillaries_categories_faction_junctions>
<ancillaries_categories_faction_junctions record_uuid="{7410a598-3ca5-4be1-b098-f315d74ebdb8}" record_timestamp="1502280692981" record_key="arcane_itemwh_main_dwf_barak_varr">
<allowed_per_character>0</allowed_per_character>
<ancillary_category>arcane_item</ancillary_category>
<faction>wh_main_dwf_barak_varr</faction>
</ancillaries_categories_faction_junctions>
<ancillaries_categories_faction_junctions record_uuid="{f916c9aa-9437-425a-a316-bb1a033d00a1}" record_timestamp="1502280693559" record_key="arcane_itemwh_main_dwf_dwarf_rebels">
<allowed_per_character>0</allowed_per_character>
<ancillary_category>arcane_item</ancillary_category>
<faction>wh_main_dwf_dwarf_rebels</faction>
</ancillaries_categories_faction_junctions>
<ancillaries_categories_faction_junctions record_uuid="{a0996f9b-0c9b-4cbd-9dfa-361c645f9cbd}" record_timestamp="1502280693526" record_key="arcane_itemwh_main_dwf_dwarfs">
<allowed_per_character>0</allowed_per_character>
<ancillary_category>arcane_item</ancillary_category>
<faction>wh_main_dwf_dwarfs</faction>
</ancillaries_categories_faction_junctions>
<ancillaries_categories_faction_junctions record_uuid="{0debe9b0-bb24-4650-819b-a3688873de66}" record_timestamp="1502280693494" record_key="arcane_itemwh_main_dwf_dwarfs_qb1">
<allowed_per_character>0</allowed_per_character>
<ancillary_category>arcane_item</ancillary_category>
<faction>wh_main_dwf_dwarfs_qb1</faction>
</ancillaries_categories_faction_junctions>
<ancillaries_categories_faction_junctions record_uuid="{729bb8c1-92c5-40ba-a709-1e2e7a835408}" record_timestamp="1502280693108" record_key="arcane_itemwh_main_dwf_dwarfs_qb2">
<allowed_per_character>0</allowed_per_character>
<ancillary_category>arcane_item</ancillary_category>
<faction>wh_main_dwf_dwarfs_qb2</faction>
</ancillaries_categories_faction_junctions>
<ancillaries_categories_faction_junctions record_uuid="{2dc59b3a-5aa7-48ac-9792-a494607f2e5b}" record_timestamp="1502280693076" record_key="arcane_itemwh_main_dwf_dwarfs_qb3">
<allowed_per_character>0</allowed_per_character>
<ancillary_category>arcane_item</ancillary_category>
<faction>wh_main_dwf_dwarfs_qb3</faction>
</ancillaries_categories_faction_junctions>
<ancillaries_categories_faction_junctions record_uuid="{66c9a42e-2b65-4f0a-999c-36faa744bfbd}" record_timestamp="1502280693045" record_key="arcane_itemwh_main_dwf_dwarfs_qb4">
<allowed_per_character>0</allowed_per_character>
<ancillary_category>arcane_item</ancillary_category>
<faction>wh_main_dwf_dwarfs_qb4</faction>
</ancillaries_categories_faction_junctions>
<ancillaries_categories_faction_junctions record_uuid="{0eae3f21-ae0d-4d0d-984a-7bc8bc568b97}" record_timestamp="1502280693013" record_key="arcane_itemwh_main_dwf_karak_azul">
<allowed_per_character>0</allowed_per_character>
<ancillary_category>arcane_item</ancillary_category>
<faction>wh_main_dwf_karak_azul</faction>
</ancillaries_categories_faction_junctions>
<ancillaries_categories_faction_junctions record_uuid="{7df80d8f-6b61-4cbf-952c-1351a6a2ba1b}" record_timestamp="1502280693331" record_key="arcane_itemwh_main_dwf_karak_hirn">
<allowed_per_character>0</allowed_per_character>
<ancillary_category>arcane_item</ancillary_category>
<faction>wh_main_dwf_karak_hirn</faction>
</ancillaries_categories_faction_junctions>
<ancillaries_categories_faction_junctions record_uuid="{5548da4b-c9bd-4e98-bc23-f4e7d17c3dc2}" record_timestamp="1502280693299" record_key="arcane_itemwh_main_dwf_karak_izor">
<allowed_per_character>0</allowed_per_character>
<ancillary_category>arcane_item</ancillary_category>
<faction>wh_main_dwf_karak_izor</faction>
</ancillaries_categories_faction_junctions>
<ancillaries_categories_faction_junctions record_uuid="{cba88cd3-d646-4b6d-bd71-8df626caeb5b}" record_timestamp="1502280693267" record_key="arcane_itemwh_main_dwf_karak_kadrin">
<allowed_per_character>0</allowed_per_character>
<ancillary_category>arcane_item</ancillary_category>
<faction>wh_main_dwf_karak_kadrin</faction>
</ancillaries_categories_faction_junctions>
<ancillaries_categories_faction_junctions record_uuid="{0c7ea047-749d-4866-b502-efacc9946549}" record_timestamp="1502280693235" record_key="arcane_itemwh_main_dwf_karak_norn">
<allowed_per_character>0</allowed_per_character>
<ancillary_category>arcane_item</ancillary_category>
<faction>wh_main_dwf_karak_norn</faction>
</ancillaries_categories_faction_junctions>
<ancillaries_categories_faction_junctions record_uuid="{c35540bf-e5c2-423f-ba1d-3ef6b900cadc}" record_timestamp="1502280693461" record_key="arcane_itemwh_main_dwf_karak_ziflin">
<allowed_per_character>0</allowed_per_character>
<ancillary_category>arcane_item</ancillary_category>
<faction>wh_main_dwf_karak_ziflin</faction>
</ancillaries_categories_faction_junctions>
<ancillaries_categories_faction_junctions record_uuid="{01146144-ddfb-4de3-a95e-e5b27b62828e}" record_timestamp="1502280693429" record_key="arcane_itemwh_main_dwf_kraka_drak">
<allowed_per_character>0</allowed_per_character>
<ancillary_category>arcane_item</ancillary_category>
<faction>wh_main_dwf_kraka_drak</faction>
</ancillaries_categories_faction_junctions>
<ancillaries_categories_faction_junctions record_uuid="{6913f16d-bebc-4146-a1e2-66abc841b0cd}" record_timestamp="1502280693396" record_key="arcane_itemwh_main_dwf_zhufbar">
<allowed_per_character>0</allowed_per_character>
<ancillary_category>arcane_item</ancillary_category>
<faction>wh_main_dwf_zhufbar</faction>
</ancillaries_categories_faction_junctions>
<ancillaries_categories_faction_junctions record_uuid="{1f8a78e0-c68e-46b9-bde5-f8e9206b479c}" record_timestamp="1491584305501" record_key="armour">
<allowed_per_character>1</allowed_per_character>
<ancillary_category>armour</ancillary_category>
<faction></faction>
</ancillaries_categories_faction_junctions>
<ancillaries_categories_faction_junctions record_uuid="{3dfad852-eb98-454a-8079-84e2e1df6f0c}" record_timestamp="1491584305747" record_key="enchanted_item">
<allowed_per_character>1</allowed_per_character>
<ancillary_category>enchanted_item</ancillary_category>
<faction></faction>
</ancillaries_categories_faction_junctions>
<ancillaries_categories_faction_junctions record_uuid="{51cf15ae-cacd-4b74-9f59-4991415dd581}" record_timestamp="1491815728559" record_key="general">
<allowed_per_character>6</allowed_per_character>
<ancillary_category>general</ancillary_category>
<faction></faction>
</ancillaries_categories_faction_junctions>
<ancillaries_categories_faction_junctions record_uuid="{087f969c-9081-4b7d-aebc-4c0a9861df9e}" record_timestamp="1491584306237" record_key="mount">
<allowed_per_character>1</allowed_per_character>
<ancillary_category>mount</ancillary_category>
<faction></faction>
</ancillaries_categories_faction_junctions>
<ancillaries_categories_faction_junctions record_uuid="{8f249506-291c-4084-89e6-fbc69327224b}" record_timestamp="1491584306484" record_key="talisman">
<allowed_per_character>1</allowed_per_character>
<ancillary_category>talisman</ancillary_category>
<faction></faction>
</ancillaries_categories_faction_junctions>
<ancillaries_categories_faction_junctions record_uuid="{2368cb83-bfea-4e93-a7d5-8823658688d6}" record_timestamp="1491584306732" record_key="weapon">
<allowed_per_character>1</allowed_per_character>
<ancillary_category>weapon</ancillary_category>
<faction></faction>
</ancillaries_categories_faction_junctions>
</dataroot>
