<?xml version="1.0" encoding="UTF-8"?>
<dataroot xmlns:od="urn:schemas-microsoft-com:officedata" xmlns:xsi="http://www.w3.org/2001/XMLSchema-instance" xsi:noNamespaceSchemaLocation="ancillary_types.xsd" export_time="Fri Dec 8 14:21:27 2017" revision="90" export_branch="T:/branches/warhammer2/new_tomb/warhammer/binaries.x64" export_user="bob">
<edit_uuid>1beeecde-0e8d-4c38-b27b-14ad9b980144</edit_uuid>
<ancillary_types record_uuid="{ccd393be-6f5c-4a78-ba47-fa9eaf30d5ab}" record_timestamp="1508916065675" record_key="wh2_dlc09_anc_magic_standard_banner_of_the_hidden_dead">
<type>wh2_dlc09_anc_magic_standard_banner_of_the_hidden_dead</type>
<ui_icon>ui/campaign ui/ancillaries/wh2_dlc09_anc_magic_standard_banner_of_the_hidden_dead.png</ui_icon>
</ancillary_types>
<ancillary_types record_uuid="{9cb206a3-129b-4567-a453-9f88958dc7b1}" record_timestamp="1508916065668" record_key="wh2_dlc09_anc_magic_standard_standard_of_the_undying_legion">
<type>wh2_dlc09_anc_magic_standard_standard_of_the_undying_legion</type>
<ui_icon>ui/campaign ui/ancillaries/wh2_dlc09_anc_magic_standard_standard_of_the_undying_legion.png</ui_icon>
</ancillary_types>
<ancillary_types record_uuid="{2c753126-d620-48a2-8433-3fde0b30431e}" record_timestamp="1512742886688" record_key="wh2_dlc09_anc_mount_casket_of_souls">
<type>wh2_dlc09_anc_mount_casket_of_souls</type>
<ui_icon>ui/campaign ui/mounts/mount_casket_of_souls.png</ui_icon>
</ancillary_types>
<ancillary_types record_uuid="{83325e2f-cd01-47ce-9508-d2a32e5fee19}" record_timestamp="1508248241255" record_key="wh2_dlc09_anc_mount_chariot_of_the_gods">
<type>wh2_dlc09_anc_mount_chariot_of_the_gods</type>
<ui_icon>ui/campaign ui/mounts/mount_chariot_of_the_gods.png</ui_icon>
</ancillary_types>
<ancillary_types record_uuid="{e3cb7407-bc76-4204-b455-934d9e7eeef7}" record_timestamp="1508248241275" record_key="wh2_dlc09_anc_mount_khemrian_warsphinx">
<type>wh2_dlc09_anc_mount_khemrian_warsphinx</type>
<ui_icon>ui/campaign ui/mounts/mount_warsphinx.png</ui_icon>
</ancillary_types>
<ancillary_types record_uuid="{e581a56a-2cc0-4e13-ba61-5f83ec5f4f18}" record_timestamp="1508248246998" record_key="wh2_dlc09_anc_mount_necroserpent">
<type>wh2_dlc09_anc_mount_necroserpent</type>
<ui_icon>ui/campaign ui/mounts/mount_necroserpent.png</ui_icon>
</ancillary_types>
<ancillary_types record_uuid="{9890e294-5c22-405a-8933-62b8b1ff6042}" record_timestamp="1508248241234" record_key="wh2_dlc09_anc_mount_skeleton_chariot">
<type>wh2_dlc09_anc_mount_skeleton_chariot</type>
<ui_icon>ui/campaign ui/mounts/mount_skeleton_chariot.png</ui_icon>
</ancillary_types>
<ancillary_types record_uuid="{1d1884b9-1179-44c6-b539-faaef5186a7a}" record_timestamp="1510065865389" record_key="wh2_dlc09_anc_mount_skeleton_steed_tmb">
<type>wh2_dlc09_anc_mount_skeleton_steed_tmb</type>
<ui_icon>ui/campaign ui/mounts/mount_skeletal_steed_tmb.png</ui_icon>
</ancillary_types>
<ancillary_types record_uuid="{ce8e0484-649a-4f1e-9cf9-33199e4b04cc}" record_timestamp="1508922491001" record_key="wh2_dlc09_anc_tmb_herald">
<type state="NOT_APPROVED" last_approved_text="" last_edit_user="bob">wh2_dlc09_anc_tmb_herald</type>
<ui_icon state="NOT_APPROVED" last_approved_text="" last_edit_user="bob">ui/campaign ui/ancillaries/wh2_dlc09_anc_tmb_herald.png</ui_icon>
</ancillary_types>
<ancillary_types record_uuid="{0a3e51e1-4c9a-4ae0-8bf7-40932f3e7cd9}" record_timestamp="1508928448744" record_key="wh2_dlc09_anc_tmb_liche_priest">
<type>wh2_dlc09_anc_tmb_liche_priest</type>
<ui_icon>ui/campaign ui/ancillaries/wh2_dlc09_anc_tmb_liche_priest.png</ui_icon>
</ancillary_types>
<ancillary_types record_uuid="{e3a6175f-762b-4040-8926-b20ec9ea0b31}" record_timestamp="1508928448674" record_key="wh2_dlc09_anc_tmb_necrotect">
<type>wh2_dlc09_anc_tmb_necrotect</type>
<ui_icon>ui/campaign ui/ancillaries/wh2_dlc09_anc_tmb_necrotect.png</ui_icon>
</ancillary_types>
<ancillary_types record_uuid="{da0ca5ae-c29b-4f51-9254-c3885cc07c4d}" record_timestamp="1508928448603" record_key="wh2_dlc09_anc_tmb_prince">
<type>wh2_dlc09_anc_tmb_prince</type>
<ui_icon>ui/campaign ui/ancillaries/wh2_dlc09_anc_tmb_prince.png</ui_icon>
</ancillary_types>
<ancillary_types record_uuid="{2a67391e-e95f-4a42-b78f-849a89e4ce77}" record_timestamp="1508928448639" record_key="wh2_dlc09_anc_tmb_skeleton">
<type>wh2_dlc09_anc_tmb_skeleton</type>
<ui_icon>ui/campaign ui/ancillaries/wh2_dlc09_anc_tmb_skeleton.png</ui_icon>
</ancillary_types>
<ancillary_types record_uuid="{793884f0-1469-44ff-bd2e-cad4cdcdb228}" record_timestamp="1508928448709" record_key="wh2_dlc09_anc_tmb_ushabti">
<type>wh2_dlc09_anc_tmb_ushabti</type>
<ui_icon>ui/campaign ui/ancillaries/wh2_dlc09_anc_tmb_ushabti.png</ui_icon>
</ancillary_types>
<ancillary_types record_uuid="{bf38ced8-5e24-48bd-80b5-480fe5fbf20d}" record_timestamp="1498230791618" record_key="wh2_main_anc_def_assassin">
<type>wh2_main_anc_def_assassin</type>
<ui_icon>ui/campaign ui/ancillaries/wh2_main_anc_def_assassin.png</ui_icon>
</ancillary_types>
<ancillary_types record_uuid="{b95aa728-6be5-43e4-aad6-60c48b5414f5}" record_timestamp="1498230791594" record_key="wh2_main_anc_def_degenerate">
<type>wh2_main_anc_def_degenerate</type>
<ui_icon>ui/campaign ui/ancillaries/wh2_main_anc_def_degenerate.png</ui_icon>
</ancillary_types>
<ancillary_types record_uuid="{6e44cdea-0ff8-47c6-b27e-b3bf0e480645}" record_timestamp="1498230791586" record_key="wh2_main_anc_def_slaver">
<type>wh2_main_anc_def_slaver</type>
<ui_icon>ui/campaign ui/ancillaries/wh2_main_anc_def_slaver.png</ui_icon>
</ancillary_types>
<ancillary_types record_uuid="{fe8054ef-6a5b-4736-aabf-f8ff653ab51c}" record_timestamp="1498230791603" record_key="wh2_main_anc_def_warrior">
<type>wh2_main_anc_def_warrior</type>
<ui_icon>ui/campaign ui/ancillaries/wh2_main_anc_def_warrior.png</ui_icon>
</ancillary_types>
<ancillary_types record_uuid="{f7562916-21f4-442f-9b25-8fef20b3b46f}" record_timestamp="1498230791599" record_key="wh2_main_anc_def_zealot">
<type>wh2_main_anc_def_zealot</type>
<ui_icon>ui/campaign ui/ancillaries/wh2_main_anc_def_zealot.png</ui_icon>
</ancillary_types>
<ancillary_types record_uuid="{16b6a0cd-67e3-41d4-a151-8995e84c0e21}" record_timestamp="1498230791648" record_key="wh2_main_anc_hef_agent">
<type>wh2_main_anc_hef_agent</type>
<ui_icon>ui/campaign ui/ancillaries/wh2_main_anc_hef_agent.png</ui_icon>
</ancillary_types>
<ancillary_types record_uuid="{d34c4ab9-18c4-4971-b577-53c25df49a60}" record_timestamp="1498230791669" record_key="wh2_main_anc_hef_courtier">
<type>wh2_main_anc_hef_courtier</type>
<ui_icon>ui/campaign ui/ancillaries/wh2_main_anc_hef_courtier.png</ui_icon>
</ancillary_types>
<ancillary_types record_uuid="{37e22491-c5c7-4815-83d4-f680cbd259b4}" record_timestamp="1498230791663" record_key="wh2_main_anc_hef_priest">
<type>wh2_main_anc_hef_priest</type>
<ui_icon>ui/campaign ui/ancillaries/wh2_main_anc_hef_priest.png</ui_icon>
</ancillary_types>
<ancillary_types record_uuid="{0fddc489-62c7-4e98-8235-bfb828079e64}" record_timestamp="1498230791637" record_key="wh2_main_anc_hef_priestess">
<type>wh2_main_anc_hef_priestess</type>
<ui_icon>ui/campaign ui/ancillaries/wh2_main_anc_hef_priestess.png</ui_icon>
</ancillary_types>
<ancillary_types record_uuid="{bb7cc003-1b1d-49af-ac2d-66d0bf904869}" record_timestamp="1498230791632" record_key="wh2_main_anc_hef_scholar">
<type>wh2_main_anc_hef_scholar</type>
<ui_icon>ui/campaign ui/ancillaries/wh2_main_anc_hef_scholar.png</ui_icon>
</ancillary_types>
<ancillary_types record_uuid="{feaa2386-536e-4f5a-9a52-bed90f5b1cd0}" record_timestamp="1498230791642" record_key="wh2_main_anc_hef_warrior">
<type>wh2_main_anc_hef_warrior</type>
<ui_icon>ui/campaign ui/ancillaries/wh2_main_anc_hef_warrior.png</ui_icon>
</ancillary_types>
<ancillary_types record_uuid="{acac43da-186b-4a64-9985-1f3b954538a0}" record_timestamp="1498230791627" record_key="wh2_main_anc_lzd_saurus_warrior">
<type>wh2_main_anc_lzd_saurus_warrior</type>
<ui_icon>ui/campaign ui/ancillaries/wh2_main_anc_lzd_saurus_warrior.png</ui_icon>
</ancillary_types>
<ancillary_types record_uuid="{f8c6ef1b-fea5-4b94-8581-341e99cec872}" record_timestamp="1498230791612" record_key="wh2_main_anc_lzd_skink_priest">
<type>wh2_main_anc_lzd_skink_priest</type>
<ui_icon>ui/campaign ui/ancillaries/wh2_main_anc_lzd_skink_priest.png</ui_icon>
</ancillary_types>
<ancillary_types record_uuid="{a2373cd0-9dce-469e-adbc-b750422c9dc1}" record_timestamp="1498230791608" record_key="wh2_main_anc_lzd_skink_scribe">
<type>wh2_main_anc_lzd_skink_scribe</type>
<ui_icon>ui/campaign ui/ancillaries/wh2_main_anc_lzd_skink_scribe.png</ui_icon>
</ancillary_types>
<ancillary_types record_uuid="{aa29f6fe-31b2-49ae-aa72-5b782406259c}" record_timestamp="1498230791623" record_key="wh2_main_anc_lzd_skink_servant">
<type>wh2_main_anc_lzd_skink_servant</type>
<ui_icon>ui/campaign ui/ancillaries/wh2_main_anc_lzd_skink_servant.png</ui_icon>
</ancillary_types>
<ancillary_types record_uuid="{d16e6d21-dab8-4dfc-87d7-4986578f2b1a}" record_timestamp="1495534794622" record_key="wh2_main_anc_magic_standard_banner_of_ellyrion">
<type>wh2_main_anc_magic_standard_banner_of_ellyrion</type>
<ui_icon>ui/campaign ui/ancillaries/wh2_main_anc_magic_standard_banner_of_ellyrion.png</ui_icon>
</ancillary_types>
<ancillary_types record_uuid="{a43e33fe-aa7c-46c7-b8a2-61536d98420c}" record_timestamp="1495534794632" record_key="wh2_main_anc_magic_standard_banner_of_murder">
<type>wh2_main_anc_magic_standard_banner_of_murder</type>
<ui_icon>ui/campaign ui/ancillaries/wh2_main_anc_magic_standard_banner_of_murder.png</ui_icon>
</ancillary_types>
<ancillary_types record_uuid="{a4a0c0fc-0d7b-4e8e-9369-9e5b9c1cc4d5}" record_timestamp="1495534794644" record_key="wh2_main_anc_magic_standard_banner_of_the_under_empire">
<type>wh2_main_anc_magic_standard_banner_of_the_under_empire</type>
<ui_icon>ui/campaign ui/ancillaries/wh2_main_anc_magic_standard_banner_of_the_under_empire.png</ui_icon>
</ancillary_types>
<ancillary_types record_uuid="{d61ee39f-636a-4300-90a5-971914a4d752}" record_timestamp="1495534794656" record_key="wh2_main_anc_magic_standard_banner_of_the_world_dragon">
<type>wh2_main_anc_magic_standard_banner_of_the_world_dragon</type>
<ui_icon>ui/campaign ui/ancillaries/wh2_main_anc_magic_standard_banner_of_the_world_dragon.png</ui_icon>
</ancillary_types>
<ancillary_types record_uuid="{687a2404-dfdd-4e15-ac50-201cf55a4f5c}" record_timestamp="1495534794669" record_key="wh2_main_anc_magic_standard_banner_of_verminous_scurrying">
<type>wh2_main_anc_magic_standard_banner_of_verminous_scurrying</type>
<ui_icon>ui/campaign ui/ancillaries/wh2_main_anc_magic_standard_banner_of_verminous_scurrying.png</ui_icon>
</ancillary_types>
<ancillary_types record_uuid="{3f66bf05-4f66-4dd7-9ef1-0363170be859}" record_timestamp="1495534794567" record_key="wh2_main_anc_magic_standard_battle_banner">
<type>wh2_main_anc_magic_standard_battle_banner</type>
<ui_icon>ui/battle ui/ability_icons/wh2_main_banner_passive_battle_banner.png</ui_icon>
</ancillary_types>
<ancillary_types record_uuid="{cf8fd7d9-a94c-4040-97f9-028ce7c70b0f}" record_timestamp="1495534794682" record_key="wh2_main_anc_magic_standard_dread_banner">
<type>wh2_main_anc_magic_standard_dread_banner</type>
<ui_icon>ui/campaign ui/ancillaries/wh2_main_anc_magic_standard_dread_banner.png</ui_icon>
</ancillary_types>
<ancillary_types record_uuid="{f72219b5-d72c-47ef-9236-a4e910f9af68}" record_timestamp="1495534794695" record_key="wh2_main_anc_magic_standard_dwarf_hide_banner">
<type>wh2_main_anc_magic_standard_dwarf_hide_banner</type>
<ui_icon>ui/campaign ui/ancillaries/wh2_main_anc_magic_standard_dwarf_hide_banner.png</ui_icon>
</ancillary_types>
<ancillary_types record_uuid="{4313babf-400f-4a14-98c9-30ee07e44810}" record_timestamp="1495534794708" record_key="wh2_main_anc_magic_standard_grand_banner_of_clan_superiority">
<type>wh2_main_anc_magic_standard_grand_banner_of_clan_superiority</type>
<ui_icon>ui/campaign ui/ancillaries/wh2_main_anc_magic_standard_grand_banner_of_clan_superiority.png</ui_icon>
</ancillary_types>
<ancillary_types record_uuid="{25bb7d18-f72b-4b06-9308-da445548df7c}" record_timestamp="1495534794721" record_key="wh2_main_anc_magic_standard_horn_of_isha">
<type>wh2_main_anc_magic_standard_horn_of_isha</type>
<ui_icon>ui/campaign ui/ancillaries/wh2_main_anc_magic_standard_horn_of_isha.png</ui_icon>
</ancillary_types>
<ancillary_types record_uuid="{e6655720-48a8-4e0c-a260-671ccd67bb7d}" record_timestamp="1495534794735" record_key="wh2_main_anc_magic_standard_huanchis_blessed_totem">
<type>wh2_main_anc_magic_standard_huanchis_blessed_totem</type>
<ui_icon>ui/campaign ui/ancillaries/wh2_main_anc_magic_standard_huanchis_blessed_totem.png</ui_icon>
</ancillary_types>
<ancillary_types record_uuid="{220a8026-7eee-4ae6-8b85-7c0b4d33f508}" record_timestamp="1495534794749" record_key="wh2_main_anc_magic_standard_hydra_banner">
<type>wh2_main_anc_magic_standard_hydra_banner</type>
<ui_icon>ui/campaign ui/ancillaries/wh2_main_anc_magic_standard_hydra_banner.png</ui_icon>
</ancillary_types>
<ancillary_types record_uuid="{37387200-33b0-4830-8f97-ec5c9b6515f1}" record_timestamp="1495534794762" record_key="wh2_main_anc_magic_standard_lion_standard">
<type>wh2_main_anc_magic_standard_lion_standard</type>
<ui_icon>ui/campaign ui/ancillaries/wh2_main_anc_magic_standard_lion_standard.png</ui_icon>
</ancillary_types>
<ancillary_types record_uuid="{759308cf-8881-4f37-adc5-66b6b1686d2f}" record_timestamp="1495534794589" record_key="wh2_main_anc_magic_standard_sacred_banner_of_the_horned_rat">
<type>wh2_main_anc_magic_standard_sacred_banner_of_the_horned_rat</type>
<ui_icon>ui/battle ui/ability_icons/wh2_main_banner_passive_sacred_banner_of_the_horned_rat.png</ui_icon>
</ancillary_types>
<ancillary_types record_uuid="{69e96891-562a-4120-ad0d-a3e3df19acdd}" record_timestamp="1495534794776" record_key="wh2_main_anc_magic_standard_sea_serpent_standard">
<type>wh2_main_anc_magic_standard_sea_serpent_standard</type>
<ui_icon>ui/campaign ui/ancillaries/wh2_main_anc_magic_standard_sea_serpent_standard.png</ui_icon>
</ancillary_types>
<ancillary_types record_uuid="{6c44c19e-543f-44b6-bb98-7c74ce74b60d}" record_timestamp="1495534794790" record_key="wh2_main_anc_magic_standard_shroud_of_dripping_death">
<type>wh2_main_anc_magic_standard_shroud_of_dripping_death</type>
<ui_icon>ui/campaign ui/ancillaries/wh2_main_anc_magic_standard_shroud_of_dripping_death.png</ui_icon>
</ancillary_types>
<ancillary_types record_uuid="{44285981-840b-4ec9-9e65-8a9d5cd324e0}" record_timestamp="1495534794804" record_key="wh2_main_anc_magic_standard_skavenpelt_banner">
<type>wh2_main_anc_magic_standard_skavenpelt_banner</type>
<ui_icon>ui/campaign ui/ancillaries/wh2_main_anc_magic_standard_skavenpelt_banner.png</ui_icon>
</ancillary_types>
<ancillary_types record_uuid="{88f08273-68c8-4b8d-87f9-2b067158dd81}" record_timestamp="1495534794819" record_key="wh2_main_anc_magic_standard_standard_of_hag_graef">
<type>wh2_main_anc_magic_standard_standard_of_hag_graef</type>
<ui_icon>ui/campaign ui/ancillaries/wh2_main_anc_magic_standard_standard_of_hag_graef.png</ui_icon>
</ancillary_types>
<ancillary_types record_uuid="{4448bd19-8d95-4e0d-b844-1241dd1b46eb}" record_timestamp="1495534794611" record_key="wh2_main_anc_magic_standard_storm_banner">
<type>wh2_main_anc_magic_standard_storm_banner</type>
<ui_icon>ui/battle ui/ability_icons/wh2_main_banner_passive_storm_banner.png</ui_icon>
</ancillary_types>
<ancillary_types record_uuid="{a1b284fb-c7d5-4beb-af20-21ec636bfe1b}" record_timestamp="1495534794833" record_key="wh2_main_anc_magic_standard_sun_standard_of_chotec">
<type>wh2_main_anc_magic_standard_sun_standard_of_chotec</type>
<ui_icon>ui/campaign ui/ancillaries/wh2_main_anc_magic_standard_sun_standard_of_chotec.png</ui_icon>
</ancillary_types>
<ancillary_types record_uuid="{1f043589-2583-46f4-84e4-89379f575080}" record_timestamp="1495534794847" record_key="wh2_main_anc_magic_standard_sunburst_standard_of_hexoatl">
<type>wh2_main_anc_magic_standard_sunburst_standard_of_hexoatl</type>
<ui_icon>ui/campaign ui/ancillaries/wh2_main_anc_magic_standard_sunburst_standard_of_hexoatl.png</ui_icon>
</ancillary_types>
<ancillary_types record_uuid="{554273c6-9d50-42d8-9332-c3ba92dae3a9}" record_timestamp="1495534794861" record_key="wh2_main_anc_magic_standard_the_blood_banner">
<type>wh2_main_anc_magic_standard_the_blood_banner</type>
<ui_icon>ui/campaign ui/ancillaries/wh2_main_anc_magic_standard_the_blood_banner.png</ui_icon>
</ancillary_types>
<ancillary_types record_uuid="{2dfaa70a-f1ca-47a1-9116-dcf14087a481}" record_timestamp="1495534794875" record_key="wh2_main_anc_magic_standard_the_jaguar_standard">
<type>wh2_main_anc_magic_standard_the_jaguar_standard</type>
<ui_icon>ui/campaign ui/ancillaries/wh2_main_anc_magic_standard_the_jaguar_standard.png</ui_icon>
</ancillary_types>
<ancillary_types record_uuid="{dc7d7090-3b07-4896-9d14-2d6295754c04}" record_timestamp="1495534794890" record_key="wh2_main_anc_magic_standard_totem_of_prophecy">
<type>wh2_main_anc_magic_standard_totem_of_prophecy</type>
<ui_icon>ui/campaign ui/ancillaries/wh2_main_anc_magic_standard_totem_of_prophecy.png</ui_icon>
</ancillary_types>
<ancillary_types record_uuid="{b19cb2b5-f696-4512-9e54-b1727c4c52a6}" record_timestamp="1487329672950" record_key="wh2_main_anc_mount_ancient_stegadon">
<type>wh2_main_anc_mount_ancient_stegadon</type>
<ui_icon>ui/campaign ui/mounts/mount_ancient_stegadon.png</ui_icon>
</ancillary_types>
<ancillary_types record_uuid="{f74d7234-6e0f-4d91-a756-c7471595b5d7}" record_timestamp="1487329673049" record_key="wh2_main_anc_mount_barded_ithilmar_steed">
<type>wh2_main_anc_mount_barded_ithilmar_steed</type>
<ui_icon>ui/campaign ui/mounts/mount_barded_ithilmar_steed.png</ui_icon>
</ancillary_types>
<ancillary_types record_uuid="{7a3b47a5-e16a-4f8b-985a-4db13ce14383}" record_timestamp="1487329673032" record_key="wh2_main_anc_mount_black_dragon">
<type>wh2_main_anc_mount_black_dragon</type>
<ui_icon>ui/campaign ui/mounts/mount_black_dragon.png</ui_icon>
</ancillary_types>
<ancillary_types record_uuid="{ef4cb5c7-547f-4ce3-81d5-ab456fe346fb}" record_timestamp="1487329673083" record_key="wh2_main_anc_mount_carnosaur">
<type>wh2_main_anc_mount_carnosaur</type>
<ui_icon>ui/campaign ui/mounts/mount_carnosaur.png</ui_icon>
</ancillary_types>
<ancillary_types record_uuid="{3a468c7f-6753-4d0e-b048-ffdf0a5d6cbf}" record_timestamp="1487329673066" record_key="wh2_main_anc_mount_cauldron_of_blood">
<type>wh2_main_anc_mount_cauldron_of_blood</type>
<ui_icon>ui/campaign ui/mounts/mount_cauldron_of_blood.png</ui_icon>
</ancillary_types>
<ancillary_types record_uuid="{cfbf90e9-6a17-4bc4-b9aa-e0eb9542a04b}" record_timestamp="1487329672983" record_key="wh2_main_anc_mount_cold_one">
<type>wh2_main_anc_mount_cold_one</type>
<ui_icon>ui/campaign ui/mounts/mount_cold_one.png</ui_icon>
</ancillary_types>
<ancillary_types record_uuid="{4bbd8705-634d-48ea-bba9-423462482689}" record_timestamp="1487329672966" record_key="wh2_main_anc_mount_cold_one_chariot">
<type>wh2_main_anc_mount_cold_one_chariot</type>
<ui_icon>ui/campaign ui/mounts/mount_cold_one_chariot.png</ui_icon>
</ancillary_types>
<ancillary_types record_uuid="{32673d87-2a1b-42f9-a66e-ceacc8ccafd6}" record_timestamp="1487329673016" record_key="wh2_main_anc_mount_dark_pegasus">
<type>wh2_main_anc_mount_dark_pegasus</type>
<ui_icon>ui/campaign ui/mounts/mount_dark_pegasus.png</ui_icon>
</ancillary_types>
<ancillary_types record_uuid="{df40e8d1-40f8-4e8b-9f1f-97e8aafac927}" record_timestamp="1487329673000" record_key="wh2_main_anc_mount_dark_steed">
<type>wh2_main_anc_mount_dark_steed</type>
<ui_icon>ui/campaign ui/mounts/mount_dark_steed.png</ui_icon>
</ancillary_types>
<ancillary_types record_uuid="{a287a292-b99f-41c9-8600-e35af09f65c6}" record_timestamp="1487329673189" record_key="wh2_main_anc_mount_elven_steed">
<type>wh2_main_anc_mount_elven_steed</type>
<ui_icon>ui/campaign ui/mounts/mount_elven_steed.png</ui_icon>
</ancillary_types>
<ancillary_types record_uuid="{cf25dd90-1cfb-472b-a401-825c1e5b9515}" record_timestamp="1496395911695" record_key="wh2_main_anc_mount_grymloq">
<type>wh2_main_anc_mount_grymloq</type>
<ui_icon>ui/campaign ui/mounts/mount_grymloq.png</ui_icon>
</ancillary_types>
<ancillary_types record_uuid="{5d1ae410-bdd4-4d4b-b592-e78a363924c0}" record_timestamp="1487329673172" record_key="wh2_main_anc_mount_horned_one">
<type>wh2_main_anc_mount_horned_one</type>
<ui_icon>ui/campaign ui/mounts/mount_horned_one.png</ui_icon>
</ancillary_types>
<ancillary_types record_uuid="{544294ab-25f8-40c4-827f-225d6a1322b4}" record_timestamp="1487349351052" record_key="wh2_main_anc_mount_ithilmar_chariot">
<type>wh2_main_anc_mount_ithilmar_chariot</type>
<ui_icon>ui/campaign ui/mounts/mount_ithilmar_chariot.png</ui_icon>
</ancillary_types>
<ancillary_types record_uuid="{d28a5e05-2f56-4f9d-8f78-421b63e6c9b3}" record_timestamp="1487329673207" record_key="wh2_main_anc_mount_moon_dragon">
<type>wh2_main_anc_mount_moon_dragon</type>
<ui_icon>ui/campaign ui/mounts/mount_moon_dragon.png</ui_icon>
</ancillary_types>
<ancillary_types record_uuid="{e1b9f216-cc0b-4663-b61d-51d7e8f047f4}" record_timestamp="1487329673118" record_key="wh2_main_anc_mount_plague_furnace">
<type>wh2_main_anc_mount_plague_furnace</type>
<ui_icon>ui/campaign ui/mounts/mount_plague_furnace.png</ui_icon>
</ancillary_types>
<ancillary_types record_uuid="{41ddd267-cfd2-4299-be41-9d8620c48c2c}" record_timestamp="1487329673100" record_key="wh2_main_anc_mount_rat_ogre">
<type>wh2_main_anc_mount_rat_ogre</type>
<ui_icon>ui/campaign ui/mounts/mount_rat_ogre.png</ui_icon>
</ancillary_types>
<ancillary_types record_uuid="{5ede794b-d49d-4e79-8d2a-4f82ad25d1df}" record_timestamp="1487329673154" record_key="wh2_main_anc_mount_screaming_bell">
<type>wh2_main_anc_mount_screaming_bell</type>
<ui_icon>ui/campaign ui/mounts/mount_screaming_bell.png</ui_icon>
</ancillary_types>
<ancillary_types record_uuid="{f30bfa20-39a8-4e06-a61c-c2230e3edfdc}" record_timestamp="1487329673136" record_key="wh2_main_anc_mount_star_dragon">
<type>wh2_main_anc_mount_star_dragon</type>
<ui_icon>ui/campaign ui/mounts/mount_star_dragon.png</ui_icon>
</ancillary_types>
<ancillary_types record_uuid="{ccd0b730-a04c-4399-9fdb-8fe98ec1562a}" record_timestamp="1487329672891" record_key="wh2_main_anc_mount_stegadon">
<type>wh2_main_anc_mount_stegadon</type>
<ui_icon>ui/campaign ui/mounts/mount_stegadon.png</ui_icon>
</ancillary_types>
<ancillary_types record_uuid="{99aeaf45-7dcb-479c-957e-efdb69ab75b7}" record_timestamp="1487329672872" record_key="wh2_main_anc_mount_sun_dragon">
<type>wh2_main_anc_mount_sun_dragon</type>
<ui_icon>ui/campaign ui/mounts/mount_sun_dragon.png</ui_icon>
</ancillary_types>
<ancillary_types record_uuid="{f5a0e033-0e5e-483c-9b3d-cddd41fcc7dc}" record_timestamp="1487329672908" record_key="wh2_main_anc_mount_terradon">
<type>wh2_main_anc_mount_terradon</type>
<ui_icon>ui/campaign ui/mounts/mount_terradon.png</ui_icon>
</ancillary_types>
<ancillary_types record_uuid="{88d23786-805e-4f5a-9df6-efa9629a060e}" record_timestamp="1498230791557" record_key="wh2_main_anc_skv_assassin">
<type>wh2_main_anc_skv_assassin</type>
<ui_icon>ui/campaign ui/ancillaries/wh2_main_anc_skv_assassin.png</ui_icon>
</ancillary_types>
<ancillary_types record_uuid="{2d0e2e43-d98c-4d53-a46c-33620a09c0ed}" record_timestamp="1505386285454" record_key="wh2_main_anc_skv_sea_cucumber">
<type>wh2_main_anc_skv_sea_cucumber</type>
<ui_icon>ui/campaign ui/ancillaries/wh_dlc03_anc_mark_of_chaos_slug_skin.png</ui_icon>
</ancillary_types>
<ancillary_types record_uuid="{d2eba0cb-eaec-4a84-b45f-2927d51598e6}" record_timestamp="1498230791577" record_key="wh2_main_anc_skv_servant">
<type>wh2_main_anc_skv_servant</type>
<ui_icon>ui/campaign ui/ancillaries/wh2_main_anc_skv_servant.png</ui_icon>
</ancillary_types>
<ancillary_types record_uuid="{9c38bddf-d03c-44c3-adc4-84172feba513}" record_timestamp="1498230791569" record_key="wh2_main_anc_skv_warplock_engineer">
<type>wh2_main_anc_skv_warplock_engineer</type>
<ui_icon>ui/campaign ui/ancillaries/wh2_main_anc_skv_warplock_engineer.png</ui_icon>
</ancillary_types>
<ancillary_types record_uuid="{5e905ec2-fcb1-42e7-af4e-4ea50db5e627}" record_timestamp="1498230791654" record_key="wh2_main_anc_skv_warrior">
<type>wh2_main_anc_skv_warrior</type>
<ui_icon>ui/campaign ui/ancillaries/wh2_main_anc_skv_warrior.png</ui_icon>
</ancillary_types>
<ancillary_types record_uuid="{f4e545fa-5059-42eb-9d27-be646df76546}" record_timestamp="1468846446225" record_key="wh_dlc03_anc_beastmen_bray_shaman">
<type>wh_dlc03_anc_beastmen_bray_shaman</type>
<ui_icon>ui/campaign ui/ancillaries/wh_dlc03_anc_beastmen_bray_shaman.png</ui_icon>
</ancillary_types>
<ancillary_types record_uuid="{04428a79-2098-4871-985a-920e4d414b7c}" record_timestamp="1468846446225" record_key="wh_dlc03_anc_beastmen_gor">
<type>wh_dlc03_anc_beastmen_gor</type>
<ui_icon>ui/campaign ui/ancillaries/wh_dlc03_anc_beastmen_gor.png</ui_icon>
</ancillary_types>
<ancillary_types record_uuid="{07e873a6-8b10-4477-82d0-05404152f326}" record_timestamp="1468846447446" record_key="wh_dlc03_anc_beastmen_gor_2">
<type>wh_dlc03_anc_beastmen_gor_2</type>
<ui_icon>ui/campaign ui/ancillaries/wh_dlc03_anc_beastmen_gor2.png</ui_icon>
</ancillary_types>
<ancillary_types record_uuid="{fd9d44dd-c4cd-4ce4-8e40-37dd566261ef}" record_timestamp="1470843023880" record_key="wh_dlc03_anc_beastmen_harpy">
<type>wh_dlc03_anc_beastmen_harpy</type>
<ui_icon>ui/campaign ui/ancillaries/wh_dlc03_anc_beastmen_harpy.png</ui_icon>
</ancillary_types>
<ancillary_types record_uuid="{0d159685-e1e6-4ed1-a75b-6140e99a6748}" record_timestamp="1468846446225" record_key="wh_dlc03_anc_beastmen_hound">
<type>wh_dlc03_anc_beastmen_hound</type>
<ui_icon>ui/campaign ui/ancillaries/wh_dlc03_anc_beastmen_hound.png</ui_icon>
</ancillary_types>
<ancillary_types record_uuid="{62363717-2927-48ef-b601-51973d9ef298}" record_timestamp="1468846446226" record_key="wh_dlc03_anc_beastmen_ungor">
<type>wh_dlc03_anc_beastmen_ungor</type>
<ui_icon>ui/campaign ui/ancillaries/wh_dlc03_anc_beastmen_ungor.png</ui_icon>
</ancillary_types>
<ancillary_types record_uuid="{f82ebb16-99bb-4f15-909a-110e8a853916}" record_timestamp="1455123055853" record_key="wh_dlc03_anc_magic_standard_banner_of_outrage">
<type>wh_dlc03_anc_magic_standard_banner_of_outrage</type>
<ui_icon>ui/campaign ui/ancillaries/wh_dlc03_anc_magic_standard_banner_of_outrage.png</ui_icon>
</ancillary_types>
<ancillary_types record_uuid="{c5b981e0-1cb7-47e0-9f9e-cd9f4821f261}" record_timestamp="1468846437285" record_key="wh_dlc03_anc_magic_standard_banner_of_the_fallen_kings">
<type>wh_dlc03_anc_magic_standard_banner_of_the_fallen_kings</type>
<ui_icon>ui/campaign ui/ancillaries/wh_dlc03_anc_magic_standard_banner_of_the_fallen_kings.png</ui_icon>
</ancillary_types>
<ancillary_types record_uuid="{647c24b3-1e49-41a9-856b-eff589390d30}" record_timestamp="1455123055898" record_key="wh_dlc03_anc_magic_standard_manbane_standard">
<type>wh_dlc03_anc_magic_standard_manbane_standard</type>
<ui_icon>ui/campaign ui/ancillaries/wh_dlc03_anc_magic_standard_manbane_standard.png</ui_icon>
</ancillary_types>
<ancillary_types record_uuid="{1f1d478c-b7e6-4e1f-ba64-e76419a0d865}" record_timestamp="1455123055945" record_key="wh_dlc03_anc_magic_standard_the_beast_banner">
<type>wh_dlc03_anc_magic_standard_the_beast_banner</type>
<ui_icon>ui/campaign ui/ancillaries/wh_dlc03_anc_magic_standard_the_beast_banner.png</ui_icon>
</ancillary_types>
<ancillary_types record_uuid="{cec2d519-6be2-4fbf-83ca-9101af89bb95}" record_timestamp="1455123055991" record_key="wh_dlc03_anc_magic_standard_totem_of_rust">
<type>wh_dlc03_anc_magic_standard_totem_of_rust</type>
<ui_icon>ui/campaign ui/ancillaries/wh_dlc03_anc_magic_standard_totem_of_rust.png</ui_icon>
</ancillary_types>
<ancillary_types record_uuid="{8500c6b1-bc78-4afc-9b21-df9696fc4e86}" record_timestamp="1455123055767" record_key="wh_dlc03_anc_mark_of_chaos_crown_of_horns">
<type>wh_dlc03_anc_mark_of_chaos_crown_of_horns</type>
<ui_icon>ui/campaign ui/ancillaries/wh_dlc03_anc_mark_of_chaos_crown_of_horns.png</ui_icon>
</ancillary_types>
<ancillary_types record_uuid="{53f5776b-4ba8-4c74-add1-8bb508f5065f}" record_timestamp="1455123049567" record_key="wh_dlc03_anc_mark_of_chaos_gnarled_hide">
<type>wh_dlc03_anc_mark_of_chaos_gnarled_hide</type>
<ui_icon>ui/campaign ui/ancillaries/wh_dlc03_anc_mark_of_chaos_gnarled_hide.png</ui_icon>
</ancillary_types>
<ancillary_types record_uuid="{121c51c8-0dfb-400e-bf70-21caaf3e6f07}" record_timestamp="1455123049537" record_key="wh_dlc03_anc_mark_of_chaos_gouge_tusks">
<type>wh_dlc03_anc_mark_of_chaos_gouge_tusks</type>
<ui_icon>ui/campaign ui/ancillaries/wh_dlc03_anc_mark_of_chaos_gouge_tusks.png</ui_icon>
</ancillary_types>
<ancillary_types record_uuid="{7dbf549b-1ace-4e26-9126-0367c128ce83}" record_timestamp="1455123049507" record_key="wh_dlc03_anc_mark_of_chaos_many_limbed_fiend">
<type>wh_dlc03_anc_mark_of_chaos_many_limbed_fiend</type>
<ui_icon>ui/campaign ui/ancillaries/wh_dlc03_anc_mark_of_chaos_many_limbed_fiend.png</ui_icon>
</ancillary_types>
<ancillary_types record_uuid="{94bc4060-b73c-48e5-aa46-d5b37b7bafc0}" record_timestamp="1455123055810" record_key="wh_dlc03_anc_mark_of_chaos_shadow_hide">
<type>wh_dlc03_anc_mark_of_chaos_shadow_hide</type>
<ui_icon>ui/campaign ui/ancillaries/wh_dlc03_anc_mark_of_chaos_shadow_hide.png</ui_icon>
</ancillary_types>
<ancillary_types record_uuid="{825007b0-c222-4b16-90c3-93ac192a24b0}" record_timestamp="1455123049442" record_key="wh_dlc03_anc_mark_of_chaos_slug_skin">
<type>wh_dlc03_anc_mark_of_chaos_slug_skin</type>
<ui_icon>ui/campaign ui/ancillaries/wh_dlc03_anc_mark_of_chaos_slug_skin.png</ui_icon>
</ancillary_types>
<ancillary_types record_uuid="{24ad97c2-a5e0-4c8b-8ed5-948c2abd6dca}" record_timestamp="1455123049413" record_key="wh_dlc03_anc_mark_of_chaos_uncanny_senses">
<type>wh_dlc03_anc_mark_of_chaos_uncanny_senses</type>
<ui_icon>ui/campaign ui/ancillaries/wh_dlc03_anc_mark_of_chaos_uncanny_senses.png</ui_icon>
</ancillary_types>
<ancillary_types record_uuid="{c8335452-eae3-4102-9b1a-efc0e23d68cc}" record_timestamp="1468846249622" record_key="wh_dlc04_anc_mount_corpse_cart">
<type>wh_dlc04_anc_mount_corpse_cart</type>
<ui_icon>ui/campaign ui/mounts/mount_corpse_cart.png</ui_icon>
</ancillary_types>
<ancillary_types record_uuid="{7ac8d395-5aeb-408e-b4f6-007667a2167b}" record_timestamp="1474902880152" record_key="wh_dlc04_anc_mount_corpse_cart_balefire">
<type>wh_dlc04_anc_mount_corpse_cart_balefire</type>
<ui_icon>ui/campaign ui/mounts/mount_corpse_cart_with_balefire.png</ui_icon>
</ancillary_types>
<ancillary_types record_uuid="{b84c1537-1d8a-4414-b786-5415a1475178}" record_timestamp="1474902880153" record_key="wh_dlc04_anc_mount_corpse_cart_lodestone">
<type>wh_dlc04_anc_mount_corpse_cart_lodestone</type>
<ui_icon>ui/campaign ui/mounts/mount_corpse_cart_with_lodestone.png</ui_icon>
</ancillary_types>
<ancillary_types record_uuid="{4b9387c8-a372-4638-880f-ba7d965e60d2}" record_timestamp="1468846251263" record_key="wh_dlc04_anc_mount_terrorgheist">
<type>wh_dlc04_anc_mount_terrorgheist</type>
<ui_icon>ui/campaign ui/mounts/mount_terrorgheist.png</ui_icon>
</ancillary_types>
<ancillary_types record_uuid="{2207879b-ca8f-4339-803e-d81ec5103da3}" record_timestamp="1468846245267" record_key="wh_dlc04_anc_mount_war_altar_of_sigmar">
<type>wh_dlc04_anc_mount_war_altar_of_sigmar</type>
<ui_icon>ui/campaign ui/mounts/mount_war_altar_of_sigmar.png</ui_icon>
</ancillary_types>
<ancillary_types record_uuid="{78fe39a3-dc4a-412b-9245-21468777233e}" record_timestamp="1480085993947" record_key="wh_dlc05_anc_magic_standard_the_banner_of_the_eternal_queen">
<type>wh_dlc05_anc_magic_standard_the_banner_of_the_eternal_queen</type>
<ui_icon>ui/battle ui/ability_icons/wh_dlc05_banner_passive_the_banner_of_the_eternal_queen.png</ui_icon>
</ancillary_types>
<ancillary_types record_uuid="{92484b52-fc15-456b-bde9-2abc6923062d}" record_timestamp="1480085993948" record_key="wh_dlc05_anc_magic_standard_the_banner_of_the_hunter_king">
<type>wh_dlc05_anc_magic_standard_the_banner_of_the_hunter_king</type>
<ui_icon>ui/battle ui/ability_icons/wh_dlc05_banner_passive_the_banner_of_the_hunter_king.png</ui_icon>
</ancillary_types>
<ancillary_types record_uuid="{9cb5e5b0-41ca-4f5c-908f-ba82c693ecfd}" record_timestamp="1460015901598" record_key="wh_dlc05_anc_mount_wef_elven_steed">
<type>wh_dlc05_anc_mount_wef_elven_steed</type>
<ui_icon>ui/campaign ui/mounts/mount_warhorse.png</ui_icon>
</ancillary_types>
<ancillary_types record_uuid="{0e90327f-bdef-4ecc-ab16-c4893b4db3a2}" record_timestamp="1480093922687" record_key="wh_dlc05_anc_mount_wef_forest_dragon">
<type>wh_dlc05_anc_mount_wef_forest_dragon</type>
<ui_icon>ui/campaign ui/mounts/mount_forest_dragon.png</ui_icon>
</ancillary_types>
<ancillary_types record_uuid="{8b45fdb2-d399-47f4-86d3-baccb924dd2c}" record_timestamp="1480093922694" record_key="wh_dlc05_anc_mount_wef_great_eagle">
<type>wh_dlc05_anc_mount_wef_great_eagle</type>
<ui_icon>ui/campaign ui/mounts/mount_great_eagle.png</ui_icon>
</ancillary_types>
<ancillary_types record_uuid="{6e6d7300-9a44-4bbb-9b29-2d2ec9b44c2a}" record_timestamp="1480093922686" record_key="wh_dlc05_anc_mount_wef_unicorn">
<type>wh_dlc05_anc_mount_wef_unicorn</type>
<ui_icon>ui/campaign ui/mounts/mount_unicorn.png</ui_icon>
</ancillary_types>
<ancillary_types record_uuid="{c62d3c93-8023-472c-a62d-01d1c1cf6787}" record_timestamp="1474903562792" record_key="wh_dlc06_anc_magic_standard_skarsniks_boyz">
<type>wh_dlc06_anc_magic_standard_skarsniks_boyz</type>
<ui_icon>ui/campaign ui/ancillaries/wh_main_anc_magic_standard_the_bad_moon_banner.png</ui_icon>
</ancillary_types>
<ancillary_types record_uuid="{2895e24c-33bc-4865-b2fe-6d8d2f60a88e}" record_timestamp="1474903501016" record_key="wh_dlc06_anc_mount_dwf_runelord_anvil_of_doom">
<type>wh_dlc06_anc_mount_dwf_runelord_anvil_of_doom</type>
<ui_icon>ui/campaign ui/mounts/mount_anvil_of_doom.png</ui_icon>
</ancillary_types>
<ancillary_types record_uuid="{b4f93a68-eaa6-40e7-b233-59e5f2d095bd}" record_timestamp="1474903555747" record_key="wh_dlc06_anc_mount_grn_night_goblin_warboss_great_cave_squig">
<type>wh_dlc06_anc_mount_grn_night_goblin_warboss_great_cave_squig</type>
<ui_icon>ui/campaign ui/mounts/mount_great_cave_squig.png</ui_icon>
</ancillary_types>
<ancillary_types record_uuid="{6e7b51ef-5fef-4727-b8e1-827729932ab2}" record_timestamp="1474903561861" record_key="wh_dlc06_anc_mount_grn_wurrzag_spleenrippa">
<type>wh_dlc06_anc_mount_grn_wurrzag_spleenrippa</type>
<ui_icon>ui/campaign ui/mounts/mount_war_boar.png</ui_icon>
</ancillary_types>
<ancillary_types record_uuid="{13f126da-450a-40c1-93d3-b6dd49677cd6}" record_timestamp="1488532435654" record_key="wh_dlc07_anc_magic_standard_banner_of_defence">
<type>wh_dlc07_anc_magic_standard_banner_of_defence</type>
<ui_icon>ui/campaign ui/ancillaries/wh_dlc07_anc_magic_standard_banner_of_defence.png</ui_icon>
</ancillary_types>
<ancillary_types record_uuid="{f21dc98a-04e5-4379-bc47-b646d5647c50}" record_timestamp="1488532435652" record_key="wh_dlc07_anc_magic_standard_errantry_banner">
<type>wh_dlc07_anc_magic_standard_errantry_banner</type>
<ui_icon>ui/campaign ui/ancillaries/wh_dlc07_anc_magic_standard_errantry_banner.png</ui_icon>
</ancillary_types>
<ancillary_types record_uuid="{cc7aefed-c9eb-46bf-b01e-b27cd70616dc}" record_timestamp="1488532435653" record_key="wh_dlc07_anc_magic_standard_twilight_banner">
<type>wh_dlc07_anc_magic_standard_twilight_banner</type>
<ui_icon>ui/campaign ui/ancillaries/wh_dlc07_anc_magic_standard_twilight_banner.png</ui_icon>
</ancillary_types>
<ancillary_types record_uuid="{852b99fd-f513-442b-84c7-2e1741b0e9dd}" record_timestamp="1488532435655" record_key="wh_dlc07_anc_magic_standard_valorous_standard">
<type>wh_dlc07_anc_magic_standard_valorous_standard</type>
<ui_icon>ui/campaign ui/ancillaries/wh_dlc07_anc_magic_standard_valorous_standard.png</ui_icon>
</ancillary_types>
<ancillary_types record_uuid="{b5fc6942-4d5e-40d3-b625-98e6616f1d09}" record_timestamp="1511171307115" record_key="wh_dlc08_anc_wood_elves_dryad_spy">
<type>wh_dlc08_anc_wood_elves_dryad_spy</type>
<ui_icon>ui/campaign ui/ancillaries/wh_dlc08_anc_wood_elves_dryad_spy.png</ui_icon>
</ancillary_types>
<ancillary_types record_uuid="{7669f691-c3a9-4093-a806-3f27cd87fe24}" record_timestamp="1511171307115" record_key="wh_dlc08_anc_wood_elves_elder_scout">
<type>wh_dlc08_anc_wood_elves_elder_scout</type>
<ui_icon>ui/campaign ui/ancillaries/wh_dlc08_anc_wood_elves_elder_scout.png</ui_icon>
</ancillary_types>
<ancillary_types record_uuid="{95633241-78b1-4e11-9c44-039651f78ff5}" record_timestamp="1511171307115" record_key="wh_dlc08_anc_wood_elves_eternal_guard_commander">
<type>wh_dlc08_anc_wood_elves_eternal_guard_commander</type>
<ui_icon>ui/campaign ui/ancillaries/wh_dlc08_anc_wood_elves_eternal_guard_commander.png</ui_icon>
</ancillary_types>
<ancillary_types record_uuid="{97c8e6c7-9a69-4000-8ec2-145451f89cde}" record_timestamp="1511171307115" record_key="wh_dlc08_anc_wood_elves_forest_spirit">
<type>wh_dlc08_anc_wood_elves_forest_spirit</type>
<ui_icon>ui/campaign ui/ancillaries/wh_dlc08_anc_wood_elves_forest_spirit.png</ui_icon>
</ancillary_types>
<ancillary_types record_uuid="{7c1bffd6-686f-4c1e-91d3-ef0735e880d3}" record_timestamp="1511171307115" record_key="wh_dlc08_anc_wood_elves_hawk_companion">
<type>wh_dlc08_anc_wood_elves_hawk_companion</type>
<ui_icon>ui/campaign ui/ancillaries/wh_dlc08_anc_wood_elves_hawk_companion.png</ui_icon>
</ancillary_types>
<ancillary_types record_uuid="{3b2a22ea-0d08-43c6-a655-c46c92e7c732}" record_timestamp="1511171307115" record_key="wh_dlc08_anc_wood_elves_hunting_hound">
<type>wh_dlc08_anc_wood_elves_hunting_hound</type>
<ui_icon>ui/campaign ui/ancillaries/wh_dlc08_anc_wood_elves_hunting_hound.png</ui_icon>
</ancillary_types>
<ancillary_types record_uuid="{bba6b813-45d9-4eb9-a277-9bd01935656e}" record_timestamp="1511171307115" record_key="wh_dlc08_anc_wood_elves_royal_standard_bearer">
<type>wh_dlc08_anc_wood_elves_royal_standard_bearer</type>
<ui_icon>ui/campaign ui/ancillaries/wh_dlc08_anc_wood_elves_royal_standard_bearer.png</ui_icon>
</ancillary_types>
<ancillary_types record_uuid="{6ba58585-47bb-4d4b-bd1c-f85838146c59}" record_timestamp="1511171307115" record_key="wh_dlc08_anc_wood_elves_vauls_anvil_smith">
<type>wh_dlc08_anc_wood_elves_vauls_anvil_smith</type>
<ui_icon>ui/campaign ui/ancillaries/wh_dlc08_anc_wood_elves_vauls_anvil_smith.png</ui_icon>
</ancillary_types>
<ancillary_types record_uuid="{a3be85d0-1ea8-4a88-bf91-9d34de615099}" record_timestamp="1511171307115" record_key="wh_dlc08_anc_wood_elves_wardancer_drummer">
<type>wh_dlc08_anc_wood_elves_wardancer_drummer</type>
<ui_icon>ui/campaign ui/ancillaries/wh_dlc08_anc_wood_elves_wardancer_drummer.png</ui_icon>
</ancillary_types>
<ancillary_types record_uuid="{fb88d318-e0a9-4dc5-87f0-41a5a45be86d}" record_timestamp="1511171307115" record_key="wh_dlc08_anc_wood_elves_young_stag">
<type>wh_dlc08_anc_wood_elves_young_stag</type>
<ui_icon>ui/campaign ui/ancillaries/wh_dlc08_anc_wood_elves_young_stag.png</ui_icon>
</ancillary_types>
<ancillary_types record_uuid="{995d13cd-cc14-4b4e-838a-b25256045f55}" record_timestamp="1443776692335" record_key="wh_main_anc_arcane_item">
<type>wh_main_anc_arcane_item</type>
<ui_icon>ui/skins/default/equipment_items_arcane.png</ui_icon>
</ancillary_types>
<ancillary_types record_uuid="{726c8dc4-14fe-46e4-b72d-8ecf57d62dfc}" record_timestamp="1443776692306" record_key="wh_main_anc_armour">
<type>wh_main_anc_armour</type>
<ui_icon>ui/skins/default/equipment_items_armour.png</ui_icon>
</ancillary_types>
<ancillary_types record_uuid="{38c7334a-1c6e-4f60-becb-e96545809836}" record_timestamp="1443773313201" record_key="wh_main_anc_chaos_demon">
<type>wh_main_anc_chaos_demon</type>
<ui_icon>ui/campaign ui/ancillaries/wh_main_anc_chaos_demon.png</ui_icon>
</ancillary_types>
<ancillary_types record_uuid="{e5cdc2b7-62bd-4efc-9a3b-6f199d1794f0}" record_timestamp="1448963323351" record_key="wh_main_anc_chaos_human">
<type>wh_main_anc_chaos_human</type>
<ui_icon>ui/campaign ui/ancillaries/wh_main_anc_chaos_human.png</ui_icon>
</ancillary_types>
<ancillary_types record_uuid="{1b415166-9be9-429c-9248-0c837a8ae9ec}" record_timestamp="1443773313201" record_key="wh_main_anc_chaos_monster">
<type>wh_main_anc_chaos_monster</type>
<ui_icon>ui/campaign ui/ancillaries/wh_main_anc_chaos_monster.png</ui_icon>
</ancillary_types>
<ancillary_types record_uuid="{bf799265-5dce-4790-b7a0-cb7795de3cfa}" record_timestamp="1443773313201" record_key="wh_main_anc_chaos_warrior">
<type>wh_main_anc_chaos_warrior</type>
<ui_icon>ui/campaign ui/ancillaries/wh_main_anc_chaos_warrior.png</ui_icon>
</ancillary_types>
<ancillary_types record_uuid="{767c0729-e943-4034-bbc8-317a3fb6f253}" record_timestamp="1443773313201" record_key="wh_main_anc_dwarfs_dwarf">
<type>wh_main_anc_dwarfs_dwarf</type>
<ui_icon>ui/campaign ui/ancillaries/wh_main_anc_dwarfs_dwarf.png</ui_icon>
</ancillary_types>
<ancillary_types record_uuid="{639090e8-23bf-43c2-897d-5416f9af06cd}" record_timestamp="1443773313201" record_key="wh_main_anc_dwarfs_engineer">
<type>wh_main_anc_dwarfs_engineer</type>
<ui_icon>ui/campaign ui/ancillaries/wh_main_anc_dwarfs_engineer.png</ui_icon>
</ancillary_types>
<ancillary_types record_uuid="{d1b8af55-a0d1-4084-8b15-bf0959533266}" record_timestamp="1448963323581" record_key="wh_main_anc_dwarfs_female">
<type>wh_main_anc_dwarfs_female</type>
<ui_icon>ui/campaign ui/ancillaries/wh_main_anc_dwarfs_female.png</ui_icon>
</ancillary_types>
<ancillary_types record_uuid="{deba41c6-3dfa-487e-bb20-57c5016613a6}" record_timestamp="1443773313201" record_key="wh_main_anc_dwarfs_miner">
<type>wh_main_anc_dwarfs_miner</type>
<ui_icon>ui/campaign ui/ancillaries/wh_main_anc_dwarfs_miner.png</ui_icon>
</ancillary_types>
<ancillary_types record_uuid="{6912cfc9-2c82-47f7-b915-4a5d64c80fb7}" record_timestamp="1443776692275" record_key="wh_main_anc_enchanted_item">
<type>wh_main_anc_enchanted_item</type>
<ui_icon>ui/skins/default/equipment_items_enchanted.png</ui_icon>
</ancillary_types>
<ancillary_types record_uuid="{166606c7-ac29-416d-9873-e29f81d6d734}" record_timestamp="1443773313201" record_key="wh_main_anc_greenskins_goblin">
<type>wh_main_anc_greenskins_goblin</type>
<ui_icon>ui/campaign ui/ancillaries/wh_main_anc_greenskins_goblin.png</ui_icon>
</ancillary_types>
<ancillary_types record_uuid="{91a079f3-0acf-42c4-a5e1-ae7eeeb91369}" record_timestamp="1443773313201" record_key="wh_main_anc_greenskins_orc">
<type>wh_main_anc_greenskins_orc</type>
<ui_icon>ui/campaign ui/ancillaries/wh_main_anc_greenskins_orc.png</ui_icon>
</ancillary_types>
<ancillary_types record_uuid="{74de759f-adc3-4974-8402-593528276ecc}" record_timestamp="1448892609074" record_key="wh_main_anc_greenskins_orc_shaman">
<type>wh_main_anc_greenskins_orc_shaman</type>
<ui_icon>ui/campaign ui/ancillaries/wh_main_anc_greenskins_orc_shaman.png</ui_icon>
</ancillary_types>
<ancillary_types record_uuid="{32e34076-0d7a-464b-a4f7-c3d9b6f07a0d}" record_timestamp="1448892609074" record_key="wh_main_anc_greenskins_savage_orc">
<type>wh_main_anc_greenskins_savage_orc</type>
<ui_icon>ui/campaign ui/ancillaries/wh_main_anc_greenskins_savage_orc.png</ui_icon>
</ancillary_types>
<ancillary_types record_uuid="{9848a18e-ba3a-42b5-8f75-fc172fcdadd3}" record_timestamp="1443773313201" record_key="wh_main_anc_greenskins_snotling">
<type>wh_main_anc_greenskins_snotling</type>
<ui_icon>ui/campaign ui/ancillaries/wh_main_anc_greenskins_snotling.png</ui_icon>
</ancillary_types>
<ancillary_types record_uuid="{16bca59d-423c-4216-b36e-fb549e97f3a7}" record_timestamp="1452873569020" record_key="wh_main_anc_greenskins_squig">
<type>wh_main_anc_greenskins_squig</type>
<ui_icon>ui/campaign ui/ancillaries/wh_main_anc_greenskins_squig.png</ui_icon>
</ancillary_types>
<ancillary_types record_uuid="{0f176b4b-060f-4e75-8c78-3cf4b15fd634}" record_timestamp="1443773313201" record_key="wh_main_anc_greenskins_troll">
<type>wh_main_anc_greenskins_troll</type>
<ui_icon>ui/campaign ui/ancillaries/wh_main_anc_greenskins_troll.png</ui_icon>
</ancillary_types>
<ancillary_types record_uuid="{fad61d2d-493c-4ce8-b89b-e3a03aaa0214}" record_timestamp="1443773313201" record_key="wh_main_anc_human_man">
<type>wh_main_anc_human_man</type>
<ui_icon>ui/campaign ui/ancillaries/wh_main_anc_human_man.png</ui_icon>
</ancillary_types>
<ancillary_types record_uuid="{beef2d2f-d805-489f-8035-ab956a410a58}" record_timestamp="1443773313201" record_key="wh_main_anc_human_old_man">
<type>wh_main_anc_human_old_man</type>
<ui_icon>ui/campaign ui/ancillaries/wh_main_anc_human_old_man.png</ui_icon>
</ancillary_types>
<ancillary_types record_uuid="{f6a51185-c2b0-4ec9-9525-21f0aff8e23e}" record_timestamp="1443773313201" record_key="wh_main_anc_human_spy">
<type>wh_main_anc_human_spy</type>
<ui_icon>ui/campaign ui/ancillaries/wh_main_anc_human_spy.png</ui_icon>
</ancillary_types>
<ancillary_types record_uuid="{291306a7-3f29-4d98-958b-cfec8d9d4aac}" record_timestamp="1444124055795" record_key="wh_main_anc_magic_standard_banner_of_eternal_flame">
<type>wh_main_anc_magic_standard_banner_of_eternal_flame</type>
<ui_icon>ui/battle ui/ability_icons/wh_main_banner_passive_banner_of_eternal_flame.png</ui_icon>
</ancillary_types>
<ancillary_types record_uuid="{52054547-19c6-431d-b326-341fd955e992}" record_timestamp="1444124055841" record_key="wh_main_anc_magic_standard_banner_of_lost_holds">
<type>wh_main_anc_magic_standard_banner_of_lost_holds</type>
<ui_icon>ui/battle ui/ability_icons/wh_main_banner_passive_banner_of_lost_holds.png</ui_icon>
</ancillary_types>
<ancillary_types record_uuid="{b12bd370-0222-4526-8b74-e6ab7d6efe35}" record_timestamp="1444124055873" record_key="wh_main_anc_magic_standard_banner_of_rage">
<type>wh_main_anc_magic_standard_banner_of_rage</type>
<ui_icon>ui/battle ui/ability_icons/wh_main_banner_passive_banner_of_rage.png</ui_icon>
</ancillary_types>
<ancillary_types record_uuid="{35cbb9e7-c0e5-4af3-931e-92081da00ba3}" record_timestamp="1443773313202" record_key="wh_main_anc_magic_standard_banner_of_swiftness">
<type>wh_main_anc_magic_standard_banner_of_swiftness</type>
<ui_icon>ui/campaign ui/ancillaries/wh_main_anc_magic_standard_banner_of_swiftness.png</ui_icon>
</ancillary_types>
<ancillary_types record_uuid="{7329ba98-7462-482c-883e-2dc92dee8762}" record_timestamp="1443773313202" record_key="wh_main_anc_magic_standard_banner_of_the_barrows">
<type>wh_main_anc_magic_standard_banner_of_the_barrows</type>
<ui_icon>ui/campaign ui/ancillaries/wh_main_anc_magic_standard_banner_of_the_barrows.png</ui_icon>
</ancillary_types>
<ancillary_types record_uuid="{1c757d2a-3a59-445f-a8df-85d5e9eb8f46}" record_timestamp="1443773313202" record_key="wh_main_anc_magic_standard_blasted_standard">
<type>wh_main_anc_magic_standard_blasted_standard</type>
<ui_icon>ui/campaign ui/ancillaries/wh_main_anc_magic_standard_blasted_standard.png</ui_icon>
</ancillary_types>
<ancillary_types record_uuid="{fdcc5786-b023-4966-b2fa-5eec14d22435}" record_timestamp="1459933463674" record_key="wh_main_anc_magic_standard_da_immortulz">
<type>wh_main_anc_magic_standard_da_immortulz</type>
<ui_icon>ui/campaign ui/ancillaries/wh_main_anc_magic_standard_da_immortulz.png</ui_icon>
</ancillary_types>
<ancillary_types record_uuid="{9ffed50f-b042-46fa-9c10-0b1588fc9af5}" record_timestamp="1444124055888" record_key="wh_main_anc_magic_standard_gleaming_pennant">
<type>wh_main_anc_magic_standard_gleaming_pennant</type>
<ui_icon>ui/battle ui/ability_icons/wh_main_banner_passive_gleaming_pennant.png</ui_icon>
</ancillary_types>
<ancillary_types record_uuid="{82862ab1-3e03-4c09-a8a7-c971ab5051df}" record_timestamp="1444124055935" record_key="wh_main_anc_magic_standard_griffon_banner">
<type>wh_main_anc_magic_standard_griffon_banner</type>
<ui_icon>ui/battle ui/ability_icons/wh_main_banner_passive_griffon_banner.png</ui_icon>
</ancillary_types>
<ancillary_types record_uuid="{bcecdbfa-29d9-47f2-b958-e265dffa6534}" record_timestamp="1443773313202" record_key="wh_main_anc_magic_standard_lichbone_pennant">
<type>wh_main_anc_magic_standard_lichbone_pennant</type>
<ui_icon>ui/campaign ui/ancillaries/wh_main_anc_magic_standard_lichbone_pennant.png</ui_icon>
</ancillary_types>
<ancillary_types record_uuid="{d931acf3-6482-41c5-bcc2-b45bdb909d86}" record_timestamp="1443773313202" record_key="wh_main_anc_magic_standard_morks_war_banner">
<type>wh_main_anc_magic_standard_morks_war_banner</type>
<ui_icon>ui/campaign ui/ancillaries/wh_main_anc_magic_standard_morks_war_banner.png</ui_icon>
</ancillary_types>
<ancillary_types record_uuid="{211d7925-4f84-4c49-8be9-4f66387c0f25}" record_timestamp="1443773313202" record_key="wh_main_anc_magic_standard_rampagers_standard">
<type>wh_main_anc_magic_standard_rampagers_standard</type>
<ui_icon>ui/campaign ui/ancillaries/wh_main_anc_magic_standard_rampagers_standard.png</ui_icon>
</ancillary_types>
<ancillary_types record_uuid="{297dc24a-e127-4452-8001-00e4f484b4a9}" record_timestamp="1443773313202" record_key="wh_main_anc_magic_standard_rangers_standard">
<type>wh_main_anc_magic_standard_rangers_standard</type>
<ui_icon>ui/campaign ui/ancillaries/wh_main_anc_magic_standard_rangers_standard.png</ui_icon>
</ancillary_types>
<ancillary_types record_uuid="{2c16acb7-3ea5-466a-9feb-f072a2fa7d13}" record_timestamp="1443773313202" record_key="wh_main_anc_magic_standard_razor_standard">
<type>wh_main_anc_magic_standard_razor_standard</type>
<ui_icon>ui/campaign ui/ancillaries/wh_main_anc_magic_standard_razor_standard.png</ui_icon>
</ancillary_types>
<ancillary_types record_uuid="{88de09fa-5942-4533-b3a1-b9229fe1c681}" record_timestamp="1444124056091" record_key="wh_main_anc_magic_standard_scarecrow_banner">
<type>wh_main_anc_magic_standard_scarecrow_banner</type>
<ui_icon>ui/battle ui/ability_icons/wh_main_banner_passive_scarecrow_banner.png</ui_icon>
</ancillary_types>
<ancillary_types record_uuid="{7ffdb0c6-f2a7-4dfe-a247-7ae0cb59462e}" record_timestamp="1444124056060" record_key="wh_main_anc_magic_standard_spider_banner">
<type>wh_main_anc_magic_standard_spider_banner</type>
<ui_icon>ui/battle ui/ability_icons/wh_main_banner_passive_spider_banner.png</ui_icon>
</ancillary_types>
<ancillary_types record_uuid="{c437095c-de75-4e99-89fd-f8c2acd69bb8}" record_timestamp="1443773313202" record_key="wh_main_anc_magic_standard_standard_of_discipline">
<type>wh_main_anc_magic_standard_standard_of_discipline</type>
<ui_icon>ui/campaign ui/ancillaries/wh_main_anc_magic_standard_standard_of_discipline.png</ui_icon>
</ancillary_types>
<ancillary_types record_uuid="{4c1bbe52-ac82-44e6-b841-2d9e0ee75a1f}" record_timestamp="1443773313202" record_key="wh_main_anc_magic_standard_steel_standard">
<type>wh_main_anc_magic_standard_steel_standard</type>
<ui_icon>ui/campaign ui/ancillaries/wh_main_anc_magic_standard_steel_standard.png</ui_icon>
</ancillary_types>
<ancillary_types record_uuid="{959ee562-a1fb-4cc7-9f9d-4c1972cfea6c}" record_timestamp="1443773313202" record_key="wh_main_anc_magic_standard_the_bad_moon_banner">
<type>wh_main_anc_magic_standard_the_bad_moon_banner</type>
<ui_icon>ui/campaign ui/ancillaries/wh_main_anc_magic_standard_the_bad_moon_banner.png</ui_icon>
</ancillary_types>
<ancillary_types record_uuid="{d8edf146-111a-4069-9c6d-fa2f09797f40}" record_timestamp="1444124056013" record_key="wh_main_anc_magic_standard_the_screaming_banner">
<type>wh_main_anc_magic_standard_the_screaming_banner</type>
<ui_icon>ui/battle ui/ability_icons/wh_main_banner_passive_the_screaming_banner.png</ui_icon>
</ancillary_types>
<ancillary_types record_uuid="{08025f0c-bf75-41a2-a637-27d984c02aa6}" record_timestamp="1450264300787" record_key="wh_main_anc_magic_standard_wailing_banner">
<type>wh_main_anc_magic_standard_wailing_banner</type>
<ui_icon>ui/campaign ui/ancillaries/wh_main_anc_magic_standard_wailing_banner.png</ui_icon>
</ancillary_types>
<ancillary_types record_uuid="{5e7c29b9-aa31-40b6-a519-0ad3e249ae52}" record_timestamp="1443773313202" record_key="wh_main_anc_magic_standard_war_banner">
<type>wh_main_anc_magic_standard_war_banner</type>
<ui_icon>ui/campaign ui/ancillaries/wh_main_anc_magic_standard_war_banner.png</ui_icon>
</ancillary_types>
<ancillary_types record_uuid="{e2b740be-b968-4069-ae08-8d03366567d6}" record_timestamp="1444124056107" record_key="wh_main_anc_mark_of_chaos_mark_of_khorne">
<type>wh_main_anc_mark_of_chaos_mark_of_khorne</type>
<ui_icon>ui/battle ui/ability_icons/wh_main_mark_passive_mark_of_khorne.png</ui_icon>
</ancillary_types>
<ancillary_types record_uuid="{5bb7f2d8-50ed-4041-9080-7e9619684112}" record_timestamp="1443773313202" record_key="wh_main_anc_mark_of_chaos_mark_of_nurgle">
<type>wh_main_anc_mark_of_chaos_mark_of_nurgle</type>
<ui_icon>ui/campaign ui/ancillaries/wh_main_anc_mark_of_chaos_mark_of_nurgle.png</ui_icon>
</ancillary_types>
<ancillary_types record_uuid="{f84f5881-4dfc-43da-a2f9-3799fc76c788}" record_timestamp="1443773313202" record_key="wh_main_anc_mark_of_chaos_mark_of_slaanesh">
<type>wh_main_anc_mark_of_chaos_mark_of_slaanesh</type>
<ui_icon>ui/campaign ui/ancillaries/wh_main_anc_mark_of_chaos_mark_of_slaanesh.png</ui_icon>
</ancillary_types>
<ancillary_types record_uuid="{7e9efb57-10a2-4c94-abcb-d9daff2c9989}" record_timestamp="1443773313202" record_key="wh_main_anc_mark_of_chaos_mark_of_tzeentch">
<type>wh_main_anc_mark_of_chaos_mark_of_tzeentch</type>
<ui_icon>ui/campaign ui/ancillaries/wh_main_anc_mark_of_chaos_mark_of_tzeentch.png</ui_icon>
</ancillary_types>
<ancillary_types record_uuid="{77186d7a-a726-464b-bbc4-ff880d5f09c9}" record_timestamp="1447341827040" record_key="wh_main_anc_mount_barded_chaos_steed">
<type>wh_main_anc_mount_barded_chaos_steed</type>
<ui_icon>ui/campaign ui/mounts/mount_barded_chaos_steed.png</ui_icon>
</ancillary_types>
<ancillary_types record_uuid="{f4d53742-73cc-43da-8972-9e5047f760f9}" record_timestamp="1447341827379" record_key="wh_main_anc_mount_barded_nightmare">
<type>wh_main_anc_mount_barded_nightmare</type>
<ui_icon>ui/campaign ui/mounts/mount_barded_nightmare.png</ui_icon>
</ancillary_types>
<ancillary_types record_uuid="{e0b06585-d0dd-4180-b370-6751773e5b73}" record_timestamp="1447341827514" record_key="wh_main_anc_mount_barded_skeletal_steed">
<type>wh_main_anc_mount_barded_skeletal_steed</type>
<ui_icon>ui/campaign ui/mounts/mount_barded_skeletal_steed.png</ui_icon>
</ancillary_types>
<ancillary_types record_uuid="{6f381d58-c2f1-4aeb-a078-688213e49dd1}" record_timestamp="1447341828535" record_key="wh_main_anc_mount_barded_warhorse">
<type>wh_main_anc_mount_barded_warhorse</type>
<ui_icon>ui/campaign ui/mounts/mount_barded_warhorse.png</ui_icon>
</ancillary_types>
<ancillary_types record_uuid="{c07250ca-1ba8-42e3-8f2b-484d76049d7e}" record_timestamp="1447341828679" record_key="wh_main_anc_mount_beaquis">
<type>wh_main_anc_mount_beaquis</type>
<ui_icon>ui/campaign ui/mounts/mount_beaquis.png</ui_icon>
</ancillary_types>
<ancillary_types record_uuid="{bdf7f306-7e06-4a00-a2e7-5fa6fb3cfc02}" record_timestamp="1447341829850" record_key="wh_main_anc_mount_chaos_dragon">
<type>wh_main_anc_mount_chaos_dragon</type>
<ui_icon>ui/campaign ui/mounts/mount_chaos_dragon.png</ui_icon>
</ancillary_types>
<ancillary_types record_uuid="{601a1339-c06e-45f9-9403-1a9d35f4fd91}" record_timestamp="1447341830470" record_key="wh_main_anc_mount_chaos_steed">
<type>wh_main_anc_mount_chaos_steed</type>
<ui_icon>ui/campaign ui/mounts/mount_chaos_steed.png</ui_icon>
</ancillary_types>
<ancillary_types record_uuid="{d7e7655e-9bd8-43c1-9805-4a0b0b95dea0}" record_timestamp="1447341830615" record_key="wh_main_anc_mount_deathclaw">
<type>wh_main_anc_mount_deathclaw</type>
<ui_icon>ui/campaign ui/mounts/mount_deathclaw.png</ui_icon>
</ancillary_types>
<ancillary_types record_uuid="{2356f929-5907-4a27-bf40-cc296ad8ed34}" record_timestamp="1447341830757" record_key="wh_main_anc_mount_dorghar">
<type>wh_main_anc_mount_dorghar</type>
<ui_icon>ui/campaign ui/mounts/mount_dorghar.png</ui_icon>
</ancillary_types>
<ancillary_types record_uuid="{e216fb14-04ca-4533-9808-5697ae8be9ce}" record_timestamp="1447341831177" record_key="wh_main_anc_mount_giant_spider">
<type>wh_main_anc_mount_giant_spider</type>
<ui_icon>ui/campaign ui/mounts/mount_giant_spider.png</ui_icon>
</ancillary_types>
<ancillary_types record_uuid="{6407cb9b-b770-40b4-aacb-3327103ef493}" record_timestamp="1447341831392" record_key="wh_main_anc_mount_giant_wolf">
<type>wh_main_anc_mount_giant_wolf</type>
<ui_icon>ui/campaign ui/mounts/mount_giant_wolf.png</ui_icon>
</ancillary_types>
<ancillary_types record_uuid="{e9d515fe-52f9-48b0-ac63-b5fc938b1e88}" record_timestamp="1447341832530" record_key="wh_main_anc_mount_hellsteed">
<type>wh_main_anc_mount_hellsteed</type>
<ui_icon>ui/campaign ui/mounts/mount_hellsteed.png</ui_icon>
</ancillary_types>
<ancillary_types record_uuid="{0f982d3e-0515-4091-b304-ef3255c52ecd}" record_timestamp="1447341832682" record_key="wh_main_anc_mount_hippogryph">
<type>wh_main_anc_mount_hippogryph</type>
<ui_icon>ui/campaign ui/mounts/mount_hippogryph.png</ui_icon>
</ancillary_types>
<ancillary_types record_uuid="{eaa71d7b-b050-461c-af19-35d108fe7eb5}" record_timestamp="1447341832817" record_key="wh_main_anc_mount_imperial_griffon">
<type>wh_main_anc_mount_imperial_griffon</type>
<ui_icon>ui/campaign ui/mounts/mount_imperial_griffon.png</ui_icon>
</ancillary_types>
<ancillary_types record_uuid="{1b6fbd03-6aef-4573-a82b-c1b2bbad4b5e}" record_timestamp="1447341833169" record_key="wh_main_anc_mount_imperial_pegasus">
<type>wh_main_anc_mount_imperial_pegasus</type>
<ui_icon>ui/campaign ui/mounts/mount_imperial_pegasus.png</ui_icon>
</ancillary_types>
<ancillary_types record_uuid="{525af560-08fc-4c35-9717-82bef3c03f93}" record_timestamp="1447341833586" record_key="wh_main_anc_mount_manticore">
<type>wh_main_anc_mount_manticore</type>
<ui_icon>ui/campaign ui/mounts/mount_manticore.png</ui_icon>
</ancillary_types>
<ancillary_types record_uuid="{b2098715-a437-400b-a4fb-6784d95e83d1}" record_timestamp="1447341833721" record_key="wh_main_anc_mount_nightmare">
<type>wh_main_anc_mount_nightmare</type>
<ui_icon>ui/campaign ui/mounts/mount_nightmare.png</ui_icon>
</ancillary_types>
<ancillary_types record_uuid="{bb655d23-d967-4cab-b4ae-c229b7098a65}" record_timestamp="1447341833996" record_key="wh_main_anc_mount_pegasus">
<type>wh_main_anc_mount_pegasus</type>
<ui_icon>ui/campaign ui/mounts/mount_pegasus.png</ui_icon>
</ancillary_types>
<ancillary_types record_uuid="{d3b6ee82-1c57-4970-9589-b55a05b8bbc7}" record_timestamp="1447341834134" record_key="wh_main_anc_mount_royal_pegasus">
<type>wh_main_anc_mount_royal_pegasus</type>
<ui_icon>ui/campaign ui/mounts/mount_royal_pegasus.png</ui_icon>
</ancillary_types>
<ancillary_types record_uuid="{485b6cb3-76ce-4e05-9ce7-c3ec2a634355}" record_timestamp="1447341834269" record_key="wh_main_anc_mount_skeletal_steed">
<type>wh_main_anc_mount_skeletal_steed</type>
<ui_icon>ui/campaign ui/mounts/mount_skeletal_steed.png</ui_icon>
</ancillary_types>
<ancillary_types record_uuid="{111eac03-550c-48ed-bb7e-4bfdae4acfb9}" record_timestamp="1447341834424" record_key="wh_main_anc_mount_skullmuncha">
<type>wh_main_anc_mount_skullmuncha</type>
<ui_icon>ui/campaign ui/mounts/mount_skullmuncha.png</ui_icon>
</ancillary_types>
<ancillary_types record_uuid="{8805e543-5a4c-4a55-87d6-3ee10b340031}" record_timestamp="1447341834641" record_key="wh_main_anc_mount_war_boar">
<type>wh_main_anc_mount_war_boar</type>
<ui_icon>ui/campaign ui/mounts/mount_war_boar.png</ui_icon>
</ancillary_types>
<ancillary_types record_uuid="{a2cac98c-3ebd-475e-9d3e-d52edcc1d987}" record_timestamp="1447341834776" record_key="wh_main_anc_mount_war_boar_chariot">
<type>wh_main_anc_mount_war_boar_chariot</type>
<ui_icon>ui/campaign ui/mounts/mount_war_boar_chariot.png</ui_icon>
</ancillary_types>
<ancillary_types record_uuid="{c47011e8-9722-4d57-997a-c7fe688e29af}" record_timestamp="1447341836041" record_key="wh_main_anc_mount_warhorse">
<type>wh_main_anc_mount_warhorse</type>
<ui_icon>ui/campaign ui/mounts/mount_warhorse.png</ui_icon>
</ancillary_types>
<ancillary_types record_uuid="{6ed8fe2a-c5be-4891-8a14-64310c53dd38}" record_timestamp="1447341836404" record_key="wh_main_anc_mount_wyvern">
<type>wh_main_anc_mount_wyvern</type>
<ui_icon>ui/campaign ui/mounts/mount_wyvern.png</ui_icon>
</ancillary_types>
<ancillary_types record_uuid="{9ceafccd-f6fc-41c3-9c30-717a35dd4e41}" record_timestamp="1447341836609" record_key="wh_main_anc_mount_zombie_dragon">
<type>wh_main_anc_mount_zombie_dragon</type>
<ui_icon>ui/campaign ui/mounts/mount_zombie_dragon.png</ui_icon>
</ancillary_types>
<ancillary_types record_uuid="{1dda94ae-e56f-4c72-aa00-295f50ff28fd}" record_timestamp="1444124056169" record_key="wh_main_anc_rune_ancestor_rune">
<type>wh_main_anc_rune_ancestor_rune</type>
<ui_icon>ui/battle ui/ability_icons/wh_main_rune_abilities_ancestor_rune.png</ui_icon>
</ancillary_types>
<ancillary_types record_uuid="{339e8dc7-ef55-4ef3-a3db-ba311a36e1ff}" record_timestamp="1443773313202" record_key="wh_main_anc_rune_master_rune_of_battle">
<type>wh_main_anc_rune_master_rune_of_battle</type>
<ui_icon>ui/campaign ui/ancillaries/wh_main_anc_rune_master_rune_of_battle.png</ui_icon>
</ancillary_types>
<ancillary_types record_uuid="{ff38bc5a-d204-4c93-8e3d-85f54d246fcb}" record_timestamp="1451906276299" record_key="wh_main_anc_rune_master_rune_of_courage">
<type>wh_main_anc_rune_master_rune_of_courage</type>
<ui_icon>ui/battle ui/ability_icons/wh_main_rune_abilities_rune_of_courage.png</ui_icon>
</ancillary_types>
<ancillary_types record_uuid="{77955d52-c3df-435d-ac94-fb0214fee12e}" record_timestamp="1444124056309" record_key="wh_main_anc_rune_master_rune_of_groth_one-eye">
<type>wh_main_anc_rune_master_rune_of_groth_one-eye</type>
<ui_icon>ui/battle ui/ability_icons/wh_main_rune_passive_master_rune_of_groth_one_eye.png</ui_icon>
</ancillary_types>
<ancillary_types record_uuid="{fbac06da-4311-4d79-aa71-4e05a646a1b8}" record_timestamp="1444124056356" record_key="wh_main_anc_rune_master_rune_of_grungni">
<type>wh_main_anc_rune_master_rune_of_grungni</type>
<ui_icon>ui/battle ui/ability_icons/wh_main_rune_passive_master_rune_of_grungni.png</ui_icon>
</ancillary_types>
<ancillary_types record_uuid="{8a45931b-5e80-439d-8aee-351dc13cdb44}" record_timestamp="1443773313202" record_key="wh_main_anc_rune_master_rune_of_sanctuary">
<type>wh_main_anc_rune_master_rune_of_sanctuary</type>
<ui_icon>ui/campaign ui/ancillaries/wh_main_anc_rune_master_rune_of_sanctuary.png</ui_icon>
</ancillary_types>
<ancillary_types record_uuid="{a3bde3fb-77d7-4c05-94b2-71be11ad473c}" record_timestamp="1451906276369" record_key="wh_main_anc_rune_master_rune_of_slowness">
<type>wh_main_anc_rune_master_rune_of_slowness</type>
<ui_icon>ui/battle ui/ability_icons/wh_main_rune_passive_rune_of_slowness.png</ui_icon>
</ancillary_types>
<ancillary_types record_uuid="{02e4aee1-a897-431b-bce1-efed6a2a787e}" record_timestamp="1451906276335" record_key="wh_main_anc_rune_master_rune_of_stoicism">
<type>wh_main_anc_rune_master_rune_of_stoicism</type>
<ui_icon>ui/battle ui/ability_icons/wh_main_rune_abilities_rune_of_stoicism.png</ui_icon>
</ancillary_types>
<ancillary_types record_uuid="{26996035-f25d-46a7-a0fc-8e1fafebd31c}" record_timestamp="1444124056465" record_key="wh_main_anc_rune_master_rune_of_stromni_redbeard">
<type>wh_main_anc_rune_master_rune_of_stromni_redbeard</type>
<ui_icon>ui/battle ui/ability_icons/wh_main_rune_passive_master_rune_of_stromni_redbeard.png</ui_icon>
</ancillary_types>
<ancillary_types record_uuid="{bd9074f3-2302-4766-a8b3-9d261ecf1ff0}" record_timestamp="1443773313202" record_key="wh_main_anc_rune_master_rune_of_valaya">
<type>wh_main_anc_rune_master_rune_of_valaya</type>
<ui_icon>ui/campaign ui/ancillaries/wh_main_anc_rune_master_rune_of_valaya.png</ui_icon>
</ancillary_types>
<ancillary_types record_uuid="{096d66fd-530b-4e0e-afff-b44e249779e0}" record_timestamp="1443773313202" record_key="wh_main_anc_rune_rune_of_fury">
<type>wh_main_anc_rune_rune_of_fury</type>
<ui_icon>ui/campaign ui/ancillaries/wh_main_anc_rune_rune_of_fury.png</ui_icon>
</ancillary_types>
<ancillary_types record_uuid="{f11a8134-5bea-436b-a0b5-40d0a12b655f}" record_timestamp="1443773313202" record_key="wh_main_anc_rune_rune_of_might">
<type>wh_main_anc_rune_rune_of_might</type>
<ui_icon>ui/campaign ui/ancillaries/wh_main_anc_rune_rune_of_might.png</ui_icon>
</ancillary_types>
<ancillary_types record_uuid="{c089338c-7028-4707-a5af-10326ed5b299}" record_timestamp="1443773313202" record_key="wh_main_anc_rune_rune_of_parrying">
<type>wh_main_anc_rune_rune_of_parrying</type>
<ui_icon>ui/campaign ui/ancillaries/wh_main_anc_rune_rune_of_parrying.png</ui_icon>
</ancillary_types>
<ancillary_types record_uuid="{aa0f91d1-9689-4244-a84c-d7084aea6e5e}" record_timestamp="1443773313202" record_key="wh_main_anc_rune_rune_of_striking">
<type>wh_main_anc_rune_rune_of_striking</type>
<ui_icon>ui/campaign ui/ancillaries/wh_main_anc_rune_rune_of_striking.png</ui_icon>
</ancillary_types>
<ancillary_types record_uuid="{8236ea54-4bec-4033-be61-8e01a40d654b}" record_timestamp="1443773313202" record_key="wh_main_anc_rune_strollaz_rune">
<type>wh_main_anc_rune_strollaz_rune</type>
<ui_icon>ui/campaign ui/ancillaries/wh_main_anc_rune_strollaz_rune.png</ui_icon>
</ancillary_types>
<ancillary_types record_uuid="{dac4324c-240a-40af-9f5c-5f0488d03625}" record_timestamp="1443776692367" record_key="wh_main_anc_talisman">
<type>wh_main_anc_talisman</type>
<ui_icon>ui/skins/default/equipment_items_talisman.png</ui_icon>
</ancillary_types>
<ancillary_types record_uuid="{1b6864ba-3be8-4664-ba31-98a7740d94d9}" record_timestamp="1448963323466" record_key="wh_main_anc_vampire_counts_black_cat">
<type>wh_main_anc_vampire_counts_black_cat</type>
<ui_icon>ui/campaign ui/ancillaries/wh_main_anc_vampire_counts_black_cat.png</ui_icon>
</ancillary_types>
<ancillary_types record_uuid="{6cffcf1f-5acc-4cbc-8b30-7850e1ab4e59}" record_timestamp="1448963323234" record_key="wh_main_anc_vampire_counts_carrion">
<type>wh_main_anc_vampire_counts_carrion</type>
<ui_icon>ui/campaign ui/ancillaries/wh_main_anc_vampire_counts_carrion.png</ui_icon>
</ancillary_types>
<ancillary_types record_uuid="{e08d9b13-045f-42ac-b2cf-e3908355deda}" record_timestamp="1443773313202" record_key="wh_main_anc_vampire_counts_female">
<type>wh_main_anc_vampire_counts_female</type>
<ui_icon>ui/campaign ui/ancillaries/wh_main_anc_vampire_counts_female.png</ui_icon>
</ancillary_types>
<ancillary_types record_uuid="{f09b1ca1-d591-4198-8e56-aa417532b373}" record_timestamp="1443773313202" record_key="wh_main_anc_vampire_counts_male">
<type>wh_main_anc_vampire_counts_male</type>
<ui_icon>ui/campaign ui/ancillaries/wh_main_anc_vampire_counts_male.png</ui_icon>
</ancillary_types>
<ancillary_types record_uuid="{182415a9-b0e6-4b52-8c74-c4105cf163da}" record_timestamp="1448963323117" record_key="wh_main_anc_vampire_counts_mirror">
<type>wh_main_anc_vampire_counts_mirror</type>
<ui_icon>ui/campaign ui/ancillaries/wh_main_anc_vampire_counts_mirror.png</ui_icon>
</ancillary_types>
<ancillary_types record_uuid="{ae6a38c4-354c-45df-96ac-40773342912b}" record_timestamp="1443773313202" record_key="wh_main_anc_vampire_counts_necromancer">
<type>wh_main_anc_vampire_counts_necromancer</type>
<ui_icon>ui/campaign ui/ancillaries/wh_main_anc_vampire_counts_necromancer.png</ui_icon>
</ancillary_types>
<ancillary_types record_uuid="{3c7acac6-c296-4e24-a641-4130a9aef9c2}" record_timestamp="1443776692396" record_key="wh_main_anc_weapon">
<type>wh_main_anc_weapon</type>
<ui_icon>ui/skins/default/equipment_items_weapon.png</ui_icon>
</ancillary_types>
</dataroot>
