<?xml version="1.0" encoding="UTF-8"?>
<dataroot xmlns:od="urn:schemas-microsoft-com:officedata" xmlns:xsi="http://www.w3.org/2001/XMLSchema-instance" xsi:noNamespaceSchemaLocation="animation_categories.xsd" export_time="Mon Apr 10 16:17:26 2017" revision="67" export_branch="T:/branches/warhammer2/dev/warhammer/binaries.x64" export_user="bob">
<edit_uuid>cf52f6d6-40b3-4153-a18b-3c82f7113c5d</edit_uuid>
<animation_categories record_uuid="{23691cec-ad88-4044-9cf4-bd1543167e1a}" record_timestamp="1487955658459" record_key="CREATURE_deaths">
<name>CREATURE_deaths</name>
<order>36</order>
</animation_categories>
<animation_categories record_uuid="{06e0e7ec-2a6a-41f7-820d-1fcfe1d4ba39}" record_timestamp="1488878873064" record_key="EXTRA_additional_rider_shield_up">
<name>EXTRA_additional_rider_shield_up</name>
<order>1031</order>
</animation_categories>
<animation_categories record_uuid="{767b4cc5-5faa-41ca-8a2e-e1ffe2ca2301}" record_timestamp="1488878873063" record_key="EXTRA_additional_stance_shield_up">
<name>EXTRA_additional_stance_shield_up</name>
<order>1011</order>
</animation_categories>
<animation_categories record_uuid="{1eb539d7-0388-465b-ad4b-a7ad1dc68407}" record_timestamp="1488878873058" record_key="EXTRA_celebrate">
<name>EXTRA_celebrate</name>
<order>76</order>
</animation_categories>
<animation_categories record_uuid="{dff171d7-e2af-4f7d-bdc4-d81c0e803f4d}" record_timestamp="1488878873039" record_key="EXTRA_combat">
<name>EXTRA_combat</name>
<order>16</order>
</animation_categories>
<animation_categories record_uuid="{a12e5c7c-0b55-45aa-aa42-0740e7e81f6c}" record_timestamp="1488878873040" record_key="EXTRA_deaths">
<name>EXTRA_deaths</name>
<order>37</order>
</animation_categories>
<animation_categories record_uuid="{6d566093-c3ea-41d6-ab81-76521ca6f30c}" record_timestamp="1488878873041" record_key="EXTRA_flying_combat">
<name>EXTRA_flying_combat</name>
<order>106</order>
</animation_categories>
<animation_categories record_uuid="{69707821-7f45-443e-a090-f8fe78de520a}" record_timestamp="1488878873041" record_key="EXTRA_hit_reactions">
<name>EXTRA_hit_reactions</name>
<order>21</order>
</animation_categories>
<animation_categories record_uuid="{e56ae1e5-922b-4837-8b68-8164d2113459}" record_timestamp="1488878873042" record_key="EXTRA_jump_falls">
<name>EXTRA_jump_falls</name>
<order>1020</order>
</animation_categories>
<animation_categories record_uuid="{ea52b8ba-6b46-4474-afad-c7f3ce3829ed}" record_timestamp="1488878873042" record_key="EXTRA_knockback">
<name>EXTRA_knockback</name>
<order>26</order>
</animation_categories>
<animation_categories record_uuid="{5945794d-b9bc-4b83-8e2f-4bae5c121e7d}" record_timestamp="1488878873043" record_key="EXTRA_knockdown">
<name>EXTRA_knockdown</name>
<order>31</order>
</animation_categories>
<animation_categories record_uuid="{4eed3b51-5561-4ad7-a004-100a087bb653}" record_timestamp="1488878873044" record_key="EXTRA_missile_attack">
<name>EXTRA_missile_attack</name>
<order>62</order>
</animation_categories>
<animation_categories record_uuid="{e196b11f-f8ee-4bc5-bb60-2f92814776e1}" record_timestamp="1488878873044" record_key="EXTRA_movement">
<name>EXTRA_movement</name>
<order>9</order>
</animation_categories>
<animation_categories record_uuid="{bed5ad3b-84a9-44ce-95d9-634e8ffe8bd0}" record_timestamp="1488878873064" record_key="EXTRA_refuse">
<name>EXTRA_refuse</name>
<order>1021</order>
</animation_categories>
<animation_categories record_uuid="{c1a085dd-9436-4541-888d-ad9fa1864f1c}" record_timestamp="1488878873045" record_key="EXTRA_rider_celebrate">
<name>EXTRA_rider_celebrate</name>
<order>241</order>
</animation_categories>
<animation_categories record_uuid="{1123312d-2b5b-4c3b-af2c-965edc186f58}" record_timestamp="1488878873046" record_key="EXTRA_rider_combat">
<name>EXTRA_rider_combat</name>
<order>211</order>
</animation_categories>
<animation_categories record_uuid="{1a58d460-a9b2-41f0-842f-759f976d1b26}" record_timestamp="1488878873046" record_key="EXTRA_rider_combat_ready">
<name>EXTRA_rider_combat_ready</name>
<order>206</order>
</animation_categories>
<animation_categories record_uuid="{24c23ade-d5ac-40fa-bd45-3b6fed784976}" record_timestamp="1488878873047" record_key="EXTRA_rider_deaths">
<name>EXTRA_rider_deaths</name>
<order>226</order>
</animation_categories>
<animation_categories record_uuid="{3ff2da69-c645-4e27-b066-3140d149765a}" record_timestamp="1488878873058" record_key="EXTRA_rider_flying">
<name>EXTRA_rider_flying</name>
<order>247</order>
</animation_categories>
<animation_categories record_uuid="{9abf4cf1-cd94-4f1c-89ca-0ee59753d888}" record_timestamp="1488878873059" record_key="EXTRA_rider_flying_combat">
<name>EXTRA_rider_flying_combat</name>
<order>251</order>
</animation_categories>
<animation_categories record_uuid="{9b6d9c14-0f54-4823-90e3-2b240787444b}" record_timestamp="1488878873057" record_key="EXTRA_rider_hit_reactions">
<name>EXTRA_rider_hit_reactions</name>
<order>215</order>
</animation_categories>
<animation_categories record_uuid="{19493f72-ba0f-40e3-bf13-784ea04d5838}" record_timestamp="1488878873057" record_key="EXTRA_rider_knockback">
<name>EXTRA_rider_knockback</name>
<order>220</order>
</animation_categories>
<animation_categories record_uuid="{056eb994-7469-4f90-b680-acd3a5e8b8e0}" record_timestamp="1488878873048" record_key="EXTRA_rider_missile_attack">
<name>EXTRA_rider_missile_attack</name>
<order>231</order>
</animation_categories>
<animation_categories record_uuid="{fd4c9fdb-17a5-42bb-81b7-3a7531591de9}" record_timestamp="1488878873048" record_key="EXTRA_rider_normal">
<name>EXTRA_rider_normal</name>
<order>201</order>
</animation_categories>
<animation_categories record_uuid="{75547917-b56e-4af0-82f3-f027d2165784}" record_timestamp="1488878873064" record_key="EXTRA_rider_refuse">
<name>EXTRA_rider_refuse</name>
<order>1031</order>
</animation_categories>
<animation_categories record_uuid="{bc6f6545-ce4c-407c-b71e-68b2448b10ee}" record_timestamp="1488878873061" record_key="EXTRA_rider_transitions">
<name>EXTRA_rider_transitions</name>
<order>255</order>
</animation_categories>
<animation_categories record_uuid="{652c6177-da02-45c8-b389-5969417610fc}" record_timestamp="1488878873049" record_key="EXTRA_stance_combat_ready">
<name>EXTRA_stance_combat_ready</name>
<order>11</order>
</animation_categories>
<animation_categories record_uuid="{672067b1-ac38-4904-8ed2-d35a0a3bba36}" record_timestamp="1488878873050" record_key="EXTRA_stance_flying">
<name>EXTRA_stance_flying</name>
<order>101</order>
</animation_categories>
<animation_categories record_uuid="{f10c5d18-b9e6-44a4-8f2c-0f7158b104fa}" record_timestamp="1488878873051" record_key="EXTRA_stance_normal">
<name>EXTRA_stance_normal</name>
<order>7</order>
</animation_categories>
<animation_categories record_uuid="{df67b5b8-07ea-4dc6-9469-f581c7619b3b}" record_timestamp="1488878873053" record_key="EXTRA_stance_shoot">
<name>EXTRA_stance_shoot</name>
<order>45</order>
</animation_categories>
<animation_categories record_uuid="{4cdc70fd-ac72-40cc-bc70-df2ed4329b23}" record_timestamp="1488878873058" record_key="EXTRA_transitions">
<name>EXTRA_transitions</name>
<order>110</order>
</animation_categories>
<animation_categories record_uuid="{a84f3eb1-14bb-44f4-be6a-c3c7dc4a28b9}" record_timestamp="1488878873054" record_key="EXTRA_war_machines">
<name>EXTRA_war_machines</name>
<order>91</order>
</animation_categories>
<animation_categories record_uuid="{dcba8a44-9af5-4678-a5e3-4eb56fb6da68}" record_timestamp="1487955658372" record_key="GIANTS_stance_normal">
<name>GIANTS_stance_normal</name>
<order>6</order>
</animation_categories>
<animation_categories record_uuid="{db7eeece-3240-47f1-85cb-98c5a20a9719}" record_timestamp="1488878873062" record_key="additional_rider_shield_up">
<name>additional_rider_shield_up</name>
<order>1030</order>
</animation_categories>
<animation_categories record_uuid="{52140b87-8de9-4cd0-b128-7f3cfe961c69}" record_timestamp="1488878873062" record_key="additional_stance_shield_up">
<name>additional_stance_shield_up</name>
<order>1010</order>
</animation_categories>
<animation_categories record_uuid="{77fae992-10b5-4099-8565-b61b68453b41}" record_timestamp="1488878873005" record_key="additonal_magic">
<name>additonal_magic</name>
<order>1040</order>
</animation_categories>
<animation_categories record_uuid="{510d32f0-9485-46b5-84fe-132005f9045c}" record_timestamp="1438854482961" record_key="artillery_crew">
<name>artillery_crew</name>
<order>95</order>
</animation_categories>
<animation_categories record_uuid="{361b2d6c-0985-434e-ae37-c8e46ff2286e}" record_timestamp="1487955653301" record_key="autonomous_rider_attack">
<name>autonomous_rider_attack</name>
<order>18</order>
</animation_categories>
<animation_categories record_uuid="{0ac956dc-afbd-4677-83a7-b87213bcee37}" record_timestamp="1438854482729" record_key="celebrate">
<name>celebrate</name>
<order>75</order>
</animation_categories>
<animation_categories record_uuid="{e7af369b-94ee-4093-b70b-119e767f54bf}" record_timestamp="1438854482796" record_key="climb">
<name>climb</name>
<order>80</order>
</animation_categories>
<animation_categories record_uuid="{93347fbc-279a-45e9-93b4-5116758109da}" record_timestamp="1438854478250" record_key="combat">
<name>combat</name>
<order>15</order>
</animation_categories>
<animation_categories record_uuid="{95a28542-b5e8-4d98-b6cf-ac4c3fc0cf7e}" record_timestamp="1438854485436" record_key="deaths">
<name>deaths</name>
<order>35</order>
</animation_categories>
<animation_categories record_uuid="{258ac4ce-6bf4-47ca-8088-3941d14d1952}" record_timestamp="1400148453715" record_key="face">
<name>face</name>
<order>3</order>
</animation_categories>
<animation_categories record_uuid="{d192ace3-62dc-44b0-8c8b-80a0eaed57ac}" record_timestamp="1438854483088" record_key="flying_combat">
<name>flying_combat</name>
<order>105</order>
</animation_categories>
<animation_categories record_uuid="{be6e3203-6bb9-480b-8c12-b6c4a70c35e4}" record_timestamp="1400148453707" record_key="hands">
<name>hands</name>
<order>2</order>
</animation_categories>
<animation_categories record_uuid="{ec0b97d5-10ff-4b24-876b-17bd4054c168}" record_timestamp="1438854485115" record_key="hit_reactions">
<name>hit_reactions</name>
<order>20</order>
</animation_categories>
<animation_categories record_uuid="{1a4dc26a-20a5-4bc2-b25f-859433a0cb3f}" record_timestamp="1438854482859" record_key="jump_falls">
<name>jump_falls</name>
<order>85</order>
</animation_categories>
<animation_categories record_uuid="{7d0feb06-400a-4531-a859-655744d34376}" record_timestamp="1438854485209" record_key="knockback">
<name>knockback</name>
<order>25</order>
</animation_categories>
<animation_categories record_uuid="{41e81073-3788-45b7-8da2-cf02bc3d72d7}" record_timestamp="1438854485364" record_key="knockdown">
<name>knockdown</name>
<order>30</order>
</animation_categories>
<animation_categories record_uuid="{86e49af5-e79c-47e2-b729-f2212b355346}" record_timestamp="1394821307215" record_key="mandatory">
<name>mandatory</name>
<order>0</order>
</animation_categories>
<animation_categories record_uuid="{25283b74-b5f8-4a1d-b0ab-331c7573dc77}" record_timestamp="1487955640069" record_key="matched_combat">
<name>matched_combat</name>
<order>17</order>
</animation_categories>
<animation_categories record_uuid="{ab4b2068-5a24-4fed-b4e4-c6f6c0ba840a}" record_timestamp="1491837445909" record_key="matched_rider_combat">
<name>matched_rider_combat</name>
<order>212</order>
</animation_categories>
<animation_categories record_uuid="{fc00e19c-9a33-4ad0-96c5-001a4bd1760e}" record_timestamp="1438854485805" record_key="missile_attack">
<name>missile_attack</name>
<order>60</order>
</animation_categories>
<animation_categories record_uuid="{a57ac83d-c03f-4f13-ad02-9aa70e8f7468}" record_timestamp="1487955638682" record_key="movement">
<name>movement</name>
<order>8</order>
</animation_categories>
<animation_categories record_uuid="{e1ac58c3-121c-4d82-8c8a-e5bcef10b702}" record_timestamp="1488878873003" record_key="not_used">
<name>not_used</name>
<order>10000</order>
</animation_categories>
<animation_categories record_uuid="{04937ac3-c7df-4181-a187-93348de43753}" record_timestamp="1439308415019" record_key="porthole">
<name>porthole</name>
<order>4</order>
</animation_categories>
<animation_categories record_uuid="{d4f7838a-b9a6-48a4-a5a5-3b3408d527dc}" record_timestamp="1484242806589" record_key="refuse">
<name>refuse</name>
<order>1020</order>
</animation_categories>
<animation_categories record_uuid="{9208fcce-7888-486d-8ae9-a12c5fc5c060}" record_timestamp="1438854486499" record_key="rider_celebrate">
<name>rider_celebrate</name>
<order>240</order>
</animation_categories>
<animation_categories record_uuid="{ad54e9f6-3a90-4138-b282-c6e6051a4732}" record_timestamp="1438854483320" record_key="rider_combat">
<name>rider_combat</name>
<order>210</order>
</animation_categories>
<animation_categories record_uuid="{4455a8e1-66fc-4c12-a5ac-72cc5b940647}" record_timestamp="1438854483247" record_key="rider_combat_ready">
<name>rider_combat_ready</name>
<order>205</order>
</animation_categories>
<animation_categories record_uuid="{26a50b14-64dc-4e31-8377-6f82944a3092}" record_timestamp="1438854486309" record_key="rider_deaths">
<name>rider_deaths</name>
<order>225</order>
</animation_categories>
<animation_categories record_uuid="{40988207-8d17-4300-8631-4f331e9f97c3}" record_timestamp="1438854486551" record_key="rider_flying">
<name>rider_flying</name>
<order>245</order>
</animation_categories>
<animation_categories record_uuid="{a489116b-fa52-43fc-8dad-c95e8a60b27f}" record_timestamp="1438854486603" record_key="rider_flying_combat">
<name>rider_flying_combat</name>
<order>250</order>
</animation_categories>
<animation_categories record_uuid="{1d0b862b-4ed8-4776-95ae-8cdbeaf24983}" record_timestamp="1488878873058" record_key="rider_flying_death">
<name>rider_flying_death</name>
<order>246</order>
</animation_categories>
<animation_categories record_uuid="{2d8d4be2-b250-4735-8d56-926bd84307ac}" record_timestamp="1438854486361" record_key="rider_missile_attack">
<name>rider_missile_attack</name>
<order>230</order>
</animation_categories>
<animation_categories record_uuid="{83799a6c-80ed-4717-91c1-2ff8ec5bc600}" record_timestamp="1438854483195" record_key="rider_normal">
<name>rider_normal</name>
<order>200</order>
</animation_categories>
<animation_categories record_uuid="{92c88c01-ec6e-4b23-8194-8b4e2d6f02ef}" record_timestamp="1484675089600" record_key="rider_refuse">
<name>rider_refuse</name>
<order>1030</order>
</animation_categories>
<animation_categories record_uuid="{69ba0990-4b2d-460a-856b-787e502b0501}" record_timestamp="1438854486439" record_key="rider_spellcasting">
<name>rider_spellcasting</name>
<order>235</order>
</animation_categories>
<animation_categories record_uuid="{53c92544-0eaa-4c05-b7b2-e87ecf6be448}" record_timestamp="1438854485909" record_key="spellcasting">
<name>spellcasting</name>
<order>70</order>
</animation_categories>
<animation_categories record_uuid="{0901a8fe-0b23-48b2-86f2-3e3d96cc811f}" record_timestamp="1488878873057" record_key="spellcasting_flying_creatures">
<name>spellcasting_flying_creatures</name>
<order>71</order>
</animation_categories>
<animation_categories record_uuid="{c597137e-4a4c-4ad6-a813-f89597fad09d}" record_timestamp="1394821801224" record_key="stance_combat_ready">
<name>stance_combat_ready</name>
<order>10</order>
</animation_categories>
<animation_categories record_uuid="{898d7fdf-6b8a-4a2d-8ba2-be3603bc888b}" record_timestamp="1438854483036" record_key="stance_flying">
<name>stance_flying</name>
<order>100</order>
</animation_categories>
<animation_categories record_uuid="{25ea1e04-2d37-4e75-89e0-53cde4fec006}" record_timestamp="1488878873006" record_key="stance_flying_death">
<name>stance_flying_death</name>
<order>101</order>
</animation_categories>
<animation_categories record_uuid="{27fc00dd-e770-4684-ba19-bb849e61c009}" record_timestamp="1483723433060" record_key="stance_no_weapon">
<name>stance_no_weapon</name>
<order>1010</order>
</animation_categories>
<animation_categories record_uuid="{b8750346-a8a0-40f8-b460-f81ea4558615}" record_timestamp="1438854478192" record_key="stance_normal">
<name>stance_normal</name>
<order>5</order>
</animation_categories>
<animation_categories record_uuid="{c90aacaa-5a2e-4201-90c2-f317dcea6d69}" record_timestamp="1438854485503" record_key="stance_shoot">
<name>stance_shoot</name>
<order>40</order>
</animation_categories>
<animation_categories record_uuid="{b54ecf50-1b04-41c8-aff4-46d564ce1cd7}" record_timestamp="1438854485752" record_key="stance_shoot_death">
<name>stance_shoot_death</name>
<order>55</order>
</animation_categories>
<animation_categories record_uuid="{37d266b9-609d-4dac-93aa-a25ce547b965}" record_timestamp="1438854485648" record_key="stance_shoot_hit_reactions">
<name>stance_shoot_hit_reactions</name>
<order>50</order>
</animation_categories>
<animation_categories record_uuid="{19e42390-5882-41e8-9333-4d3f57e58860}" record_timestamp="1438854482911" record_key="war_machines">
<name>war_machines</name>
<order>90</order>
</animation_categories>
<animation_categories record_uuid="{d7858530-205a-4d3a-8188-75ad9d3a11b1}" record_timestamp="1400148453698" record_key="weapon_docking">
<name>weapon_docking</name>
<order>1</order>
</animation_categories>
</dataroot>
