<?xml version="1.0" encoding="UTF-8"?>
<dataroot xmlns:od="urn:schemas-microsoft-com:officedata" xmlns:xsi="http://www.w3.org/2001/XMLSchema-instance" xsi:noNamespaceSchemaLocation="animation_set_prebattle_group_view_configurations.xsd" export_time="Mon Dec 4 09:29:38 2017" revision="31" export_branch="T:/" export_user="bob">
<edit_uuid>d48e0d67-11b2-485e-80ef-805558fbf042</edit_uuid>
<animation_set_prebattle_group_view_configurations record_uuid="{4ec97d46-fa06-4d56-af2c-c5ca2d45444e}" record_timestamp="1482362519922" record_key="big_charactersbig_characters">
<attacker>big_characters</attacker>
<camera_distance>6.300000190734863</camera_distance>
<camera_height>6</camera_height>
<defender>big_characters</defender>
<scale>1</scale>
<separation>-1</separation>
</animation_set_prebattle_group_view_configurations>
<animation_set_prebattle_group_view_configurations record_uuid="{904d5d89-4eb3-4496-96df-b152d4b5769b}" record_timestamp="1499182273909" record_key="big_characterschariots">
<attacker>big_characters</attacker>
<camera_distance>10</camera_distance>
<camera_height>7</camera_height>
<defender>chariots</defender>
<scale>1</scale>
<separation>-3.5</separation>
</animation_set_prebattle_group_view_configurations>
<animation_set_prebattle_group_view_configurations record_uuid="{43581e5c-e69d-43f6-b470-7d7c58987750}" record_timestamp="1482362519911" record_key="big_characterscorpse_cart">
<attacker>big_characters</attacker>
<camera_distance>10</camera_distance>
<camera_height>7</camera_height>
<defender>corpse_cart</defender>
<scale>0.800000011920929</scale>
<separation>-2.5</separation>
</animation_set_prebattle_group_view_configurations>
<animation_set_prebattle_group_view_configurations record_uuid="{f5d8b5f1-c44a-4a3f-929b-5bd541378bf8}" record_timestamp="1482362519910" record_key="big_charactersdefault">
<attacker>big_characters</attacker>
<camera_distance>6.300000190734863</camera_distance>
<camera_height>6</camera_height>
<defender>default</defender>
<scale>0.800000011920929</scale>
<separation>-1</separation>
</animation_set_prebattle_group_view_configurations>
<animation_set_prebattle_group_view_configurations record_uuid="{bf0ec8d6-b7bf-4c1d-a385-0f7b7c7a2d9e}" record_timestamp="1482362519909" record_key="big_charactersdefault_mounted">
<attacker>big_characters</attacker>
<camera_distance>6.300000190734863</camera_distance>
<camera_height>6</camera_height>
<defender>default_mounted</defender>
<scale>0.800000011920929</scale>
<separation>-1.2000000476837158</separation>
</animation_set_prebattle_group_view_configurations>
<animation_set_prebattle_group_view_configurations record_uuid="{b6e868fd-a99b-4175-95f9-89db2e55af00}" record_timestamp="1482362519909" record_key="big_charactersdragon">
<attacker>big_characters</attacker>
<camera_distance>6.300000190734863</camera_distance>
<camera_height>6</camera_height>
<defender>dragon</defender>
<scale>0.800000011920929</scale>
<separation>-3</separation>
</animation_set_prebattle_group_view_configurations>
<animation_set_prebattle_group_view_configurations record_uuid="{4d721f5f-30b7-4354-b712-3e6542d0f498}" record_timestamp="1496749234115" record_key="big_charactersenormous">
<attacker>big_characters</attacker>
<camera_distance>12</camera_distance>
<camera_height>8</camera_height>
<defender>enormous</defender>
<scale>0.800000011920929</scale>
<separation>-3.5999999046325684</separation>
</animation_set_prebattle_group_view_configurations>
<animation_set_prebattle_group_view_configurations record_uuid="{53e04725-665c-429a-a811-95c279edf874}" record_timestamp="1499073302519" record_key="big_charactersgiant">
<attacker>big_characters</attacker>
<camera_distance>9</camera_distance>
<camera_height>9</camera_height>
<defender>giant</defender>
<scale>0.800000011920929</scale>
<separation>-2.5</separation>
</animation_set_prebattle_group_view_configurations>
<animation_set_prebattle_group_view_configurations record_uuid="{e2d56301-ecf8-42e4-ae2c-02d7f4713ea4}" record_timestamp="1499182274157" record_key="big_characterslarge">
<attacker>big_characters</attacker>
<camera_distance>8</camera_distance>
<camera_height>10</camera_height>
<defender>large</defender>
<scale>1</scale>
<separation>-3</separation>
</animation_set_prebattle_group_view_configurations>
<animation_set_prebattle_group_view_configurations record_uuid="{6e351ef3-fb4e-43b2-b7e6-c1540caccd6d}" record_timestamp="1482362519923" record_key="big_characterssettlements">
<attacker>big_characters</attacker>
<camera_distance>6.300000190734863</camera_distance>
<camera_height>6</camera_height>
<defender>settlements</defender>
<scale>-1</scale>
<separation>-0.699999988079071</separation>
</animation_set_prebattle_group_view_configurations>
<animation_set_prebattle_group_view_configurations record_uuid="{cb63fd33-f7a3-4491-84d1-e036ff6e7f0e}" record_timestamp="1482362519923" record_key="big_characterssmall">
<attacker>big_characters</attacker>
<camera_distance>6.300000190734863</camera_distance>
<camera_height>6</camera_height>
<defender>small</defender>
<scale>0.800000011920929</scale>
<separation>-1.2999999523162842</separation>
</animation_set_prebattle_group_view_configurations>
<animation_set_prebattle_group_view_configurations record_uuid="{f6ee8cd2-3ab6-459f-9658-d675007607d1}" record_timestamp="1499182273922" record_key="chariotsbig_characters">
<attacker>chariots</attacker>
<camera_distance>10</camera_distance>
<camera_height>7</camera_height>
<defender>big_characters</defender>
<scale>1</scale>
<separation>-3.5</separation>
</animation_set_prebattle_group_view_configurations>
<animation_set_prebattle_group_view_configurations record_uuid="{fde456e0-63df-4925-9ca4-974401bf9298}" record_timestamp="1499182274130" record_key="chariotschariots">
<attacker>chariots</attacker>
<camera_distance>14</camera_distance>
<camera_height>10</camera_height>
<defender>chariots</defender>
<scale>0.800000011920929</scale>
<separation>-6</separation>
</animation_set_prebattle_group_view_configurations>
<animation_set_prebattle_group_view_configurations record_uuid="{2bf31eef-0946-4585-bbbb-fe91c3894e2f}" record_timestamp="1474903529050" record_key="chariotscorpse_cart">
<attacker>chariots</attacker>
<camera_distance>13</camera_distance>
<camera_height>9</camera_height>
<defender>corpse_cart</defender>
<scale>1</scale>
<separation>-5.099999904632568</separation>
</animation_set_prebattle_group_view_configurations>
<animation_set_prebattle_group_view_configurations record_uuid="{90ae103d-7288-4c0c-b38f-faaa3c2557fd}" record_timestamp="1499859276480" record_key="chariotsdefault">
<attacker>chariots</attacker>
<camera_distance>10</camera_distance>
<camera_height>8</camera_height>
<defender>default</defender>
<scale>0.800000011920929</scale>
<separation>-4.199999809265137</separation>
</animation_set_prebattle_group_view_configurations>
<animation_set_prebattle_group_view_configurations record_uuid="{5ada53ca-d737-4a67-a27e-7cfdab44c7cd}" record_timestamp="1499859091921" record_key="chariotsdefault_mounted">
<attacker>chariots</attacker>
<camera_distance>10</camera_distance>
<camera_height>8</camera_height>
<defender>default_mounted</defender>
<scale>0.800000011920929</scale>
<separation>-4.400000095367432</separation>
</animation_set_prebattle_group_view_configurations>
<animation_set_prebattle_group_view_configurations record_uuid="{465ee581-f4c5-4cae-95b7-7ee47b55c967}" record_timestamp="1512379778044" record_key="chariotsdragon">
<attacker>chariots</attacker>
<camera_distance>13</camera_distance>
<camera_height>9</camera_height>
<defender>dragon</defender>
<scale>1</scale>
<separation>-6</separation>
</animation_set_prebattle_group_view_configurations>
<animation_set_prebattle_group_view_configurations record_uuid="{c71dd0c0-0a5b-4b9f-a3a6-44f4ba0dd28e}" record_timestamp="1496749234123" record_key="chariotsenormous">
<attacker>chariots</attacker>
<camera_distance>12</camera_distance>
<camera_height>8</camera_height>
<defender>enormous</defender>
<scale>1</scale>
<separation>-3.5999999046325684</separation>
</animation_set_prebattle_group_view_configurations>
<animation_set_prebattle_group_view_configurations record_uuid="{b4ce0b9d-4970-42e3-9cef-1cc445e80317}" record_timestamp="1499182274693" record_key="chariotsgiant">
<attacker>chariots</attacker>
<camera_distance>12</camera_distance>
<camera_height>10</camera_height>
<defender>giant</defender>
<scale>0.800000011920929</scale>
<separation>-4.400000095367432</separation>
</animation_set_prebattle_group_view_configurations>
<animation_set_prebattle_group_view_configurations record_uuid="{53b97a34-4f3b-45b6-83e1-6cf5ede6ab2f}" record_timestamp="1470837435133" record_key="chariotslarge">
<attacker>chariots</attacker>
<camera_distance>13</camera_distance>
<camera_height>6</camera_height>
<defender>large</defender>
<scale>1</scale>
<separation>-5.099999904632568</separation>
</animation_set_prebattle_group_view_configurations>
<animation_set_prebattle_group_view_configurations record_uuid="{6c342d39-134d-43ff-8072-02bc66a11f25}" record_timestamp="1499182273885" record_key="chariotssettlements">
<attacker>chariots</attacker>
<camera_distance>8</camera_distance>
<camera_height>6</camera_height>
<defender>settlements</defender>
<scale>-1</scale>
<separation>-4.5</separation>
</animation_set_prebattle_group_view_configurations>
<animation_set_prebattle_group_view_configurations record_uuid="{04bd6b7a-c0e0-4645-9fc5-9107e514bfb3}" record_timestamp="1499859091971" record_key="chariotssmall">
<attacker>chariots</attacker>
<camera_distance>10</camera_distance>
<camera_height>8</camera_height>
<defender>small</defender>
<scale>0.800000011920929</scale>
<separation>-3.799999952316284</separation>
</animation_set_prebattle_group_view_configurations>
<animation_set_prebattle_group_view_configurations record_uuid="{129c4a2a-ae31-4eca-aa00-16961398b109}" record_timestamp="1482362519921" record_key="corpse_cartbig_characters">
<attacker>corpse_cart</attacker>
<camera_distance>10</camera_distance>
<camera_height>7</camera_height>
<defender>big_characters</defender>
<scale>0.800000011920929</scale>
<separation>-2.5</separation>
</animation_set_prebattle_group_view_configurations>
<animation_set_prebattle_group_view_configurations record_uuid="{6f296b01-8ebc-4e1e-b85e-c3ca1e524ff9}" record_timestamp="1474903529049" record_key="corpse_cartchariots">
<attacker>corpse_cart</attacker>
<camera_distance>13</camera_distance>
<camera_height>9</camera_height>
<defender>chariots</defender>
<scale>1</scale>
<separation>-5.099999904632568</separation>
</animation_set_prebattle_group_view_configurations>
<animation_set_prebattle_group_view_configurations record_uuid="{78f1a63a-6b9a-4990-b00e-844e8e50012f}" record_timestamp="1499182273535" record_key="corpse_cartcorpse_cart">
<attacker>corpse_cart</attacker>
<camera_distance>10</camera_distance>
<camera_height>8</camera_height>
<defender>corpse_cart</defender>
<scale>0.800000011920929</scale>
<separation>-3.5999999046325684</separation>
</animation_set_prebattle_group_view_configurations>
<animation_set_prebattle_group_view_configurations record_uuid="{e9bde390-b650-47c4-993d-6320b94ae5d2}" record_timestamp="1474903529038" record_key="corpse_cartdefault">
<attacker>corpse_cart</attacker>
<camera_distance>10</camera_distance>
<camera_height>7</camera_height>
<defender>default</defender>
<scale>0.800000011920929</scale>
<separation>-2.5</separation>
</animation_set_prebattle_group_view_configurations>
<animation_set_prebattle_group_view_configurations record_uuid="{ef3ea15f-d59e-4bbf-8c48-ca38d449ad6c}" record_timestamp="1474903529041" record_key="corpse_cartdefault_mounted">
<attacker>corpse_cart</attacker>
<camera_distance>10</camera_distance>
<camera_height>7</camera_height>
<defender>default_mounted</defender>
<scale>0.800000011920929</scale>
<separation>-2.5</separation>
</animation_set_prebattle_group_view_configurations>
<animation_set_prebattle_group_view_configurations record_uuid="{046fed29-07b7-4620-b2d3-7887dae8f23d}" record_timestamp="1474903528624" record_key="corpse_cartdragon">
<attacker>corpse_cart</attacker>
<camera_distance>13</camera_distance>
<camera_height>9</camera_height>
<defender>dragon</defender>
<scale>1</scale>
<separation>-5</separation>
</animation_set_prebattle_group_view_configurations>
<animation_set_prebattle_group_view_configurations record_uuid="{011339fc-337f-4442-9b00-6e55ebb04518}" record_timestamp="1474903529052" record_key="corpse_cartenormous">
<attacker>corpse_cart</attacker>
<camera_distance>13</camera_distance>
<camera_height>9</camera_height>
<defender>enormous</defender>
<scale>1</scale>
<separation>-5</separation>
</animation_set_prebattle_group_view_configurations>
<animation_set_prebattle_group_view_configurations record_uuid="{e8573a1b-541b-4162-9a7e-87d8b12d5d97}" record_timestamp="1499073302914" record_key="corpse_cartgiant">
<attacker>corpse_cart</attacker>
<camera_distance>10</camera_distance>
<camera_height>10</camera_height>
<defender>giant</defender>
<scale>0.800000011920929</scale>
<separation>-3.5</separation>
</animation_set_prebattle_group_view_configurations>
<animation_set_prebattle_group_view_configurations record_uuid="{caf31cd2-5061-4cf4-8be9-09497dd96024}" record_timestamp="1499073302448" record_key="corpse_cartlarge">
<attacker>corpse_cart</attacker>
<camera_distance>10</camera_distance>
<camera_height>10</camera_height>
<defender>large</defender>
<scale>1</scale>
<separation>-4</separation>
</animation_set_prebattle_group_view_configurations>
<animation_set_prebattle_group_view_configurations record_uuid="{d5299c9b-5059-4efd-9b80-c1b0aa432e8c}" record_timestamp="1499182273897" record_key="corpse_cartsettlements">
<attacker>corpse_cart</attacker>
<camera_distance>10</camera_distance>
<camera_height>3</camera_height>
<defender>settlements</defender>
<scale>-1</scale>
<separation>-3.5</separation>
</animation_set_prebattle_group_view_configurations>
<animation_set_prebattle_group_view_configurations record_uuid="{0ca63260-542d-4333-a457-ce8f3788744d}" record_timestamp="1474903529043" record_key="corpse_cartsmall">
<attacker>corpse_cart</attacker>
<camera_distance>10</camera_distance>
<camera_height>7</camera_height>
<defender>small</defender>
<scale>0.800000011920929</scale>
<separation>-2.5</separation>
</animation_set_prebattle_group_view_configurations>
<animation_set_prebattle_group_view_configurations record_uuid="{b5eef25f-c879-4371-97bc-1af17e2fb71b}" record_timestamp="1482362519920" record_key="default_mountedbig_characters">
<attacker>default_mounted</attacker>
<camera_distance>6.300000190734863</camera_distance>
<camera_height>6</camera_height>
<defender>big_characters</defender>
<scale>0.800000011920929</scale>
<separation>-1.2000000476837158</separation>
</animation_set_prebattle_group_view_configurations>
<animation_set_prebattle_group_view_configurations record_uuid="{ca73311d-b5b9-4e5a-a98a-dd12d9b65026}" record_timestamp="1499859091935" record_key="default_mountedchariots">
<attacker>default_mounted</attacker>
<camera_distance>10</camera_distance>
<camera_height>8</camera_height>
<defender>chariots</defender>
<scale>0.800000011920929</scale>
<separation>-4.400000095367432</separation>
</animation_set_prebattle_group_view_configurations>
<animation_set_prebattle_group_view_configurations record_uuid="{3e19ee88-65e4-4d9a-a949-11a830f56e27}" record_timestamp="1474903529047" record_key="default_mountedcorpse_cart">
<attacker>default_mounted</attacker>
<camera_distance>10</camera_distance>
<camera_height>7</camera_height>
<defender>corpse_cart</defender>
<scale>0.800000011920929</scale>
<separation>-2.5</separation>
</animation_set_prebattle_group_view_configurations>
<animation_set_prebattle_group_view_configurations record_uuid="{50326fd2-da11-436d-badd-54ff277308da}" record_timestamp="1453915767701" record_key="default_mounteddefault">
<attacker>default_mounted</attacker>
<camera_distance>6.300000190734863</camera_distance>
<camera_height>6</camera_height>
<defender>default</defender>
<scale>1</scale>
<separation>-1.2000000476837158</separation>
</animation_set_prebattle_group_view_configurations>
<animation_set_prebattle_group_view_configurations record_uuid="{289321a3-1957-49bb-8e23-56196d55c8ab}" record_timestamp="1457598827923" record_key="default_mounteddefault_mounted">
<attacker>default_mounted</attacker>
<camera_distance>6.300000190734863</camera_distance>
<camera_height>6</camera_height>
<defender>default_mounted</defender>
<scale>1</scale>
<separation>-1.7999999523162842</separation>
</animation_set_prebattle_group_view_configurations>
<animation_set_prebattle_group_view_configurations record_uuid="{b5332a25-e609-464a-9949-671ea1b20f14}" record_timestamp="1499073303330" record_key="default_mounteddragon">
<attacker>default_mounted</attacker>
<camera_distance>10</camera_distance>
<camera_height>9</camera_height>
<defender>dragon</defender>
<scale>0.800000011920929</scale>
<separation>-4.800000190734863</separation>
</animation_set_prebattle_group_view_configurations>
<animation_set_prebattle_group_view_configurations record_uuid="{2abe8dda-5b8a-4d86-89c9-4b6753a5d0b3}" record_timestamp="1496749234132" record_key="default_mountedenormous">
<attacker>default_mounted</attacker>
<camera_distance>12</camera_distance>
<camera_height>8</camera_height>
<defender>enormous</defender>
<scale>0.800000011920929</scale>
<separation>-3.5999999046325684</separation>
</animation_set_prebattle_group_view_configurations>
<animation_set_prebattle_group_view_configurations record_uuid="{5c9f1d25-5222-4a62-9f18-f79b99743ba3}" record_timestamp="1499073302670" record_key="default_mountedgiant">
<attacker>default_mounted</attacker>
<camera_distance>9</camera_distance>
<camera_height>9</camera_height>
<defender>giant</defender>
<scale>0.800000011920929</scale>
<separation>-2.5</separation>
</animation_set_prebattle_group_view_configurations>
<animation_set_prebattle_group_view_configurations record_uuid="{f3a01851-93a7-4a89-a278-a8d9d5e54535}" record_timestamp="1499182274368" record_key="default_mountedlarge">
<attacker>default_mounted</attacker>
<camera_distance>8</camera_distance>
<camera_height>10</camera_height>
<defender>large</defender>
<scale>1</scale>
<separation>-3</separation>
</animation_set_prebattle_group_view_configurations>
<animation_set_prebattle_group_view_configurations record_uuid="{0d993075-8608-45f2-b708-1bc71eddd6f8}" record_timestamp="1499182273493" record_key="default_mountedsettlements">
<attacker>default_mounted</attacker>
<camera_distance>6.300000190734863</camera_distance>
<camera_height>6</camera_height>
<defender>settlements</defender>
<scale>-1</scale>
<separation>-1.5</separation>
</animation_set_prebattle_group_view_configurations>
<animation_set_prebattle_group_view_configurations record_uuid="{78b45dfd-ad1f-404e-811b-6110efa729a2}" record_timestamp="1453915767768" record_key="default_mountedsmall">
<attacker>default_mounted</attacker>
<camera_distance>6.300000190734863</camera_distance>
<camera_height>6</camera_height>
<defender>small</defender>
<scale>1</scale>
<separation>-1.2999999523162842</separation>
</animation_set_prebattle_group_view_configurations>
<animation_set_prebattle_group_view_configurations record_uuid="{eac0d95d-d917-437a-8dbf-40599d0115f8}" record_timestamp="1482362519920" record_key="defaultbig_characters">
<attacker>default</attacker>
<camera_distance>6.300000190734863</camera_distance>
<camera_height>6</camera_height>
<defender>big_characters</defender>
<scale>0.800000011920929</scale>
<separation>-1</separation>
</animation_set_prebattle_group_view_configurations>
<animation_set_prebattle_group_view_configurations record_uuid="{7ca70ae9-5ff1-48aa-becb-733bbd7463f6}" record_timestamp="1499859276487" record_key="defaultchariots">
<attacker>default</attacker>
<camera_distance>10</camera_distance>
<camera_height>8</camera_height>
<defender>chariots</defender>
<scale>0.800000011920929</scale>
<separation>-4.199999809265137</separation>
</animation_set_prebattle_group_view_configurations>
<animation_set_prebattle_group_view_configurations record_uuid="{6aa38431-3916-4708-9c2c-17ac56059285}" record_timestamp="1474903529038" record_key="defaultcorpse_cart">
<attacker>default</attacker>
<camera_distance>10</camera_distance>
<camera_height>7</camera_height>
<defender>corpse_cart</defender>
<scale>0.800000011920929</scale>
<separation>-2.5</separation>
</animation_set_prebattle_group_view_configurations>
<animation_set_prebattle_group_view_configurations record_uuid="{764baeb3-950f-46a2-92df-ef5668ef8948}" record_timestamp="1453915767609" record_key="defaultdefault">
<attacker>default</attacker>
<camera_distance>6.300000190734863</camera_distance>
<camera_height>6</camera_height>
<defender>default</defender>
<scale>1</scale>
<separation>-1</separation>
</animation_set_prebattle_group_view_configurations>
<animation_set_prebattle_group_view_configurations record_uuid="{dfec3065-2d2b-46da-8209-a3c8a281eccc}" record_timestamp="1453915767636" record_key="defaultdefault_mounted">
<attacker>default</attacker>
<camera_distance>6.300000190734863</camera_distance>
<camera_height>6</camera_height>
<defender>default_mounted</defender>
<scale>1</scale>
<separation>-1.2000000476837158</separation>
</animation_set_prebattle_group_view_configurations>
<animation_set_prebattle_group_view_configurations record_uuid="{238b9006-1a23-43b8-8f0b-20e09aabd4fe}" record_timestamp="1499073303375" record_key="defaultdragon">
<attacker>default</attacker>
<camera_distance>10</camera_distance>
<camera_height>9</camera_height>
<defender>dragon</defender>
<scale>0.800000011920929</scale>
<separation>-3</separation>
</animation_set_prebattle_group_view_configurations>
<animation_set_prebattle_group_view_configurations record_uuid="{86a2c433-da3f-413f-a410-2b18221085be}" record_timestamp="1496749234141" record_key="defaultenormous">
<attacker>default</attacker>
<camera_distance>12</camera_distance>
<camera_height>8</camera_height>
<defender>enormous</defender>
<scale>0.800000011920929</scale>
<separation>-3.5999999046325684</separation>
</animation_set_prebattle_group_view_configurations>
<animation_set_prebattle_group_view_configurations record_uuid="{e563552e-7b0e-4e97-afe6-44afa346a14e}" record_timestamp="1499073302645" record_key="defaultgiant">
<attacker>default</attacker>
<camera_distance>9</camera_distance>
<camera_height>9</camera_height>
<defender>giant</defender>
<scale>0.800000011920929</scale>
<separation>-2.5</separation>
</animation_set_prebattle_group_view_configurations>
<animation_set_prebattle_group_view_configurations record_uuid="{a88f941d-3152-4c6c-a18c-957805fca4f1}" record_timestamp="1499182274440" record_key="defaultlarge">
<attacker>default</attacker>
<camera_distance>8</camera_distance>
<camera_height>10</camera_height>
<defender>large</defender>
<scale>1</scale>
<separation>-2.5999999046325684</separation>
</animation_set_prebattle_group_view_configurations>
<animation_set_prebattle_group_view_configurations record_uuid="{c6d214f7-1bd4-4306-9530-525907c451e7}" record_timestamp="1499182273482" record_key="defaultsettlements">
<attacker>default</attacker>
<camera_distance>6.300000190734863</camera_distance>
<camera_height>6</camera_height>
<defender>settlements</defender>
<scale>-1</scale>
<separation>-1.5</separation>
</animation_set_prebattle_group_view_configurations>
<animation_set_prebattle_group_view_configurations record_uuid="{1394117f-6ca2-4821-9ec9-cf3f26a3e787}" record_timestamp="1453915767689" record_key="defaultsmall">
<attacker>default</attacker>
<camera_distance>6.300000190734863</camera_distance>
<camera_height>6</camera_height>
<defender>small</defender>
<scale>1</scale>
<separation>-1.2999999523162842</separation>
</animation_set_prebattle_group_view_configurations>
<animation_set_prebattle_group_view_configurations record_uuid="{3f408c84-1b50-466b-9b41-0d24e821ba4e}" record_timestamp="1482362519919" record_key="dragonbig_characters">
<attacker>dragon</attacker>
<camera_distance>6.300000190734863</camera_distance>
<camera_height>6</camera_height>
<defender>big_characters</defender>
<scale>0.800000011920929</scale>
<separation>-3</separation>
</animation_set_prebattle_group_view_configurations>
<animation_set_prebattle_group_view_configurations record_uuid="{f8837548-5ca7-4bb0-8efd-ffb6e9872346}" record_timestamp="1512379778039" record_key="dragonchariots">
<attacker>dragon</attacker>
<camera_distance>13</camera_distance>
<camera_height>9</camera_height>
<defender>chariots</defender>
<scale>1</scale>
<separation>-6</separation>
</animation_set_prebattle_group_view_configurations>
<animation_set_prebattle_group_view_configurations record_uuid="{902d7ed4-800c-47d7-a688-325f1f2fd3f5}" record_timestamp="1474903528624" record_key="dragoncorpse_cart">
<attacker>dragon</attacker>
<camera_distance>13</camera_distance>
<camera_height>9</camera_height>
<defender>corpse_cart</defender>
<scale>1</scale>
<separation>-5</separation>
</animation_set_prebattle_group_view_configurations>
<animation_set_prebattle_group_view_configurations record_uuid="{a41a97ab-ab59-4058-a6de-96864c32a9e3}" record_timestamp="1499073303405" record_key="dragondefault">
<attacker>dragon</attacker>
<camera_distance>10</camera_distance>
<camera_height>9</camera_height>
<defender>default</defender>
<scale>0.800000011920929</scale>
<separation>-3</separation>
</animation_set_prebattle_group_view_configurations>
<animation_set_prebattle_group_view_configurations record_uuid="{fac149ac-adcf-4a36-9af9-fe7087624dfc}" record_timestamp="1499073303344" record_key="dragondefault_mounted">
<attacker>dragon</attacker>
<camera_distance>10</camera_distance>
<camera_height>9</camera_height>
<defender>default_mounted</defender>
<scale>0.800000011920929</scale>
<separation>-4.800000190734863</separation>
</animation_set_prebattle_group_view_configurations>
<animation_set_prebattle_group_view_configurations record_uuid="{767f44b5-a61c-4d92-b663-a9a4faed28ce}" record_timestamp="1499073303838" record_key="dragondragon">
<attacker>dragon</attacker>
<camera_distance>14</camera_distance>
<camera_height>11</camera_height>
<defender>dragon</defender>
<scale>0.800000011920929</scale>
<separation>-7.900000095367432</separation>
</animation_set_prebattle_group_view_configurations>
<animation_set_prebattle_group_view_configurations record_uuid="{cadb8c7b-18b4-4e56-889d-f5f7da755cea}" record_timestamp="1496749234150" record_key="dragonenormous">
<attacker>dragon</attacker>
<camera_distance>12</camera_distance>
<camera_height>8</camera_height>
<defender>enormous</defender>
<scale>0.800000011920929</scale>
<separation>-7.199999809265137</separation>
</animation_set_prebattle_group_view_configurations>
<animation_set_prebattle_group_view_configurations record_uuid="{2ce0f3ad-c987-4dec-9718-0b460f84d0ca}" record_timestamp="1499073303609" record_key="dragongiant">
<attacker>dragon</attacker>
<camera_distance>11</camera_distance>
<camera_height>9</camera_height>
<defender>giant</defender>
<scale>0.800000011920929</scale>
<separation>-4.5</separation>
</animation_set_prebattle_group_view_configurations>
<animation_set_prebattle_group_view_configurations record_uuid="{b6ca2b02-8a2a-4f59-b3e2-dae5738f68b3}" record_timestamp="1499073303771" record_key="dragonlarge">
<attacker>dragon</attacker>
<camera_distance>12</camera_distance>
<camera_height>11</camera_height>
<defender>large</defender>
<scale>0.800000011920929</scale>
<separation>-6</separation>
</animation_set_prebattle_group_view_configurations>
<animation_set_prebattle_group_view_configurations record_uuid="{9500d235-72e8-4045-a226-77fd6bbfbfa3}" record_timestamp="1455092206101" record_key="dragonsettlements">
<attacker>dragon</attacker>
<camera_distance>6.300000190734863</camera_distance>
<camera_height>6</camera_height>
<defender>settlements</defender>
<scale>-1</scale>
<separation>-2.5</separation>
</animation_set_prebattle_group_view_configurations>
<animation_set_prebattle_group_view_configurations record_uuid="{1f6f9e71-1994-4bbe-8078-c5fd5ca2de86}" record_timestamp="1499073303210" record_key="dragonsmall">
<attacker>dragon</attacker>
<camera_distance>10</camera_distance>
<camera_height>9</camera_height>
<defender>small</defender>
<scale>0.800000011920929</scale>
<separation>-3</separation>
</animation_set_prebattle_group_view_configurations>
<animation_set_prebattle_group_view_configurations record_uuid="{d1f75d7e-5f93-4a8a-adc9-f70f1de57353}" record_timestamp="1496749234159" record_key="enormousbig_characters">
<attacker>enormous</attacker>
<camera_distance>12</camera_distance>
<camera_height>8</camera_height>
<defender>big_characters</defender>
<scale>0.800000011920929</scale>
<separation>-3.5999999046325684</separation>
</animation_set_prebattle_group_view_configurations>
<animation_set_prebattle_group_view_configurations record_uuid="{6d432207-0921-4a65-a8b7-5a6730dfb31f}" record_timestamp="1499182273946" record_key="enormouschariots">
<attacker>enormous</attacker>
<camera_distance>12</camera_distance>
<camera_height>8</camera_height>
<defender>chariots</defender>
<scale>1</scale>
<separation>-3.5999999046325684</separation>
</animation_set_prebattle_group_view_configurations>
<animation_set_prebattle_group_view_configurations record_uuid="{46069577-1eb0-4f14-ae32-0e709194a2ce}" record_timestamp="1474903529053" record_key="enormouscorpse_cart">
<attacker>enormous</attacker>
<camera_distance>13</camera_distance>
<camera_height>9</camera_height>
<defender>corpse_cart</defender>
<scale>1</scale>
<separation>-5</separation>
</animation_set_prebattle_group_view_configurations>
<animation_set_prebattle_group_view_configurations record_uuid="{6ea92e92-7068-4bf9-8871-a01062bf3871}" record_timestamp="1496749234177" record_key="enormousdefault">
<attacker>enormous</attacker>
<camera_distance>12</camera_distance>
<camera_height>8</camera_height>
<defender>default</defender>
<scale>0.800000011920929</scale>
<separation>-3.5999999046325684</separation>
</animation_set_prebattle_group_view_configurations>
<animation_set_prebattle_group_view_configurations record_uuid="{a5052bd5-9d40-4924-a61f-702849698feb}" record_timestamp="1496749234186" record_key="enormousdefault_mounted">
<attacker>enormous</attacker>
<camera_distance>12</camera_distance>
<camera_height>8</camera_height>
<defender>default_mounted</defender>
<scale>0.800000011920929</scale>
<separation>-3.5999999046325684</separation>
</animation_set_prebattle_group_view_configurations>
<animation_set_prebattle_group_view_configurations record_uuid="{716f6537-6b5d-4752-8f9c-843fcc5d18e8}" record_timestamp="1496749234195" record_key="enormousdragon">
<attacker>enormous</attacker>
<camera_distance>12</camera_distance>
<camera_height>8</camera_height>
<defender>dragon</defender>
<scale>0.800000011920929</scale>
<separation>-7.199999809265137</separation>
</animation_set_prebattle_group_view_configurations>
<animation_set_prebattle_group_view_configurations record_uuid="{0f6739e5-9143-4994-8f8e-6cbc0b724473}" record_timestamp="1496749233984" record_key="enormousenormous">
<attacker>enormous</attacker>
<camera_distance>12</camera_distance>
<camera_height>8</camera_height>
<defender>enormous</defender>
<scale>0.800000011920929</scale>
<separation>-6</separation>
</animation_set_prebattle_group_view_configurations>
<animation_set_prebattle_group_view_configurations record_uuid="{936afdf1-9b78-45c2-bff9-79d7c1b519b3}" record_timestamp="1496749234064" record_key="enormousgiant">
<attacker>enormous</attacker>
<camera_distance>12</camera_distance>
<camera_height>8</camera_height>
<defender>giant</defender>
<scale>0.800000011920929</scale>
<separation>-6</separation>
</animation_set_prebattle_group_view_configurations>
<animation_set_prebattle_group_view_configurations record_uuid="{318687e2-6c46-433a-a8c8-8ef52fe1514b}" record_timestamp="1496749234204" record_key="enormouslarge">
<attacker>enormous</attacker>
<camera_distance>12</camera_distance>
<camera_height>8</camera_height>
<defender>large</defender>
<scale>0.800000011920929</scale>
<separation>-5</separation>
</animation_set_prebattle_group_view_configurations>
<animation_set_prebattle_group_view_configurations record_uuid="{ee3c2d7b-6320-4d58-8581-65e3089c35f5}" record_timestamp="1496749234213" record_key="enormoussettlements">
<attacker>enormous</attacker>
<camera_distance>12</camera_distance>
<camera_height>8</camera_height>
<defender>settlements</defender>
<scale>-1</scale>
<separation>-2.5</separation>
</animation_set_prebattle_group_view_configurations>
<animation_set_prebattle_group_view_configurations record_uuid="{d30bcb89-84ab-4223-a537-bb41b6306246}" record_timestamp="1496749233940" record_key="enormoussmall">
<attacker>enormous</attacker>
<camera_distance>12</camera_distance>
<camera_height>9</camera_height>
<defender>small</defender>
<scale>0.949999988079071</scale>
<separation>-4</separation>
</animation_set_prebattle_group_view_configurations>
<animation_set_prebattle_group_view_configurations record_uuid="{80243767-7a63-419f-aaca-13372bf4ce94}" record_timestamp="1499073302544" record_key="giantbig_characters">
<attacker>giant</attacker>
<camera_distance>9</camera_distance>
<camera_height>9</camera_height>
<defender>big_characters</defender>
<scale>0.800000011920929</scale>
<separation>-2.5</separation>
</animation_set_prebattle_group_view_configurations>
<animation_set_prebattle_group_view_configurations record_uuid="{c77ed378-e30f-45a2-ac7b-14f360873a29}" record_timestamp="1499182274709" record_key="giantchariots">
<attacker>giant</attacker>
<camera_distance>12</camera_distance>
<camera_height>10</camera_height>
<defender>chariots</defender>
<scale>0.800000011920929</scale>
<separation>-4.400000095367432</separation>
</animation_set_prebattle_group_view_configurations>
<animation_set_prebattle_group_view_configurations record_uuid="{45cea5f7-4200-479a-a9c4-f38923b7dffb}" record_timestamp="1499073302927" record_key="giantcorpse_cart">
<attacker>giant</attacker>
<camera_distance>10</camera_distance>
<camera_height>10</camera_height>
<defender>corpse_cart</defender>
<scale>0.800000011920929</scale>
<separation>-3.5</separation>
</animation_set_prebattle_group_view_configurations>
<animation_set_prebattle_group_view_configurations record_uuid="{7b195181-2632-4706-bd2b-8872a80a877d}" record_timestamp="1499073302697" record_key="giantdefault">
<attacker>giant</attacker>
<camera_distance>9</camera_distance>
<camera_height>9</camera_height>
<defender>default</defender>
<scale>0.800000011920929</scale>
<separation>-2.5</separation>
</animation_set_prebattle_group_view_configurations>
<animation_set_prebattle_group_view_configurations record_uuid="{3ae58270-a03d-4465-a142-a1f5b3afaf45}" record_timestamp="1499073302722" record_key="giantdefault_mounted">
<attacker>giant</attacker>
<camera_distance>9</camera_distance>
<camera_height>9</camera_height>
<defender>default_mounted</defender>
<scale>0.800000011920929</scale>
<separation>-2.5</separation>
</animation_set_prebattle_group_view_configurations>
<animation_set_prebattle_group_view_configurations record_uuid="{8c7fe591-8331-4d3b-9e81-72ac4fd69698}" record_timestamp="1499073303625" record_key="giantdragon">
<attacker>giant</attacker>
<camera_distance>11</camera_distance>
<camera_height>9</camera_height>
<defender>dragon</defender>
<scale>0.800000011920929</scale>
<separation>-4.5</separation>
</animation_set_prebattle_group_view_configurations>
<animation_set_prebattle_group_view_configurations record_uuid="{f2514f7f-d0df-4f12-81a1-fc1568d934a3}" record_timestamp="1496749234089" record_key="giantenormous">
<attacker>giant</attacker>
<camera_distance>12</camera_distance>
<camera_height>8</camera_height>
<defender>enormous</defender>
<scale>0.800000011920929</scale>
<separation>-6</separation>
</animation_set_prebattle_group_view_configurations>
<animation_set_prebattle_group_view_configurations record_uuid="{42588aa0-ca27-48ff-8f58-1c7dd12f177a}" record_timestamp="1499073303052" record_key="giantgiant">
<attacker>giant</attacker>
<camera_distance>11</camera_distance>
<camera_height>10</camera_height>
<defender>giant</defender>
<scale>0.800000011920929</scale>
<separation>-3</separation>
</animation_set_prebattle_group_view_configurations>
<animation_set_prebattle_group_view_configurations record_uuid="{442e3b73-5120-43a6-8e25-b4234965eaed}" record_timestamp="1499073302996" record_key="giantlarge">
<attacker>giant</attacker>
<camera_distance>10</camera_distance>
<camera_height>10</camera_height>
<defender>large</defender>
<scale>0.800000011920929</scale>
<separation>-3</separation>
</animation_set_prebattle_group_view_configurations>
<animation_set_prebattle_group_view_configurations record_uuid="{e1d91e84-4a56-4286-a919-60a317df0f07}" record_timestamp="1482352017004" record_key="giantsettlements">
<attacker>giant</attacker>
<camera_distance>6.300000190734863</camera_distance>
<camera_height>6</camera_height>
<defender>settlements</defender>
<scale>-1</scale>
<separation>-1.100000023841858</separation>
</animation_set_prebattle_group_view_configurations>
<animation_set_prebattle_group_view_configurations record_uuid="{a770c3e5-59d3-49c1-a2a7-2fbd8ad2bf20}" record_timestamp="1499073302607" record_key="giantsmall">
<attacker>giant</attacker>
<camera_distance>9</camera_distance>
<camera_height>9</camera_height>
<defender>small</defender>
<scale>0.800000011920929</scale>
<separation>-2.5</separation>
</animation_set_prebattle_group_view_configurations>
<animation_set_prebattle_group_view_configurations record_uuid="{e31796a6-ea30-4d61-9edf-fe2bad821580}" record_timestamp="1499182274184" record_key="largebig_characters">
<attacker>large</attacker>
<camera_distance>8</camera_distance>
<camera_height>10</camera_height>
<defender>big_characters</defender>
<scale>1</scale>
<separation>-3</separation>
</animation_set_prebattle_group_view_configurations>
<animation_set_prebattle_group_view_configurations record_uuid="{d2caf644-b771-4858-9ce9-7087b3a26922}" record_timestamp="1499182273959" record_key="largechariots">
<attacker>large</attacker>
<camera_distance>6.300000190734863</camera_distance>
<camera_height>6</camera_height>
<defender>chariots</defender>
<scale>1</scale>
<separation>-3.5999999046325684</separation>
</animation_set_prebattle_group_view_configurations>
<animation_set_prebattle_group_view_configurations record_uuid="{b0cc66ef-6ace-4e3e-833e-9d0a06bbb807}" record_timestamp="1499073302436" record_key="largecorpse_cart">
<attacker>large</attacker>
<camera_distance>10</camera_distance>
<camera_height>10</camera_height>
<defender>corpse_cart</defender>
<scale>1</scale>
<separation>-4</separation>
</animation_set_prebattle_group_view_configurations>
<animation_set_prebattle_group_view_configurations record_uuid="{b3a00cd2-f841-41b7-851e-a6260406bcb5}" record_timestamp="1499182274468" record_key="largedefault">
<attacker>large</attacker>
<camera_distance>8</camera_distance>
<camera_height>10</camera_height>
<defender>default</defender>
<scale>1</scale>
<separation>-2.5999999046325684</separation>
</animation_set_prebattle_group_view_configurations>
<animation_set_prebattle_group_view_configurations record_uuid="{5ba36ad2-443b-48ca-a354-5540cc80abe8}" record_timestamp="1499182274383" record_key="largedefault_mounted">
<attacker>large</attacker>
<camera_distance>8</camera_distance>
<camera_height>10</camera_height>
<defender>default_mounted</defender>
<scale>1</scale>
<separation>-3</separation>
</animation_set_prebattle_group_view_configurations>
<animation_set_prebattle_group_view_configurations record_uuid="{1582d91e-b83a-41cc-9a08-396bc97d0170}" record_timestamp="1499073303788" record_key="largedragon">
<attacker>large</attacker>
<camera_distance>12</camera_distance>
<camera_height>11</camera_height>
<defender>dragon</defender>
<scale>0.800000011920929</scale>
<separation>-6</separation>
</animation_set_prebattle_group_view_configurations>
<animation_set_prebattle_group_view_configurations record_uuid="{3cebd47f-8ca1-43b6-a0e1-fe6ba2c88295}" record_timestamp="1496749234222" record_key="largeenormous">
<attacker>large</attacker>
<camera_distance>12</camera_distance>
<camera_height>8</camera_height>
<defender>enormous</defender>
<scale>0.800000011920929</scale>
<separation>-5</separation>
</animation_set_prebattle_group_view_configurations>
<animation_set_prebattle_group_view_configurations record_uuid="{917b3eb8-8e8e-447f-803f-9ee8dc591d0f}" record_timestamp="1499073303024" record_key="largegiant">
<attacker>large</attacker>
<camera_distance>10</camera_distance>
<camera_height>10</camera_height>
<defender>giant</defender>
<scale>0.800000011920929</scale>
<separation>-3</separation>
</animation_set_prebattle_group_view_configurations>
<animation_set_prebattle_group_view_configurations record_uuid="{1119ed08-0cf4-4285-a506-8648669c1372}" record_timestamp="1499182274482" record_key="largelarge">
<attacker>large</attacker>
<camera_distance>12</camera_distance>
<camera_height>9</camera_height>
<defender>large</defender>
<scale>1</scale>
<separation>-4.199999809265137</separation>
</animation_set_prebattle_group_view_configurations>
<animation_set_prebattle_group_view_configurations record_uuid="{6647319b-3785-4544-bf79-ae90e097d655}" record_timestamp="1480095372768" record_key="largesettlements">
<attacker>large</attacker>
<camera_distance>6.300000190734863</camera_distance>
<camera_height>6</camera_height>
<defender>settlements</defender>
<scale>-1</scale>
<separation>-2.200000047683716</separation>
</animation_set_prebattle_group_view_configurations>
<animation_set_prebattle_group_view_configurations record_uuid="{a18c9990-258b-46f1-8383-fb32bf02c7d0}" record_timestamp="1499182274268" record_key="largesmall">
<attacker>large</attacker>
<camera_distance>8</camera_distance>
<camera_height>10</camera_height>
<defender>small</defender>
<scale>1</scale>
<separation>-2.200000047683716</separation>
</animation_set_prebattle_group_view_configurations>
<animation_set_prebattle_group_view_configurations record_uuid="{b95ec156-024c-42d1-a4e2-64d473969330}" record_timestamp="1482362519912" record_key="smallbig_characters">
<attacker>small</attacker>
<camera_distance>6.300000190734863</camera_distance>
<camera_height>6</camera_height>
<defender>big_characters</defender>
<scale>0.800000011920929</scale>
<separation>-1.2999999523162842</separation>
</animation_set_prebattle_group_view_configurations>
<animation_set_prebattle_group_view_configurations record_uuid="{00ea2145-e58a-4237-9a57-ee75ab25b034}" record_timestamp="1499859091978" record_key="smallchariots">
<attacker>small</attacker>
<camera_distance>10</camera_distance>
<camera_height>8</camera_height>
<defender>chariots</defender>
<scale>0.800000011920929</scale>
<separation>-3.799999952316284</separation>
</animation_set_prebattle_group_view_configurations>
<animation_set_prebattle_group_view_configurations record_uuid="{7b979169-9ac2-4df2-8e25-cef6f0e7691d}" record_timestamp="1474903529045" record_key="smallcorpse_cart">
<attacker>small</attacker>
<camera_distance>10</camera_distance>
<camera_height>7</camera_height>
<defender>corpse_cart</defender>
<scale>0.800000011920929</scale>
<separation>-2.5</separation>
</animation_set_prebattle_group_view_configurations>
<animation_set_prebattle_group_view_configurations record_uuid="{9d898adb-11ad-447d-a0b0-3c510e2de79c}" record_timestamp="1455792849128" record_key="smalldefault">
<attacker>small</attacker>
<camera_distance>6.300000190734863</camera_distance>
<camera_height>6</camera_height>
<defender>default</defender>
<scale>1</scale>
<separation>-1.2999999523162842</separation>
</animation_set_prebattle_group_view_configurations>
<animation_set_prebattle_group_view_configurations record_uuid="{6b8ebb16-0198-4683-85ee-a6a659a4cd5f}" record_timestamp="1455792849134" record_key="smalldefault_mounted">
<attacker>small</attacker>
<camera_distance>6.300000190734863</camera_distance>
<camera_height>6</camera_height>
<defender>default_mounted</defender>
<scale>1</scale>
<separation>-1.2999999523162842</separation>
</animation_set_prebattle_group_view_configurations>
<animation_set_prebattle_group_view_configurations record_uuid="{f9903465-895c-4934-b47c-d16afa6e26d2}" record_timestamp="1499073303225" record_key="smalldragon">
<attacker>small</attacker>
<camera_distance>10</camera_distance>
<camera_height>9</camera_height>
<defender>dragon</defender>
<scale>0.800000011920929</scale>
<separation>-3</separation>
</animation_set_prebattle_group_view_configurations>
<animation_set_prebattle_group_view_configurations record_uuid="{6c49ee65-0c4e-40e3-98e5-eddb637e2313}" record_timestamp="1496749233952" record_key="smallenormous">
<attacker>small</attacker>
<camera_distance>12</camera_distance>
<camera_height>9</camera_height>
<defender>enormous</defender>
<scale>0.949999988079071</scale>
<separation>-4</separation>
</animation_set_prebattle_group_view_configurations>
<animation_set_prebattle_group_view_configurations record_uuid="{7aeebe6b-cf46-48ef-955e-1139d2a3c264}" record_timestamp="1499073302619" record_key="smallgiant">
<attacker>small</attacker>
<camera_distance>9</camera_distance>
<camera_height>9</camera_height>
<defender>giant</defender>
<scale>0.800000011920929</scale>
<separation>-2.5</separation>
</animation_set_prebattle_group_view_configurations>
<animation_set_prebattle_group_view_configurations record_uuid="{9e7b8e8b-6e4e-4ff2-851b-880b71991923}" record_timestamp="1499182274282" record_key="smalllarge">
<attacker>small</attacker>
<camera_distance>8</camera_distance>
<camera_height>10</camera_height>
<defender>large</defender>
<scale>1</scale>
<separation>-2.200000047683716</separation>
</animation_set_prebattle_group_view_configurations>
<animation_set_prebattle_group_view_configurations record_uuid="{d87d4c14-96c1-4a9d-bd52-1e538543b68d}" record_timestamp="1453915768026" record_key="smallsettlements">
<attacker>small</attacker>
<camera_distance>6.300000190734863</camera_distance>
<camera_height>6</camera_height>
<defender>settlements</defender>
<scale>-1</scale>
<separation>-0.699999988079071</separation>
</animation_set_prebattle_group_view_configurations>
<animation_set_prebattle_group_view_configurations record_uuid="{35014a90-7363-44a8-9198-716a28212255}" record_timestamp="1499182273503" record_key="smallsmall">
<attacker>small</attacker>
<camera_distance>6.300000190734863</camera_distance>
<camera_height>6</camera_height>
<defender>small</defender>
<scale>1</scale>
<separation>-0.800000011920929</separation>
</animation_set_prebattle_group_view_configurations>
</dataroot>
