<?xml version="1.0" encoding="UTF-8"?>
<dataroot xmlns:od="urn:schemas-microsoft-com:officedata" xmlns:xsi="http://www.w3.org/2001/XMLSchema-instance" xsi:noNamespaceSchemaLocation="audio_battle_environment_one_shots.xsd" export_time="Wed Nov 15 08:01:47 2017" revision="21" export_branch="T:/branches/warhammer2/new_tomb/warhammer/binaries.x64" export_user="bob">
<edit_uuid>368211f9-db20-4500-83d1-e1b4ce0914f1</edit_uuid>
<audio_battle_environment_one_shots record_uuid="{a1231881-2669-49a3-82de-a2a6aca9fd35}" record_timestamp="1470836349126" record_key="beastmen_wildlife">
<can_weather_disable>1</can_weather_disable>
<event>Battle_Environment_Beastmen_Wildlife_One_Shot</event>
<max_distance>60</max_distance>
<max_height>40</max_height>
<max_time>6</max_time>
<min_distance>20</min_distance>
<min_height>10</min_height>
<min_time>3</min_time>
<name>beastmen_wildlife</name>
<probability>1</probability>
<required_intensity>0.2</required_intensity>
</audio_battle_environment_one_shots>
<audio_battle_environment_one_shots record_uuid="{3538fe06-bf70-4ccd-8937-7e2c0ecd3bd9}" record_timestamp="1497018184428" record_key="cave_nature_one_shots">
<can_weather_disable>1</can_weather_disable>
<event>Battle_Environment_Cave_Nature_One_Shot</event>
<max_distance>40</max_distance>
<max_height>30</max_height>
<max_time>10</max_time>
<min_distance>20</min_distance>
<min_height>1</min_height>
<min_time>7</min_time>
<name>cave_nature_one_shots</name>
<probability>1</probability>
<required_intensity>0.4</required_intensity>
</audio_battle_environment_one_shots>
<audio_battle_environment_one_shots record_uuid="{74f665e4-9394-489b-aec3-6204fa5c1329}" record_timestamp="1470836349126" record_key="cave_wildlife">
<can_weather_disable>1</can_weather_disable>
<event>Battle_Environment_Cave_Wildlife_One_Shot</event>
<max_distance>60</max_distance>
<max_height>40</max_height>
<max_time>9</max_time>
<min_distance>20</min_distance>
<min_height>10</min_height>
<min_time>6</min_time>
<name>cave_wildlife</name>
<probability>1</probability>
<required_intensity>0.2</required_intensity>
</audio_battle_environment_one_shots>
<audio_battle_environment_one_shots record_uuid="{31da0bef-6158-4981-b65b-979fd09f6997}" record_timestamp="1470836349126" record_key="chaos_wildlife">
<can_weather_disable>1</can_weather_disable>
<event>Battle_Environment_Chaos_Wildlife_One_Shot</event>
<max_distance>60</max_distance>
<max_height>40</max_height>
<max_time>9</max_time>
<min_distance>20</min_distance>
<min_height>10</min_height>
<min_time>6</min_time>
<name>chaos_wildlife</name>
<probability>1</probability>
<required_intensity>0.2</required_intensity>
</audio_battle_environment_one_shots>
<audio_battle_environment_one_shots record_uuid="{496a59c3-d2c3-4b61-9220-cd5fa697ee15}" record_timestamp="1496769953026" record_key="dark_elves_beach_forest_nature_one_shots">
<can_weather_disable>1</can_weather_disable>
<event>Battle_Environment_Dark_Elves_Beach_Forest_Nature_One_Shot</event>
<max_distance>40</max_distance>
<max_height>40</max_height>
<max_time>4</max_time>
<min_distance>20</min_distance>
<min_height>5</min_height>
<min_time>2</min_time>
<name>dark_elves_beach_forest_nature_one_shots</name>
<probability>1</probability>
<required_intensity>0.4</required_intensity>
</audio_battle_environment_one_shots>
<audio_battle_environment_one_shots record_uuid="{654fa6a7-077e-4f71-a836-386d53ed7dc9}" record_timestamp="1496769953028" record_key="dark_elves_beach_forest_wildlife_birds">
<can_weather_disable>1</can_weather_disable>
<event>Battle_Environment_Dark_Elves_Beach_Forest_Wildlife_One_Shot_Birds</event>
<max_distance>40</max_distance>
<max_height>50</max_height>
<max_time>4</max_time>
<min_distance>20</min_distance>
<min_height>1</min_height>
<min_time>2</min_time>
<name>dark_elves_beach_forest_wildlife_birds</name>
<probability>1</probability>
<required_intensity>0.4</required_intensity>
</audio_battle_environment_one_shots>
<audio_battle_environment_one_shots record_uuid="{31a43d34-a43b-46e3-a08c-ffd782a96c89}" record_timestamp="1496769953024" record_key="dark_elves_beach_forest_wildlife_distant">
<can_weather_disable>1</can_weather_disable>
<event>Battle_Environment_Dark_Elves_Beach_Forest_Wildlife_One_Shot_Distant</event>
<max_distance>40</max_distance>
<max_height>50</max_height>
<max_time>4</max_time>
<min_distance>20</min_distance>
<min_height>1</min_height>
<min_time>2</min_time>
<name>dark_elves_beach_forest_wildlife_distant</name>
<probability>1</probability>
<required_intensity>0.4</required_intensity>
</audio_battle_environment_one_shots>
<audio_battle_environment_one_shots record_uuid="{ac7084be-88cb-42be-acaa-45679174d84a}" record_timestamp="1496769953024" record_key="dark_elves_beach_forest_wildlife_insects">
<can_weather_disable>1</can_weather_disable>
<event>Battle_Environment_Dark_Elves_Beach_Forest_Wildlife_One_Shot_Insects</event>
<max_distance>40</max_distance>
<max_height>30</max_height>
<max_time>3</max_time>
<min_distance>20</min_distance>
<min_height>1</min_height>
<min_time>1</min_time>
<name>dark_elves_beach_forest_wildlife_insects</name>
<probability>1</probability>
<required_intensity>0.4</required_intensity>
</audio_battle_environment_one_shots>
<audio_battle_environment_one_shots record_uuid="{2f137b08-1c1f-4fa0-af64-272066aa2978}" record_timestamp="1496769953024" record_key="dark_elves_beach_forest_wildlife_mammals">
<can_weather_disable>1</can_weather_disable>
<event>Battle_Environment_Dark_Elves_Beach_Forest_Wildlife_One_Shot_Mammals</event>
<max_distance>40</max_distance>
<max_height>40</max_height>
<max_time>2</max_time>
<min_distance>20</min_distance>
<min_height>1</min_height>
<min_time>1</min_time>
<name>dark_elves_beach_forest_wildlife_mammals</name>
<probability>1</probability>
<required_intensity>0.4</required_intensity>
</audio_battle_environment_one_shots>
<audio_battle_environment_one_shots record_uuid="{91cdd724-877d-4dd5-b70a-eb9f5e2647e6}" record_timestamp="1496769953024" record_key="dark_elves_beach_primary_wildlife_birds">
<can_weather_disable>1</can_weather_disable>
<event>Battle_Environment_Dark_Elves_Beach_Primary_Wildlife_One_Shot_Birds</event>
<max_distance>100</max_distance>
<max_height>40</max_height>
<max_time>10</max_time>
<min_distance>20</min_distance>
<min_height>10</min_height>
<min_time>5</min_time>
<name>dark_elves_beach_primary_wildlife_birds</name>
<probability>1</probability>
<required_intensity>0.2</required_intensity>
</audio_battle_environment_one_shots>
<audio_battle_environment_one_shots record_uuid="{e3410d8e-9e2b-4a54-be2c-0425544a5c87}" record_timestamp="1496769953024" record_key="dark_elves_beach_primary_wildlife_insects">
<can_weather_disable>1</can_weather_disable>
<event>Battle_Environment_Dark_Elves_Beach_Primary_Wildlife_One_Shot_Insect</event>
<max_distance>60</max_distance>
<max_height>40</max_height>
<max_time>6</max_time>
<min_distance>20</min_distance>
<min_height>10</min_height>
<min_time>3</min_time>
<name>dark_elves_beach_primary_wildlife_insects</name>
<probability>1</probability>
<required_intensity>0.2</required_intensity>
</audio_battle_environment_one_shots>
<audio_battle_environment_one_shots record_uuid="{48ea1692-c4eb-40e4-aaac-970faef1f59a}" record_timestamp="1496769953024" record_key="dark_elves_cold_forest_nature_one_shots">
<can_weather_disable>1</can_weather_disable>
<event>Battle_Environment_Dark_Elves_Cold_Forest_Nature_One_Shot</event>
<max_distance>40</max_distance>
<max_height>40</max_height>
<max_time>4</max_time>
<min_distance>20</min_distance>
<min_height>5</min_height>
<min_time>2</min_time>
<name>dark_elves_cold_forest_nature_one_shots</name>
<probability>1</probability>
<required_intensity>0.4</required_intensity>
</audio_battle_environment_one_shots>
<audio_battle_environment_one_shots record_uuid="{ad1dfe21-fc8d-4113-97c1-2d522e5bd60a}" record_timestamp="1496769953024" record_key="dark_elves_cold_forest_wildlife_birds">
<can_weather_disable>1</can_weather_disable>
<event>Battle_Environment_Dark_Elves_Cold_Forest_Wildlife_One_Shot_Birds</event>
<max_distance>60</max_distance>
<max_height>40</max_height>
<max_time>15</max_time>
<min_distance>20</min_distance>
<min_height>10</min_height>
<min_time>10</min_time>
<name>dark_elves_cold_forest_wildlife_birds</name>
<probability>1</probability>
<required_intensity>0.2</required_intensity>
</audio_battle_environment_one_shots>
<audio_battle_environment_one_shots record_uuid="{866ba299-227b-4ab8-b28d-a2e93911b1f6}" record_timestamp="1496769953024" record_key="dark_elves_cold_forest_wildlife_close">
<can_weather_disable>1</can_weather_disable>
<event>Battle_Environment_Dark_Elves_Cold_Forest_Wildlife_One_Shot_Close</event>
<max_distance>40</max_distance>
<max_height>40</max_height>
<max_time>15</max_time>
<min_distance>20</min_distance>
<min_height>10</min_height>
<min_time>10</min_time>
<name>dark_elves_cold_forest_wildlife_close</name>
<probability>1</probability>
<required_intensity>0.2</required_intensity>
</audio_battle_environment_one_shots>
<audio_battle_environment_one_shots record_uuid="{478632bc-9749-419f-a933-29570bf38b10}" record_timestamp="1496769953024" record_key="dark_elves_cold_forest_wildlife_mammals">
<can_weather_disable>1</can_weather_disable>
<event>Battle_Environment_Dark_Elves_Cold_Forest_Wildlife_One_Shot_Mammals</event>
<max_distance>60</max_distance>
<max_height>40</max_height>
<max_time>15</max_time>
<min_distance>20</min_distance>
<min_height>10</min_height>
<min_time>10</min_time>
<name>dark_elves_cold_forest_wildlife_mammals</name>
<probability>1</probability>
<required_intensity>0.2</required_intensity>
</audio_battle_environment_one_shots>
<audio_battle_environment_one_shots record_uuid="{cf4d2a49-5981-4a41-b0f8-ed4ecdc6b1bb}" record_timestamp="1496831099293" record_key="dark_elves_cold_primary_nature_one_shots_01">
<can_weather_disable>1</can_weather_disable>
<event>Battle_Environment_Dark_Elves_Cold_Primary_Nature_One_Shot_01</event>
<max_distance>40</max_distance>
<max_height>30</max_height>
<max_time>15</max_time>
<min_distance>20</min_distance>
<min_height>1</min_height>
<min_time>10</min_time>
<name>dark_elves_cold_primary_nature_one_shots_01</name>
<probability>1</probability>
<required_intensity>0.4</required_intensity>
</audio_battle_environment_one_shots>
<audio_battle_environment_one_shots record_uuid="{a9477d8b-f630-4cec-88d6-3577a92d3d0f}" record_timestamp="1496942837659" record_key="dark_elves_cold_primary_nature_one_shots_02">
<can_weather_disable>0</can_weather_disable>
<event>Battle_Environment_Dark_Elves_Cold_Primary_Nature_One_Shot_02</event>
<max_distance>40</max_distance>
<max_height>30</max_height>
<max_time>10</max_time>
<min_distance>20</min_distance>
<min_height>1</min_height>
<min_time>5</min_time>
<name>dark_elves_cold_primary_nature_one_shots_02</name>
<probability>1</probability>
<required_intensity>0.4</required_intensity>
</audio_battle_environment_one_shots>
<audio_battle_environment_one_shots record_uuid="{bb696e0c-e2c7-4fd3-9fc1-5d9bd3218de5}" record_timestamp="1496769953024" record_key="dark_elves_cold_primary_wildlife_birds">
<can_weather_disable>1</can_weather_disable>
<event>Battle_Environment_Dark_Elves_Cold_Primary_Wildlife_One_Shot_Birds</event>
<max_distance>60</max_distance>
<max_height>40</max_height>
<max_time>15</max_time>
<min_distance>20</min_distance>
<min_height>10</min_height>
<min_time>10</min_time>
<name>dark_elves_cold_primary_wildlife_birds</name>
<probability>1</probability>
<required_intensity>0.2</required_intensity>
</audio_battle_environment_one_shots>
<audio_battle_environment_one_shots record_uuid="{969470e5-dbf2-4c40-a06c-e80db1b7d39a}" record_timestamp="1496769953024" record_key="dark_elves_cold_primary_wildlife_mammals">
<can_weather_disable>1</can_weather_disable>
<event>Battle_Environment_Dark_Elves_Cold_Primary_Wildlife_One_Shot_Mammals</event>
<max_distance>60</max_distance>
<max_height>40</max_height>
<max_time>15</max_time>
<min_distance>20</min_distance>
<min_height>10</min_height>
<min_time>10</min_time>
<name>dark_elves_cold_primary_wildlife_mammals</name>
<probability>1</probability>
<required_intensity>0.2</required_intensity>
</audio_battle_environment_one_shots>
<audio_battle_environment_one_shots record_uuid="{bb9244ec-e0af-4d15-98e7-5f7c012ffa3e}" record_timestamp="1496769953024" record_key="dark_elves_desert_forest_nature_one_shots">
<can_weather_disable>1</can_weather_disable>
<event>Battle_Environment_Dark_Elves_Desert_Forest_Nature_One_Shot</event>
<max_distance>40</max_distance>
<max_height>40</max_height>
<max_time>15</max_time>
<min_distance>20</min_distance>
<min_height>1</min_height>
<min_time>10</min_time>
<name>dark_elves_desert_forest_nature_one_shots</name>
<probability>1</probability>
<required_intensity>0.4</required_intensity>
</audio_battle_environment_one_shots>
<audio_battle_environment_one_shots record_uuid="{d264585d-81b0-48c5-92cd-bce628cd1309}" record_timestamp="1496769953024" record_key="dark_elves_desert_forest_wildlife_birds">
<can_weather_disable>1</can_weather_disable>
<event>Battle_Environment_Dark_Elves_Desert_Forest_Wildlife_One_Shot_Birds</event>
<max_distance>40</max_distance>
<max_height>50</max_height>
<max_time>15</max_time>
<min_distance>20</min_distance>
<min_height>1</min_height>
<min_time>10</min_time>
<name>dark_elves_desert_forest_wildlife_birds</name>
<probability>1</probability>
<required_intensity>0.4</required_intensity>
</audio_battle_environment_one_shots>
<audio_battle_environment_one_shots record_uuid="{17ae62f8-eb97-4339-992f-2710d98150e4}" record_timestamp="1496769953024" record_key="dark_elves_desert_forest_wildlife_insects">
<can_weather_disable>1</can_weather_disable>
<event>Battle_Environment_Dark_Elves_Desert_Forest_Wildlife_One_Shot_Insects</event>
<max_distance>40</max_distance>
<max_height>30</max_height>
<max_time>15</max_time>
<min_distance>20</min_distance>
<min_height>1</min_height>
<min_time>10</min_time>
<name>dark_elves_desert_forest_wildlife_insects</name>
<probability>1</probability>
<required_intensity>0.4</required_intensity>
</audio_battle_environment_one_shots>
<audio_battle_environment_one_shots record_uuid="{259c952e-681b-4f95-bc1b-e619debb7611}" record_timestamp="1496769953024" record_key="dark_elves_desert_forest_wildlife_mammals">
<can_weather_disable>1</can_weather_disable>
<event>Battle_Environment_Dark_Elves_Desert_Forest_Wildlife_One_Shot_Mammals</event>
<max_distance>40</max_distance>
<max_height>40</max_height>
<max_time>15</max_time>
<min_distance>20</min_distance>
<min_height>1</min_height>
<min_time>10</min_time>
<name>dark_elves_desert_forest_wildlife_mammals</name>
<probability>1</probability>
<required_intensity>0.4</required_intensity>
</audio_battle_environment_one_shots>
<audio_battle_environment_one_shots record_uuid="{7982c053-67c7-469b-98e5-80fdcb60b054}" record_timestamp="1496769953032" record_key="dark_elves_desert_primary_nature_one_shots">
<can_weather_disable>1</can_weather_disable>
<event>Battle_Environment_Dark_Elves_Desert_Primary_Nature_One_Shot</event>
<max_distance>40</max_distance>
<max_height>30</max_height>
<max_time>10</max_time>
<min_distance>20</min_distance>
<min_height>1</min_height>
<min_time>4</min_time>
<name>dark_elves_desert_primary_nature_one_shots</name>
<probability>1</probability>
<required_intensity>0.4</required_intensity>
</audio_battle_environment_one_shots>
<audio_battle_environment_one_shots record_uuid="{e2a4849d-c545-43cf-8ba5-3dc92a6fe60d}" record_timestamp="1496769953025" record_key="dark_elves_desert_primary_wildlife_birds">
<can_weather_disable>1</can_weather_disable>
<event>Battle_Environment_Dark_Elves_Desert_Primary_Wildlife_One_Shot_Birds</event>
<max_distance>40</max_distance>
<max_height>40</max_height>
<max_time>15</max_time>
<min_distance>20</min_distance>
<min_height>10</min_height>
<min_time>10</min_time>
<name>dark_elves_desert_primary_wildlife_birds</name>
<probability>1</probability>
<required_intensity>0.2</required_intensity>
</audio_battle_environment_one_shots>
<audio_battle_environment_one_shots record_uuid="{a8950ef1-527c-4ae9-bf8f-146a962434c1}" record_timestamp="1496769953025" record_key="dark_elves_desert_primary_wildlife_insects">
<can_weather_disable>1</can_weather_disable>
<event>Battle_Environment_Dark_Elves_Desert_Primary_Wildlife_One_Shot_Insects</event>
<max_distance>40</max_distance>
<max_height>30</max_height>
<max_time>15</max_time>
<min_distance>20</min_distance>
<min_height>1</min_height>
<min_time>10</min_time>
<name>dark_elves_desert_primary_wildlife_insects</name>
<probability>1</probability>
<required_intensity>0.2</required_intensity>
</audio_battle_environment_one_shots>
<audio_battle_environment_one_shots record_uuid="{713d1729-9056-430b-b371-dcd609ef4c5d}" record_timestamp="1496769953026" record_key="dark_elves_desert_primary_wildlife_mammals">
<can_weather_disable>1</can_weather_disable>
<event>Battle_Environment_Dark_Elves_Desert_Primary_Wildlife_One_Shot_Mammals</event>
<max_distance>40</max_distance>
<max_height>40</max_height>
<max_time>15</max_time>
<min_distance>20</min_distance>
<min_height>10</min_height>
<min_time>10</min_time>
<name>dark_elves_desert_primary_wildlife_mammals</name>
<probability>1</probability>
<required_intensity>0.2</required_intensity>
</audio_battle_environment_one_shots>
<audio_battle_environment_one_shots record_uuid="{429f6983-5c24-4155-9688-5083f178b91e}" record_timestamp="1496769953025" record_key="dark_elves_hills_forest_nature_one_shots">
<can_weather_disable>1</can_weather_disable>
<event>Battle_Environment_Dark_Elves_Hills_Forest_Nature_One_Shot</event>
<max_distance>40</max_distance>
<max_height>40</max_height>
<max_time>4</max_time>
<min_distance>20</min_distance>
<min_height>5</min_height>
<min_time>2</min_time>
<name>dark_elves_hills_forest_nature_one_shots</name>
<probability>1</probability>
<required_intensity>0.4</required_intensity>
</audio_battle_environment_one_shots>
<audio_battle_environment_one_shots record_uuid="{c8a04a28-fcf3-4c7a-aa88-79965e1eac7b}" record_timestamp="1496769953025" record_key="dark_elves_hills_forest_wildlife_birds">
<can_weather_disable>1</can_weather_disable>
<event>Battle_Environment_Dark_Elves_Hills_Forest_Wildlife_One_Shot_Birds</event>
<max_distance>40</max_distance>
<max_height>50</max_height>
<max_time>2</max_time>
<min_distance>20</min_distance>
<min_height>1</min_height>
<min_time>1</min_time>
<name>dark_elves_hills_forest_wildlife_birds</name>
<probability>1</probability>
<required_intensity>0.4</required_intensity>
</audio_battle_environment_one_shots>
<audio_battle_environment_one_shots record_uuid="{7d04eb22-1e30-4a1c-8496-71aa278e0ed5}" record_timestamp="1496769953025" record_key="dark_elves_hills_forest_wildlife_distant">
<can_weather_disable>1</can_weather_disable>
<event>Battle_Environment_Dark_Elves_Hills_Forest_Wildlife_One_Shot_Distant</event>
<max_distance>40</max_distance>
<max_height>50</max_height>
<max_time>4</max_time>
<min_distance>20</min_distance>
<min_height>1</min_height>
<min_time>2</min_time>
<name>dark_elves_hills_forest_wildlife_distant</name>
<probability>1</probability>
<required_intensity>0.4</required_intensity>
</audio_battle_environment_one_shots>
<audio_battle_environment_one_shots record_uuid="{0209c301-9418-4a67-b12d-3d351ec037e1}" record_timestamp="1496769953025" record_key="dark_elves_hills_forest_wildlife_insects">
<can_weather_disable>1</can_weather_disable>
<event>Battle_Environment_Dark_Elves_Hills_Forest_Wildlife_One_Shot_Insects</event>
<max_distance>40</max_distance>
<max_height>30</max_height>
<max_time>3</max_time>
<min_distance>20</min_distance>
<min_height>1</min_height>
<min_time>1</min_time>
<name>dark_elves_hills_forest_wildlife_insects</name>
<probability>1</probability>
<required_intensity>0.4</required_intensity>
</audio_battle_environment_one_shots>
<audio_battle_environment_one_shots record_uuid="{283013f8-6eb3-4b71-8cc8-d2b7472aec48}" record_timestamp="1496769953025" record_key="dark_elves_hills_forest_wildlife_mammals">
<can_weather_disable>1</can_weather_disable>
<event>Battle_Environment_Dark_Elves_Hills_Forest_Wildlife_One_Shot_Mammals</event>
<max_distance>40</max_distance>
<max_height>40</max_height>
<max_time>2</max_time>
<min_distance>20</min_distance>
<min_height>1</min_height>
<min_time>1</min_time>
<name>dark_elves_hills_forest_wildlife_mammals</name>
<probability>1</probability>
<required_intensity>0.4</required_intensity>
</audio_battle_environment_one_shots>
<audio_battle_environment_one_shots record_uuid="{a382dfc9-6aa2-4d0c-a7aa-59ef0b208dea}" record_timestamp="1496769953025" record_key="dark_elves_hills_primary_wildlife_birds">
<can_weather_disable>1</can_weather_disable>
<event>Battle_Environment_Dark_Elves_Hills_Primary_Wildlife_One_Shot_Birds</event>
<max_distance>60</max_distance>
<max_height>40</max_height>
<max_time>6</max_time>
<min_distance>20</min_distance>
<min_height>10</min_height>
<min_time>3</min_time>
<name>dark_elves_hills_primary_wildlife_birds</name>
<probability>1</probability>
<required_intensity>0.2</required_intensity>
</audio_battle_environment_one_shots>
<audio_battle_environment_one_shots record_uuid="{d1d9fc67-1505-4241-aea9-57808083d2fb}" record_timestamp="1496769953026" record_key="dark_elves_marsh_forest_nature_one_shots">
<can_weather_disable>1</can_weather_disable>
<event>Battle_Environment_Dark_Elves_Marsh_Forest_Nature_One_Shot</event>
<max_distance>40</max_distance>
<max_height>40</max_height>
<max_time>15</max_time>
<min_distance>20</min_distance>
<min_height>1</min_height>
<min_time>10</min_time>
<name>dark_elves_marsh_forest_nature_one_shots</name>
<probability>1</probability>
<required_intensity>0.4</required_intensity>
</audio_battle_environment_one_shots>
<audio_battle_environment_one_shots record_uuid="{bb8a48f7-6804-4cc2-ab11-9ff977521849}" record_timestamp="1496769953026" record_key="dark_elves_marsh_forest_wildlife_birds">
<can_weather_disable>1</can_weather_disable>
<event>Battle_Environment_Dark_Elves_Marsh_Forest_Wildlife_One_Shot_Birds</event>
<max_distance>40</max_distance>
<max_height>50</max_height>
<max_time>15</max_time>
<min_distance>20</min_distance>
<min_height>1</min_height>
<min_time>10</min_time>
<name>dark_elves_marsh_forest_wildlife_birds</name>
<probability>1</probability>
<required_intensity>0.4</required_intensity>
</audio_battle_environment_one_shots>
<audio_battle_environment_one_shots record_uuid="{c75a8c87-f5bc-4cbb-b46e-a6aa19f3483a}" record_timestamp="1496769953026" record_key="dark_elves_marsh_forest_wildlife_insects">
<can_weather_disable>1</can_weather_disable>
<event>Battle_Environment_Dark_Elves_Marsh_Forest_Wildlife_One_Shot_Insects</event>
<max_distance>40</max_distance>
<max_height>30</max_height>
<max_time>15</max_time>
<min_distance>20</min_distance>
<min_height>1</min_height>
<min_time>10</min_time>
<name>dark_elves_marsh_forest_wildlife_insects</name>
<probability>1</probability>
<required_intensity>0.4</required_intensity>
</audio_battle_environment_one_shots>
<audio_battle_environment_one_shots record_uuid="{78538e02-8394-44a4-ac7e-c0a4a6d85c03}" record_timestamp="1496769953026" record_key="dark_elves_marsh_forest_wildlife_mammals">
<can_weather_disable>1</can_weather_disable>
<event>Battle_Environment_Dark_Elves_Marsh_Forest_Wildlife_One_Shot_Mammals</event>
<max_distance>40</max_distance>
<max_height>40</max_height>
<max_time>15</max_time>
<min_distance>20</min_distance>
<min_height>1</min_height>
<min_time>10</min_time>
<name>dark_elves_marsh_forest_wildlife_mammals</name>
<probability>1</probability>
<required_intensity>0.4</required_intensity>
</audio_battle_environment_one_shots>
<audio_battle_environment_one_shots record_uuid="{4d043ec0-f5d9-472c-80e0-8e676835fe29}" record_timestamp="1496769953026" record_key="dark_elves_marsh_primary_nature_one_shots">
<can_weather_disable>1</can_weather_disable>
<event>Battle_Environment_Dark_Elves_Marsh_Primary_Nature_One_Shot</event>
<max_distance>40</max_distance>
<max_height>40</max_height>
<max_time>15</max_time>
<min_distance>20</min_distance>
<min_height>1</min_height>
<min_time>10</min_time>
<name>dark_elves_marsh_primary_nature_one_shots</name>
<probability>1</probability>
<required_intensity>0.4</required_intensity>
</audio_battle_environment_one_shots>
<audio_battle_environment_one_shots record_uuid="{5c3132ea-5ffc-4740-8a6b-08cd63a38bcf}" record_timestamp="1496769953026" record_key="dark_elves_marsh_primary_wildlife_birds">
<can_weather_disable>1</can_weather_disable>
<event>Battle_Environment_Dark_Elves_Marsh_Primary_Wildlife_One_Shot_Birds</event>
<max_distance>40</max_distance>
<max_height>40</max_height>
<max_time>15</max_time>
<min_distance>20</min_distance>
<min_height>10</min_height>
<min_time>10</min_time>
<name>dark_elves_marsh_primary_wildlife_birds</name>
<probability>1</probability>
<required_intensity>0.2</required_intensity>
</audio_battle_environment_one_shots>
<audio_battle_environment_one_shots record_uuid="{8281121e-a6aa-4219-9e55-edb57a6d9dfb}" record_timestamp="1496769953026" record_key="dark_elves_marsh_primary_wildlife_insects">
<can_weather_disable>1</can_weather_disable>
<event>Battle_Environment_Dark_Elves_Marsh_Primary_Wildlife_One_Shot_Insects</event>
<max_distance>40</max_distance>
<max_height>30</max_height>
<max_time>15</max_time>
<min_distance>20</min_distance>
<min_height>1</min_height>
<min_time>10</min_time>
<name>dark_elves_marsh_primary_wildlife_insects</name>
<probability>1</probability>
<required_intensity>0.2</required_intensity>
</audio_battle_environment_one_shots>
<audio_battle_environment_one_shots record_uuid="{18ecbb0f-66a6-4a85-87c3-3aff81a0a2fa}" record_timestamp="1496769953026" record_key="dark_elves_marsh_primary_wildlife_mammals">
<can_weather_disable>1</can_weather_disable>
<event>Battle_Environment_Dark_Elves_Marsh_Primary_Wildlife_One_Shot_Mammals</event>
<max_distance>40</max_distance>
<max_height>40</max_height>
<max_time>15</max_time>
<min_distance>20</min_distance>
<min_height>10</min_height>
<min_time>10</min_time>
<name>dark_elves_marsh_primary_wildlife_mammals</name>
<probability>1</probability>
<required_intensity>0.2</required_intensity>
</audio_battle_environment_one_shots>
<audio_battle_environment_one_shots record_uuid="{3a05a524-f0bc-4f1a-8bb5-611c2cc85761}" record_timestamp="1496769953027" record_key="dark_elves_volcanic_forest_nature_one_shots">
<can_weather_disable>1</can_weather_disable>
<event>Battle_Environment_Dark_Elves_Desert_Forest_Nature_One_Shot</event>
<max_distance>40</max_distance>
<max_height>40</max_height>
<max_time>15</max_time>
<min_distance>20</min_distance>
<min_height>1</min_height>
<min_time>10</min_time>
<name>dark_elves_volcanic_forest_nature_one_shots</name>
<probability>1</probability>
<required_intensity>0.4</required_intensity>
</audio_battle_environment_one_shots>
<audio_battle_environment_one_shots record_uuid="{25c803d9-7f94-4e25-b432-b33010c9195a}" record_timestamp="1496769953027" record_key="dark_elves_volcanic_forest_wildlife_birds">
<can_weather_disable>1</can_weather_disable>
<event>Battle_Environment_Dark_Elves_Volcanic_Forest_Wildlife_One_Shot_Birds</event>
<max_distance>40</max_distance>
<max_height>50</max_height>
<max_time>15</max_time>
<min_distance>20</min_distance>
<min_height>1</min_height>
<min_time>10</min_time>
<name>dark_elves_volcanic_forest_wildlife_birds</name>
<probability>1</probability>
<required_intensity>0.4</required_intensity>
</audio_battle_environment_one_shots>
<audio_battle_environment_one_shots record_uuid="{9be6ca9e-3533-44d6-b9cc-102dc33f3363}" record_timestamp="1496769953028" record_key="dark_elves_volcanic_forest_wildlife_mammals">
<can_weather_disable>1</can_weather_disable>
<event>Battle_Environment_Dark_Elves_Volcanic_Forest_Wildlife_One_Shot_Mammals</event>
<max_distance>40</max_distance>
<max_height>40</max_height>
<max_time>15</max_time>
<min_distance>20</min_distance>
<min_height>1</min_height>
<min_time>10</min_time>
<name>dark_elves_volcanic_forest_wildlife_mammals</name>
<probability>1</probability>
<required_intensity>0.4</required_intensity>
</audio_battle_environment_one_shots>
<audio_battle_environment_one_shots record_uuid="{7e2705f7-6d6d-408c-9af6-1b7bbd0dfed6}" record_timestamp="1496831099292" record_key="dark_elves_volcanic_primary_nature_one_shots_01">
<can_weather_disable>1</can_weather_disable>
<event>Battle_Environment_Dark_Elves_Volcanic_Primary_Nature_One_Shot_01</event>
<max_distance>40</max_distance>
<max_height>30</max_height>
<max_time>15</max_time>
<min_distance>20</min_distance>
<min_height>1</min_height>
<min_time>10</min_time>
<name>dark_elves_volcanic_primary_nature_one_shots_01</name>
<probability>1</probability>
<required_intensity>0.4</required_intensity>
</audio_battle_environment_one_shots>
<audio_battle_environment_one_shots record_uuid="{81c09710-bc20-4133-b590-bd5c2ba16122}" record_timestamp="1496831099292" record_key="dark_elves_volcanic_primary_nature_one_shots_02">
<can_weather_disable>1</can_weather_disable>
<event>Battle_Environment_Dark_Elves_Volcanic_Primary_Nature_One_Shot_02</event>
<max_distance>40</max_distance>
<max_height>30</max_height>
<max_time>15</max_time>
<min_distance>20</min_distance>
<min_height>1</min_height>
<min_time>10</min_time>
<name>dark_elves_volcanic_primary_nature_one_shots_02</name>
<probability>1</probability>
<required_intensity>0.4</required_intensity>
</audio_battle_environment_one_shots>
<audio_battle_environment_one_shots record_uuid="{05aff6df-337c-486a-8a27-dab0cbb4bc8e}" record_timestamp="1496769953028" record_key="dark_elves_volcanic_primary_wildlife_birds">
<can_weather_disable>1</can_weather_disable>
<event>Battle_Environment_Dark_Elves_Volcanic_Primary_Wildlife_One_Shot_Birds</event>
<max_distance>40</max_distance>
<max_height>40</max_height>
<max_time>15</max_time>
<min_distance>20</min_distance>
<min_height>10</min_height>
<min_time>10</min_time>
<name>dark_elves_volcanic_primary_wildlife_birds</name>
<probability>1</probability>
<required_intensity>0.2</required_intensity>
</audio_battle_environment_one_shots>
<audio_battle_environment_one_shots record_uuid="{40fa97f1-eb9d-483c-940d-becd6ff3bb1f}" record_timestamp="1496769953028" record_key="dark_elves_volcanic_primary_wildlife_mammals">
<can_weather_disable>1</can_weather_disable>
<event>Battle_Environment_Dark_Elves_Volcanic_Primary_Wildlife_One_Shot_Mammals</event>
<max_distance>40</max_distance>
<max_height>40</max_height>
<max_time>15</max_time>
<min_distance>20</min_distance>
<min_height>10</min_height>
<min_time>10</min_time>
<name>dark_elves_volcanic_primary_wildlife_mammals</name>
<probability>1</probability>
<required_intensity>0.2</required_intensity>
</audio_battle_environment_one_shots>
<audio_battle_environment_one_shots record_uuid="{bbdee71e-0de1-474b-94a9-025dc008fd0d}" record_timestamp="1470836349126" record_key="dwarf_wildlife">
<can_weather_disable>1</can_weather_disable>
<event>Battle_Environment_Dwarf_Wildlife_One_Shot</event>
<max_distance>60</max_distance>
<max_height>40</max_height>
<max_time>9</max_time>
<min_distance>20</min_distance>
<min_height>10</min_height>
<min_time>6</min_time>
<name>dwarf_wildlife</name>
<probability>1</probability>
<required_intensity>0.2</required_intensity>
</audio_battle_environment_one_shots>
<audio_battle_environment_one_shots record_uuid="{5c417a0b-dc79-454a-bf85-adb153c62cb8}" record_timestamp="1468846229335" record_key="empire_wildlife">
<can_weather_disable>1</can_weather_disable>
<event>Battle_Environment_Empire_Wildlife_One_Shot</event>
<max_distance>60</max_distance>
<max_height>40</max_height>
<max_time>9</max_time>
<min_distance>20</min_distance>
<min_height>10</min_height>
<min_time>6</min_time>
<name>empire_wildlife</name>
<probability>1</probability>
<required_intensity>0.2</required_intensity>
</audio_battle_environment_one_shots>
<audio_battle_environment_one_shots record_uuid="{7042dd91-b422-4d13-ba23-06fe4d837dc0}" record_timestamp="1468846229334" record_key="generic_frog">
<can_weather_disable>1</can_weather_disable>
<event>Battle_Environment_Wildlife_Frog</event>
<max_distance>60</max_distance>
<max_height>40</max_height>
<max_time>9</max_time>
<min_distance>20</min_distance>
<min_height>10</min_height>
<min_time>6</min_time>
<name>generic_frog</name>
<probability>1</probability>
<required_intensity>0.2</required_intensity>
</audio_battle_environment_one_shots>
<audio_battle_environment_one_shots record_uuid="{4173f965-0d0e-470c-9cd5-531ba8c246d7}" record_timestamp="1474903562734" record_key="generic_seagull">
<can_weather_disable>1</can_weather_disable>
<event>Battle_Environment_Wildlife_Seagull_Play</event>
<max_distance>60</max_distance>
<max_height>40</max_height>
<max_time>9</max_time>
<min_distance>20</min_distance>
<min_height>10</min_height>
<min_time>6</min_time>
<name>generic_seagull</name>
<probability>1</probability>
<required_intensity>0.2</required_intensity>
</audio_battle_environment_one_shots>
<audio_battle_environment_one_shots record_uuid="{8fcfb584-613b-4b5f-8482-3624b1fc703d}" record_timestamp="1470836349125" record_key="greenskin_wildlife">
<can_weather_disable>1</can_weather_disable>
<event>Battle_Environment_Greenskin_Wildlife_One_Shot</event>
<max_distance>60</max_distance>
<max_height>40</max_height>
<max_time>9</max_time>
<min_distance>20</min_distance>
<min_height>10</min_height>
<min_time>6</min_time>
<name>greenskin_wildlife</name>
<probability>1</probability>
<required_intensity>0.2</required_intensity>
</audio_battle_environment_one_shots>
<audio_battle_environment_one_shots record_uuid="{7abd9f14-76ec-4103-9c14-6dd36cf4bf25}" record_timestamp="1495122970151" record_key="high_elves_beach_forest_nature_one_shots">
<can_weather_disable>1</can_weather_disable>
<event>Battle_Environment_High_Elves_Beach_Forest_Nature_One_Shot</event>
<max_distance>40</max_distance>
<max_height>40</max_height>
<max_time>4</max_time>
<min_distance>20</min_distance>
<min_height>5</min_height>
<min_time>2</min_time>
<name>high_elves_beach_forest_nature_one_shots</name>
<probability>1</probability>
<required_intensity>0.4</required_intensity>
</audio_battle_environment_one_shots>
<audio_battle_environment_one_shots record_uuid="{bd7a02d8-1090-4e5a-8dca-f77fbeff7164}" record_timestamp="1495122970151" record_key="high_elves_beach_forest_wildlife_birds">
<can_weather_disable>1</can_weather_disable>
<event>Battle_Environment_High_Elves_Beach_Forest_Wildlife_One_Shot_Birds</event>
<max_distance>40</max_distance>
<max_height>50</max_height>
<max_time>2</max_time>
<min_distance>20</min_distance>
<min_height>1</min_height>
<min_time>1</min_time>
<name>high_elves_beach_forest_wildlife_birds</name>
<probability>1</probability>
<required_intensity>0.4</required_intensity>
</audio_battle_environment_one_shots>
<audio_battle_environment_one_shots record_uuid="{41728cdf-2156-48bb-91b0-839c188875d3}" record_timestamp="1495122970151" record_key="high_elves_beach_forest_wildlife_distant">
<can_weather_disable>1</can_weather_disable>
<event>Battle_Environment_High_Elves_Beach_Forest_Wildlife_One_Shot_Distant</event>
<max_distance>40</max_distance>
<max_height>50</max_height>
<max_time>4</max_time>
<min_distance>20</min_distance>
<min_height>1</min_height>
<min_time>2</min_time>
<name>high_elves_beach_forest_wildlife_distant</name>
<probability>1</probability>
<required_intensity>0.4</required_intensity>
</audio_battle_environment_one_shots>
<audio_battle_environment_one_shots record_uuid="{a18195ce-6b3c-451c-869d-f1d72beb6d83}" record_timestamp="1495122970151" record_key="high_elves_beach_forest_wildlife_insects">
<can_weather_disable>1</can_weather_disable>
<event>Battle_Environment_High_Elves_Beach_Forest_Wildlife_One_Shot_Close</event>
<max_distance>40</max_distance>
<max_height>30</max_height>
<max_time>3</max_time>
<min_distance>20</min_distance>
<min_height>1</min_height>
<min_time>1</min_time>
<name>high_elves_beach_forest_wildlife_insects</name>
<probability>1</probability>
<required_intensity>0.4</required_intensity>
</audio_battle_environment_one_shots>
<audio_battle_environment_one_shots record_uuid="{e6cd9205-cb22-4114-8c16-09cd23aa161f}" record_timestamp="1495122970151" record_key="high_elves_beach_forest_wildlife_mammals">
<can_weather_disable>1</can_weather_disable>
<event>Battle_Environment_High_Elves_Beach_Forest_Wildlife_One_Shot_Mammals</event>
<max_distance>40</max_distance>
<max_height>40</max_height>
<max_time>2</max_time>
<min_distance>20</min_distance>
<min_height>1</min_height>
<min_time>1</min_time>
<name>high_elves_beach_forest_wildlife_mammals</name>
<probability>1</probability>
<required_intensity>0.4</required_intensity>
</audio_battle_environment_one_shots>
<audio_battle_environment_one_shots record_uuid="{0aa4c9ed-fdae-4528-8b19-340ba4e5d4ab}" record_timestamp="1495122970151" record_key="high_elves_beach_primary_wildlife_birds">
<can_weather_disable>1</can_weather_disable>
<event>Battle_Environment_High_Elves_Beach_Primary_Wildlife_One_Shot_Birds</event>
<max_distance>100</max_distance>
<max_height>40</max_height>
<max_time>10</max_time>
<min_distance>20</min_distance>
<min_height>10</min_height>
<min_time>5</min_time>
<name>high_elves_beach_primary_wildlife_birds</name>
<probability>1</probability>
<required_intensity>0.2</required_intensity>
</audio_battle_environment_one_shots>
<audio_battle_environment_one_shots record_uuid="{01bda6de-6cab-4ba5-8c3f-daf4422f3382}" record_timestamp="1495122970151" record_key="high_elves_beach_primary_wildlife_insects">
<can_weather_disable>1</can_weather_disable>
<event>Battle_Environment_High_Elves_Beach_Primary_Wildlife_One_Shot_Insect</event>
<max_distance>60</max_distance>
<max_height>40</max_height>
<max_time>6</max_time>
<min_distance>20</min_distance>
<min_height>10</min_height>
<min_time>3</min_time>
<name>high_elves_beach_primary_wildlife_insects</name>
<probability>1</probability>
<required_intensity>0.2</required_intensity>
</audio_battle_environment_one_shots>
<audio_battle_environment_one_shots record_uuid="{5dc55e09-8bc0-47a6-a430-3dc14d6386c4}" record_timestamp="1495186011333" record_key="high_elves_hills_forest_nature_one_shots">
<can_weather_disable>1</can_weather_disable>
<event>Battle_Environment_High_Elves_Hills_Forest_Nature_One_Shot</event>
<max_distance>40</max_distance>
<max_height>40</max_height>
<max_time>4</max_time>
<min_distance>20</min_distance>
<min_height>5</min_height>
<min_time>2</min_time>
<name>high_elves_hills_forest_nature_one_shots</name>
<probability>1</probability>
<required_intensity>0.4</required_intensity>
</audio_battle_environment_one_shots>
<audio_battle_environment_one_shots record_uuid="{68e67f6f-5e94-44bf-a3e2-f72925a32764}" record_timestamp="1495122970151" record_key="high_elves_hills_forest_wildlife_birds">
<can_weather_disable>1</can_weather_disable>
<event>Battle_Environment_High_Elves_Hills_Forest_Wildlife_One_Shot_Birds</event>
<max_distance>40</max_distance>
<max_height>50</max_height>
<max_time>2</max_time>
<min_distance>20</min_distance>
<min_height>1</min_height>
<min_time>1</min_time>
<name>high_elves_hills_forest_wildlife_birds</name>
<probability>1</probability>
<required_intensity>0.4</required_intensity>
</audio_battle_environment_one_shots>
<audio_battle_environment_one_shots record_uuid="{62896645-f9a4-45d5-80e9-d556518e5392}" record_timestamp="1495122970151" record_key="high_elves_hills_forest_wildlife_distant">
<can_weather_disable>1</can_weather_disable>
<event>Battle_Environment_High_Elves_Hills_Forest_Wildlife_One_Shot_Distant</event>
<max_distance>40</max_distance>
<max_height>50</max_height>
<max_time>4</max_time>
<min_distance>20</min_distance>
<min_height>1</min_height>
<min_time>2</min_time>
<name>high_elves_hills_forest_wildlife_distant</name>
<probability>1</probability>
<required_intensity>0.4</required_intensity>
</audio_battle_environment_one_shots>
<audio_battle_environment_one_shots record_uuid="{d3301f50-e515-4fa4-8e28-6b1977736fda}" record_timestamp="1495122970151" record_key="high_elves_hills_forest_wildlife_insects">
<can_weather_disable>1</can_weather_disable>
<event>Battle_Environment_High_Elves_Hills_Forest_Wildlife_One_Shot_Close</event>
<max_distance>40</max_distance>
<max_height>30</max_height>
<max_time>3</max_time>
<min_distance>20</min_distance>
<min_height>1</min_height>
<min_time>1</min_time>
<name>high_elves_hills_forest_wildlife_insects</name>
<probability>1</probability>
<required_intensity>0.4</required_intensity>
</audio_battle_environment_one_shots>
<audio_battle_environment_one_shots record_uuid="{343dfa2a-68f9-4130-842e-4334a571a224}" record_timestamp="1495122970150" record_key="high_elves_hills_forest_wildlife_mammals">
<can_weather_disable>1</can_weather_disable>
<event>Battle_Environment_High_Elves_Hills_Forest_Wildlife_One_Shot_Mammal</event>
<max_distance>40</max_distance>
<max_height>40</max_height>
<max_time>2</max_time>
<min_distance>20</min_distance>
<min_height>1</min_height>
<min_time>1</min_time>
<name>high_elves_hills_forest_wildlife_mammals</name>
<probability>1</probability>
<required_intensity>0.4</required_intensity>
</audio_battle_environment_one_shots>
<audio_battle_environment_one_shots record_uuid="{1282720a-69a0-4bc9-a13f-54bdf07c2297}" record_timestamp="1495122970150" record_key="high_elves_hills_primary_wildlife_birds">
<can_weather_disable>1</can_weather_disable>
<event>Battle_Environment_High_Elves_Hills_Primary_Wildlife_One_Shot_Birds</event>
<max_distance>60</max_distance>
<max_height>40</max_height>
<max_time>6</max_time>
<min_distance>20</min_distance>
<min_height>10</min_height>
<min_time>3</min_time>
<name>high_elves_hills_primary_wildlife_birds</name>
<probability>1</probability>
<required_intensity>0.2</required_intensity>
</audio_battle_environment_one_shots>
<audio_battle_environment_one_shots record_uuid="{68bc72df-37a1-47c1-ad7e-d5ad8f6336c5}" record_timestamp="1495122970150" record_key="lizardmen_jungle_forest_nature_one_shots">
<can_weather_disable>1</can_weather_disable>
<event>Battle_Environment_Lizardmen_Jungle_Forest_Nature_One_Shot</event>
<max_distance>40</max_distance>
<max_height>40</max_height>
<max_time>4</max_time>
<min_distance>20</min_distance>
<min_height>5</min_height>
<min_time>2</min_time>
<name>lizardmen_jungle_forest_nature_one_shots</name>
<probability>1</probability>
<required_intensity>0.4</required_intensity>
</audio_battle_environment_one_shots>
<audio_battle_environment_one_shots record_uuid="{d3abf826-90c7-41ed-b286-2282b30670bf}" record_timestamp="1495122970150" record_key="lizardmen_jungle_forest_wildlife_birds">
<can_weather_disable>1</can_weather_disable>
<event>Battle_Environment_Lizardmen_Jungle_Forest_Wildlife_Birds_One_Shot</event>
<max_distance>40</max_distance>
<max_height>50</max_height>
<max_time>0.75</max_time>
<min_distance>20</min_distance>
<min_height>1</min_height>
<min_time>0.25</min_time>
<name>lizardmen_jungle_forest_wildlife_birds</name>
<probability>1</probability>
<required_intensity>0.4</required_intensity>
</audio_battle_environment_one_shots>
<audio_battle_environment_one_shots record_uuid="{e5c1c393-2ca1-4e2e-aa28-18ea23499b9b}" record_timestamp="1495122970150" record_key="lizardmen_jungle_forest_wildlife_distant">
<can_weather_disable>1</can_weather_disable>
<event>Battle_Environment_Lizardmen_Jungle_Forest_Wildlife_Distant_One_Shot</event>
<max_distance>40</max_distance>
<max_height>50</max_height>
<max_time>4</max_time>
<min_distance>20</min_distance>
<min_height>1</min_height>
<min_time>2</min_time>
<name>lizardmen_jungle_forest_wildlife_distant</name>
<probability>1</probability>
<required_intensity>0.4</required_intensity>
</audio_battle_environment_one_shots>
<audio_battle_environment_one_shots record_uuid="{fa64169e-4df1-4ce3-bd65-87ff46fcfdf6}" record_timestamp="1495122970150" record_key="lizardmen_jungle_forest_wildlife_insects">
<can_weather_disable>1</can_weather_disable>
<event>Battle_Environment_Lizardmen_Jungle_Forest_Wildlife_Close_One_Shot</event>
<max_distance>40</max_distance>
<max_height>30</max_height>
<max_time>3</max_time>
<min_distance>20</min_distance>
<min_height>1</min_height>
<min_time>1</min_time>
<name>lizardmen_jungle_forest_wildlife_insects</name>
<probability>1</probability>
<required_intensity>0.4</required_intensity>
</audio_battle_environment_one_shots>
<audio_battle_environment_one_shots record_uuid="{42c22ccb-e21d-4415-874a-9e4f42d5c0c1}" record_timestamp="1495122970150" record_key="lizardmen_jungle_forest_wildlife_mammals">
<can_weather_disable>1</can_weather_disable>
<event>Battle_Environment_Lizardmen_Jungle_Forest_Wildlife_Mammal_One_Shot</event>
<max_distance>40</max_distance>
<max_height>40</max_height>
<max_time>2</max_time>
<min_distance>20</min_distance>
<min_height>1</min_height>
<min_time>1</min_time>
<name>lizardmen_jungle_forest_wildlife_mammals</name>
<probability>1</probability>
<required_intensity>0.4</required_intensity>
</audio_battle_environment_one_shots>
<audio_battle_environment_one_shots record_uuid="{181a3163-ebaf-4618-ad0c-8559ea5fdf3c}" record_timestamp="1495122970150" record_key="lizardmen_jungle_primary_wildlife_birds">
<can_weather_disable>1</can_weather_disable>
<event>Battle_Environment_Lizardmen_Jungle_Primary_Wildlife_Birds_One_Shot</event>
<max_distance>60</max_distance>
<max_height>40</max_height>
<max_time>6</max_time>
<min_distance>20</min_distance>
<min_height>10</min_height>
<min_time>3</min_time>
<name>lizardmen_jungle_primary_wildlife_birds</name>
<probability>1</probability>
<required_intensity>0.2</required_intensity>
</audio_battle_environment_one_shots>
<audio_battle_environment_one_shots record_uuid="{ee01a0f9-d8a0-4ff3-a296-bd5e13a7be73}" record_timestamp="1495122970150" record_key="lizardmen_jungle_primary_wildlife_insects">
<can_weather_disable>1</can_weather_disable>
<event>Battle_Environment_Lizardmen_Jungle_Primary_Wildlife_Close_One_Shot</event>
<max_distance>60</max_distance>
<max_height>40</max_height>
<max_time>6</max_time>
<min_distance>20</min_distance>
<min_height>10</min_height>
<min_time>3</min_time>
<name>lizardmen_jungle_primary_wildlife_insects</name>
<probability>1</probability>
<required_intensity>0.2</required_intensity>
</audio_battle_environment_one_shots>
<audio_battle_environment_one_shots record_uuid="{b8d9c562-c4e0-45f7-ac5a-f9d93616d5bc}" record_timestamp="1495122970149" record_key="lizardmen_mountain_forest_wildife_one_shots">
<can_weather_disable>1</can_weather_disable>
<event>Battle_Environment_Lizardmen_Mountain_Forest_Wildlife_One_Shot</event>
<max_distance>40</max_distance>
<max_height>40</max_height>
<max_time>2</max_time>
<min_distance>20</min_distance>
<min_height>10</min_height>
<min_time>1</min_time>
<name>lizardmen_mountain_forest_wildife_one_shots</name>
<probability>1</probability>
<required_intensity>0.2</required_intensity>
</audio_battle_environment_one_shots>
<audio_battle_environment_one_shots record_uuid="{9ecaa934-60f8-46b0-9ada-4bc4bd64d652}" record_timestamp="1495122970149" record_key="lizardmen_mountain_primary_wildlife_one_shots">
<can_weather_disable>1</can_weather_disable>
<event>Battle_Environment_Lizardmen_Mountain_Primary_Wildlife_One_Shot</event>
<max_distance>60</max_distance>
<max_height>40</max_height>
<max_time>6</max_time>
<min_distance>20</min_distance>
<min_height>10</min_height>
<min_time>3</min_time>
<name>lizardmen_mountain_primary_wildlife_one_shots</name>
<probability>1</probability>
<required_intensity>0.2</required_intensity>
</audio_battle_environment_one_shots>
<audio_battle_environment_one_shots record_uuid="{26d8540c-7cd2-4698-addd-ba5a90434f38}" record_timestamp="1495122970150" record_key="lizardmen_swamp_forest_wildlife_one_shots">
<can_weather_disable>1</can_weather_disable>
<event>Battle_Environment_Lizardmen_Swamp_Forest_Wildlife_One_Shot</event>
<max_distance>40</max_distance>
<max_height>40</max_height>
<max_time>1.5</max_time>
<min_distance>20</min_distance>
<min_height>10</min_height>
<min_time>1</min_time>
<name>lizardmen_swamp_forest_wildlife_one_shots</name>
<probability>1</probability>
<required_intensity>0.2</required_intensity>
</audio_battle_environment_one_shots>
<audio_battle_environment_one_shots record_uuid="{546e8fe4-0b03-4fbe-a72e-1c87fea4506f}" record_timestamp="1495122970150" record_key="lizardmen_swamp_primary_wildlife_one_shots">
<can_weather_disable>1</can_weather_disable>
<event>Battle_Environment_Lizardmen_Swamp_Primary_Wildlife_One_Shot</event>
<max_distance>60</max_distance>
<max_height>40</max_height>
<max_time>6</max_time>
<min_distance>20</min_distance>
<min_height>10</min_height>
<min_time>3</min_time>
<name>lizardmen_swamp_primary_wildlife_one_shots</name>
<probability>1</probability>
<required_intensity>0.2</required_intensity>
</audio_battle_environment_one_shots>
<audio_battle_environment_one_shots record_uuid="{b77c5dd3-5d3f-47fd-b829-765e2be15bb4}" record_timestamp="1470836349126" record_key="nordic_wildlife">
<can_weather_disable>1</can_weather_disable>
<event>Battle_Environment_Nordic_Wildlife_One_Shot</event>
<max_distance>60</max_distance>
<max_height>40</max_height>
<max_time>9</max_time>
<min_distance>20</min_distance>
<min_height>10</min_height>
<min_time>6</min_time>
<name>nordic_wildlife</name>
<probability>1</probability>
<required_intensity>0.2</required_intensity>
</audio_battle_environment_one_shots>
<audio_battle_environment_one_shots record_uuid="{5673c934-7ed6-45d2-9148-1bcc76b729c8}" record_timestamp="1495198646197" record_key="skaven_cavern_primary_nature_one_shots">
<can_weather_disable>1</can_weather_disable>
<event>Battle_Environment_Skaven_Cavern_Primary_Nature_One_Shot</event>
<max_distance>40</max_distance>
<max_height>30</max_height>
<max_time>10</max_time>
<min_distance>20</min_distance>
<min_height>1</min_height>
<min_time>7</min_time>
<name>skaven_cavern_primary_nature_one_shots</name>
<probability>1</probability>
<required_intensity>0.4</required_intensity>
</audio_battle_environment_one_shots>
<audio_battle_environment_one_shots record_uuid="{07c05ba3-cf1f-41ed-bd56-cfa72d9d2833}" record_timestamp="1495198646197" record_key="skaven_cavern_primary_wildlife_birds">
<can_weather_disable>1</can_weather_disable>
<event>Battle_Environment_Skaven_Cavern_Primary_Wildlife_One_Shot_Birds</event>
<max_distance>40</max_distance>
<max_height>40</max_height>
<max_time>9</max_time>
<min_distance>20</min_distance>
<min_height>10</min_height>
<min_time>6</min_time>
<name>skaven_cavern_primary_wildlife_birds</name>
<probability>1</probability>
<required_intensity>0.2</required_intensity>
</audio_battle_environment_one_shots>
<audio_battle_environment_one_shots record_uuid="{7734b1a9-84ae-40ea-94c7-91f4c723d452}" record_timestamp="1495198646197" record_key="skaven_cavern_primary_wildlife_insects">
<can_weather_disable>1</can_weather_disable>
<event>Battle_Environment_Skaven_Cavern_Primary_Wildlife_One_Shot_Insects</event>
<max_distance>40</max_distance>
<max_height>30</max_height>
<max_time>9</max_time>
<min_distance>20</min_distance>
<min_height>1</min_height>
<min_time>6</min_time>
<name>skaven_cavern_primary_wildlife_insects</name>
<probability>1</probability>
<required_intensity>0.2</required_intensity>
</audio_battle_environment_one_shots>
<audio_battle_environment_one_shots record_uuid="{a982415d-41e9-44dd-8ba0-9a8fd6793c36}" record_timestamp="1495198646197" record_key="skaven_cavern_primary_wildlife_mammals">
<can_weather_disable>1</can_weather_disable>
<event>Battle_Environment_Skaven_Cavern_Primary_Wildlife_One_Shot_Mammals</event>
<max_distance>40</max_distance>
<max_height>40</max_height>
<max_time>9</max_time>
<min_distance>20</min_distance>
<min_height>10</min_height>
<min_time>6</min_time>
<name>skaven_cavern_primary_wildlife_mammals</name>
<probability>1</probability>
<required_intensity>0.2</required_intensity>
</audio_battle_environment_one_shots>
<audio_battle_environment_one_shots record_uuid="{ce0cdb08-9c3e-49a2-8c4b-6a001cf3d105}" record_timestamp="1495122970148" record_key="skaven_desert_forest_nature_one_shots">
<can_weather_disable>1</can_weather_disable>
<event>Battle_Environment_Skaven_Desert_Forest_Nature_One_Shot</event>
<max_distance>40</max_distance>
<max_height>40</max_height>
<max_time>15</max_time>
<min_distance>20</min_distance>
<min_height>1</min_height>
<min_time>10</min_time>
<name>skaven_desert_forest_nature_one_shots</name>
<probability>1</probability>
<required_intensity>0.4</required_intensity>
</audio_battle_environment_one_shots>
<audio_battle_environment_one_shots record_uuid="{4f6d13f4-68ed-4f5f-9b56-acf714aa050f}" record_timestamp="1495122970148" record_key="skaven_desert_forest_wildlife_birds">
<can_weather_disable>1</can_weather_disable>
<event>Battle_Environment_Skaven_Desert_Forest_Wildlife_One_Shot_Birds</event>
<max_distance>40</max_distance>
<max_height>50</max_height>
<max_time>15</max_time>
<min_distance>20</min_distance>
<min_height>1</min_height>
<min_time>10</min_time>
<name>skaven_desert_forest_wildlife_birds</name>
<probability>1</probability>
<required_intensity>0.4</required_intensity>
</audio_battle_environment_one_shots>
<audio_battle_environment_one_shots record_uuid="{138c48aa-a87f-44f3-9ae9-364617f7ca9d}" record_timestamp="1495122970148" record_key="skaven_desert_forest_wildlife_insects">
<can_weather_disable>1</can_weather_disable>
<event>Battle_Environment_Skaven_Desert_Forest_Wildlife_One_Shot_Insects</event>
<max_distance>40</max_distance>
<max_height>30</max_height>
<max_time>15</max_time>
<min_distance>20</min_distance>
<min_height>1</min_height>
<min_time>10</min_time>
<name>skaven_desert_forest_wildlife_insects</name>
<probability>1</probability>
<required_intensity>0.4</required_intensity>
</audio_battle_environment_one_shots>
<audio_battle_environment_one_shots record_uuid="{e704fe7a-b2f4-41b1-9c60-99e0ce58db7f}" record_timestamp="1495122970148" record_key="skaven_desert_forest_wildlife_mammals">
<can_weather_disable>1</can_weather_disable>
<event>Battle_Environment_Skaven_Desert_Forest_Wildlife_One_Shot_Mammals</event>
<max_distance>40</max_distance>
<max_height>40</max_height>
<max_time>15</max_time>
<min_distance>20</min_distance>
<min_height>1</min_height>
<min_time>10</min_time>
<name>skaven_desert_forest_wildlife_mammals</name>
<probability>1</probability>
<required_intensity>0.4</required_intensity>
</audio_battle_environment_one_shots>
<audio_battle_environment_one_shots record_uuid="{2519852c-91a6-4a95-aae9-21243a30d25c}" record_timestamp="1495122970148" record_key="skaven_desert_primary_nature_one_shots">
<can_weather_disable>1</can_weather_disable>
<event>Battle_Environment_Skaven_Desert_Primary_Nature_One_Shot</event>
<max_distance>40</max_distance>
<max_height>30</max_height>
<max_time>15</max_time>
<min_distance>20</min_distance>
<min_height>1</min_height>
<min_time>10</min_time>
<name>skaven_desert_primary_nature_one_shots</name>
<probability>1</probability>
<required_intensity>0.4</required_intensity>
</audio_battle_environment_one_shots>
<audio_battle_environment_one_shots record_uuid="{c7e36784-27cc-4521-bac8-3164e8baebcf}" record_timestamp="1495122970149" record_key="skaven_desert_primary_wildlife_birds">
<can_weather_disable>1</can_weather_disable>
<event>Battle_Environment_Skaven_Desert_Primary_Wildlife_One_Shot_Birds</event>
<max_distance>40</max_distance>
<max_height>40</max_height>
<max_time>15</max_time>
<min_distance>20</min_distance>
<min_height>10</min_height>
<min_time>10</min_time>
<name>skaven_desert_primary_wildlife_birds</name>
<probability>1</probability>
<required_intensity>0.2</required_intensity>
</audio_battle_environment_one_shots>
<audio_battle_environment_one_shots record_uuid="{cd8df9a7-7438-428a-b74f-79ecb1c72495}" record_timestamp="1495122970149" record_key="skaven_desert_primary_wildlife_insects">
<can_weather_disable>1</can_weather_disable>
<event>Battle_Environment_Skaven_Desert_Primary_Wildlife_One_Shot_Insects</event>
<max_distance>40</max_distance>
<max_height>30</max_height>
<max_time>15</max_time>
<min_distance>20</min_distance>
<min_height>1</min_height>
<min_time>10</min_time>
<name>skaven_desert_primary_wildlife_insects</name>
<probability>1</probability>
<required_intensity>0.2</required_intensity>
</audio_battle_environment_one_shots>
<audio_battle_environment_one_shots record_uuid="{4847b078-fe76-4da3-bc3f-56a9224f2f1d}" record_timestamp="1495122970149" record_key="skaven_desert_primary_wildlife_mammals">
<can_weather_disable>1</can_weather_disable>
<event>Battle_Environment_Skaven_Desert_Primary_Wildlife_One_Shot_Mammals</event>
<max_distance>40</max_distance>
<max_height>40</max_height>
<max_time>15</max_time>
<min_distance>20</min_distance>
<min_height>10</min_height>
<min_time>10</min_time>
<name>skaven_desert_primary_wildlife_mammals</name>
<probability>1</probability>
<required_intensity>0.2</required_intensity>
</audio_battle_environment_one_shots>
<audio_battle_environment_one_shots record_uuid="{564ee0f5-b409-48b6-8990-f943c3347253}" record_timestamp="1495185113659" record_key="skaven_marsh_forest_nature_one_shots">
<can_weather_disable>1</can_weather_disable>
<event>Battle_Environment_Skaven_Marsh_Forest_Nature_One_Shot</event>
<max_distance>40</max_distance>
<max_height>40</max_height>
<max_time>15</max_time>
<min_distance>20</min_distance>
<min_height>1</min_height>
<min_time>10</min_time>
<name>skaven_marsh_forest_nature_one_shots</name>
<probability>1</probability>
<required_intensity>0.4</required_intensity>
</audio_battle_environment_one_shots>
<audio_battle_environment_one_shots record_uuid="{f3fd2b2f-03f8-43b9-ae33-48dc96ba21c4}" record_timestamp="1495122970149" record_key="skaven_marsh_forest_wildlife_birds">
<can_weather_disable>1</can_weather_disable>
<event>Battle_Environment_Skaven_Marsh_Forest_Wildlife_One_Shot_Birds</event>
<max_distance>40</max_distance>
<max_height>50</max_height>
<max_time>15</max_time>
<min_distance>20</min_distance>
<min_height>1</min_height>
<min_time>10</min_time>
<name>skaven_marsh_forest_wildlife_birds</name>
<probability>1</probability>
<required_intensity>0.4</required_intensity>
</audio_battle_environment_one_shots>
<audio_battle_environment_one_shots record_uuid="{5c07fad9-c21e-41d1-88d3-984987c6f8e1}" record_timestamp="1495122970149" record_key="skaven_marsh_forest_wildlife_insects">
<can_weather_disable>1</can_weather_disable>
<event>Battle_Environment_Skaven_Marsh_Forest_Wildlife_One_Shot_Insects</event>
<max_distance>40</max_distance>
<max_height>30</max_height>
<max_time>15</max_time>
<min_distance>20</min_distance>
<min_height>1</min_height>
<min_time>10</min_time>
<name>skaven_marsh_forest_wildlife_insects</name>
<probability>1</probability>
<required_intensity>0.4</required_intensity>
</audio_battle_environment_one_shots>
<audio_battle_environment_one_shots record_uuid="{cee1412d-a64c-46bf-bd5c-55ec7c70d381}" record_timestamp="1495122970149" record_key="skaven_marsh_forest_wildlife_mammals">
<can_weather_disable>1</can_weather_disable>
<event>Battle_Environment_Skaven_Marsh_Forest_Wildlife_One_Shot_Mammals</event>
<max_distance>40</max_distance>
<max_height>40</max_height>
<max_time>15</max_time>
<min_distance>20</min_distance>
<min_height>1</min_height>
<min_time>10</min_time>
<name>skaven_marsh_forest_wildlife_mammals</name>
<probability>1</probability>
<required_intensity>0.4</required_intensity>
</audio_battle_environment_one_shots>
<audio_battle_environment_one_shots record_uuid="{de7c21d1-6f3c-476b-bc54-bf991e1194a0}" record_timestamp="1495185113659" record_key="skaven_marsh_primary_nature_one_shots">
<can_weather_disable>1</can_weather_disable>
<event>Battle_Environment_Skaven_Marsh_Primary_Nature_One_Shot</event>
<max_distance>40</max_distance>
<max_height>40</max_height>
<max_time>15</max_time>
<min_distance>20</min_distance>
<min_height>1</min_height>
<min_time>10</min_time>
<name>skaven_marsh_primary_nature_one_shots</name>
<probability>1</probability>
<required_intensity>0.4</required_intensity>
</audio_battle_environment_one_shots>
<audio_battle_environment_one_shots record_uuid="{05bb4a26-843c-48e3-aac9-cb8f99272986}" record_timestamp="1495122970149" record_key="skaven_marsh_primary_wildlife_birds">
<can_weather_disable>1</can_weather_disable>
<event>Battle_Environment_Skaven_Marsh_Primary_Wildlife_One_Shot_Birds</event>
<max_distance>40</max_distance>
<max_height>40</max_height>
<max_time>15</max_time>
<min_distance>20</min_distance>
<min_height>10</min_height>
<min_time>10</min_time>
<name>skaven_marsh_primary_wildlife_birds</name>
<probability>1</probability>
<required_intensity>0.2</required_intensity>
</audio_battle_environment_one_shots>
<audio_battle_environment_one_shots record_uuid="{39917431-5617-48b6-b452-910bc2aeb174}" record_timestamp="1495122970149" record_key="skaven_marsh_primary_wildlife_insects">
<can_weather_disable>1</can_weather_disable>
<event>Battle_Environment_Skaven_Marsh_Primary_Wildlife_One_Shot_Insects</event>
<max_distance>40</max_distance>
<max_height>30</max_height>
<max_time>15</max_time>
<min_distance>20</min_distance>
<min_height>1</min_height>
<min_time>10</min_time>
<name>skaven_marsh_primary_wildlife_insects</name>
<probability>1</probability>
<required_intensity>0.2</required_intensity>
</audio_battle_environment_one_shots>
<audio_battle_environment_one_shots record_uuid="{4bf2ef6a-0c74-4264-be84-b55bf94121ed}" record_timestamp="1495122970149" record_key="skaven_marsh_primary_wildlife_mammals">
<can_weather_disable>1</can_weather_disable>
<event>Battle_Environment_Skaven_Marsh_Primary_Wildlife_One_Shot_Mammals</event>
<max_distance>40</max_distance>
<max_height>40</max_height>
<max_time>15</max_time>
<min_distance>20</min_distance>
<min_height>10</min_height>
<min_time>10</min_time>
<name>skaven_marsh_primary_wildlife_mammals</name>
<probability>1</probability>
<required_intensity>0.2</required_intensity>
</audio_battle_environment_one_shots>
<audio_battle_environment_one_shots record_uuid="{3973d4e0-c407-4383-a75a-e6b068412dc0}" record_timestamp="1510732831288" record_key="tomb_kings_cavern_primary_nature_one_shots">
<can_weather_disable>1</can_weather_disable>
<event state="NOT_APPROVED" last_approved_text="" last_edit_user="bob">Battle_Environment_Tomb_Kings_Cavern_Primary_Nature_One_Shot</event>
<max_distance>40</max_distance>
<max_height>30</max_height>
<max_time>10</max_time>
<min_distance>20</min_distance>
<min_height>1</min_height>
<min_time>7</min_time>
<name>tomb_kings_cavern_primary_nature_one_shots</name>
<probability>1</probability>
<required_intensity>0.4</required_intensity>
</audio_battle_environment_one_shots>
<audio_battle_environment_one_shots record_uuid="{42fd933c-a300-43e3-a404-b43b6d9511cf}" record_timestamp="1510732847184" record_key="tomb_kings_cavern_primary_wildlife_insects">
<can_weather_disable>1</can_weather_disable>
<event state="NOT_APPROVED" last_approved_text="" last_edit_user="bob">Battle_Environment_Tomb_Kings_Cavern_Primary_Wildlife_One_Shot_Insects</event>
<max_distance>40</max_distance>
<max_height>30</max_height>
<max_time>9</max_time>
<min_distance>20</min_distance>
<min_height>1</min_height>
<min_time>6</min_time>
<name>tomb_kings_cavern_primary_wildlife_insects</name>
<probability>1</probability>
<required_intensity>0.2</required_intensity>
</audio_battle_environment_one_shots>
<audio_battle_environment_one_shots record_uuid="{4b479ab8-21d4-4fa2-b624-28147038cd7e}" record_timestamp="1510732855992" record_key="tomb_kings_cavern_secondary_nature_one_shots">
<can_weather_disable>1</can_weather_disable>
<event state="NOT_APPROVED" last_approved_text="" last_edit_user="bob">Battle_Environment_Tomb_Kings_Cavern_Secondary_Nature_One_Shot</event>
<max_distance>40</max_distance>
<max_height>30</max_height>
<max_time>10</max_time>
<min_distance>20</min_distance>
<min_height>1</min_height>
<min_time>7</min_time>
<name>tomb_kings_cavern_secondary_nature_one_shots</name>
<probability>1</probability>
<required_intensity>0.4</required_intensity>
</audio_battle_environment_one_shots>
<audio_battle_environment_one_shots record_uuid="{cc7703c1-cda7-4d98-8470-e847e3975f27}" record_timestamp="1510732861355" record_key="tomb_kings_desert_primary_nature_one_shots">
<can_weather_disable>1</can_weather_disable>
<event state="NOT_APPROVED" last_approved_text="" last_edit_user="bob">Battle_Environment_Tomb_Kings_Desert_Primary_Nature_One_Shot</event>
<max_distance>40</max_distance>
<max_height>30</max_height>
<max_time>15</max_time>
<min_distance>20</min_distance>
<min_height>1</min_height>
<min_time>10</min_time>
<name>tomb_kings_desert_primary_nature_one_shots</name>
<probability>1</probability>
<required_intensity>0.4</required_intensity>
</audio_battle_environment_one_shots>
<audio_battle_environment_one_shots record_uuid="{0e09e0e1-4455-4ced-9d92-8ac19dda6839}" record_timestamp="1510732869539" record_key="tomb_kings_desert_primary_wildlife_birds">
<can_weather_disable>1</can_weather_disable>
<event state="NOT_APPROVED" last_approved_text="" last_edit_user="bob">Battle_Environment_Tomb_Kings_Desert_Primary_Wildlife_One_Shot_Birds</event>
<max_distance>40</max_distance>
<max_height>40</max_height>
<max_time>15</max_time>
<min_distance>20</min_distance>
<min_height>10</min_height>
<min_time>10</min_time>
<name>tomb_kings_desert_primary_wildlife_birds</name>
<probability>1</probability>
<required_intensity>0.2</required_intensity>
</audio_battle_environment_one_shots>
<audio_battle_environment_one_shots record_uuid="{64489fb9-9554-46df-a2a3-e9b38ee75ea7}" record_timestamp="1510732876655" record_key="tomb_kings_desert_primary_wildlife_insects">
<can_weather_disable>1</can_weather_disable>
<event state="NOT_APPROVED" last_approved_text="" last_edit_user="bob">Battle_Environment_Tomb_Kings_Desert_Primary_Wildlife_One_Shot_Insects</event>
<max_distance>40</max_distance>
<max_height>30</max_height>
<max_time>15</max_time>
<min_distance>20</min_distance>
<min_height>1</min_height>
<min_time>10</min_time>
<name>tomb_kings_desert_primary_wildlife_insects</name>
<probability>1</probability>
<required_intensity>0.2</required_intensity>
</audio_battle_environment_one_shots>
<audio_battle_environment_one_shots record_uuid="{c501e37e-3e1a-4616-b4fb-c4ac18e32b97}" record_timestamp="1510732884778" record_key="tomb_kings_desert_secondary_nature_one_shots">
<can_weather_disable>1</can_weather_disable>
<event state="NOT_APPROVED" last_approved_text="" last_edit_user="bob">Battle_Environment_Tomb_Kings_Desert_Secondary_Nature_One_Shot</event>
<max_distance>40</max_distance>
<max_height>30</max_height>
<max_time>15</max_time>
<min_distance>20</min_distance>
<min_height>1</min_height>
<min_time>10</min_time>
<name>tomb_kings_desert_secondary_nature_one_shots</name>
<probability>1</probability>
<required_intensity>0.4</required_intensity>
</audio_battle_environment_one_shots>
<audio_battle_environment_one_shots record_uuid="{5146e861-38e8-4069-8628-6a9c3be5462b}" record_timestamp="1510732907469" record_key="tomb_kings_desert_secondary_wildlife_insects">
<can_weather_disable>1</can_weather_disable>
<event state="NOT_APPROVED" last_approved_text="" last_edit_user="bob">Battle_Environment_Tomb_Kings_Desert_Secondary_Wildlife_One_Shot_Insects</event>
<max_distance>40</max_distance>
<max_height>30</max_height>
<max_time>20</max_time>
<min_distance>20</min_distance>
<min_height>1</min_height>
<min_time>10</min_time>
<name>tomb_kings_desert_secondary_wildlife_insects</name>
<probability>1</probability>
<required_intensity>0.2</required_intensity>
</audio_battle_environment_one_shots>
<audio_battle_environment_one_shots record_uuid="{3008ecbf-cc30-41e2-8145-111c6de6b34a}" record_timestamp="1470836349125" record_key="vampire_urban">
<can_weather_disable>1</can_weather_disable>
<event>Battle_Environment_Vampire_Town_One_Shot</event>
<max_distance>100</max_distance>
<max_height>20</max_height>
<max_time>6</max_time>
<min_distance>20</min_distance>
<min_height>2</min_height>
<min_time>3</min_time>
<name>vampire_urban</name>
<probability>1</probability>
<required_intensity>0.2</required_intensity>
</audio_battle_environment_one_shots>
<audio_battle_environment_one_shots record_uuid="{97596103-da59-4b38-91b0-018177cb750e}" record_timestamp="1470836349125" record_key="vampire_wildlife">
<can_weather_disable>1</can_weather_disable>
<event>Battle_Environment_Vampire_Wildlife_One_Shot</event>
<max_distance>60</max_distance>
<max_height>40</max_height>
<max_time>6</max_time>
<min_distance>20</min_distance>
<min_height>10</min_height>
<min_time>3</min_time>
<name>vampire_wildlife</name>
<probability>1</probability>
<required_intensity>0.2</required_intensity>
</audio_battle_environment_one_shots>
<audio_battle_environment_one_shots record_uuid="{c577bb84-5794-4875-a9a5-3f8680cb66f3}" record_timestamp="1468846841881" record_key="weather_thunder_high">
<can_weather_disable>0</can_weather_disable>
<event>Battle_Environment_Element_Thunder_Lightning_Rumble</event>
<max_distance>400</max_distance>
<max_height>150</max_height>
<max_time>6</max_time>
<min_distance>200</min_distance>
<min_height>60</min_height>
<min_time>3</min_time>
<name>weather_thunder_high</name>
<probability>0.7</probability>
<required_intensity>0</required_intensity>
</audio_battle_environment_one_shots>
<audio_battle_environment_one_shots record_uuid="{e4186b9d-f262-49f4-81c2-e256e65798bd}" record_timestamp="1468846841881" record_key="weather_thunder_low">
<can_weather_disable>0</can_weather_disable>
<event>Battle_Environment_Element_Thunder_Lightning_Rumble</event>
<max_distance>400</max_distance>
<max_height>150</max_height>
<max_time>6</max_time>
<min_distance>200</min_distance>
<min_height>60</min_height>
<min_time>3</min_time>
<name>weather_thunder_low</name>
<probability>0.2</probability>
<required_intensity>0</required_intensity>
</audio_battle_environment_one_shots>
<audio_battle_environment_one_shots record_uuid="{0dad1374-8594-439d-b9ef-0953e21f4c64}" record_timestamp="1480095451837" record_key="wood_elves_wildlife_autumn">
<can_weather_disable>1</can_weather_disable>
<event>Battle_Environment_Woodelves_Autumn_Wildlife_One_Shot</event>
<max_distance>60</max_distance>
<max_height>40</max_height>
<max_time>9</max_time>
<min_distance>20</min_distance>
<min_height>10</min_height>
<min_time>6</min_time>
<name>wood_elves_wildlife_autumn</name>
<probability>1</probability>
<required_intensity>0.2</required_intensity>
</audio_battle_environment_one_shots>
<audio_battle_environment_one_shots record_uuid="{96b8f5c7-a8f1-4ff1-81c2-642ea7df9e99}" record_timestamp="1480095451837" record_key="wood_elves_wildlife_generic">
<can_weather_disable>1</can_weather_disable>
<event>Battle_Environment_Woodelves_Generic_Wildlife_One_Shot</event>
<max_distance>60</max_distance>
<max_height>40</max_height>
<max_time>9</max_time>
<min_distance>20</min_distance>
<min_height>10</min_height>
<min_time>6</min_time>
<name>wood_elves_wildlife_generic</name>
<probability>1</probability>
<required_intensity>0.2</required_intensity>
</audio_battle_environment_one_shots>
<audio_battle_environment_one_shots record_uuid="{d3fc2d57-de6c-4cf6-b480-08b7d9954182}" record_timestamp="1480095451836" record_key="wood_elves_wildlife_night">
<can_weather_disable>1</can_weather_disable>
<event>Battle_Environment_Woodelves_Night_Wildlife_One_Shot</event>
<max_distance>60</max_distance>
<max_height>40</max_height>
<max_time>9</max_time>
<min_distance>20</min_distance>
<min_height>10</min_height>
<min_time>6</min_time>
<name>wood_elves_wildlife_night</name>
<probability>1</probability>
<required_intensity>0.2</required_intensity>
</audio_battle_environment_one_shots>
<audio_battle_environment_one_shots record_uuid="{b289c69e-db77-46c5-9b70-ea07240d00c1}" record_timestamp="1480095451831" record_key="wood_elves_wildlife_winter">
<can_weather_disable>1</can_weather_disable>
<event>Battle_Environment_Woodelves_Winter_Wildlife_One_Shot</event>
<max_distance>60</max_distance>
<max_height>40</max_height>
<max_time>9</max_time>
<min_distance>20</min_distance>
<min_height>10</min_height>
<min_time>6</min_time>
<name>wood_elves_wildlife_winter</name>
<probability>1</probability>
<required_intensity>0.2</required_intensity>
</audio_battle_environment_one_shots>
</dataroot>
