<?xml version="1.0" encoding="UTF-8"?>
<dataroot xmlns:od="urn:schemas-microsoft-com:officedata" xmlns:xsi="http://www.w3.org/2001/XMLSchema-instance" xsi:noNamespaceSchemaLocation="audio_projectile_limitations.xsd" export_time="Sun Sep 3 15:58:38 2017" revision="2" export_branch="T:/branches/warhammer2/dev/warhammer/binaries.x64" export_user="bob">
<edit_uuid>d53790bf-0f8f-4d8a-b3d4-ab612fb68a7d</edit_uuid>
<audio_projectile_limitations record_uuid="{c37b05a2-f9a7-4dff-82f7-1a88757587ea}" record_timestamp="1490282070921" record_key="large">
<far_inside>14</far_inside>
<far_outside>6</far_outside>
<key>large</key>
<max_distance>400</max_distance>
<near_inside>6</near_inside>
<near_outside>4</near_outside>
<uncapped>0</uncapped>
</audio_projectile_limitations>
<audio_projectile_limitations record_uuid="{617f3d03-54b1-4976-913f-31a33f017319}" record_timestamp="1504450718543" record_key="magic">
<far_inside>20</far_inside>
<far_outside>10</far_outside>
<key>magic</key>
<max_distance>800</max_distance>
<near_inside>10</near_inside>
<near_outside>5</near_outside>
<uncapped>0</uncapped>
</audio_projectile_limitations>
<audio_projectile_limitations record_uuid="{44d93596-9e9a-498d-95b0-525cab9a1781}" record_timestamp="1490282070921" record_key="medium">
<far_inside>8</far_inside>
<far_outside>4</far_outside>
<key>medium</key>
<max_distance>250</max_distance>
<near_inside>4</near_inside>
<near_outside>2</near_outside>
<uncapped>0</uncapped>
</audio_projectile_limitations>
<audio_projectile_limitations record_uuid="{d6361a64-e205-440c-b61c-0aca964dd616}" record_timestamp="1490282070921" record_key="small">
<far_inside>8</far_inside>
<far_outside>4</far_outside>
<key>small</key>
<max_distance>120</max_distance>
<near_inside>4</near_inside>
<near_outside>2</near_outside>
<uncapped>0</uncapped>
</audio_projectile_limitations>
</dataroot>
