<?xml version="1.0" encoding="UTF-8"?>
<dataroot xmlns:od="urn:schemas-microsoft-com:officedata" xmlns:xsi="http://www.w3.org/2001/XMLSchema-instance" xsi:noNamespaceSchemaLocation="audio_projectile_bombardments.xsd" export_time="Tue Aug 15 13:01:33 2017" revision="19" export_branch="T:/branches/warhammer2/dev/warhammer/binaries.x64" export_user="bob">
<edit_uuid>abb41ac3-9bdd-48dc-a69d-909c9c4b27e2</edit_uuid>
<audio_projectile_bombardments record_uuid="{5cdaed28-baea-455b-8a6e-c37cc243ac39}" record_timestamp="1502798493504" record_key="wh2_main_ability_bloodwrack_cauldron">
<event>Battle_IND_Magic_Bloodwrack_Cauldron_Conjure</event>
<key>wh2_main_ability_bloodwrack_cauldron</key>
<max_attenuation>1000</max_attenuation>
<obstruction_size>70</obstruction_size>
<use_reverb>1</use_reverb>
</audio_projectile_bombardments>
<audio_projectile_bombardments record_uuid="{da19fbaa-c67d-4124-82d8-8cbaa4484fd4}" record_timestamp="1502798493504" record_key="wh2_main_ability_brazen_cauldron">
<event>Battle_IND_Magic_Brazen_Cauldron_Conjure</event>
<key>wh2_main_ability_brazen_cauldron</key>
<max_attenuation>1000</max_attenuation>
<obstruction_size>70</obstruction_size>
<use_reverb>1</use_reverb>
</audio_projectile_bombardments>
<audio_projectile_bombardments record_uuid="{5ddee008-308f-4793-8fda-1cded7b6d370}" record_timestamp="1502798493504" record_key="wh2_main_ability_sky_cauldron">
<event>Battle_IND_Magic_Sky_Cauldron_Conjure</event>
<key>wh2_main_ability_sky_cauldron</key>
<max_attenuation>1000</max_attenuation>
<obstruction_size>70</obstruction_size>
<use_reverb>1</use_reverb>
</audio_projectile_bombardments>
<audio_projectile_bombardments record_uuid="{c8d6be1c-c367-4ea3-99e4-9f6dc889d489}" record_timestamp="1502380215943" record_key="wh2_main_ability_soul_rain">
<event>Battle_IND_Magic_Soul_Rain_Conjure</event>
<key>wh2_main_ability_soul_rain</key>
<max_attenuation>1000</max_attenuation>
<obstruction_size>70</obstruction_size>
<use_reverb>1</use_reverb>
</audio_projectile_bombardments>
<audio_projectile_bombardments record_uuid="{9c89c228-8697-41d9-ba2f-5007ee919cdd}" record_timestamp="1502380215943" record_key="wh2_main_ability_soul_storm">
<event>Battle_IND_Magic_Soul_Storm_Conjure</event>
<key>wh2_main_ability_soul_storm</key>
<max_attenuation>1000</max_attenuation>
<obstruction_size>70</obstruction_size>
<use_reverb>1</use_reverb>
</audio_projectile_bombardments>
<audio_projectile_bombardments record_uuid="{24461202-83f2-4089-8923-24c9e8e2a30b}" record_timestamp="1502380215943" record_key="wh2_main_ability_soul_torrent">
<event>Battle_IND_Magic_Soul_Torrent_Conjure</event>
<key>wh2_main_ability_soul_torrent</key>
<max_attenuation>1000</max_attenuation>
<obstruction_size>70</obstruction_size>
<use_reverb>1</use_reverb>
</audio_projectile_bombardments>
<audio_projectile_bombardments record_uuid="{2adce9c0-89f1-4e5e-9fae-d5f691bebf57}" record_timestamp="1480101009999" record_key="wh_dlc05_ability_the_bow_of_loren_bombardment">
<event>Battle_IND_Magic_The_Bow_Of_Loren_Conjure_Oneshot</event>
<key>wh_dlc05_ability_the_bow_of_loren_bombardment</key>
<max_attenuation>1000</max_attenuation>
<obstruction_size>70</obstruction_size>
<use_reverb>1</use_reverb>
</audio_projectile_bombardments>
<audio_projectile_bombardments record_uuid="{5496d276-bc31-4ce2-b0b1-92b8b34abb44}" record_timestamp="1488556533774" record_key="wh_dlc07_ability_chalice_of_potions">
<event>Battle_IND_Magic_Bretonnia_Chalice_of_Potions_Conjure</event>
<key>wh_dlc07_ability_chalice_of_potions</key>
<max_attenuation>1000</max_attenuation>
<obstruction_size>70</obstruction_size>
<use_reverb>1</use_reverb>
</audio_projectile_bombardments>
<audio_projectile_bombardments record_uuid="{31451080-4c9a-46bc-a851-bc6e0a0b148b}" record_timestamp="1498499158088" record_key="wh_main_spell_dark_magic_doombolt">
<event>Battle_IND_Magic_Dark_Doombolt_Conjure</event>
<key>wh_main_spell_dark_magic_doombolt</key>
<max_attenuation>1000</max_attenuation>
<obstruction_size>70</obstruction_size>
<use_reverb>1</use_reverb>
</audio_projectile_bombardments>
<audio_projectile_bombardments record_uuid="{8fa6feff-b508-40ed-9311-6a8b90aecc1b}" record_timestamp="1459932328411" record_key="wh_main_spell_fire_piercing_bolts_of_burning">
<event>Battle_IND_Magic_Fire_Piercing_Bolts_of_Burning_Conjure_Oneshot</event>
<key>wh_main_spell_fire_piercing_bolts_of_burning</key>
<max_attenuation>1000</max_attenuation>
<obstruction_size>70</obstruction_size>
<use_reverb>1</use_reverb>
</audio_projectile_bombardments>
<audio_projectile_bombardments record_uuid="{21d1016d-504d-40c5-b4b4-91d369d17db7}" record_timestamp="1459937692222" record_key="wh_main_spell_heavens_comet_of_casandora">
<event>Battle_IND_Magic_Heavens_Comet_Conjure</event>
<key>wh_main_spell_heavens_comet_of_casandora</key>
<max_attenuation>1000</max_attenuation>
<obstruction_size>70</obstruction_size>
<use_reverb>1</use_reverb>
</audio_projectile_bombardments>
<audio_projectile_bombardments record_uuid="{3b03184b-3be4-4925-9343-814f50156997}" record_timestamp="1459932328412" record_key="wh_main_spell_heavens_urannons_thunderbolt">
<event>Battle_IND_Magic_Heavens_Urannons_Thunderbolt_Conjure_Oneshot</event>
<key>wh_main_spell_heavens_urannons_thunderbolt</key>
<max_attenuation>1000</max_attenuation>
<obstruction_size>70</obstruction_size>
<use_reverb>1</use_reverb>
</audio_projectile_bombardments>
<audio_projectile_bombardments record_uuid="{2d17b2da-472e-4203-a785-e305ffce2924}" record_timestamp="1459932328411" record_key="wh_main_spell_metal_searing_doom">
<event>Battle_IND_Magic_Metal_Searing_Doom_Conjure_Oneshot</event>
<key>wh_main_spell_metal_searing_doom</key>
<max_attenuation>1000</max_attenuation>
<obstruction_size>70</obstruction_size>
<use_reverb>1</use_reverb>
</audio_projectile_bombardments>
<audio_projectile_bombardments record_uuid="{26002ee6-4f8d-4c0e-9501-72bc1d35ba98}" record_timestamp="1497375685002" record_key="wh_main_spell_ruin_warp_lightning">
<event>Battle_IND_Magic_Ruin_Warp_Lightning_Conjure</event>
<key>wh_main_spell_ruin_warp_lightning</key>
<max_attenuation>1000</max_attenuation>
<obstruction_size>70</obstruction_size>
<use_reverb>1</use_reverb>
</audio_projectile_bombardments>
</dataroot>
