<?xml version="1.0" encoding="UTF-8"?>
<dataroot xmlns:od="urn:schemas-microsoft-com:officedata" xmlns:xsi="http://www.w3.org/2001/XMLSchema-instance" xsi:noNamespaceSchemaLocation="audio_battle_environment_one_shot_junctions.xsd" export_time="Wed Nov 15 07:37:11 2017" revision="23" export_branch="T:/branches/warhammer2/new_tomb/warhammer/binaries.x64" export_user="bob">
<edit_uuid>032cf25a-4425-461b-8adb-d31f7ea61098</edit_uuid>
<audio_battle_environment_one_shot_junctions record_uuid="{7a23df7d-530b-4e62-99fc-0de9a0e491f0}" record_timestamp="1470836349127" record_key="beastmenplainsbeastmen_wildlife">
<environment>beastmen</environment>
<one_shot>beastmen_wildlife</one_shot>
<type>plains</type>
</audio_battle_environment_one_shot_junctions>
<audio_battle_environment_one_shot_junctions record_uuid="{1e324fdf-a395-497e-90c5-facb2b3e89c3}" record_timestamp="1497018184428" record_key="caveplainscave_nature_one_shots">
<environment>cave</environment>
<one_shot>cave_nature_one_shots</one_shot>
<type>plains</type>
</audio_battle_environment_one_shot_junctions>
<audio_battle_environment_one_shot_junctions record_uuid="{9546b7c5-7857-4a04-be7e-4ef0745bdca2}" record_timestamp="1470836349127" record_key="caveplainscave_wildlife">
<environment>cave</environment>
<one_shot>cave_wildlife</one_shot>
<type>plains</type>
</audio_battle_environment_one_shot_junctions>
<audio_battle_environment_one_shot_junctions record_uuid="{0c55e0ab-9c9e-4bb6-bde7-73cf518177a3}" record_timestamp="1470836349127" record_key="chaosplainschaos_wildlife">
<environment>chaos</environment>
<one_shot>chaos_wildlife</one_shot>
<type>plains</type>
</audio_battle_environment_one_shot_junctions>
<audio_battle_environment_one_shot_junctions record_uuid="{f3e6a649-d2cf-469a-879d-3c902b6b4d86}" record_timestamp="1497007483077" record_key="dark_elves_beachforestdark_elves_beach_forest_nature_one_shots">
<environment>dark_elves_beach</environment>
<one_shot>dark_elves_beach_forest_nature_one_shots</one_shot>
<type>forest</type>
</audio_battle_environment_one_shot_junctions>
<audio_battle_environment_one_shot_junctions record_uuid="{816efa59-0bd6-4e81-a084-b288433d390d}" record_timestamp="1496769953028" record_key="dark_elves_beachforestdark_elves_beach_forest_wildlife_birds">
<environment>dark_elves_beach</environment>
<one_shot>dark_elves_beach_forest_wildlife_birds</one_shot>
<type>forest</type>
</audio_battle_environment_one_shot_junctions>
<audio_battle_environment_one_shot_junctions record_uuid="{11b4231a-ef4f-47d7-8cc5-89a438b35877}" record_timestamp="1496769953028" record_key="dark_elves_beachforestdark_elves_beach_forest_wildlife_distant">
<environment>dark_elves_beach</environment>
<one_shot>dark_elves_beach_forest_wildlife_distant</one_shot>
<type>forest</type>
</audio_battle_environment_one_shot_junctions>
<audio_battle_environment_one_shot_junctions record_uuid="{af62e022-5994-4aa8-a4d3-70394c3dccea}" record_timestamp="1496769953028" record_key="dark_elves_beachforestdark_elves_beach_forest_wildlife_insects">
<environment>dark_elves_beach</environment>
<one_shot>dark_elves_beach_forest_wildlife_insects</one_shot>
<type>forest</type>
</audio_battle_environment_one_shot_junctions>
<audio_battle_environment_one_shot_junctions record_uuid="{a864072f-fc9b-4716-8175-5fde28416c58}" record_timestamp="1496769953028" record_key="dark_elves_beachforestdark_elves_beach_forest_wildlife_mammals">
<environment>dark_elves_beach</environment>
<one_shot>dark_elves_beach_forest_wildlife_mammals</one_shot>
<type>forest</type>
</audio_battle_environment_one_shot_junctions>
<audio_battle_environment_one_shot_junctions record_uuid="{59408af3-6a4b-464e-a946-15fb6a98225f}" record_timestamp="1496769953028" record_key="dark_elves_beachplainsdark_elves_beach_primary_wildlife_birds">
<environment>dark_elves_beach</environment>
<one_shot>dark_elves_beach_primary_wildlife_birds</one_shot>
<type>plains</type>
</audio_battle_environment_one_shot_junctions>
<audio_battle_environment_one_shot_junctions record_uuid="{da1dabe4-7b44-4edf-a392-1fad841d1a2e}" record_timestamp="1496769953028" record_key="dark_elves_beachplainsdark_elves_beach_primary_wildlife_insects">
<environment>dark_elves_beach</environment>
<one_shot>dark_elves_beach_primary_wildlife_insects</one_shot>
<type>plains</type>
</audio_battle_environment_one_shot_junctions>
<audio_battle_environment_one_shot_junctions record_uuid="{9fb805ca-7b8f-409f-b94c-11022ae2c00b}" record_timestamp="1496769953029" record_key="dark_elves_coldforestdark_elves_cold_forest_nature_one_shots">
<environment>dark_elves_cold</environment>
<one_shot>dark_elves_cold_forest_nature_one_shots</one_shot>
<type>forest</type>
</audio_battle_environment_one_shot_junctions>
<audio_battle_environment_one_shot_junctions record_uuid="{25c6f4fa-4f5a-4832-988b-b976835341eb}" record_timestamp="1496769953029" record_key="dark_elves_coldforestdark_elves_cold_forest_wildlife_birds">
<environment>dark_elves_cold</environment>
<one_shot>dark_elves_cold_forest_wildlife_birds</one_shot>
<type>forest</type>
</audio_battle_environment_one_shot_junctions>
<audio_battle_environment_one_shot_junctions record_uuid="{2529505e-d5d7-484d-8db6-7e2151a6fe13}" record_timestamp="1496769953029" record_key="dark_elves_coldforestdark_elves_cold_forest_wildlife_close">
<environment>dark_elves_cold</environment>
<one_shot>dark_elves_cold_forest_wildlife_close</one_shot>
<type>forest</type>
</audio_battle_environment_one_shot_junctions>
<audio_battle_environment_one_shot_junctions record_uuid="{8506cf14-07aa-4616-ac1b-c7448a4a3b4e}" record_timestamp="1496769953029" record_key="dark_elves_coldforestdark_elves_cold_forest_wildlife_mammals">
<environment>dark_elves_cold</environment>
<one_shot>dark_elves_cold_forest_wildlife_mammals</one_shot>
<type>forest</type>
</audio_battle_environment_one_shot_junctions>
<audio_battle_environment_one_shot_junctions record_uuid="{79c68c1a-2b07-4d96-8b97-ea9093e262f8}" record_timestamp="1496831099291" record_key="dark_elves_coldplainsdark_elves_cold_primary_nature_one_shots_01">
<environment>dark_elves_cold</environment>
<one_shot>dark_elves_cold_primary_nature_one_shots_01</one_shot>
<type>plains</type>
</audio_battle_environment_one_shot_junctions>
<audio_battle_environment_one_shot_junctions record_uuid="{89b4b6f9-daea-4a9a-b95f-fb993f8ef1c6}" record_timestamp="1496831099293" record_key="dark_elves_coldplainsdark_elves_cold_primary_nature_one_shots_02">
<environment>dark_elves_cold</environment>
<one_shot>dark_elves_cold_primary_nature_one_shots_02</one_shot>
<type>plains</type>
</audio_battle_environment_one_shot_junctions>
<audio_battle_environment_one_shot_junctions record_uuid="{05f98252-5b04-40da-8a14-78c95d2f9980}" record_timestamp="1496769953029" record_key="dark_elves_coldplainsdark_elves_cold_primary_wildlife_birds">
<environment>dark_elves_cold</environment>
<one_shot>dark_elves_cold_primary_wildlife_birds</one_shot>
<type>plains</type>
</audio_battle_environment_one_shot_junctions>
<audio_battle_environment_one_shot_junctions record_uuid="{560dc0f7-3bd1-4696-9373-dc383de20198}" record_timestamp="1496769953029" record_key="dark_elves_coldplainsdark_elves_cold_primary_wildlife_mammals">
<environment>dark_elves_cold</environment>
<one_shot>dark_elves_cold_primary_wildlife_mammals</one_shot>
<type>plains</type>
</audio_battle_environment_one_shot_junctions>
<audio_battle_environment_one_shot_junctions record_uuid="{8a62c0a7-91f8-4321-b31e-c39e3bc56128}" record_timestamp="1496769953029" record_key="dark_elves_desertforestdark_elves_desert_forest_nature_one_shots">
<environment>dark_elves_desert</environment>
<one_shot>dark_elves_desert_forest_nature_one_shots</one_shot>
<type>forest</type>
</audio_battle_environment_one_shot_junctions>
<audio_battle_environment_one_shot_junctions record_uuid="{c0aec071-9596-4b5e-a45e-84753aae30c6}" record_timestamp="1496769953030" record_key="dark_elves_desertforestdark_elves_desert_forest_wildlife_birds">
<environment>dark_elves_desert</environment>
<one_shot>dark_elves_desert_forest_wildlife_birds</one_shot>
<type>forest</type>
</audio_battle_environment_one_shot_junctions>
<audio_battle_environment_one_shot_junctions record_uuid="{dacc6752-ca7e-4fe1-9d82-3d5743ccb47b}" record_timestamp="1496769953030" record_key="dark_elves_desertforestdark_elves_desert_forest_wildlife_insects">
<environment>dark_elves_desert</environment>
<one_shot>dark_elves_desert_forest_wildlife_insects</one_shot>
<type>forest</type>
</audio_battle_environment_one_shot_junctions>
<audio_battle_environment_one_shot_junctions record_uuid="{52e8e77f-9184-4130-9085-98dd8e9b378e}" record_timestamp="1496769953030" record_key="dark_elves_desertforestdark_elves_desert_forest_wildlife_mammals">
<environment>dark_elves_desert</environment>
<one_shot>dark_elves_desert_forest_wildlife_mammals</one_shot>
<type>forest</type>
</audio_battle_environment_one_shot_junctions>
<audio_battle_environment_one_shot_junctions record_uuid="{875eef02-86db-4bd6-a7fc-cc901c4ffea8}" record_timestamp="1496769953030" record_key="dark_elves_desertplainsdark_elves_desert_primary_nature_one_shots">
<environment>dark_elves_desert</environment>
<one_shot>dark_elves_desert_primary_nature_one_shots</one_shot>
<type>plains</type>
</audio_battle_environment_one_shot_junctions>
<audio_battle_environment_one_shot_junctions record_uuid="{d67151b9-44b1-45ac-b500-c4f9d6304b4e}" record_timestamp="1496769953030" record_key="dark_elves_desertplainsdark_elves_desert_primary_wildlife_birds">
<environment>dark_elves_desert</environment>
<one_shot>dark_elves_desert_primary_wildlife_birds</one_shot>
<type>plains</type>
</audio_battle_environment_one_shot_junctions>
<audio_battle_environment_one_shot_junctions record_uuid="{5b40a6b0-19c7-4c9f-b63c-6b3fa88cb4f0}" record_timestamp="1496769953030" record_key="dark_elves_desertplainsdark_elves_desert_primary_wildlife_insects">
<environment>dark_elves_desert</environment>
<one_shot>dark_elves_desert_primary_wildlife_insects</one_shot>
<type>plains</type>
</audio_battle_environment_one_shot_junctions>
<audio_battle_environment_one_shot_junctions record_uuid="{f77dae4a-768f-48d1-886b-61bcd5c836f2}" record_timestamp="1496769953030" record_key="dark_elves_desertplainsdark_elves_desert_primary_wildlife_mammals">
<environment>dark_elves_desert</environment>
<one_shot>dark_elves_desert_primary_wildlife_mammals</one_shot>
<type>plains</type>
</audio_battle_environment_one_shot_junctions>
<audio_battle_environment_one_shot_junctions record_uuid="{e86adf79-c621-4645-ae1a-e7367ab35ebd}" record_timestamp="1496769953030" record_key="dark_elves_hillsforestdark_elves_hills_forest_nature_one_shots">
<environment>dark_elves_hills</environment>
<one_shot>dark_elves_hills_forest_nature_one_shots</one_shot>
<type>forest</type>
</audio_battle_environment_one_shot_junctions>
<audio_battle_environment_one_shot_junctions record_uuid="{8d397dc9-916a-4ae7-bf5d-f0691e44da18}" record_timestamp="1496769953030" record_key="dark_elves_hillsforestdark_elves_hills_forest_wildlife_birds">
<environment>dark_elves_hills</environment>
<one_shot>dark_elves_hills_forest_wildlife_birds</one_shot>
<type>forest</type>
</audio_battle_environment_one_shot_junctions>
<audio_battle_environment_one_shot_junctions record_uuid="{cced8e8c-2829-4ced-bd64-c5029d12cd4f}" record_timestamp="1496769953030" record_key="dark_elves_hillsforestdark_elves_hills_forest_wildlife_distant">
<environment>dark_elves_hills</environment>
<one_shot>dark_elves_hills_forest_wildlife_distant</one_shot>
<type>forest</type>
</audio_battle_environment_one_shot_junctions>
<audio_battle_environment_one_shot_junctions record_uuid="{59133546-8599-45d1-b47e-63e27ec9d99e}" record_timestamp="1496769953030" record_key="dark_elves_hillsforestdark_elves_hills_forest_wildlife_insects">
<environment>dark_elves_hills</environment>
<one_shot>dark_elves_hills_forest_wildlife_insects</one_shot>
<type>forest</type>
</audio_battle_environment_one_shot_junctions>
<audio_battle_environment_one_shot_junctions record_uuid="{c24b3ee8-23d9-4f34-b1ba-36f86786b762}" record_timestamp="1496769953030" record_key="dark_elves_hillsforestdark_elves_hills_forest_wildlife_mammals">
<environment>dark_elves_hills</environment>
<one_shot>dark_elves_hills_forest_wildlife_mammals</one_shot>
<type>forest</type>
</audio_battle_environment_one_shot_junctions>
<audio_battle_environment_one_shot_junctions record_uuid="{d36ce841-7fb2-43f5-aeed-9bd1936b6a89}" record_timestamp="1496769953031" record_key="dark_elves_hillsplainsdark_elves_hills_primary_wildlife_birds">
<environment>dark_elves_hills</environment>
<one_shot>dark_elves_hills_primary_wildlife_birds</one_shot>
<type>plains</type>
</audio_battle_environment_one_shot_junctions>
<audio_battle_environment_one_shot_junctions record_uuid="{03b1f48b-a3cd-42e0-8261-ff9655a6ed19}" record_timestamp="1496769953031" record_key="dark_elves_marshforestdark_elves_marsh_forest_nature_one_shots">
<environment>dark_elves_marsh</environment>
<one_shot>dark_elves_marsh_forest_nature_one_shots</one_shot>
<type>forest</type>
</audio_battle_environment_one_shot_junctions>
<audio_battle_environment_one_shot_junctions record_uuid="{cda70ec9-4631-4a1c-8f48-48a1499d9ce4}" record_timestamp="1496769953031" record_key="dark_elves_marshforestdark_elves_marsh_forest_wildlife_birds">
<environment>dark_elves_marsh</environment>
<one_shot>dark_elves_marsh_forest_wildlife_birds</one_shot>
<type>forest</type>
</audio_battle_environment_one_shot_junctions>
<audio_battle_environment_one_shot_junctions record_uuid="{cef61060-f56b-404c-8ccf-2a9aec5975d6}" record_timestamp="1496769953031" record_key="dark_elves_marshforestdark_elves_marsh_forest_wildlife_insects">
<environment>dark_elves_marsh</environment>
<one_shot>dark_elves_marsh_forest_wildlife_insects</one_shot>
<type>forest</type>
</audio_battle_environment_one_shot_junctions>
<audio_battle_environment_one_shot_junctions record_uuid="{0680533d-794c-4f23-a6c6-758f2386cd53}" record_timestamp="1496769953031" record_key="dark_elves_marshforestdark_elves_marsh_forest_wildlife_mammals">
<environment>dark_elves_marsh</environment>
<one_shot>dark_elves_marsh_forest_wildlife_mammals</one_shot>
<type>forest</type>
</audio_battle_environment_one_shot_junctions>
<audio_battle_environment_one_shot_junctions record_uuid="{63747224-c8cf-47f4-a4c8-74c36e42f74b}" record_timestamp="1496769953031" record_key="dark_elves_marshplainsdark_elves_marsh_primary_nature_one_shots">
<environment>dark_elves_marsh</environment>
<one_shot>dark_elves_marsh_primary_nature_one_shots</one_shot>
<type>plains</type>
</audio_battle_environment_one_shot_junctions>
<audio_battle_environment_one_shot_junctions record_uuid="{727c5eb8-c771-4e94-bf56-b8317b9da7a6}" record_timestamp="1496769953031" record_key="dark_elves_marshplainsdark_elves_marsh_primary_wildlife_birds">
<environment>dark_elves_marsh</environment>
<one_shot>dark_elves_marsh_primary_wildlife_birds</one_shot>
<type>plains</type>
</audio_battle_environment_one_shot_junctions>
<audio_battle_environment_one_shot_junctions record_uuid="{697e1ed2-d4c5-466c-8728-b9dbe17151df}" record_timestamp="1496769953031" record_key="dark_elves_marshplainsdark_elves_marsh_primary_wildlife_insects">
<environment>dark_elves_marsh</environment>
<one_shot>dark_elves_marsh_primary_wildlife_insects</one_shot>
<type>plains</type>
</audio_battle_environment_one_shot_junctions>
<audio_battle_environment_one_shot_junctions record_uuid="{891e3fa1-5451-4074-8726-a22244298767}" record_timestamp="1496769953031" record_key="dark_elves_marshplainsdark_elves_marsh_primary_wildlife_mammals">
<environment>dark_elves_marsh</environment>
<one_shot>dark_elves_marsh_primary_wildlife_mammals</one_shot>
<type>plains</type>
</audio_battle_environment_one_shot_junctions>
<audio_battle_environment_one_shot_junctions record_uuid="{b95a9069-6ea3-4b37-a8d4-ed2f4100b334}" record_timestamp="1497025619271" record_key="dark_elves_qb_altar_of_darknessforestdark_elves_cold_forest_nature_one_shots">
<environment>dark_elves_qb_altar_of_darkness</environment>
<one_shot>dark_elves_cold_forest_nature_one_shots</one_shot>
<type>forest</type>
</audio_battle_environment_one_shot_junctions>
<audio_battle_environment_one_shot_junctions record_uuid="{95f31e6e-d438-4b66-8283-83dfa3addef9}" record_timestamp="1497025619271" record_key="dark_elves_qb_altar_of_darknessforestdark_elves_cold_forest_wildlife_birds">
<environment>dark_elves_qb_altar_of_darkness</environment>
<one_shot>dark_elves_cold_forest_wildlife_birds</one_shot>
<type>forest</type>
</audio_battle_environment_one_shot_junctions>
<audio_battle_environment_one_shot_junctions record_uuid="{487100c4-648b-4fe3-9f88-068bb19cb54b}" record_timestamp="1497025619271" record_key="dark_elves_qb_altar_of_darknessforestdark_elves_cold_forest_wildlife_close">
<environment>dark_elves_qb_altar_of_darkness</environment>
<one_shot>dark_elves_cold_forest_wildlife_close</one_shot>
<type>forest</type>
</audio_battle_environment_one_shot_junctions>
<audio_battle_environment_one_shot_junctions record_uuid="{559944cb-9594-47b2-b31c-e36909c5b35a}" record_timestamp="1497025619271" record_key="dark_elves_qb_altar_of_darknessforestdark_elves_cold_forest_wildlife_mammals">
<environment>dark_elves_qb_altar_of_darkness</environment>
<one_shot>dark_elves_cold_forest_wildlife_mammals</one_shot>
<type>forest</type>
</audio_battle_environment_one_shot_junctions>
<audio_battle_environment_one_shot_junctions record_uuid="{0f8994e5-87c9-48b9-9dec-8f5482903481}" record_timestamp="1497025619271" record_key="dark_elves_qb_altar_of_darknessplainsdark_elves_cold_primary_nature_one_shots_01">
<environment>dark_elves_qb_altar_of_darkness</environment>
<one_shot>dark_elves_cold_primary_nature_one_shots_01</one_shot>
<type>plains</type>
</audio_battle_environment_one_shot_junctions>
<audio_battle_environment_one_shot_junctions record_uuid="{f1fe4faa-ed98-43f2-8193-b5a4874fe3fd}" record_timestamp="1497025619271" record_key="dark_elves_qb_altar_of_darknessplainsdark_elves_cold_primary_nature_one_shots_02">
<environment>dark_elves_qb_altar_of_darkness</environment>
<one_shot>dark_elves_cold_primary_nature_one_shots_02</one_shot>
<type>plains</type>
</audio_battle_environment_one_shot_junctions>
<audio_battle_environment_one_shot_junctions record_uuid="{612322b7-8888-4d30-be3a-ad8deaf875cb}" record_timestamp="1497025619271" record_key="dark_elves_qb_altar_of_darknessplainsdark_elves_cold_primary_wildlife_birds">
<environment>dark_elves_qb_altar_of_darkness</environment>
<one_shot>dark_elves_cold_primary_wildlife_birds</one_shot>
<type>plains</type>
</audio_battle_environment_one_shot_junctions>
<audio_battle_environment_one_shot_junctions record_uuid="{beb5995a-cbeb-4802-91b0-0396a1075f17}" record_timestamp="1497025619271" record_key="dark_elves_qb_altar_of_darknessplainsdark_elves_cold_primary_wildlife_mammals">
<environment>dark_elves_qb_altar_of_darkness</environment>
<one_shot>dark_elves_cold_primary_wildlife_mammals</one_shot>
<type>plains</type>
</audio_battle_environment_one_shot_junctions>
<audio_battle_environment_one_shot_junctions record_uuid="{1e2a46ae-9dee-436a-8e84-a3aec0daba5f}" record_timestamp="1496769953032" record_key="dark_elves_volcanicforestdark_elves_volcanic_forest_nature_one_shots">
<environment>dark_elves_volcanic</environment>
<one_shot>dark_elves_volcanic_forest_nature_one_shots</one_shot>
<type>forest</type>
</audio_battle_environment_one_shot_junctions>
<audio_battle_environment_one_shot_junctions record_uuid="{78612482-8f39-458f-92cd-09533436afe1}" record_timestamp="1496769953032" record_key="dark_elves_volcanicforestdark_elves_volcanic_forest_wildlife_birds">
<environment>dark_elves_volcanic</environment>
<one_shot>dark_elves_volcanic_forest_wildlife_birds</one_shot>
<type>forest</type>
</audio_battle_environment_one_shot_junctions>
<audio_battle_environment_one_shot_junctions record_uuid="{c4a81486-b99e-46af-b483-3145b38690b2}" record_timestamp="1496769953032" record_key="dark_elves_volcanicforestdark_elves_volcanic_forest_wildlife_mammals">
<environment>dark_elves_volcanic</environment>
<one_shot>dark_elves_volcanic_forest_wildlife_mammals</one_shot>
<type>forest</type>
</audio_battle_environment_one_shot_junctions>
<audio_battle_environment_one_shot_junctions record_uuid="{415cc4d7-3dc8-48c6-8d70-f50c72dbbcff}" record_timestamp="1496831099292" record_key="dark_elves_volcanicplainsdark_elves_volcanic_primary_nature_one_shots_01">
<environment>dark_elves_volcanic</environment>
<one_shot>dark_elves_volcanic_primary_nature_one_shots_01</one_shot>
<type>plains</type>
</audio_battle_environment_one_shot_junctions>
<audio_battle_environment_one_shot_junctions record_uuid="{0f7af956-b605-4b51-a480-593f7193faf3}" record_timestamp="1496831099293" record_key="dark_elves_volcanicplainsdark_elves_volcanic_primary_nature_one_shots_02">
<environment>dark_elves_volcanic</environment>
<one_shot>dark_elves_volcanic_primary_nature_one_shots_02</one_shot>
<type>plains</type>
</audio_battle_environment_one_shot_junctions>
<audio_battle_environment_one_shot_junctions record_uuid="{da97742c-4db2-4059-a53f-e32d1ab36311}" record_timestamp="1496769953032" record_key="dark_elves_volcanicplainsdark_elves_volcanic_primary_wildlife_birds">
<environment>dark_elves_volcanic</environment>
<one_shot>dark_elves_volcanic_primary_wildlife_birds</one_shot>
<type>plains</type>
</audio_battle_environment_one_shot_junctions>
<audio_battle_environment_one_shot_junctions record_uuid="{239afc47-9c4c-4deb-8e78-0e5299744e54}" record_timestamp="1496769953032" record_key="dark_elves_volcanicplainsdark_elves_volcanic_primary_wildlife_mammals">
<environment>dark_elves_volcanic</environment>
<one_shot>dark_elves_volcanic_primary_wildlife_mammals</one_shot>
<type>plains</type>
</audio_battle_environment_one_shot_junctions>
<audio_battle_environment_one_shot_junctions record_uuid="{09ac920e-04fa-4a3b-ae57-23a1d6013ec8}" record_timestamp="1470836349127" record_key="dwarfplainsdwarf_wildlife">
<environment>dwarf</environment>
<one_shot>dwarf_wildlife</one_shot>
<type>plains</type>
</audio_battle_environment_one_shot_junctions>
<audio_battle_environment_one_shot_junctions record_uuid="{9a61d600-1e4b-4abf-957b-3b4394b393da}" record_timestamp="1468846229337" record_key="empireforestempire_wildlife">
<environment>empire</environment>
<one_shot>empire_wildlife</one_shot>
<type>forest</type>
</audio_battle_environment_one_shot_junctions>
<audio_battle_environment_one_shot_junctions record_uuid="{f72df9a5-25cc-4f7f-bfb8-a7d30f79342f}" record_timestamp="1468846229336" record_key="empirelakegeneric_frog">
<environment>empire</environment>
<one_shot>generic_frog</one_shot>
<type>lake</type>
</audio_battle_environment_one_shot_junctions>
<audio_battle_environment_one_shot_junctions record_uuid="{02f9c583-0708-4780-aeb5-4955afe85c9b}" record_timestamp="1468846229338" record_key="empireplainsempire_wildlife">
<environment>empire</environment>
<one_shot>empire_wildlife</one_shot>
<type>plains</type>
</audio_battle_environment_one_shot_junctions>
<audio_battle_environment_one_shot_junctions record_uuid="{c4931104-ae2e-4ebe-ace5-c5a0dac11278}" record_timestamp="1468846229337" record_key="empireseageneric_seagull">
<environment>empire</environment>
<one_shot>generic_seagull</one_shot>
<type>sea</type>
</audio_battle_environment_one_shot_junctions>
<audio_battle_environment_one_shot_junctions record_uuid="{afe17184-13ad-4920-852b-94bf12157afd}" record_timestamp="1470836349127" record_key="greenskinplainsgreenskin_wildlife">
<environment>greenskin</environment>
<one_shot>greenskin_wildlife</one_shot>
<type>plains</type>
</audio_battle_environment_one_shot_junctions>
<audio_battle_environment_one_shot_junctions record_uuid="{271d6ebf-cdcc-43e3-b0e8-bf6a75756449}" record_timestamp="1497007483077" record_key="high_elves_beachforesthigh_elves_beach_forest_nature_one_shots">
<environment>high_elves_beach</environment>
<one_shot>high_elves_beach_forest_nature_one_shots</one_shot>
<type>forest</type>
</audio_battle_environment_one_shot_junctions>
<audio_battle_environment_one_shot_junctions record_uuid="{8f91f465-ab84-4b16-bf81-c534e575c3be}" record_timestamp="1495122970151" record_key="high_elves_beachforesthigh_elves_beach_forest_wildlife_birds">
<environment>high_elves_beach</environment>
<one_shot>high_elves_beach_forest_wildlife_birds</one_shot>
<type>forest</type>
</audio_battle_environment_one_shot_junctions>
<audio_battle_environment_one_shot_junctions record_uuid="{6486b16d-52bc-4407-b6b5-96965658f5c0}" record_timestamp="1495122970151" record_key="high_elves_beachforesthigh_elves_beach_forest_wildlife_distant">
<environment>high_elves_beach</environment>
<one_shot>high_elves_beach_forest_wildlife_distant</one_shot>
<type>forest</type>
</audio_battle_environment_one_shot_junctions>
<audio_battle_environment_one_shot_junctions record_uuid="{a1461bf7-ddc9-41b7-882c-95a350e0033a}" record_timestamp="1495122970151" record_key="high_elves_beachforesthigh_elves_beach_forest_wildlife_insects">
<environment>high_elves_beach</environment>
<one_shot>high_elves_beach_forest_wildlife_insects</one_shot>
<type>forest</type>
</audio_battle_environment_one_shot_junctions>
<audio_battle_environment_one_shot_junctions record_uuid="{4baa3293-9153-4614-8567-d969cac3fe34}" record_timestamp="1495122970151" record_key="high_elves_beachforesthigh_elves_beach_forest_wildlife_mammals">
<environment>high_elves_beach</environment>
<one_shot>high_elves_beach_forest_wildlife_mammals</one_shot>
<type>forest</type>
</audio_battle_environment_one_shot_junctions>
<audio_battle_environment_one_shot_junctions record_uuid="{00a0bac9-dd70-40d6-b356-3464c7d54f85}" record_timestamp="1495122970151" record_key="high_elves_beachplainshigh_elves_beach_primary_wildlife_birds">
<environment>high_elves_beach</environment>
<one_shot>high_elves_beach_primary_wildlife_birds</one_shot>
<type>plains</type>
</audio_battle_environment_one_shot_junctions>
<audio_battle_environment_one_shot_junctions record_uuid="{3efea3d3-9639-467f-8b01-c4292d32ea51}" record_timestamp="1495122970151" record_key="high_elves_beachplainshigh_elves_beach_primary_wildlife_insects">
<environment>high_elves_beach</environment>
<one_shot>high_elves_beach_primary_wildlife_insects</one_shot>
<type>plains</type>
</audio_battle_environment_one_shot_junctions>
<audio_battle_environment_one_shot_junctions record_uuid="{1c96d58a-4913-4597-a122-cfa18bf3b317}" record_timestamp="1495186011333" record_key="high_elves_hillsforesthigh_elves_hills_forest_nature_one_shots">
<environment>high_elves_hills</environment>
<one_shot>high_elves_hills_forest_nature_one_shots</one_shot>
<type>forest</type>
</audio_battle_environment_one_shot_junctions>
<audio_battle_environment_one_shot_junctions record_uuid="{76a53c6d-f9b2-445e-86fd-ea4b094a1bba}" record_timestamp="1495122970151" record_key="high_elves_hillsforesthigh_elves_hills_forest_wildlife_birds">
<environment>high_elves_hills</environment>
<one_shot>high_elves_hills_forest_wildlife_birds</one_shot>
<type>forest</type>
</audio_battle_environment_one_shot_junctions>
<audio_battle_environment_one_shot_junctions record_uuid="{6293cfa9-67a1-40f0-a092-779c81a308ce}" record_timestamp="1495122970151" record_key="high_elves_hillsforesthigh_elves_hills_forest_wildlife_distant">
<environment>high_elves_hills</environment>
<one_shot>high_elves_hills_forest_wildlife_distant</one_shot>
<type>forest</type>
</audio_battle_environment_one_shot_junctions>
<audio_battle_environment_one_shot_junctions record_uuid="{3eb6e968-db8a-4534-88e2-d494ece02f8f}" record_timestamp="1495122970151" record_key="high_elves_hillsforesthigh_elves_hills_forest_wildlife_insects">
<environment>high_elves_hills</environment>
<one_shot>high_elves_hills_forest_wildlife_insects</one_shot>
<type>forest</type>
</audio_battle_environment_one_shot_junctions>
<audio_battle_environment_one_shot_junctions record_uuid="{cd8220a9-45ea-481a-8053-d6164b090430}" record_timestamp="1495122970150" record_key="high_elves_hillsforesthigh_elves_hills_forest_wildlife_mammals">
<environment>high_elves_hills</environment>
<one_shot>high_elves_hills_forest_wildlife_mammals</one_shot>
<type>forest</type>
</audio_battle_environment_one_shot_junctions>
<audio_battle_environment_one_shot_junctions record_uuid="{e863bcac-5c26-4a79-bacc-b78745bea850}" record_timestamp="1495122970150" record_key="high_elves_hillsplainshigh_elves_hills_primary_wildlife_birds">
<environment>high_elves_hills</environment>
<one_shot>high_elves_hills_primary_wildlife_birds</one_shot>
<type>plains</type>
</audio_battle_environment_one_shot_junctions>
<audio_battle_environment_one_shot_junctions record_uuid="{30f777a1-0bae-494b-93f2-c10293fec689}" record_timestamp="1497020112967" record_key="high_elves_qb_arnheimforesthigh_elves_hills_forest_nature_one_shots">
<environment>high_elves_qb_arnheim</environment>
<one_shot>high_elves_hills_forest_nature_one_shots</one_shot>
<type>forest</type>
</audio_battle_environment_one_shot_junctions>
<audio_battle_environment_one_shot_junctions record_uuid="{361995f3-1c20-45e8-8bc4-d11221619699}" record_timestamp="1497020112967" record_key="high_elves_qb_arnheimforesthigh_elves_hills_forest_wildlife_birds">
<environment>high_elves_qb_arnheim</environment>
<one_shot>high_elves_hills_forest_wildlife_birds</one_shot>
<type>forest</type>
</audio_battle_environment_one_shot_junctions>
<audio_battle_environment_one_shot_junctions record_uuid="{962bba98-90ae-4ef5-a8bd-dd6897703138}" record_timestamp="1497020112967" record_key="high_elves_qb_arnheimforesthigh_elves_hills_forest_wildlife_distant">
<environment>high_elves_qb_arnheim</environment>
<one_shot>high_elves_hills_forest_wildlife_distant</one_shot>
<type>forest</type>
</audio_battle_environment_one_shot_junctions>
<audio_battle_environment_one_shot_junctions record_uuid="{562b69f3-f7a0-494d-bf38-42f53a890992}" record_timestamp="1497020112967" record_key="high_elves_qb_arnheimforesthigh_elves_hills_forest_wildlife_insects">
<environment>high_elves_qb_arnheim</environment>
<one_shot>high_elves_hills_forest_wildlife_insects</one_shot>
<type>forest</type>
</audio_battle_environment_one_shot_junctions>
<audio_battle_environment_one_shot_junctions record_uuid="{1b84076e-91a5-4128-b014-3bdf4060f09b}" record_timestamp="1497020112967" record_key="high_elves_qb_arnheimforesthigh_elves_hills_forest_wildlife_mammals">
<environment>high_elves_qb_arnheim</environment>
<one_shot>high_elves_hills_forest_wildlife_mammals</one_shot>
<type>forest</type>
</audio_battle_environment_one_shot_junctions>
<audio_battle_environment_one_shot_junctions record_uuid="{7209935b-5c56-4f69-8dd6-9895e60d0756}" record_timestamp="1497020112967" record_key="high_elves_qb_arnheimplainshigh_elves_hills_primary_wildlife_birds">
<environment>high_elves_qb_arnheim</environment>
<one_shot>high_elves_hills_primary_wildlife_birds</one_shot>
<type>plains</type>
</audio_battle_environment_one_shot_junctions>
<audio_battle_environment_one_shot_junctions record_uuid="{86442592-6580-4b50-968e-efbee8d2074a}" record_timestamp="1498560873221" record_key="high_elves_qb_tower_of_hoethforesthigh_elves_hills_forest_nature_one_shots">
<environment>high_elves_qb_tower_of_hoeth</environment>
<one_shot>high_elves_hills_forest_nature_one_shots</one_shot>
<type>forest</type>
</audio_battle_environment_one_shot_junctions>
<audio_battle_environment_one_shot_junctions record_uuid="{a781d308-d8d3-4273-a8f5-da923593a09b}" record_timestamp="1498560873221" record_key="high_elves_qb_tower_of_hoethforesthigh_elves_hills_forest_wildlife_birds">
<environment>high_elves_qb_tower_of_hoeth</environment>
<one_shot>high_elves_hills_forest_wildlife_birds</one_shot>
<type>forest</type>
</audio_battle_environment_one_shot_junctions>
<audio_battle_environment_one_shot_junctions record_uuid="{6ffc4097-e765-49d7-a396-86783cdcb08f}" record_timestamp="1498560873221" record_key="high_elves_qb_tower_of_hoethforesthigh_elves_hills_forest_wildlife_distant">
<environment>high_elves_qb_tower_of_hoeth</environment>
<one_shot>high_elves_hills_forest_wildlife_distant</one_shot>
<type>forest</type>
</audio_battle_environment_one_shot_junctions>
<audio_battle_environment_one_shot_junctions record_uuid="{7441f022-14cc-4de2-aeb7-a1ca449ce353}" record_timestamp="1498560873221" record_key="high_elves_qb_tower_of_hoethforesthigh_elves_hills_forest_wildlife_insects">
<environment>high_elves_qb_tower_of_hoeth</environment>
<one_shot>high_elves_hills_forest_wildlife_insects</one_shot>
<type>forest</type>
</audio_battle_environment_one_shot_junctions>
<audio_battle_environment_one_shot_junctions record_uuid="{e8e2f076-c39e-4948-9915-259d7868f4e5}" record_timestamp="1498560873221" record_key="high_elves_qb_tower_of_hoethforesthigh_elves_hills_forest_wildlife_mammals">
<environment>high_elves_qb_tower_of_hoeth</environment>
<one_shot>high_elves_hills_forest_wildlife_mammals</one_shot>
<type>forest</type>
</audio_battle_environment_one_shot_junctions>
<audio_battle_environment_one_shot_junctions record_uuid="{bee2a03a-6d54-4c2d-9836-9dbdd02018d8}" record_timestamp="1498560873221" record_key="high_elves_qb_tower_of_hoethplainshigh_elves_hills_primary_wildlife_birds">
<environment>high_elves_qb_tower_of_hoeth</environment>
<one_shot>high_elves_hills_primary_wildlife_birds</one_shot>
<type>plains</type>
</audio_battle_environment_one_shot_junctions>
<audio_battle_environment_one_shot_junctions record_uuid="{1868eafe-a3a1-4984-9ba7-0c96f4647ef0}" record_timestamp="1495122970150" record_key="lizardmen_jungleforestlizardmen_jungle_forest_nature_one_shots">
<environment>lizardmen_jungle</environment>
<one_shot>lizardmen_jungle_forest_nature_one_shots</one_shot>
<type>forest</type>
</audio_battle_environment_one_shot_junctions>
<audio_battle_environment_one_shot_junctions record_uuid="{abb5ea62-5ad7-4e0e-97b9-275271319c7d}" record_timestamp="1495122970150" record_key="lizardmen_jungleforestlizardmen_jungle_forest_wildlife_birds">
<environment>lizardmen_jungle</environment>
<one_shot>lizardmen_jungle_forest_wildlife_birds</one_shot>
<type>forest</type>
</audio_battle_environment_one_shot_junctions>
<audio_battle_environment_one_shot_junctions record_uuid="{3620d154-ff34-4923-984e-65f0257d23e4}" record_timestamp="1495122970150" record_key="lizardmen_jungleforestlizardmen_jungle_forest_wildlife_distant">
<environment>lizardmen_jungle</environment>
<one_shot>lizardmen_jungle_forest_wildlife_distant</one_shot>
<type>forest</type>
</audio_battle_environment_one_shot_junctions>
<audio_battle_environment_one_shot_junctions record_uuid="{38759f08-f405-43d9-bdf9-8f7a10ac2217}" record_timestamp="1495122970150" record_key="lizardmen_jungleforestlizardmen_jungle_forest_wildlife_insects">
<environment>lizardmen_jungle</environment>
<one_shot>lizardmen_jungle_forest_wildlife_insects</one_shot>
<type>forest</type>
</audio_battle_environment_one_shot_junctions>
<audio_battle_environment_one_shot_junctions record_uuid="{d70a19cd-59b3-42e2-a269-11ba2eaf687c}" record_timestamp="1495122970150" record_key="lizardmen_jungleforestlizardmen_jungle_forest_wildlife_mammals">
<environment>lizardmen_jungle</environment>
<one_shot>lizardmen_jungle_forest_wildlife_mammals</one_shot>
<type>forest</type>
</audio_battle_environment_one_shot_junctions>
<audio_battle_environment_one_shot_junctions record_uuid="{e6e19153-f9d4-4ce7-a4d2-1614bd1be2f9}" record_timestamp="1495122970150" record_key="lizardmen_jungleplainslizardmen_jungle_primary_wildlife_birds">
<environment>lizardmen_jungle</environment>
<one_shot>lizardmen_jungle_primary_wildlife_birds</one_shot>
<type>plains</type>
</audio_battle_environment_one_shot_junctions>
<audio_battle_environment_one_shot_junctions record_uuid="{d8c47d0c-5786-45ee-84ff-14dace27ab1e}" record_timestamp="1495122970150" record_key="lizardmen_jungleplainslizardmen_jungle_primary_wildlife_insects">
<environment>lizardmen_jungle</environment>
<one_shot>lizardmen_jungle_primary_wildlife_insects</one_shot>
<type>plains</type>
</audio_battle_environment_one_shot_junctions>
<audio_battle_environment_one_shot_junctions record_uuid="{01ee5f39-0e20-4ad5-b15d-6c7c58d5abab}" record_timestamp="1495122970149" record_key="lizardmen_mountainforestlizardmen_mountain_forest_wildife_one_shots">
<environment>lizardmen_mountain</environment>
<one_shot>lizardmen_mountain_forest_wildife_one_shots</one_shot>
<type>forest</type>
</audio_battle_environment_one_shot_junctions>
<audio_battle_environment_one_shot_junctions record_uuid="{19d2755a-aeb8-4f6f-ab92-529ccb47f0fe}" record_timestamp="1495122970149" record_key="lizardmen_mountainplainslizardmen_mountain_primary_wildlife_one_shots">
<environment>lizardmen_mountain</environment>
<one_shot>lizardmen_mountain_primary_wildlife_one_shots</one_shot>
<type>plains</type>
</audio_battle_environment_one_shot_junctions>
<audio_battle_environment_one_shot_junctions record_uuid="{03e7dbe2-f4b6-455f-b457-e2ca0f3e52bc}" record_timestamp="1496931301947" record_key="lizardmen_qb_crimson_skullforestlizardmen_jungle_forest_nature_one_shots">
<environment>lizardmen_qb_crimson_skull</environment>
<one_shot>lizardmen_jungle_forest_nature_one_shots</one_shot>
<type>forest</type>
</audio_battle_environment_one_shot_junctions>
<audio_battle_environment_one_shot_junctions record_uuid="{e73d621c-5ab9-48e4-8d54-67538bc0cc27}" record_timestamp="1496931301948" record_key="lizardmen_qb_crimson_skullforestlizardmen_jungle_forest_wildlife_birds">
<environment>lizardmen_qb_crimson_skull</environment>
<one_shot>lizardmen_jungle_forest_wildlife_birds</one_shot>
<type>forest</type>
</audio_battle_environment_one_shot_junctions>
<audio_battle_environment_one_shot_junctions record_uuid="{564cec46-f061-46cb-9f54-10b68ec77008}" record_timestamp="1496931301948" record_key="lizardmen_qb_crimson_skullforestlizardmen_jungle_forest_wildlife_distant">
<environment>lizardmen_qb_crimson_skull</environment>
<one_shot>lizardmen_jungle_forest_wildlife_distant</one_shot>
<type>forest</type>
</audio_battle_environment_one_shot_junctions>
<audio_battle_environment_one_shot_junctions record_uuid="{ae1d9a7d-378a-49a3-88de-c0dc7db9e63f}" record_timestamp="1496931301948" record_key="lizardmen_qb_crimson_skullforestlizardmen_jungle_forest_wildlife_insects">
<environment>lizardmen_qb_crimson_skull</environment>
<one_shot>lizardmen_jungle_forest_wildlife_insects</one_shot>
<type>forest</type>
</audio_battle_environment_one_shot_junctions>
<audio_battle_environment_one_shot_junctions record_uuid="{737b91ee-f628-41e4-91b0-64416cc56cb3}" record_timestamp="1496931301948" record_key="lizardmen_qb_crimson_skullforestlizardmen_jungle_forest_wildlife_mammals">
<environment>lizardmen_qb_crimson_skull</environment>
<one_shot>lizardmen_jungle_forest_wildlife_mammals</one_shot>
<type>forest</type>
</audio_battle_environment_one_shot_junctions>
<audio_battle_environment_one_shot_junctions record_uuid="{26da7e88-6b34-4090-ae73-943ee504b356}" record_timestamp="1496931301948" record_key="lizardmen_qb_crimson_skullplainslizardmen_jungle_primary_wildlife_birds">
<environment>lizardmen_qb_crimson_skull</environment>
<one_shot>lizardmen_jungle_primary_wildlife_birds</one_shot>
<type>plains</type>
</audio_battle_environment_one_shot_junctions>
<audio_battle_environment_one_shot_junctions record_uuid="{c84c9cfa-aae3-4a56-84f5-c954da4a5a00}" record_timestamp="1496931301948" record_key="lizardmen_qb_crimson_skullplainslizardmen_jungle_primary_wildlife_insects">
<environment>lizardmen_qb_crimson_skull</environment>
<one_shot>lizardmen_jungle_primary_wildlife_insects</one_shot>
<type>plains</type>
</audio_battle_environment_one_shot_junctions>
<audio_battle_environment_one_shot_junctions record_uuid="{617f01b1-51ad-439e-b3cb-38f8f2a598e7}" record_timestamp="1495122970150" record_key="lizardmen_qb_fallen_gatesforestlizardmen_jungle_forest_nature_one_shots">
<environment>lizardmen_qb_fallen_gates</environment>
<one_shot>lizardmen_jungle_forest_nature_one_shots</one_shot>
<type>forest</type>
</audio_battle_environment_one_shot_junctions>
<audio_battle_environment_one_shot_junctions record_uuid="{fba1c4e6-1f64-4cf4-95c3-f653cbe1ddcc}" record_timestamp="1495122970150" record_key="lizardmen_qb_fallen_gatesforestlizardmen_jungle_forest_wildlife_birds">
<environment>lizardmen_qb_fallen_gates</environment>
<one_shot>lizardmen_jungle_forest_wildlife_birds</one_shot>
<type>forest</type>
</audio_battle_environment_one_shot_junctions>
<audio_battle_environment_one_shot_junctions record_uuid="{a340b075-2079-4baf-8cd7-3850059d7c60}" record_timestamp="1495122970150" record_key="lizardmen_qb_fallen_gatesforestlizardmen_jungle_forest_wildlife_distant">
<environment>lizardmen_qb_fallen_gates</environment>
<one_shot>lizardmen_jungle_forest_wildlife_distant</one_shot>
<type>forest</type>
</audio_battle_environment_one_shot_junctions>
<audio_battle_environment_one_shot_junctions record_uuid="{c47a3f97-9ab6-4840-a0ba-b925e04984d6}" record_timestamp="1495122970150" record_key="lizardmen_qb_fallen_gatesforestlizardmen_jungle_forest_wildlife_insects">
<environment>lizardmen_qb_fallen_gates</environment>
<one_shot>lizardmen_jungle_forest_wildlife_insects</one_shot>
<type>forest</type>
</audio_battle_environment_one_shot_junctions>
<audio_battle_environment_one_shot_junctions record_uuid="{ee02db9a-7c1c-4ab0-ac03-4e3cb0107001}" record_timestamp="1495122970150" record_key="lizardmen_qb_fallen_gatesforestlizardmen_jungle_forest_wildlife_mammals">
<environment>lizardmen_qb_fallen_gates</environment>
<one_shot>lizardmen_jungle_forest_wildlife_mammals</one_shot>
<type>forest</type>
</audio_battle_environment_one_shot_junctions>
<audio_battle_environment_one_shot_junctions record_uuid="{7fbbca79-211e-436b-a902-68f1fa1ed59a}" record_timestamp="1495122970149" record_key="lizardmen_qb_fallen_gatesplainslizardmen_mountain_primary_wildlife_one_shots">
<environment>lizardmen_qb_fallen_gates</environment>
<one_shot>lizardmen_mountain_primary_wildlife_one_shots</one_shot>
<type>plains</type>
</audio_battle_environment_one_shot_junctions>
<audio_battle_environment_one_shot_junctions record_uuid="{500d1801-7e4a-46d5-b7ad-fda9f250b7b4}" record_timestamp="1497006783513" record_key="lizardmen_qb_mosquito_swampforestlizardmen_jungle_forest_nature_one_shots">
<environment>lizardmen_qb_mosquito_swamp</environment>
<one_shot>lizardmen_jungle_forest_nature_one_shots</one_shot>
<type>forest</type>
</audio_battle_environment_one_shot_junctions>
<audio_battle_environment_one_shot_junctions record_uuid="{c8479434-78d7-44f1-8552-b4c252fe8fde}" record_timestamp="1497006783513" record_key="lizardmen_qb_mosquito_swampforestlizardmen_jungle_forest_wildlife_birds">
<environment>lizardmen_qb_mosquito_swamp</environment>
<one_shot>lizardmen_jungle_forest_wildlife_birds</one_shot>
<type>forest</type>
</audio_battle_environment_one_shot_junctions>
<audio_battle_environment_one_shot_junctions record_uuid="{22bc83fa-4616-40ef-a7a0-829bcb11bff5}" record_timestamp="1497006783514" record_key="lizardmen_qb_mosquito_swampforestlizardmen_jungle_forest_wildlife_distant">
<environment>lizardmen_qb_mosquito_swamp</environment>
<one_shot>lizardmen_jungle_forest_wildlife_distant</one_shot>
<type>forest</type>
</audio_battle_environment_one_shot_junctions>
<audio_battle_environment_one_shot_junctions record_uuid="{d3f11ff6-df9a-46f8-adcb-c6ec597ce7dc}" record_timestamp="1497006783514" record_key="lizardmen_qb_mosquito_swampforestlizardmen_jungle_forest_wildlife_insects">
<environment>lizardmen_qb_mosquito_swamp</environment>
<one_shot>lizardmen_jungle_forest_wildlife_insects</one_shot>
<type>forest</type>
</audio_battle_environment_one_shot_junctions>
<audio_battle_environment_one_shot_junctions record_uuid="{0967b804-f2c8-4653-a882-00816013481d}" record_timestamp="1497006783514" record_key="lizardmen_qb_mosquito_swampforestlizardmen_jungle_forest_wildlife_mammals">
<environment>lizardmen_qb_mosquito_swamp</environment>
<one_shot>lizardmen_jungle_forest_wildlife_mammals</one_shot>
<type>forest</type>
</audio_battle_environment_one_shot_junctions>
<audio_battle_environment_one_shot_junctions record_uuid="{07fc6b48-8f09-4a35-9f88-3eb4f938ea08}" record_timestamp="1497006783514" record_key="lizardmen_qb_mosquito_swampplainslizardmen_jungle_primary_wildlife_birds">
<environment>lizardmen_qb_mosquito_swamp</environment>
<one_shot>lizardmen_jungle_primary_wildlife_birds</one_shot>
<type>plains</type>
</audio_battle_environment_one_shot_junctions>
<audio_battle_environment_one_shot_junctions record_uuid="{c4563de5-a723-4a97-88e2-6e70d5ddb159}" record_timestamp="1497006783514" record_key="lizardmen_qb_mosquito_swampplainslizardmen_jungle_primary_wildlife_insects">
<environment>lizardmen_qb_mosquito_swamp</environment>
<one_shot>lizardmen_jungle_primary_wildlife_insects</one_shot>
<type>plains</type>
</audio_battle_environment_one_shot_junctions>
<audio_battle_environment_one_shot_junctions record_uuid="{96a31d98-cdb6-48e1-a027-f3a6c294d745}" record_timestamp="1495122970150" record_key="lizardmen_swampforestlizardmen_swamp_forest_wildlife_one_shots">
<environment>lizardmen_swamp</environment>
<one_shot>lizardmen_swamp_forest_wildlife_one_shots</one_shot>
<type>forest</type>
</audio_battle_environment_one_shot_junctions>
<audio_battle_environment_one_shot_junctions record_uuid="{9583d3d3-428d-4b93-8605-1791fe276885}" record_timestamp="1495122970150" record_key="lizardmen_swampplainslizardmen_swamp_primary_wildlife_one_shots">
<environment>lizardmen_swamp</environment>
<one_shot>lizardmen_swamp_primary_wildlife_one_shots</one_shot>
<type>plains</type>
</audio_battle_environment_one_shot_junctions>
<audio_battle_environment_one_shot_junctions record_uuid="{2c64e01a-c0de-48bb-a8c8-e612ceef2149}" record_timestamp="1470836349126" record_key="nordicplainsnordic_wildlife">
<environment>nordic</environment>
<one_shot>nordic_wildlife</one_shot>
<type>plains</type>
</audio_battle_environment_one_shot_junctions>
<audio_battle_environment_one_shot_junctions record_uuid="{b693eb42-1a77-40d4-aaf4-0fcfbb18d538}" record_timestamp="1495122970150" record_key="skaven_cavernplainslizardmen_jungle_primary_wildlife_insects">
<environment>skaven_cavern</environment>
<one_shot>lizardmen_jungle_primary_wildlife_insects</one_shot>
<type>plains</type>
</audio_battle_environment_one_shot_junctions>
<audio_battle_environment_one_shot_junctions record_uuid="{96129719-6549-435e-aa4c-3c30e1d6475d}" record_timestamp="1495185113658" record_key="skaven_cavernplainsskaven_cavern_primary_nature_one_shots">
<environment>skaven_cavern</environment>
<one_shot>skaven_cavern_primary_nature_one_shots</one_shot>
<type>plains</type>
</audio_battle_environment_one_shot_junctions>
<audio_battle_environment_one_shot_junctions record_uuid="{f3c2d9cf-0bd9-4e2e-9c96-626c329156a4}" record_timestamp="1495122970148" record_key="skaven_cavernplainsskaven_cavern_primary_wildlife_insects">
<environment>skaven_cavern</environment>
<one_shot>skaven_cavern_primary_wildlife_insects</one_shot>
<type>plains</type>
</audio_battle_environment_one_shot_junctions>
<audio_battle_environment_one_shot_junctions record_uuid="{c13918ff-41b3-43ef-9fb2-ec72bfabad03}" record_timestamp="1495122970148" record_key="skaven_cavernplainsskaven_cavern_primary_wildlife_mammals">
<environment>skaven_cavern</environment>
<one_shot>skaven_cavern_primary_wildlife_mammals</one_shot>
<type>plains</type>
</audio_battle_environment_one_shot_junctions>
<audio_battle_environment_one_shot_junctions record_uuid="{13ea5dbf-44f3-4980-8f24-bd25ed733373}" record_timestamp="1495122970148" record_key="skaven_desertforestskaven_desert_forest_nature_one_shots">
<environment>skaven_desert</environment>
<one_shot>skaven_desert_forest_nature_one_shots</one_shot>
<type>forest</type>
</audio_battle_environment_one_shot_junctions>
<audio_battle_environment_one_shot_junctions record_uuid="{c7dd7cd0-0c7d-421f-a480-ab3f193c3311}" record_timestamp="1495122970148" record_key="skaven_desertforestskaven_desert_forest_wildlife_birds">
<environment>skaven_desert</environment>
<one_shot>skaven_desert_forest_wildlife_birds</one_shot>
<type>forest</type>
</audio_battle_environment_one_shot_junctions>
<audio_battle_environment_one_shot_junctions record_uuid="{50a318b2-1c87-4a1a-9c8d-204cc555b4ba}" record_timestamp="1495122970148" record_key="skaven_desertforestskaven_desert_forest_wildlife_insects">
<environment>skaven_desert</environment>
<one_shot>skaven_desert_forest_wildlife_insects</one_shot>
<type>forest</type>
</audio_battle_environment_one_shot_junctions>
<audio_battle_environment_one_shot_junctions record_uuid="{21cf8fef-caba-4949-9be3-81fa66a2e7f8}" record_timestamp="1495122970148" record_key="skaven_desertforestskaven_desert_forest_wildlife_mammals">
<environment>skaven_desert</environment>
<one_shot>skaven_desert_forest_wildlife_mammals</one_shot>
<type>forest</type>
</audio_battle_environment_one_shot_junctions>
<audio_battle_environment_one_shot_junctions record_uuid="{33dde8a4-5f8a-463e-a398-15b088d3a1d1}" record_timestamp="1495122970148" record_key="skaven_desertplainsskaven_desert_primary_nature_one_shots">
<environment>skaven_desert</environment>
<one_shot>skaven_desert_primary_nature_one_shots</one_shot>
<type>plains</type>
</audio_battle_environment_one_shot_junctions>
<audio_battle_environment_one_shot_junctions record_uuid="{9938ae0d-141c-411b-9d4a-340c6e178a0d}" record_timestamp="1495122970149" record_key="skaven_desertplainsskaven_desert_primary_wildlife_birds">
<environment>skaven_desert</environment>
<one_shot>skaven_desert_primary_wildlife_birds</one_shot>
<type>plains</type>
</audio_battle_environment_one_shot_junctions>
<audio_battle_environment_one_shot_junctions record_uuid="{d82265a2-4a36-4100-86e4-db7f92a0335b}" record_timestamp="1495122970149" record_key="skaven_desertplainsskaven_desert_primary_wildlife_insects">
<environment>skaven_desert</environment>
<one_shot>skaven_desert_primary_wildlife_insects</one_shot>
<type>plains</type>
</audio_battle_environment_one_shot_junctions>
<audio_battle_environment_one_shot_junctions record_uuid="{b97b75f7-a74b-45b9-bc68-971add4b1dd6}" record_timestamp="1495122970149" record_key="skaven_desertplainsskaven_desert_primary_wildlife_mammals">
<environment>skaven_desert</environment>
<one_shot>skaven_desert_primary_wildlife_mammals</one_shot>
<type>plains</type>
</audio_battle_environment_one_shot_junctions>
<audio_battle_environment_one_shot_junctions record_uuid="{d3cd46e4-0522-48a9-85ef-f4c6a55d6d38}" record_timestamp="1495185113659" record_key="skaven_marshforestskaven_marsh_forest_nature_one_shots">
<environment>skaven_marsh</environment>
<one_shot>skaven_marsh_forest_nature_one_shots</one_shot>
<type>forest</type>
</audio_battle_environment_one_shot_junctions>
<audio_battle_environment_one_shot_junctions record_uuid="{649d4807-bea4-4dec-a693-27bb656f59f7}" record_timestamp="1495122970149" record_key="skaven_marshforestskaven_marsh_forest_wildlife_birds">
<environment>skaven_marsh</environment>
<one_shot>skaven_marsh_forest_wildlife_birds</one_shot>
<type>forest</type>
</audio_battle_environment_one_shot_junctions>
<audio_battle_environment_one_shot_junctions record_uuid="{c7f657de-5fb1-48f6-a4b0-6f50f38ebfbf}" record_timestamp="1495122970149" record_key="skaven_marshforestskaven_marsh_forest_wildlife_insects">
<environment>skaven_marsh</environment>
<one_shot>skaven_marsh_forest_wildlife_insects</one_shot>
<type>forest</type>
</audio_battle_environment_one_shot_junctions>
<audio_battle_environment_one_shot_junctions record_uuid="{ce30932d-4c68-4198-ba08-f21cca90460a}" record_timestamp="1495122970149" record_key="skaven_marshforestskaven_marsh_forest_wildlife_mammals">
<environment>skaven_marsh</environment>
<one_shot>skaven_marsh_forest_wildlife_mammals</one_shot>
<type>forest</type>
</audio_battle_environment_one_shot_junctions>
<audio_battle_environment_one_shot_junctions record_uuid="{ccfa7452-f8f0-4131-bb3b-02f2b773991c}" record_timestamp="1495122970149" record_key="skaven_marshplainsskaven_marsh_primary_wildlife_birds">
<environment>skaven_marsh</environment>
<one_shot>skaven_marsh_primary_wildlife_birds</one_shot>
<type>plains</type>
</audio_battle_environment_one_shot_junctions>
<audio_battle_environment_one_shot_junctions record_uuid="{a3b88804-6691-49cd-970b-0aacd5e4c61a}" record_timestamp="1495122970149" record_key="skaven_marshplainsskaven_marsh_primary_wildlife_insects">
<environment>skaven_marsh</environment>
<one_shot>skaven_marsh_primary_wildlife_insects</one_shot>
<type>plains</type>
</audio_battle_environment_one_shot_junctions>
<audio_battle_environment_one_shot_junctions record_uuid="{166a71f4-4d3a-4563-a06e-6d3cc7ce3f37}" record_timestamp="1495122970149" record_key="skaven_marshplainsskaven_marsh_primary_wildlife_mammals">
<environment>skaven_marsh</environment>
<one_shot>skaven_marsh_primary_wildlife_mammals</one_shot>
<type>plains</type>
</audio_battle_environment_one_shot_junctions>
<audio_battle_environment_one_shot_junctions record_uuid="{7524e6fa-a817-4a07-ba38-ff6c4d3a377a}" record_timestamp="1510731429617" record_key="tomb_kings_cavernplainstomb_kings_cavern_primary_nature_one_shots">
<environment>tomb_kings_cavern</environment>
<one_shot>tomb_kings_cavern_primary_nature_one_shots</one_shot>
<type>plains</type>
</audio_battle_environment_one_shot_junctions>
<audio_battle_environment_one_shot_junctions record_uuid="{93276fcf-d539-481e-9efe-04a6c6127a52}" record_timestamp="1510731429617" record_key="tomb_kings_cavernplainstomb_kings_cavern_primary_wildlife_insects">
<environment>tomb_kings_cavern</environment>
<one_shot>tomb_kings_cavern_primary_wildlife_insects</one_shot>
<type>plains</type>
</audio_battle_environment_one_shot_junctions>
<audio_battle_environment_one_shot_junctions record_uuid="{c9e1f741-c1b8-4f0b-8613-30028cf1c9cc}" record_timestamp="1510731429617" record_key="tomb_kings_cavernurbantomb_kings_cavern_secondary_nature_one_shots">
<environment>tomb_kings_cavern</environment>
<one_shot>tomb_kings_cavern_secondary_nature_one_shots</one_shot>
<type>urban</type>
</audio_battle_environment_one_shot_junctions>
<audio_battle_environment_one_shot_junctions record_uuid="{8bbc9558-aadc-4181-8fe0-96ce0ac68bb0}" record_timestamp="1510731429617" record_key="tomb_kings_desertplainstomb_kings_desert_primary_nature_one_shots">
<environment>tomb_kings_desert</environment>
<one_shot>tomb_kings_desert_primary_nature_one_shots</one_shot>
<type>plains</type>
</audio_battle_environment_one_shot_junctions>
<audio_battle_environment_one_shot_junctions record_uuid="{7de0c063-7d7a-4971-bee3-c953dc6d95f5}" record_timestamp="1510731429617" record_key="tomb_kings_desertplainstomb_kings_desert_primary_wildlife_birds">
<environment>tomb_kings_desert</environment>
<one_shot>tomb_kings_desert_primary_wildlife_birds</one_shot>
<type>plains</type>
</audio_battle_environment_one_shot_junctions>
<audio_battle_environment_one_shot_junctions record_uuid="{0303fd66-86cb-4b2d-a204-5c8e7a670c97}" record_timestamp="1510731429617" record_key="tomb_kings_desertplainstomb_kings_desert_primary_wildlife_insects">
<environment>tomb_kings_desert</environment>
<one_shot>tomb_kings_desert_primary_wildlife_insects</one_shot>
<type>plains</type>
</audio_battle_environment_one_shot_junctions>
<audio_battle_environment_one_shot_junctions record_uuid="{7bb70ea4-2ec8-486a-b936-19223b07c8e7}" record_timestamp="1510731429617" record_key="tomb_kings_deserturbantomb_kings_desert_secondary_nature_one_shots">
<environment>tomb_kings_desert</environment>
<one_shot>tomb_kings_desert_secondary_nature_one_shots</one_shot>
<type>urban</type>
</audio_battle_environment_one_shot_junctions>
<audio_battle_environment_one_shot_junctions record_uuid="{e2be6dd0-ed17-452c-96b7-09e4ee41d6f3}" record_timestamp="1510731429617" record_key="tomb_kings_deserturbantomb_kings_desert_secondary_wildlife_insects">
<environment>tomb_kings_desert</environment>
<one_shot>tomb_kings_desert_secondary_wildlife_insects</one_shot>
<type>urban</type>
</audio_battle_environment_one_shot_junctions>
<audio_battle_environment_one_shot_junctions record_uuid="{2ccfbca4-c9bf-4eee-a508-742921436a9a}" record_timestamp="1510731429626" record_key="tomb_kings_qb_final_battleplainstomb_kings_desert_primary_nature_one_shots">
<environment>tomb_kings_qb_final_battle</environment>
<one_shot>tomb_kings_desert_primary_nature_one_shots</one_shot>
<type>plains</type>
</audio_battle_environment_one_shot_junctions>
<audio_battle_environment_one_shot_junctions record_uuid="{9723b7a1-3482-4dfd-b83e-51f6af1f28ff}" record_timestamp="1510731429626" record_key="tomb_kings_qb_final_battleplainstomb_kings_desert_primary_wildlife_birds">
<environment>tomb_kings_qb_final_battle</environment>
<one_shot>tomb_kings_desert_primary_wildlife_birds</one_shot>
<type>plains</type>
</audio_battle_environment_one_shot_junctions>
<audio_battle_environment_one_shot_junctions record_uuid="{943d6fc7-b031-455a-aa4f-125a7005f9a3}" record_timestamp="1510731429627" record_key="tomb_kings_qb_final_battleplainstomb_kings_desert_primary_wildlife_insects">
<environment>tomb_kings_qb_final_battle</environment>
<one_shot>tomb_kings_desert_primary_wildlife_insects</one_shot>
<type>plains</type>
</audio_battle_environment_one_shot_junctions>
<audio_battle_environment_one_shot_junctions record_uuid="{d6ae4263-e63b-4014-bd5b-1c472952c90f}" record_timestamp="1510731429627" record_key="tomb_kings_qb_final_battleurbantomb_kings_desert_secondary_nature_one_shots">
<environment>tomb_kings_qb_final_battle</environment>
<one_shot>tomb_kings_desert_secondary_nature_one_shots</one_shot>
<type>urban</type>
</audio_battle_environment_one_shot_junctions>
<audio_battle_environment_one_shot_junctions record_uuid="{462db97d-7d33-4504-b94e-bc6cd4ac4d28}" record_timestamp="1510731429627" record_key="tomb_kings_qb_final_battleurbantomb_kings_desert_secondary_wildlife_insects">
<environment>tomb_kings_qb_final_battle</environment>
<one_shot>tomb_kings_desert_secondary_wildlife_insects</one_shot>
<type>urban</type>
</audio_battle_environment_one_shot_junctions>
<audio_battle_environment_one_shot_junctions record_uuid="{b115f497-efe7-4bab-aed2-8d9c65654a57}" record_timestamp="1510731429627" record_key="tomb_kings_qb_staff_of_nagashplainstomb_kings_desert_primary_nature_one_shots">
<environment>tomb_kings_qb_staff_of_nagash</environment>
<one_shot>tomb_kings_desert_primary_nature_one_shots</one_shot>
<type>plains</type>
</audio_battle_environment_one_shot_junctions>
<audio_battle_environment_one_shot_junctions record_uuid="{ed664d30-db1c-4c5a-a43d-f89d8d05f583}" record_timestamp="1510731429627" record_key="tomb_kings_qb_staff_of_nagashplainstomb_kings_desert_primary_wildlife_birds">
<environment>tomb_kings_qb_staff_of_nagash</environment>
<one_shot>tomb_kings_desert_primary_wildlife_birds</one_shot>
<type>plains</type>
</audio_battle_environment_one_shot_junctions>
<audio_battle_environment_one_shot_junctions record_uuid="{6fd0df0a-7228-4e07-8558-8bfa2008d9a9}" record_timestamp="1510731429627" record_key="tomb_kings_qb_staff_of_nagashplainstomb_kings_desert_primary_wildlife_insects">
<environment>tomb_kings_qb_staff_of_nagash</environment>
<one_shot>tomb_kings_desert_primary_wildlife_insects</one_shot>
<type>plains</type>
</audio_battle_environment_one_shot_junctions>
<audio_battle_environment_one_shot_junctions record_uuid="{2870bb33-68bc-4617-be03-fdb276e85566}" record_timestamp="1510731429627" record_key="tomb_kings_qb_staff_of_nagashurbantomb_kings_desert_secondary_nature_one_shots">
<environment>tomb_kings_qb_staff_of_nagash</environment>
<one_shot>tomb_kings_desert_secondary_nature_one_shots</one_shot>
<type>urban</type>
</audio_battle_environment_one_shot_junctions>
<audio_battle_environment_one_shot_junctions record_uuid="{bfe54020-4fe0-46bd-9c0c-2e8be1b915e0}" record_timestamp="1510731429627" record_key="tomb_kings_qb_staff_of_nagashurbantomb_kings_desert_secondary_wildlife_insects">
<environment>tomb_kings_qb_staff_of_nagash</environment>
<one_shot>tomb_kings_desert_secondary_wildlife_insects</one_shot>
<type>urban</type>
</audio_battle_environment_one_shot_junctions>
<audio_battle_environment_one_shot_junctions record_uuid="{fb3c93a8-2f9a-4b40-951a-50173cb909d1}" record_timestamp="1470836349127" record_key="vampireplainsvampire_wildlife">
<environment>vampire</environment>
<one_shot>vampire_wildlife</one_shot>
<type>plains</type>
</audio_battle_environment_one_shot_junctions>
<audio_battle_environment_one_shot_junctions record_uuid="{64beacfe-d97b-41f5-a829-a21da3f27ecd}" record_timestamp="1470836349127" record_key="vampireurbanvampire_urban">
<environment>vampire</environment>
<one_shot>vampire_urban</one_shot>
<type>urban</type>
</audio_battle_environment_one_shot_junctions>
<audio_battle_environment_one_shot_junctions record_uuid="{f859498a-a1f5-44ae-a7ad-97a255c61e4f}" record_timestamp="1480097611757" record_key="wood_elves_autumnforestwood_elves_wildlife_autumn">
<environment>wood_elves_autumn</environment>
<one_shot>wood_elves_wildlife_autumn</one_shot>
<type>forest</type>
</audio_battle_environment_one_shot_junctions>
<audio_battle_environment_one_shot_junctions record_uuid="{a240ba7e-c02a-447a-94ab-210836f01831}" record_timestamp="1480097611752" record_key="wood_elves_autumnplainswood_elves_wildlife_autumn">
<environment>wood_elves_autumn</environment>
<one_shot>wood_elves_wildlife_autumn</one_shot>
<type>plains</type>
</audio_battle_environment_one_shot_junctions>
<audio_battle_environment_one_shot_junctions record_uuid="{c7a7b47e-9a3d-46d1-85a2-acddaf8a6379}" record_timestamp="1480097611759" record_key="wood_elves_genericforestwood_elves_wildlife_generic">
<environment>wood_elves_generic</environment>
<one_shot>wood_elves_wildlife_generic</one_shot>
<type>forest</type>
</audio_battle_environment_one_shot_junctions>
<audio_battle_environment_one_shot_junctions record_uuid="{c31c0fad-c563-48d0-a0c3-1812762170fa}" record_timestamp="1480097611753" record_key="wood_elves_genericplainswood_elves_wildlife_generic">
<environment>wood_elves_generic</environment>
<one_shot>wood_elves_wildlife_generic</one_shot>
<type>plains</type>
</audio_battle_environment_one_shot_junctions>
<audio_battle_environment_one_shot_junctions record_uuid="{cfcf993d-e6d2-4bd9-8c1e-d9bd8bd8535b}" record_timestamp="1480097611760" record_key="wood_elves_nightforestwood_elves_wildlife_night">
<environment>wood_elves_night</environment>
<one_shot>wood_elves_wildlife_night</one_shot>
<type>forest</type>
</audio_battle_environment_one_shot_junctions>
<audio_battle_environment_one_shot_junctions record_uuid="{ad8b122e-891d-4a57-9cbd-f5806cdd82ee}" record_timestamp="1480097611755" record_key="wood_elves_nightplainswood_elves_wildlife_night">
<environment>wood_elves_night</environment>
<one_shot>wood_elves_wildlife_night</one_shot>
<type>plains</type>
</audio_battle_environment_one_shot_junctions>
<audio_battle_environment_one_shot_junctions record_uuid="{74ad520e-5099-4705-845c-f63a538d4036}" record_timestamp="1480097611761" record_key="wood_elves_winterforestwood_elves_wildlife_winter">
<environment>wood_elves_winter</environment>
<one_shot>wood_elves_wildlife_winter</one_shot>
<type>forest</type>
</audio_battle_environment_one_shot_junctions>
<audio_battle_environment_one_shot_junctions record_uuid="{0daa7942-d9cf-4cc1-be87-ef197292a0e7}" record_timestamp="1480097611756" record_key="wood_elves_winterplainswood_elves_wildlife_winter">
<environment>wood_elves_winter</environment>
<one_shot>wood_elves_wildlife_winter</one_shot>
<type>plains</type>
</audio_battle_environment_one_shot_junctions>
</dataroot>
