<?xml version="1.0" encoding="UTF-8"?>
<dataroot xmlns:od="urn:schemas-microsoft-com:officedata" xmlns:xsi="http://www.w3.org/2001/XMLSchema-instance" xsi:noNamespaceSchemaLocation="audio_battle_environment_weathers.xsd" export_time="Mon Jul 18 14:00:41 2016" revision="1" export_branch="T:/branches/warhammer2/dev/warhammer/binaries.x64" export_user="bob">
<edit_uuid>bfda2c36-b96a-4978-9007-b03cc026c6d9</edit_uuid>
<audio_battle_environment_weathers record_uuid="{abbe4584-2876-4a15-8f71-8041cf3ad82f}" record_timestamp="1468846841876" record_key="rain_heavy">
<disables_environment>1</disables_environment>
<name>rain_heavy</name>
<wind_intensity_modifier>50</wind_intensity_modifier>
</audio_battle_environment_weathers>
<audio_battle_environment_weathers record_uuid="{5bcf60cd-41ff-4ae3-8385-056e3a58c979}" record_timestamp="1468846841876" record_key="rain_light">
<disables_environment>0</disables_environment>
<name>rain_light</name>
<wind_intensity_modifier>10</wind_intensity_modifier>
</audio_battle_environment_weathers>
<audio_battle_environment_weathers record_uuid="{ab43dc53-58ee-481c-aca1-542aef0d0998}" record_timestamp="1468846841877" record_key="rain_medium">
<disables_environment>0</disables_environment>
<name>rain_medium</name>
<wind_intensity_modifier>25</wind_intensity_modifier>
</audio_battle_environment_weathers>
</dataroot>
