<?xml version="1.0" encoding="UTF-8"?>
<dataroot xmlns:od="urn:schemas-microsoft-com:officedata" xmlns:xsi="http://www.w3.org/2001/XMLSchema-instance" xsi:noNamespaceSchemaLocation="audio_campaign_environment_looping_sounds.xsd" export_time="Fri Nov 10 10:29:17 2017" revision="11" export_branch="T:/branches/warhammer2/new_tomb/warhammer/binaries.x64" export_user="bob">
<edit_uuid>cf6e0ac9-7205-4f55-97f9-95767fa8dab0</edit_uuid>
<audio_campaign_environment_looping_sounds record_uuid="{b706d865-8852-4c36-8acf-be73bdd59882}" record_timestamp="1470839982296" record_key="beastmen_ambience">
<intensity_rtpc></intensity_rtpc>
<key>beastmen_ambience</key>
<start_event>Campaign_Environment_Beastmen_Dark_Ambience_Play</start_event>
<stop_event>Campaign_Environment_Beastmen_Dark_Ambience_Stop</stop_event>
</audio_campaign_environment_looping_sounds>
<audio_campaign_environment_looping_sounds record_uuid="{38ca0da2-65e4-45c2-84f2-b65a2879a5d8}" record_timestamp="1470839982297" record_key="beastmen_forest">
<intensity_rtpc></intensity_rtpc>
<key>beastmen_forest</key>
<start_event>Campaign_Environment_Beastmen_Forest_Play</start_event>
<stop_event>Campaign_Environment_Beastmen_Forest_Stop</stop_event>
</audio_campaign_environment_looping_sounds>
<audio_campaign_environment_looping_sounds record_uuid="{693641c0-bea4-4bfe-bfa4-0510c5e8f77a}" record_timestamp="1480094713776" record_key="bretonnia_forest">
<intensity_rtpc></intensity_rtpc>
<key>bretonnia_forest</key>
<start_event>Campaign_Environment_Bretonnia_Forest_Play</start_event>
<stop_event>Campaign_Environment_Bretonnia_Forest_Stop</stop_event>
</audio_campaign_environment_looping_sounds>
<audio_campaign_environment_looping_sounds record_uuid="{5a67fc91-aab3-4f77-8e99-804416a8c773}" record_timestamp="1470839982246" record_key="chaos_ambience">
<intensity_rtpc></intensity_rtpc>
<key>chaos_ambience</key>
<start_event>Campaign_Environment_Chaos_Dark_Ambience_Play</start_event>
<stop_event>Campaign_Environment_Chaos_Dark_Ambience_Stop</stop_event>
</audio_campaign_environment_looping_sounds>
<audio_campaign_environment_looping_sounds record_uuid="{f746c195-83c7-4ba1-bf1b-40e1446a2985}" record_timestamp="1470839982244" record_key="chaos_forest">
<intensity_rtpc></intensity_rtpc>
<key>chaos_forest</key>
<start_event>Campaign_Environment_Chaos_Forest_Play</start_event>
<stop_event>Campaign_Environment_Chaos_Forest_Stop</stop_event>
</audio_campaign_environment_looping_sounds>
<audio_campaign_environment_looping_sounds record_uuid="{3f86fb66-cca4-4203-b368-60ba7b556341}" record_timestamp="1500302183295" record_key="dark_elves_forest">
<intensity_rtpc>Campaign_Forest_Tree_Count</intensity_rtpc>
<key>dark_elves_forest</key>
<start_event>Campaign_Environment_Dark_Elves_Forest_Play</start_event>
<stop_event>Campaign_Environment_Dark_Elves_Forest_Stop</stop_event>
</audio_campaign_environment_looping_sounds>
<audio_campaign_environment_looping_sounds record_uuid="{342674de-dbe7-4426-a3ed-85ae5d9463d9}" record_timestamp="1510309757201" record_key="darkelves_ambience">
<intensity_rtpc state="NOT_APPROVED" last_approved_text="" last_edit_user="bob"></intensity_rtpc>
<key>darkelves_ambience</key>
<start_event state="NOT_APPROVED" last_approved_text="" last_edit_user="bob">Campaign_Environment_Dark_Elves_Evil_Ambience_Play</start_event>
<stop_event state="NOT_APPROVED" last_approved_text="" last_edit_user="bob">Campaign_Environment_Dark_Elves_Evil_Ambience_Stop</stop_event>
</audio_campaign_environment_looping_sounds>
<audio_campaign_environment_looping_sounds record_uuid="{3fd192d4-5f81-43e0-bd25-29602b7109f2}" record_timestamp="1470839982251" record_key="dwarf_forest">
<intensity_rtpc></intensity_rtpc>
<key>dwarf_forest</key>
<start_event>Campaign_Environment_Dwarf_Forest_Play</start_event>
<stop_event>Campaign_Environment_Dwarf_Forest_Stop</stop_event>
</audio_campaign_environment_looping_sounds>
<audio_campaign_environment_looping_sounds record_uuid="{f3af8335-6e54-4a10-840b-a42745c9cf53}" record_timestamp="1470839982247" record_key="empire_forest">
<intensity_rtpc></intensity_rtpc>
<key>empire_forest</key>
<start_event>Campaign_Environment_Empire_Forest_Play</start_event>
<stop_event>Campaign_Environment_Empire_Forest_Stop</stop_event>
</audio_campaign_environment_looping_sounds>
<audio_campaign_environment_looping_sounds record_uuid="{6af514e1-287d-4ed3-9b7d-789bd826f2c7}" record_timestamp="1470839982249" record_key="generic_desert">
<intensity_rtpc>Campaign_Desert_Intensity</intensity_rtpc>
<key>generic_desert</key>
<start_event>Campaign_Environment_Generic_Desert_Play</start_event>
<stop_event>Campaign_Environment_Generic_Desert_Stop</stop_event>
</audio_campaign_environment_looping_sounds>
<audio_campaign_environment_looping_sounds record_uuid="{a422af4a-e4b9-4e59-94f0-351fbdbf66e3}" record_timestamp="1507892921500" record_key="generic_forest">
<intensity_rtpc>Campaign_Forest_Tree_Count</intensity_rtpc>
<key>generic_forest</key>
<start_event>Campaign_Environment_Generic_Forest_Play</start_event>
<stop_event>Campaign_Environment_Generic_Forest_Stop</stop_event>
</audio_campaign_environment_looping_sounds>
<audio_campaign_environment_looping_sounds record_uuid="{76e3fa89-227f-4c21-a1cb-d6c7e869a532}" record_timestamp="1470839982250" record_key="generic_sea">
<intensity_rtpc>Campaign_Sea_Intensity</intensity_rtpc>
<key>generic_sea</key>
<start_event>Campaign_Environment_Element_Water_Sea_Play</start_event>
<stop_event>Campaign_Environment_Element_Water_Sea_Stop</stop_event>
</audio_campaign_environment_looping_sounds>
<audio_campaign_environment_looping_sounds record_uuid="{6506c7d2-978a-492a-87e8-4e98143c6558}" record_timestamp="1474903528870" record_key="generic_shroud">
<intensity_rtpc></intensity_rtpc>
<key>generic_shroud</key>
<start_event>Campaign_Environment_Generic_Shroud_Play</start_event>
<stop_event>Campaign_Environment_Generic_Shroud_Stop</stop_event>
</audio_campaign_environment_looping_sounds>
<audio_campaign_environment_looping_sounds record_uuid="{4a1a2c14-c1ab-4273-b847-2bc1df867b2f}" record_timestamp="1470839982246" record_key="generic_wind">
<intensity_rtpc></intensity_rtpc>
<key>generic_wind</key>
<start_event>Campaign_Environment_Element_Wind_Play</start_event>
<stop_event>Campaign_Environment_Element_Wind_Stop</stop_event>
</audio_campaign_environment_looping_sounds>
<audio_campaign_environment_looping_sounds record_uuid="{937fc880-35d3-4650-9acc-da40b7531051}" record_timestamp="1470839982245" record_key="greenskin_forest">
<intensity_rtpc></intensity_rtpc>
<key>greenskin_forest</key>
<start_event>Campaign_Environment_Greenskin_Forest_Play</start_event>
<stop_event>Campaign_Environment_Greenskin_Forest_Stop</stop_event>
</audio_campaign_environment_looping_sounds>
<audio_campaign_environment_looping_sounds record_uuid="{80303ae0-3ad7-4e8e-9511-b40fdb903d49}" record_timestamp="1498834426294" record_key="high_elves_forest">
<intensity_rtpc>Campaign_Forest_Tree_Count</intensity_rtpc>
<key>high_elves_forest</key>
<start_event>Campaign_Environment_High_Elves_Forest_Play</start_event>
<stop_event>Campaign_Environment_High_Elves_Forest_Stop</stop_event>
</audio_campaign_environment_looping_sounds>
<audio_campaign_environment_looping_sounds record_uuid="{02176350-75a3-46be-9014-fcfc2e4b9e67}" record_timestamp="1500302183295" record_key="lizardmen_forest">
<intensity_rtpc>Campaign_Forest_Tree_Count</intensity_rtpc>
<key>lizardmen_forest</key>
<start_event>Campaign_Environment_Lizardmen_Forest_Play</start_event>
<stop_event>Campaign_Environment_Lizardmen_Forest_Stop</stop_event>
</audio_campaign_environment_looping_sounds>
<audio_campaign_environment_looping_sounds record_uuid="{283ea254-50cf-4f15-9224-a6c5973efb20}" record_timestamp="1470839982248" record_key="nordic_forest">
<intensity_rtpc></intensity_rtpc>
<key>nordic_forest</key>
<start_event>Campaign_Environment_Nordic_Forest_Play</start_event>
<stop_event>Campaign_Environment_Nordic_Forest_Stop</stop_event>
</audio_campaign_environment_looping_sounds>
<audio_campaign_environment_looping_sounds record_uuid="{fdbe06fb-249f-49ac-9399-777d5fac2e20}" record_timestamp="1500302183294" record_key="skaven_forest">
<intensity_rtpc>Campaign_Forest_Tree_Count</intensity_rtpc>
<key>skaven_forest</key>
<start_event>Campaign_Environment_Skaven_Forest_Play</start_event>
<stop_event>Campaign_Environment_Skaven_Forest_Stop</stop_event>
</audio_campaign_environment_looping_sounds>
<audio_campaign_environment_looping_sounds record_uuid="{b51893d8-0aa0-4000-9a28-054500d2dc93}" record_timestamp="1508335896149" record_key="tombkings_forest">
<intensity_rtpc>Campaign_Forest_Tree_Count</intensity_rtpc>
<key>tombkings_forest</key>
<start_event>Campaign_Environment_Tomb_Kings_Forest_Play</start_event>
<stop_event>Campaign_Environment_Tomb_Kings_Forest_Stop</stop_event>
</audio_campaign_environment_looping_sounds>
<audio_campaign_environment_looping_sounds record_uuid="{f517a0ed-82f1-4163-a69a-ee811e6ed4e9}" record_timestamp="1470839982251" record_key="vampire_forest">
<intensity_rtpc></intensity_rtpc>
<key>vampire_forest</key>
<start_event>Campaign_Environment_Vampire_Forest_Play</start_event>
<stop_event>Campaign_Environment_Vampire_Forest_Stop</stop_event>
</audio_campaign_environment_looping_sounds>
<audio_campaign_environment_looping_sounds record_uuid="{9468c79c-2204-4057-9b64-d0d51b18dafe}" record_timestamp="1478785923199" record_key="wood_elves_forest_autumn">
<intensity_rtpc></intensity_rtpc>
<key>wood_elves_forest_autumn</key>
<start_event>Campaign_Environment_Woold_Elves_Forest_Autumn_Play</start_event>
<stop_event>Campaign_Environment_Woold_Elves_Forest_Autumn_Stop</stop_event>
</audio_campaign_environment_looping_sounds>
<audio_campaign_environment_looping_sounds record_uuid="{e65fddd7-97bf-4987-93ba-f89d9b7ae3c7}" record_timestamp="1478784471589" record_key="wood_elves_forest_generic">
<intensity_rtpc></intensity_rtpc>
<key>wood_elves_forest_generic</key>
<start_event>Campaign_Environment_Woold_Elves_Forest_Generic_Play</start_event>
<stop_event>Campaign_Environment_Woold_Elves_Forest_Generic_Stop</stop_event>
</audio_campaign_environment_looping_sounds>
<audio_campaign_environment_looping_sounds record_uuid="{053011ec-8d90-4605-af00-8a70af4d680d}" record_timestamp="1478784471590" record_key="wood_elves_forest_winter">
<intensity_rtpc></intensity_rtpc>
<key>wood_elves_forest_winter</key>
<start_event>Campaign_Environment_Woold_Elves_Forest_Winter_Play</start_event>
<stop_event>Campaign_Environment_Woold_Elves_Forest_Winter_Stop</stop_event>
</audio_campaign_environment_looping_sounds>
</dataroot>
