<?xml version="1.0" encoding="UTF-8"?>
<dataroot xmlns:od="urn:schemas-microsoft-com:officedata" xmlns:xsi="http://www.w3.org/2001/XMLSchema-instance" xsi:noNamespaceSchemaLocation="audio_entity_looping_sounds.xsd" export_time="Thu Nov 30 16:25:49 2017" revision="45" export_branch="T:/branches/warhammer2/new_tomb/warhammer/binaries.x64" export_user="bob">
<edit_uuid>f52764e4-b131-4718-a36d-1d307d891e2d</edit_uuid>
<audio_entity_looping_sounds record_uuid="{64d9dd91-4ec6-4ce4-999f-c4ddd1647f72}" record_timestamp="1511193071476" record_key="wh2_dlc09_chariot_arkhan_idle">
<doppler_rtpc_name></doppler_rtpc_name>
<event_start state="NOT_APPROVED" last_approved_text="" last_edit_user="bob">Battle_Individual_Artillery_Arkhan_Chariot_Idle_Start</event_start>
<event_stop state="NOT_APPROVED" last_approved_text="" last_edit_user="bob">Battle_Individual_Artillery_Arkhan_Chariot_Idle_Stop</event_stop>
<key>wh2_dlc09_chariot_arkhan_idle</key>
<limitation_scale>1</limitation_scale>
<rtpc_1_assignment>Entity_Speed_Total</rtpc_1_assignment>
<rtpc_1_name>Battle_War_Machine_Speed</rtpc_1_name>
<rtpc_2_assignment></rtpc_2_assignment>
<rtpc_2_name></rtpc_2_name>
<switch_1>Battle_Ground_Type_Limited</switch_1>
<use_obstruction>0</use_obstruction>
<use_reverb>1</use_reverb>
</audio_entity_looping_sounds>
<audio_entity_looping_sounds record_uuid="{b9588459-bd70-4e84-9051-a7527ab32271}" record_timestamp="1511193071475" record_key="wh2_dlc09_chariot_arkhan_movement">
<doppler_rtpc_name></doppler_rtpc_name>
<event_start state="NOT_APPROVED" last_approved_text="" last_edit_user="bob">Battle_Individual_Artillery_Arkhan_Chariot_Movement_Start</event_start>
<event_stop state="NOT_APPROVED" last_approved_text="" last_edit_user="bob">Battle_Individual_Artillery_Arkhan_Chariot_Movement_Stop</event_stop>
<key state="NOT_APPROVED" last_approved_text="" last_edit_user="bob">wh2_dlc09_chariot_arkhan_movement</key>
<limitation_scale>1</limitation_scale>
<rtpc_1_assignment>Entity_Speed_Total</rtpc_1_assignment>
<rtpc_1_name>Battle_War_Machine_Speed</rtpc_1_name>
<rtpc_2_assignment></rtpc_2_assignment>
<rtpc_2_name></rtpc_2_name>
<switch_1>Battle_Ground_Type_Limited</switch_1>
<use_obstruction>0</use_obstruction>
<use_reverb>1</use_reverb>
</audio_entity_looping_sounds>
<audio_entity_looping_sounds record_uuid="{9d2efeb7-5b8a-43ef-a75a-6089287d03a8}" record_timestamp="1511193071476" record_key="wh2_dlc09_chariot_arkhan_movement_rotation">
<doppler_rtpc_name></doppler_rtpc_name>
<event_start state="NOT_APPROVED" last_approved_text="" last_edit_user="bob">Battle_Individual_Artillery_Arkhan_Chariot_Movement_Rotation_Start</event_start>
<event_stop state="NOT_APPROVED" last_approved_text="" last_edit_user="bob">Battle_Individual_Artillery_Arkhan_Chariot_Movement_Rotation_Stop</event_stop>
<key>wh2_dlc09_chariot_arkhan_movement_rotation</key>
<limitation_scale>1</limitation_scale>
<rtpc_1_assignment>Entity_Speed_Total</rtpc_1_assignment>
<rtpc_1_name>Battle_War_Machine_Speed</rtpc_1_name>
<rtpc_2_assignment></rtpc_2_assignment>
<rtpc_2_name></rtpc_2_name>
<switch_1>Battle_Ground_Type_Limited</switch_1>
<use_obstruction>0</use_obstruction>
<use_reverb>1</use_reverb>
</audio_entity_looping_sounds>
<audio_entity_looping_sounds record_uuid="{9d38d421-71cb-4f2b-865c-0ba5c53a32e8}" record_timestamp="1511193071476" record_key="wh2_dlc09_chariot_settra_idle">
<doppler_rtpc_name></doppler_rtpc_name>
<event_start state="NOT_APPROVED" last_approved_text="" last_edit_user="bob">Battle_Individual_Artillery_Settra_Chariot_Idle_Start</event_start>
<event_stop state="NOT_APPROVED" last_approved_text="" last_edit_user="bob">Battle_Individual_Artillery_Settra_Chariot_Idle_Stop</event_stop>
<key>wh2_dlc09_chariot_settra_idle</key>
<limitation_scale>1</limitation_scale>
<rtpc_1_assignment>Entity_Speed_Total</rtpc_1_assignment>
<rtpc_1_name>Battle_War_Machine_Speed</rtpc_1_name>
<rtpc_2_assignment></rtpc_2_assignment>
<rtpc_2_name></rtpc_2_name>
<switch_1>Battle_Ground_Type_Limited</switch_1>
<use_obstruction>0</use_obstruction>
<use_reverb>1</use_reverb>
</audio_entity_looping_sounds>
<audio_entity_looping_sounds record_uuid="{58bbea8e-f9bd-4799-b1c2-56870d685b75}" record_timestamp="1511193071476" record_key="wh2_dlc09_chariot_settra_movement">
<doppler_rtpc_name></doppler_rtpc_name>
<event_start state="NOT_APPROVED" last_approved_text="" last_edit_user="bob">Battle_Individual_Artillery_Settra_Chariot_Movement_Start</event_start>
<event_stop state="NOT_APPROVED" last_approved_text="" last_edit_user="bob">Battle_Individual_Artillery_Settra_Chariot_Movement_Stop</event_stop>
<key>wh2_dlc09_chariot_settra_movement</key>
<limitation_scale>1</limitation_scale>
<rtpc_1_assignment>Entity_Speed_Total</rtpc_1_assignment>
<rtpc_1_name>Battle_War_Machine_Speed</rtpc_1_name>
<rtpc_2_assignment></rtpc_2_assignment>
<rtpc_2_name></rtpc_2_name>
<switch_1>Battle_Ground_Type_Limited</switch_1>
<use_obstruction>0</use_obstruction>
<use_reverb>1</use_reverb>
</audio_entity_looping_sounds>
<audio_entity_looping_sounds record_uuid="{b1b3db92-21ce-466a-98a2-8eb05735a60e}" record_timestamp="1511193071476" record_key="wh2_dlc09_chariot_settra_movement_rotation">
<doppler_rtpc_name></doppler_rtpc_name>
<event_start state="NOT_APPROVED" last_approved_text="" last_edit_user="bob">Battle_Individual_Artillery_Settra_Chariot_Movement_Rotation_Start</event_start>
<event_stop state="NOT_APPROVED" last_approved_text="" last_edit_user="bob">Battle_Individual_Artillery_Settra_Chariot_Movement_Rotation_Stop</event_stop>
<key>wh2_dlc09_chariot_settra_movement_rotation</key>
<limitation_scale>1</limitation_scale>
<rtpc_1_assignment>Entity_Speed_Total</rtpc_1_assignment>
<rtpc_1_name>Battle_War_Machine_Speed</rtpc_1_name>
<rtpc_2_assignment></rtpc_2_assignment>
<rtpc_2_name></rtpc_2_name>
<switch_1>Battle_Ground_Type_Limited</switch_1>
<use_obstruction>0</use_obstruction>
<use_reverb>1</use_reverb>
</audio_entity_looping_sounds>
<audio_entity_looping_sounds record_uuid="{a1ebdead-cb97-4517-b777-47af76e60bce}" record_timestamp="1511956394137" record_key="wh2_dlc09_constructs_shimmer_idle">
<doppler_rtpc_name></doppler_rtpc_name>
<event_start state="NOT_APPROVED" last_approved_text="" last_edit_user="bob">Battle_Individual_Foley_Tomb_Kings_Constructs_Shimmer_Start</event_start>
<event_stop state="NOT_APPROVED" last_approved_text="" last_edit_user="bob">Battle_Individual_Foley_Tomb_Kings_Constructs_Shimmer_Stop</event_stop>
<key>wh2_dlc09_constructs_shimmer_idle</key>
<limitation_scale>1</limitation_scale>
<rtpc_1_assignment></rtpc_1_assignment>
<rtpc_1_name></rtpc_1_name>
<rtpc_2_assignment></rtpc_2_assignment>
<rtpc_2_name></rtpc_2_name>
<switch_1></switch_1>
<use_obstruction>0</use_obstruction>
<use_reverb>1</use_reverb>
</audio_entity_looping_sounds>
<audio_entity_looping_sounds record_uuid="{32870a94-2b21-4741-82db-6df91f619edd}" record_timestamp="1511956394138" record_key="wh2_dlc09_constructs_shimmer_small_idle">
<doppler_rtpc_name></doppler_rtpc_name>
<event_start state="NOT_APPROVED" last_approved_text="" last_edit_user="bob">Battle_Individual_Foley_Tomb_Kings_Constructs_Shimmer_Small_Start</event_start>
<event_stop state="NOT_APPROVED" last_approved_text="" last_edit_user="bob">Battle_Individual_Foley_Tomb_Kings_Constructs_Shimmer_Small_Stop</event_stop>
<key state="NOT_APPROVED" last_approved_text="" last_edit_user="bob">wh2_dlc09_constructs_shimmer_small_idle</key>
<limitation_scale>0</limitation_scale>
<rtpc_1_assignment></rtpc_1_assignment>
<rtpc_1_name></rtpc_1_name>
<rtpc_2_assignment></rtpc_2_assignment>
<rtpc_2_name></rtpc_2_name>
<switch_1></switch_1>
<use_obstruction>0</use_obstruction>
<use_reverb>1</use_reverb>
</audio_entity_looping_sounds>
<audio_entity_looping_sounds record_uuid="{1489a4e3-b4bf-46ce-8dbe-84c7dd73938f}" record_timestamp="1510931990348" record_key="wh2_dlc_09_chariot_tmb_movement">
<doppler_rtpc_name></doppler_rtpc_name>
<event_start>Battle_Individual_Artillery_Metal_Chariot_Movement_Start</event_start>
<event_stop>Battle_Individual_Artillery_Metal_Chariot_Movement_Stop</event_stop>
<key>wh2_dlc_09_chariot_tmb_movement</key>
<limitation_scale>0.1</limitation_scale>
<rtpc_1_assignment>Entity_Speed_Total</rtpc_1_assignment>
<rtpc_1_name>Battle_War_Machine_Speed</rtpc_1_name>
<rtpc_2_assignment></rtpc_2_assignment>
<rtpc_2_name></rtpc_2_name>
<switch_1>Battle_Ground_Type_Limited</switch_1>
<use_obstruction>0</use_obstruction>
<use_reverb>1</use_reverb>
</audio_entity_looping_sounds>
<audio_entity_looping_sounds record_uuid="{a3391286-f81b-46aa-ac9b-fe0393d31b01}" record_timestamp="1510931990348" record_key="wh2_dlc_09_chariot_tmb_movement_rotation">
<doppler_rtpc_name></doppler_rtpc_name>
<event_start>Battle_Individual_Artillery_Metal_Chariot_Movement_Rotation_Start</event_start>
<event_stop>Battle_Individual_Artillery_Metal_Chariot_Movement_Rotation_Stop</event_stop>
<key>wh2_dlc_09_chariot_tmb_movement_rotation</key>
<limitation_scale>0.1</limitation_scale>
<rtpc_1_assignment>Entity_Speed_Total</rtpc_1_assignment>
<rtpc_1_name>Battle_War_Machine_Speed</rtpc_1_name>
<rtpc_2_assignment></rtpc_2_assignment>
<rtpc_2_name></rtpc_2_name>
<switch_1>Battle_Ground_Type_Limited</switch_1>
<use_obstruction>0</use_obstruction>
<use_reverb>1</use_reverb>
</audio_entity_looping_sounds>
<audio_entity_looping_sounds record_uuid="{d7ccba8e-a622-41ba-b38b-68176f52b39e}" record_timestamp="1504090558316" record_key="wh2_flaming_sword">
<doppler_rtpc_name></doppler_rtpc_name>
<event_start>Battle_IND_Magic_Persistent_VFX_Tyrion_Flaming_Sword_Start</event_start>
<event_stop>Battle_IND_Magic_Persistent_VFX_Tyrion_Flaming_Sword_Stop</event_stop>
<key>wh2_flaming_sword</key>
<limitation_scale>1</limitation_scale>
<rtpc_1_assignment></rtpc_1_assignment>
<rtpc_1_name></rtpc_1_name>
<rtpc_2_assignment></rtpc_2_assignment>
<rtpc_2_name></rtpc_2_name>
<switch_1></switch_1>
<use_obstruction>0</use_obstruction>
<use_reverb>1</use_reverb>
</audio_entity_looping_sounds>
<audio_entity_looping_sounds record_uuid="{eaae0946-71bb-409e-a8f4-53b6504947e8}" record_timestamp="1498841979120" record_key="wh2_siege_tower_lizardmen_idle">
<doppler_rtpc_name></doppler_rtpc_name>
<event_start>Battle_Individual_Artillery_Siege_Tower_Lizardmen_Idle_Start</event_start>
<event_stop>Battle_Individual_Artillery_Siege_Tower_Lizardmen_Idle_Stop</event_stop>
<key>wh2_siege_tower_lizardmen_idle</key>
<limitation_scale>1</limitation_scale>
<rtpc_1_assignment>Entity_Speed_Total</rtpc_1_assignment>
<rtpc_1_name>Battle_War_Machine_Speed</rtpc_1_name>
<rtpc_2_assignment></rtpc_2_assignment>
<rtpc_2_name></rtpc_2_name>
<switch_1>Battle_Ground_Type</switch_1>
<use_obstruction>0</use_obstruction>
<use_reverb>1</use_reverb>
</audio_entity_looping_sounds>
<audio_entity_looping_sounds record_uuid="{4245f369-29e6-4529-ad28-bca8c7a722b9}" record_timestamp="1498841979120" record_key="wh2_siege_tower_lizardmen_movement">
<doppler_rtpc_name></doppler_rtpc_name>
<event_start>Battle_Individual_Artillery_Siege_Tower_Lizardmen_Movement_Start</event_start>
<event_stop>Battle_Individual_Artillery_Siege_Tower_Lizardmen_Movement_Stop</event_stop>
<key>wh2_siege_tower_lizardmen_movement</key>
<limitation_scale>1</limitation_scale>
<rtpc_1_assignment>Entity_Speed_Total</rtpc_1_assignment>
<rtpc_1_name>Battle_War_Machine_Speed</rtpc_1_name>
<rtpc_2_assignment></rtpc_2_assignment>
<rtpc_2_name></rtpc_2_name>
<switch_1>Battle_Ground_Type</switch_1>
<use_obstruction>0</use_obstruction>
<use_reverb>1</use_reverb>
</audio_entity_looping_sounds>
<audio_entity_looping_sounds record_uuid="{c7c69d6b-0198-4087-999f-bbfbb71d831c}" record_timestamp="1510935478377" record_key="wh2_slann_platform_sound">
<doppler_rtpc_name></doppler_rtpc_name>
<event_start state="NOT_APPROVED" last_approved_text="" last_edit_user="bob">Battle_Individual_Foley_Slann_Platform_Start</event_start>
<event_stop state="NOT_APPROVED" last_approved_text="" last_edit_user="bob">Battle_Individual_Foley_Slann_Platform_Stop</event_stop>
<key>wh2_slann_platform_sound</key>
<limitation_scale>1</limitation_scale>
<rtpc_1_assignment>Entity_Speed_Total</rtpc_1_assignment>
<rtpc_1_name state="NOT_APPROVED" last_approved_text="" last_edit_user="bob">Battle_Slann_Platform_Speed</rtpc_1_name>
<rtpc_2_assignment></rtpc_2_assignment>
<rtpc_2_name></rtpc_2_name>
<switch_1></switch_1>
<use_obstruction>0</use_obstruction>
<use_reverb>1</use_reverb>
</audio_entity_looping_sounds>
<audio_entity_looping_sounds record_uuid="{a68c4f73-e5cf-4ffb-9282-1fad1f92d020}" record_timestamp="1509007925255" record_key="wh2_war_machine_skull_catapult_movement_medium">
<doppler_rtpc_name></doppler_rtpc_name>
<event_start>Battle_Individual_Artillery_Screaming_Skull_Catapult_Movement_Start</event_start>
<event_stop>Battle_Individual_Artillery_Screaming_Skull_Catapult_Movement_Stop</event_stop>
<key>wh2_war_machine_skull_catapult_movement_medium</key>
<limitation_scale>1</limitation_scale>
<rtpc_1_assignment>Entity_Speed_Total</rtpc_1_assignment>
<rtpc_1_name>Battle_War_Machine_Speed</rtpc_1_name>
<rtpc_2_assignment></rtpc_2_assignment>
<rtpc_2_name></rtpc_2_name>
<switch_1>Battle_Ground_Type</switch_1>
<use_obstruction>0</use_obstruction>
<use_reverb>1</use_reverb>
</audio_entity_looping_sounds>
<audio_entity_looping_sounds record_uuid="{019bd3a3-ef1d-4df4-abb3-8438390942b3}" record_timestamp="1510929455953" record_key="wh2_war_machine_tmb_casket_of_souls_idle">
<doppler_rtpc_name></doppler_rtpc_name>
<event_start state="NOT_APPROVED" last_approved_text="" last_edit_user="bob">Battle_Individual_Artillery_Casket_Of_Souls_Idle_Start</event_start>
<event_stop state="NOT_APPROVED" last_approved_text="" last_edit_user="bob">Battle_Individual_Artillery_Casket_Of_Souls_Idle_Stop</event_stop>
<key>wh2_war_machine_tmb_casket_of_souls_idle</key>
<limitation_scale>1</limitation_scale>
<rtpc_1_assignment>Entity_Speed_Total</rtpc_1_assignment>
<rtpc_1_name>Battle_War_Machine_Speed</rtpc_1_name>
<rtpc_2_assignment></rtpc_2_assignment>
<rtpc_2_name></rtpc_2_name>
<switch_1>Battle_Ground_Type</switch_1>
<use_obstruction>0</use_obstruction>
<use_reverb>1</use_reverb>
</audio_entity_looping_sounds>
<audio_entity_looping_sounds record_uuid="{d65546c6-3865-42fa-949a-7322c2f996b5}" record_timestamp="1510929455953" record_key="wh2_war_machine_tmb_casket_of_souls_movement">
<doppler_rtpc_name></doppler_rtpc_name>
<event_start state="NOT_APPROVED" last_approved_text="" last_edit_user="bob">Battle_Individual_Artillery_Casket_Of_Souls_Movement_Start</event_start>
<event_stop state="NOT_APPROVED" last_approved_text="" last_edit_user="bob">Battle_Individual_Artillery_Casket_Of_Souls_Movement_Stop</event_stop>
<key>wh2_war_machine_tmb_casket_of_souls_movement</key>
<limitation_scale>1</limitation_scale>
<rtpc_1_assignment>Entity_Speed_Total</rtpc_1_assignment>
<rtpc_1_name>Battle_War_Machine_Speed</rtpc_1_name>
<rtpc_2_assignment></rtpc_2_assignment>
<rtpc_2_name></rtpc_2_name>
<switch_1>Battle_Ground_Type</switch_1>
<use_obstruction>0</use_obstruction>
<use_reverb>1</use_reverb>
</audio_entity_looping_sounds>
<audio_entity_looping_sounds record_uuid="{5f349889-6f9d-47b9-92db-f12eedb42bdb}" record_timestamp="1498560472665" record_key="wh_cauldron_of_blood_idle">
<doppler_rtpc_name></doppler_rtpc_name>
<event_start>Battle_Individual_Artillery_Cauldron_of_Blood_Idle_Start</event_start>
<event_stop>Battle_Individual_Artillery_Cauldron_of_Blood_Idle_Stop</event_stop>
<key>wh_cauldron_of_blood_idle</key>
<limitation_scale>1</limitation_scale>
<rtpc_1_assignment>Entity_Speed_Total</rtpc_1_assignment>
<rtpc_1_name>Battle_War_Machine_Speed</rtpc_1_name>
<rtpc_2_assignment></rtpc_2_assignment>
<rtpc_2_name></rtpc_2_name>
<switch_1>Battle_Ground_Type_Limited</switch_1>
<use_obstruction>0</use_obstruction>
<use_reverb>1</use_reverb>
</audio_entity_looping_sounds>
<audio_entity_looping_sounds record_uuid="{2edd1ba5-f1db-4040-a34f-707b1c016715}" record_timestamp="1497028240520" record_key="wh_cauldron_of_blood_movement">
<doppler_rtpc_name></doppler_rtpc_name>
<event_start>Battle_Individual_Artillery_Cauldron_of_Blood_Movement_Start</event_start>
<event_stop>Battle_Individual_Artillery_Cauldron_of_Blood_Movement_Stop</event_stop>
<key>wh_cauldron_of_blood_movement</key>
<limitation_scale>1</limitation_scale>
<rtpc_1_assignment>Entity_Speed_Total</rtpc_1_assignment>
<rtpc_1_name>Battle_War_Machine_Speed</rtpc_1_name>
<rtpc_2_assignment></rtpc_2_assignment>
<rtpc_2_name></rtpc_2_name>
<switch_1>Battle_Ground_Type_Limited</switch_1>
<use_obstruction>0</use_obstruction>
<use_reverb>1</use_reverb>
</audio_entity_looping_sounds>
<audio_entity_looping_sounds record_uuid="{28ff0933-70cd-4a16-a864-ba3e5e08198e}" record_timestamp="1478783610276" record_key="wh_chariot_metal_movement">
<doppler_rtpc_name></doppler_rtpc_name>
<event_start>Battle_Individual_Artillery_Metal_Chariot_Movement_Start</event_start>
<event_stop>Battle_Individual_Artillery_Metal_Chariot_Movement_Stop</event_stop>
<key>wh_chariot_metal_movement</key>
<limitation_scale>1</limitation_scale>
<rtpc_1_assignment>Entity_Speed_Total</rtpc_1_assignment>
<rtpc_1_name>Battle_War_Machine_Speed</rtpc_1_name>
<rtpc_2_assignment></rtpc_2_assignment>
<rtpc_2_name></rtpc_2_name>
<switch_1>Battle_Ground_Type_Limited</switch_1>
<use_obstruction>0</use_obstruction>
<use_reverb>1</use_reverb>
</audio_entity_looping_sounds>
<audio_entity_looping_sounds record_uuid="{f5563a66-8e75-4f89-9d10-0cf86e2d0b65}" record_timestamp="1478783610283" record_key="wh_chariot_metal_movement_rotation">
<doppler_rtpc_name></doppler_rtpc_name>
<event_start>Battle_Individual_Artillery_Metal_Chariot_Movement_Rotation_Start</event_start>
<event_stop>Battle_Individual_Artillery_Metal_Chariot_Movement_Rotation_Stop</event_stop>
<key>wh_chariot_metal_movement_rotation</key>
<limitation_scale>1</limitation_scale>
<rtpc_1_assignment>Entity_Speed_Total</rtpc_1_assignment>
<rtpc_1_name>Battle_War_Machine_Speed</rtpc_1_name>
<rtpc_2_assignment></rtpc_2_assignment>
<rtpc_2_name></rtpc_2_name>
<switch_1>Battle_Ground_Type_Limited</switch_1>
<use_obstruction>0</use_obstruction>
<use_reverb>1</use_reverb>
</audio_entity_looping_sounds>
<audio_entity_looping_sounds record_uuid="{023d0ae4-bc81-457e-b2f5-74c099ffdc57}" record_timestamp="1474902890808" record_key="wh_chariot_wood_movement">
<doppler_rtpc_name></doppler_rtpc_name>
<event_start>Battle_Individual_Artillery_Wooden_Chariot_Movement_Start</event_start>
<event_stop>Battle_Individual_Artillery_Wooden_Chariot_Movement_Stop</event_stop>
<key>wh_chariot_wood_movement</key>
<limitation_scale>1</limitation_scale>
<rtpc_1_assignment>Entity_Speed_Total</rtpc_1_assignment>
<rtpc_1_name>Battle_War_Machine_Speed</rtpc_1_name>
<rtpc_2_assignment></rtpc_2_assignment>
<rtpc_2_name></rtpc_2_name>
<switch_1>Battle_Ground_Type_Limited</switch_1>
<use_obstruction>0</use_obstruction>
<use_reverb>1</use_reverb>
</audio_entity_looping_sounds>
<audio_entity_looping_sounds record_uuid="{b8fe6d0a-eeba-4e54-9694-5c330f0696c1}" record_timestamp="1474902890808" record_key="wh_chariot_wood_movement_rotation">
<doppler_rtpc_name></doppler_rtpc_name>
<event_start>Battle_Individual_Artillery_Wooden_Chariot_Movement_Rotation_Start</event_start>
<event_stop>Battle_Individual_Artillery_Wooden_Chariot_Movement_Rotation_Stop</event_stop>
<key>wh_chariot_wood_movement_rotation</key>
<limitation_scale>1</limitation_scale>
<rtpc_1_assignment>Entity_Speed_Total</rtpc_1_assignment>
<rtpc_1_name>Battle_War_Machine_Speed</rtpc_1_name>
<rtpc_2_assignment></rtpc_2_assignment>
<rtpc_2_name></rtpc_2_name>
<switch_1>Battle_Ground_Type_Limited</switch_1>
<use_obstruction>0</use_obstruction>
<use_reverb>1</use_reverb>
</audio_entity_looping_sounds>
<audio_entity_looping_sounds record_uuid="{654890a9-2e63-4b52-9e45-78a2eba59efd}" record_timestamp="1452869174833" record_key="wh_copter">
<doppler_rtpc_name></doppler_rtpc_name>
<event_start>Battle_Individual_Artillery_Copter_Loop_Start</event_start>
<event_stop>Battle_Individual_Artillery_Copter_Loop_Stop</event_stop>
<key>wh_copter</key>
<limitation_scale>1</limitation_scale>
<rtpc_1_assignment>Entity_Speed_Total</rtpc_1_assignment>
<rtpc_1_name>Battle_Copter_Speed_Engine</rtpc_1_name>
<rtpc_2_assignment>Entity_Speed_Total</rtpc_2_assignment>
<rtpc_2_name>Battle_Copter_Speed_Propellor</rtpc_2_name>
<switch_1></switch_1>
<use_obstruction>0</use_obstruction>
<use_reverb>1</use_reverb>
</audio_entity_looping_sounds>
<audio_entity_looping_sounds record_uuid="{464a9762-0f26-4316-a169-c8cf8af503e1}" record_timestamp="1454500946063" record_key="wh_hell_cannon">
<doppler_rtpc_name></doppler_rtpc_name>
<event_start>Battle_Individual_Artillery_Metal_Artillery_Movement_Medium_Play</event_start>
<event_stop>Battle_Individual_Artillery_Metal_Artillery_Movement_Medium_Stop</event_stop>
<key>wh_hell_cannon</key>
<limitation_scale>1</limitation_scale>
<rtpc_1_assignment>Entity_Speed_Total</rtpc_1_assignment>
<rtpc_1_name>Battle_War_Machine_Speed</rtpc_1_name>
<rtpc_2_assignment></rtpc_2_assignment>
<rtpc_2_name></rtpc_2_name>
<switch_1>Battle_Ground_Type</switch_1>
<use_obstruction>0</use_obstruction>
<use_reverb>1</use_reverb>
</audio_entity_looping_sounds>
<audio_entity_looping_sounds record_uuid="{ccaaed88-26df-40e0-b6a0-064923572a9c}" record_timestamp="1494955349923" record_key="wh_hell_pit_abomination_engine_idle">
<doppler_rtpc_name></doppler_rtpc_name>
<event_start>Battle_Individual_Artillery_Hell_Pit_Abomination_Engine_Movement_Idle_Start</event_start>
<event_stop>Battle_Individual_Artillery_Hell_Pit_Abomination_Engine_Movement_Idle_Stop</event_stop>
<key>wh_hell_pit_abomination_engine_idle</key>
<limitation_scale>1</limitation_scale>
<rtpc_1_assignment></rtpc_1_assignment>
<rtpc_1_name></rtpc_1_name>
<rtpc_2_assignment></rtpc_2_assignment>
<rtpc_2_name></rtpc_2_name>
<switch_1></switch_1>
<use_obstruction>0</use_obstruction>
<use_reverb>1</use_reverb>
</audio_entity_looping_sounds>
<audio_entity_looping_sounds record_uuid="{a5e0d4cf-af2a-40a1-bbfd-2830a62b4736}" record_timestamp="1494955349923" record_key="wh_hell_pit_abomination_engine_movement">
<doppler_rtpc_name></doppler_rtpc_name>
<event_start>Battle_Individual_Artillery_Hell_Pit_Abomination_Engine_Movement_Start</event_start>
<event_stop>Battle_Individual_Artillery_Hell_Pit_Abomination_Engine_Movement_Stop</event_stop>
<key>wh_hell_pit_abomination_engine_movement</key>
<limitation_scale>1</limitation_scale>
<rtpc_1_assignment>Entity_Speed_Moving</rtpc_1_assignment>
<rtpc_1_name>Battle_Steam_Tank_Engine_Movement_Speed</rtpc_1_name>
<rtpc_2_assignment>Entity_Acceleration_Moving</rtpc_2_assignment>
<rtpc_2_name>Battle_Steam_Tank_Engine_Acceleration</rtpc_2_name>
<switch_1></switch_1>
<use_obstruction>0</use_obstruction>
<use_reverb>1</use_reverb>
</audio_entity_looping_sounds>
<audio_entity_looping_sounds record_uuid="{f7df0a48-03ef-4f23-bf2c-6ba8b597fc18}" record_timestamp="1474903578264" record_key="wh_luminark_movement">
<doppler_rtpc_name></doppler_rtpc_name>
<event_start>Battle_Individual_Artillery_Luminark_Movement_Start</event_start>
<event_stop>Battle_Individual_Artillery_Luminark_Movement_Stop</event_stop>
<key>wh_luminark_movement</key>
<limitation_scale>1</limitation_scale>
<rtpc_1_assignment>Entity_Speed_Total</rtpc_1_assignment>
<rtpc_1_name>Battle_War_Machine_Speed</rtpc_1_name>
<rtpc_2_assignment></rtpc_2_assignment>
<rtpc_2_name></rtpc_2_name>
<switch_1>Battle_Ground_Type_Limited</switch_1>
<use_obstruction>0</use_obstruction>
<use_reverb>1</use_reverb>
</audio_entity_looping_sounds>
<audio_entity_looping_sounds record_uuid="{95b605bc-417f-41f7-a497-53da565f2659}" record_timestamp="1474903578265" record_key="wh_luminark_movement_rotation">
<doppler_rtpc_name></doppler_rtpc_name>
<event_start>Battle_Individual_Artillery_Luminark_Movement_Rotation_Start</event_start>
<event_stop>Battle_Individual_Artillery_Luminark_Movement_Rotation_Stop</event_stop>
<key>wh_luminark_movement_rotation</key>
<limitation_scale>1</limitation_scale>
<rtpc_1_assignment>Entity_Speed_Total</rtpc_1_assignment>
<rtpc_1_name>Battle_War_Machine_Speed</rtpc_1_name>
<rtpc_2_assignment></rtpc_2_assignment>
<rtpc_2_name></rtpc_2_name>
<switch_1>Battle_Ground_Type_Limited</switch_1>
<use_obstruction>0</use_obstruction>
<use_reverb>1</use_reverb>
</audio_entity_looping_sounds>
<audio_entity_looping_sounds record_uuid="{6861aa72-b1d6-4eed-8da5-925024a847f9}" record_timestamp="1452869174812" record_key="wh_main_vehicle_steam_turret">
<doppler_rtpc_name></doppler_rtpc_name>
<event_start>Battle_Individual_Artillery_Steam_Tank_Turret_Movement_Start</event_start>
<event_stop>Battle_Individual_Artillery_Steam_Tank_Turret_Movement_Stop</event_stop>
<key>wh_main_vehicle_steam_turret</key>
<limitation_scale>1</limitation_scale>
<rtpc_1_assignment></rtpc_1_assignment>
<rtpc_1_name></rtpc_1_name>
<rtpc_2_assignment></rtpc_2_assignment>
<rtpc_2_name></rtpc_2_name>
<switch_1></switch_1>
<use_obstruction>0</use_obstruction>
<use_reverb>1</use_reverb>
</audio_entity_looping_sounds>
<audio_entity_looping_sounds record_uuid="{19d776a0-e7cc-4c84-be79-aa80c44a63c6}" record_timestamp="1470839292248" record_key="wh_war_machine_corpse_cart_movement">
<doppler_rtpc_name></doppler_rtpc_name>
<event_start>Battle_Individual_Artillery_Corpse_Cart_Movement_Start</event_start>
<event_stop>Battle_Individual_Artillery_Corpse_Cart_Movement_Stop</event_stop>
<key>wh_war_machine_corpse_cart_movement</key>
<limitation_scale>1</limitation_scale>
<rtpc_1_assignment>Entity_Speed_Total</rtpc_1_assignment>
<rtpc_1_name>Battle_War_Machine_Speed</rtpc_1_name>
<rtpc_2_assignment></rtpc_2_assignment>
<rtpc_2_name></rtpc_2_name>
<switch_1>Battle_Ground_Type_Limited</switch_1>
<use_obstruction>0</use_obstruction>
<use_reverb>1</use_reverb>
</audio_entity_looping_sounds>
<audio_entity_looping_sounds record_uuid="{2b6efc99-82e8-40c1-be92-51f6060b354c}" record_timestamp="1470839292248" record_key="wh_war_machine_corpse_cart_movement_rotation">
<doppler_rtpc_name></doppler_rtpc_name>
<event_start>Battle_Individual_Artillery_Corpse_Cart_Movement_Rotation_Start</event_start>
<event_stop>Battle_Individual_Artillery_Corpse_Cart_Movement_Rotation_Stop</event_stop>
<key>wh_war_machine_corpse_cart_movement_rotation</key>
<limitation_scale>1</limitation_scale>
<rtpc_1_assignment>Entity_Speed_Total</rtpc_1_assignment>
<rtpc_1_name>Battle_War_Machine_Speed</rtpc_1_name>
<rtpc_2_assignment></rtpc_2_assignment>
<rtpc_2_name></rtpc_2_name>
<switch_1>Battle_Ground_Type_Limited</switch_1>
<use_obstruction>0</use_obstruction>
<use_reverb>1</use_reverb>
</audio_entity_looping_sounds>
<audio_entity_looping_sounds record_uuid="{60e4a8d5-8e57-4223-a37e-9201bfe77562}" record_timestamp="1452869174818" record_key="wh_war_machine_flame_cannon_idle">
<doppler_rtpc_name></doppler_rtpc_name>
<event_start>Battle_Individual_Artillery_Flame_Cannon_Steam_Loop_Play</event_start>
<event_stop>Battle_Individual_Artillery_Flame_Cannon_Steam_Loop_Stop</event_stop>
<key>wh_war_machine_flame_cannon_idle</key>
<limitation_scale>1</limitation_scale>
<rtpc_1_assignment></rtpc_1_assignment>
<rtpc_1_name></rtpc_1_name>
<rtpc_2_assignment></rtpc_2_assignment>
<rtpc_2_name></rtpc_2_name>
<switch_1></switch_1>
<use_obstruction>0</use_obstruction>
<use_reverb>1</use_reverb>
</audio_entity_looping_sounds>
<audio_entity_looping_sounds record_uuid="{d7a04867-b305-42a2-b278-cb17773b74f8}" record_timestamp="1452869174826" record_key="wh_war_machine_metal_movement_large">
<doppler_rtpc_name></doppler_rtpc_name>
<event_start>Battle_Individual_Artillery_Metal_Artillery_Movement_Large_Play</event_start>
<event_stop>Battle_Individual_Artillery_Metal_Artillery_Movement_Large_Stop</event_stop>
<key>wh_war_machine_metal_movement_large</key>
<limitation_scale>1</limitation_scale>
<rtpc_1_assignment>Entity_Speed_Total</rtpc_1_assignment>
<rtpc_1_name>Battle_War_Machine_Speed</rtpc_1_name>
<rtpc_2_assignment></rtpc_2_assignment>
<rtpc_2_name></rtpc_2_name>
<switch_1>Battle_Ground_Type</switch_1>
<use_obstruction>0</use_obstruction>
<use_reverb>1</use_reverb>
</audio_entity_looping_sounds>
<audio_entity_looping_sounds record_uuid="{db78d71d-4666-43c1-a319-9e7e3052d30e}" record_timestamp="1452869174841" record_key="wh_war_machine_metal_movement_medium">
<doppler_rtpc_name></doppler_rtpc_name>
<event_start>Battle_Individual_Artillery_Metal_Artillery_Movement_Medium_Play</event_start>
<event_stop>Battle_Individual_Artillery_Metal_Artillery_Movement_Medium_Stop</event_stop>
<key>wh_war_machine_metal_movement_medium</key>
<limitation_scale>1</limitation_scale>
<rtpc_1_assignment>Entity_Speed_Total</rtpc_1_assignment>
<rtpc_1_name>Battle_War_Machine_Speed</rtpc_1_name>
<rtpc_2_assignment></rtpc_2_assignment>
<rtpc_2_name></rtpc_2_name>
<switch_1>Battle_Ground_Type</switch_1>
<use_obstruction>0</use_obstruction>
<use_reverb>1</use_reverb>
</audio_entity_looping_sounds>
<audio_entity_looping_sounds record_uuid="{45c524d4-d374-45ae-8e21-90ee7d55b533}" record_timestamp="1452869174849" record_key="wh_war_machine_metal_movement_small">
<doppler_rtpc_name></doppler_rtpc_name>
<event_start>Battle_Individual_Artillery_Metal_Artillery_Movement_Small_Play</event_start>
<event_stop>Battle_Individual_Artillery_Metal_Artillery_Movement_Small_Stop</event_stop>
<key>wh_war_machine_metal_movement_small</key>
<limitation_scale>1</limitation_scale>
<rtpc_1_assignment>Entity_Speed_Total</rtpc_1_assignment>
<rtpc_1_name>Battle_War_Machine_Speed</rtpc_1_name>
<rtpc_2_assignment></rtpc_2_assignment>
<rtpc_2_name></rtpc_2_name>
<switch_1>Battle_Ground_Type</switch_1>
<use_obstruction>0</use_obstruction>
<use_reverb>1</use_reverb>
</audio_entity_looping_sounds>
<audio_entity_looping_sounds record_uuid="{468b42ff-f73e-4a27-98db-b4242391ffce}" record_timestamp="1488554263401" record_key="wh_war_machine_movement_siege_tower_blades">
<doppler_rtpc_name></doppler_rtpc_name>
<event_start>Battle_Individual_WRM_Siege_Tower_Blades_Start</event_start>
<event_stop>Battle_Individual_WRM_Siege_Tower_Blades_Stop</event_stop>
<key>wh_war_machine_movement_siege_tower_blades</key>
<limitation_scale>1</limitation_scale>
<rtpc_1_assignment>Entity_Speed_Total</rtpc_1_assignment>
<rtpc_1_name>Battle_War_Machine_Speed</rtpc_1_name>
<rtpc_2_assignment></rtpc_2_assignment>
<rtpc_2_name></rtpc_2_name>
<switch_1>battle_ground_type</switch_1>
<use_obstruction>0</use_obstruction>
<use_reverb>1</use_reverb>
</audio_entity_looping_sounds>
<audio_entity_looping_sounds record_uuid="{8241288e-8d8e-4e47-97de-20438e248a7e}" record_timestamp="1502459612883" record_key="wh_war_machine_skv_movement_large">
<doppler_rtpc_name></doppler_rtpc_name>
<event_start>Battle_Individual_Artillery_Metal_Artillery_Movement_Large_SKV_Play</event_start>
<event_stop>Battle_Individual_Artillery_Metal_Artillery_Movement_Large_SKV_Stop</event_stop>
<key>wh_war_machine_skv_movement_large</key>
<limitation_scale>1</limitation_scale>
<rtpc_1_assignment>Entity_Speed_Total</rtpc_1_assignment>
<rtpc_1_name>Battle_War_Machine_Speed</rtpc_1_name>
<rtpc_2_assignment></rtpc_2_assignment>
<rtpc_2_name></rtpc_2_name>
<switch_1>Battle_Ground_Type</switch_1>
<use_obstruction>0</use_obstruction>
<use_reverb>1</use_reverb>
</audio_entity_looping_sounds>
<audio_entity_looping_sounds record_uuid="{0f8a0029-22ed-4e7f-b3c5-0f23c9de5a9d}" record_timestamp="1452869174858" record_key="wh_war_machine_steamtank_idle">
<doppler_rtpc_name></doppler_rtpc_name>
<event_start>Battle_Individual_Artillery_Steam_Tank_Engine_Movement_Idle_Start</event_start>
<event_stop>Battle_Individual_Artillery_Steam_Tank_Engine_Movement_Idle_Stop</event_stop>
<key>wh_war_machine_steamtank_idle</key>
<limitation_scale>1</limitation_scale>
<rtpc_1_assignment></rtpc_1_assignment>
<rtpc_1_name></rtpc_1_name>
<rtpc_2_assignment></rtpc_2_assignment>
<rtpc_2_name></rtpc_2_name>
<switch_1></switch_1>
<use_obstruction>0</use_obstruction>
<use_reverb>1</use_reverb>
</audio_entity_looping_sounds>
<audio_entity_looping_sounds record_uuid="{c4d3ed9b-6158-43de-b98a-0d64d3a9ccc8}" record_timestamp="1452869174866" record_key="wh_war_machine_steamtank_movement">
<doppler_rtpc_name></doppler_rtpc_name>
<event_start>Battle_Individual_Artillery_Steam_Tank_Movement_Start</event_start>
<event_stop>Battle_Individual_Artillery_Steam_Tank_Movement_Stop</event_stop>
<key>wh_war_machine_steamtank_movement</key>
<limitation_scale>1</limitation_scale>
<rtpc_1_assignment>Entity_Speed_Moving</rtpc_1_assignment>
<rtpc_1_name>Battle_Steam_Tank_Engine_Movement_Speed</rtpc_1_name>
<rtpc_2_assignment>Entity_Acceleration_Moving</rtpc_2_assignment>
<rtpc_2_name>Battle_Steam_Tank_Engine_Acceleration</rtpc_2_name>
<switch_1></switch_1>
<use_obstruction>0</use_obstruction>
<use_reverb>1</use_reverb>
</audio_entity_looping_sounds>
<audio_entity_looping_sounds record_uuid="{aae5f816-8be4-4a48-b90d-8baaf65838de}" record_timestamp="1455106505994" record_key="wh_war_machine_vampire_idle_large">
<doppler_rtpc_name></doppler_rtpc_name>
<event_start>Battle_Individual_Artillery_Metal_Artillery_Idle_Large_Vampire_Play</event_start>
<event_stop>Battle_Individual_Artillery_Metal_Artillery_Idle_Large_Vampire_Stop</event_stop>
<key>wh_war_machine_vampire_idle_large</key>
<limitation_scale>1</limitation_scale>
<rtpc_1_assignment>Entity_Speed_Total</rtpc_1_assignment>
<rtpc_1_name>Battle_War_Machine_Speed</rtpc_1_name>
<rtpc_2_assignment></rtpc_2_assignment>
<rtpc_2_name></rtpc_2_name>
<switch_1>Battle_Ground_Type</switch_1>
<use_obstruction>0</use_obstruction>
<use_reverb>1</use_reverb>
</audio_entity_looping_sounds>
<audio_entity_looping_sounds record_uuid="{eaa1f168-aa39-448d-8a9f-6c046d20df83}" record_timestamp="1455106505894" record_key="wh_war_machine_vampire_movement_large">
<doppler_rtpc_name></doppler_rtpc_name>
<event_start>Battle_Individual_Artillery_Metal_Artillery_Movement_Large_Vampire_Play</event_start>
<event_stop>Battle_Individual_Artillery_Metal_Artillery_Movement_Large_Vampire_Stop</event_stop>
<key>wh_war_machine_vampire_movement_large</key>
<limitation_scale>1</limitation_scale>
<rtpc_1_assignment>Entity_Speed_Total</rtpc_1_assignment>
<rtpc_1_name>Battle_War_Machine_Speed</rtpc_1_name>
<rtpc_2_assignment></rtpc_2_assignment>
<rtpc_2_name></rtpc_2_name>
<switch_1>Battle_Ground_Type</switch_1>
<use_obstruction>0</use_obstruction>
<use_reverb>1</use_reverb>
</audio_entity_looping_sounds>
<audio_entity_looping_sounds record_uuid="{40aaaa24-9ad4-424f-93d2-ab0b7bdd730b}" record_timestamp="1482336365997" record_key="wh_war_machine_wef_movement_large">
<doppler_rtpc_name></doppler_rtpc_name>
<event_start>Battle_Individual_Artillery_Metal_Artillery_Movement_Large_WEF_Play</event_start>
<event_stop>Battle_Individual_Artillery_Metal_Artillery_Movement_Large_WEF_Stop</event_stop>
<key>wh_war_machine_wef_movement_large</key>
<limitation_scale>1</limitation_scale>
<rtpc_1_assignment>Entity_Speed_Total</rtpc_1_assignment>
<rtpc_1_name>Battle_War_Machine_Speed</rtpc_1_name>
<rtpc_2_assignment></rtpc_2_assignment>
<rtpc_2_name></rtpc_2_name>
<switch_1>Battle_Ground_Type</switch_1>
<use_obstruction>0</use_obstruction>
<use_reverb>1</use_reverb>
</audio_entity_looping_sounds>
<audio_entity_looping_sounds record_uuid="{b7c94c0f-6cff-4405-8fa3-bb247b6a7cfc}" record_timestamp="1482336365994" record_key="wh_war_machine_wef_movement_medium">
<doppler_rtpc_name></doppler_rtpc_name>
<event_start>Battle_Individual_Artillery_Metal_Artillery_Movement_Medium_WEF_Play</event_start>
<event_stop>Battle_Individual_Artillery_Metal_Artillery_Movement_Medium_WEF_Stop</event_stop>
<key>wh_war_machine_wef_movement_medium</key>
<limitation_scale>1</limitation_scale>
<rtpc_1_assignment>Entity_Speed_Total</rtpc_1_assignment>
<rtpc_1_name>Battle_War_Machine_Speed</rtpc_1_name>
<rtpc_2_assignment></rtpc_2_assignment>
<rtpc_2_name></rtpc_2_name>
<switch_1>Battle_Ground_Type</switch_1>
<use_obstruction>0</use_obstruction>
<use_reverb>1</use_reverb>
</audio_entity_looping_sounds>
<audio_entity_looping_sounds record_uuid="{93d19308-2304-4442-8e59-1463a76a835b}" record_timestamp="1452869174885" record_key="wh_war_machine_wood_movement_large">
<doppler_rtpc_name></doppler_rtpc_name>
<event_start>Battle_Individual_Artillery_Wood_Artillery_Movement_Large_Play</event_start>
<event_stop>Battle_Individual_Artillery_Wood_Artillery_Movement_Large_Stop</event_stop>
<key>wh_war_machine_wood_movement_large</key>
<limitation_scale>1</limitation_scale>
<rtpc_1_assignment>Entity_Speed_Total</rtpc_1_assignment>
<rtpc_1_name>Battle_War_Machine_Speed</rtpc_1_name>
<rtpc_2_assignment></rtpc_2_assignment>
<rtpc_2_name></rtpc_2_name>
<switch_1>Battle_Ground_Type</switch_1>
<use_obstruction>0</use_obstruction>
<use_reverb>1</use_reverb>
</audio_entity_looping_sounds>
<audio_entity_looping_sounds record_uuid="{c8fc8ebb-74fc-42c5-a24b-53964efa3c71}" record_timestamp="1452869174894" record_key="wh_war_machine_wood_movement_medium">
<doppler_rtpc_name></doppler_rtpc_name>
<event_start>Battle_Individual_Artillery_Wood_Artillery_Movement_Medium_Play</event_start>
<event_stop>Battle_Individual_Artillery_Wood_Artillery_Movement_Medium_Stop</event_stop>
<key>wh_war_machine_wood_movement_medium</key>
<limitation_scale>1</limitation_scale>
<rtpc_1_assignment>Entity_Speed_Total</rtpc_1_assignment>
<rtpc_1_name>Battle_War_Machine_Speed</rtpc_1_name>
<rtpc_2_assignment></rtpc_2_assignment>
<rtpc_2_name></rtpc_2_name>
<switch_1>Battle_Ground_Type</switch_1>
<use_obstruction>0</use_obstruction>
<use_reverb>1</use_reverb>
</audio_entity_looping_sounds>
<audio_entity_looping_sounds record_uuid="{4e00e380-8bb2-4e1e-956b-d5a48df4da40}" record_timestamp="1452869174904" record_key="wh_war_machine_wood_movement_small">
<doppler_rtpc_name></doppler_rtpc_name>
<event_start>Battle_Individual_Artillery_Wood_Artillery_Movement_Small_Play</event_start>
<event_stop>Battle_Individual_Artillery_Wood_Artillery_Movement_Small_Stop</event_stop>
<key>wh_war_machine_wood_movement_small</key>
<limitation_scale>1</limitation_scale>
<rtpc_1_assignment>Entity_Speed_Total</rtpc_1_assignment>
<rtpc_1_name>Battle_War_Machine_Speed</rtpc_1_name>
<rtpc_2_assignment></rtpc_2_assignment>
<rtpc_2_name></rtpc_2_name>
<switch_1>Battle_Ground_Type</switch_1>
<use_obstruction>0</use_obstruction>
<use_reverb>1</use_reverb>
</audio_entity_looping_sounds>
</dataroot>
