<?xml version="1.0" encoding="UTF-8"?>
<dataroot xmlns:od="urn:schemas-microsoft-com:officedata" xmlns:xsi="http://www.w3.org/2001/XMLSchema-instance" xsi:noNamespaceSchemaLocation="audio_campaign_environment_tree_sounds.xsd" export_time="Wed Oct 18 15:11:36 2017" revision="8" export_branch="T:/branches/warhammer2/new_tomb/warhammer/binaries.x64" export_user="bob">
<edit_uuid>c1ec34ee-5d9c-4a1f-b973-f5028310c24a</edit_uuid>
<audio_campaign_environment_tree_sounds record_uuid="{fcb368de-bb7b-456a-9450-713e9bf202ad}" record_timestamp="1470839982301" record_key="beastmen_forest">
<grouping_size>6</grouping_size>
<key>beastmen_forest</key>
<required_intensity>300</required_intensity>
<sample_range>32</sample_range>
</audio_campaign_environment_tree_sounds>
<audio_campaign_environment_tree_sounds record_uuid="{ed2aba1e-8e9d-4752-bc00-b545ccb10a05}" record_timestamp="1480094713734" record_key="bretonnia_forest">
<grouping_size>6</grouping_size>
<key>bretonnia_forest</key>
<required_intensity>300</required_intensity>
<sample_range>32</sample_range>
</audio_campaign_environment_tree_sounds>
<audio_campaign_environment_tree_sounds record_uuid="{4eb9e34a-864f-42f0-bbea-e617eca9a57e}" record_timestamp="1470839982276" record_key="chaos_forest">
<grouping_size>6</grouping_size>
<key>chaos_forest</key>
<required_intensity>300</required_intensity>
<sample_range>32</sample_range>
</audio_campaign_environment_tree_sounds>
<audio_campaign_environment_tree_sounds record_uuid="{807276f5-3189-489b-b3f8-f2c6717c2919}" record_timestamp="1500302183294" record_key="dark_elves_forest">
<grouping_size>6</grouping_size>
<key>dark_elves_forest</key>
<required_intensity>1</required_intensity>
<sample_range>32</sample_range>
</audio_campaign_environment_tree_sounds>
<audio_campaign_environment_tree_sounds record_uuid="{a28ceec3-fade-4fb4-bcf7-31e20c6f4a34}" record_timestamp="1470839982274" record_key="dwarf_forest">
<grouping_size>6</grouping_size>
<key>dwarf_forest</key>
<required_intensity>300</required_intensity>
<sample_range>32</sample_range>
</audio_campaign_environment_tree_sounds>
<audio_campaign_environment_tree_sounds record_uuid="{222135cb-87ed-422c-a0ae-2aaec8da15aa}" record_timestamp="1470839982277" record_key="empire_forest">
<grouping_size>6</grouping_size>
<key>empire_forest</key>
<required_intensity>300</required_intensity>
<sample_range>32</sample_range>
</audio_campaign_environment_tree_sounds>
<audio_campaign_environment_tree_sounds record_uuid="{266d4835-a4ce-459f-b712-8e16f9c3a34a}" record_timestamp="1507892921503" record_key="generic_forest">
<grouping_size>6</grouping_size>
<key>generic_forest</key>
<required_intensity>8</required_intensity>
<sample_range>32</sample_range>
</audio_campaign_environment_tree_sounds>
<audio_campaign_environment_tree_sounds record_uuid="{d16530d7-9395-4ef0-9ba0-c4c31288b5f4}" record_timestamp="1470839982277" record_key="greenskin_forest">
<grouping_size>6</grouping_size>
<key>greenskin_forest</key>
<required_intensity>300</required_intensity>
<sample_range>32</sample_range>
</audio_campaign_environment_tree_sounds>
<audio_campaign_environment_tree_sounds record_uuid="{190a3892-2493-4faf-9f66-b61edbf06473}" record_timestamp="1500302183294" record_key="high_elves_forest">
<grouping_size>6</grouping_size>
<key>high_elves_forest</key>
<required_intensity>1</required_intensity>
<sample_range>32</sample_range>
</audio_campaign_environment_tree_sounds>
<audio_campaign_environment_tree_sounds record_uuid="{d9fe81c5-245d-499b-a2d5-7b37f2d95ca3}" record_timestamp="1500302183294" record_key="lizardmen_forest">
<grouping_size>6</grouping_size>
<key>lizardmen_forest</key>
<required_intensity>1</required_intensity>
<sample_range>32</sample_range>
</audio_campaign_environment_tree_sounds>
<audio_campaign_environment_tree_sounds record_uuid="{c328f60c-14e3-4c31-8ef2-2c6a901189ff}" record_timestamp="1470839982278" record_key="nordic_forest">
<grouping_size>6</grouping_size>
<key>nordic_forest</key>
<required_intensity>300</required_intensity>
<sample_range>32</sample_range>
</audio_campaign_environment_tree_sounds>
<audio_campaign_environment_tree_sounds record_uuid="{d1ea50cb-e96c-42f2-8ac1-3013c353b0bf}" record_timestamp="1500302183294" record_key="skaven_forest">
<grouping_size>6</grouping_size>
<key>skaven_forest</key>
<required_intensity>1</required_intensity>
<sample_range>32</sample_range>
</audio_campaign_environment_tree_sounds>
<audio_campaign_environment_tree_sounds record_uuid="{bd5ce2e2-84f5-4c92-a456-d2f4c0862a37}" record_timestamp="1508335896148" record_key="tombkings_forest">
<grouping_size>6</grouping_size>
<key>tombkings_forest</key>
<required_intensity>8</required_intensity>
<sample_range>32</sample_range>
</audio_campaign_environment_tree_sounds>
<audio_campaign_environment_tree_sounds record_uuid="{4872a11b-84ef-4074-9210-70cc1d382834}" record_timestamp="1470839982275" record_key="vampire_forest">
<grouping_size>6</grouping_size>
<key>vampire_forest</key>
<required_intensity>300</required_intensity>
<sample_range>32</sample_range>
</audio_campaign_environment_tree_sounds>
<audio_campaign_environment_tree_sounds record_uuid="{ff40536d-ac3e-4aef-9d0f-c60e167fef55}" record_timestamp="1478784471547" record_key="wood_elves_forest_autumn">
<grouping_size>6</grouping_size>
<key>wood_elves_forest_autumn</key>
<required_intensity>300</required_intensity>
<sample_range>32</sample_range>
</audio_campaign_environment_tree_sounds>
<audio_campaign_environment_tree_sounds record_uuid="{42d2f11b-2dcb-473d-af24-3e03423a13e8}" record_timestamp="1478784471547" record_key="wood_elves_forest_generic">
<grouping_size>6</grouping_size>
<key>wood_elves_forest_generic</key>
<required_intensity>300</required_intensity>
<sample_range>32</sample_range>
</audio_campaign_environment_tree_sounds>
<audio_campaign_environment_tree_sounds record_uuid="{8f5a10dd-ea98-4545-9f7d-9440755bb1a9}" record_timestamp="1478784471548" record_key="wood_elves_forest_winter">
<grouping_size>6</grouping_size>
<key>wood_elves_forest_winter</key>
<required_intensity>300</required_intensity>
<sample_range>32</sample_range>
</audio_campaign_environment_tree_sounds>
</dataroot>
