<?xml version="1.0" encoding="UTF-8"?>
<dataroot xmlns:od="urn:schemas-microsoft-com:officedata" xmlns:xsi="http://www.w3.org/2001/XMLSchema-instance" xsi:noNamespaceSchemaLocation="audio_campaign_environment_ground_type_sound_assignments.xsd" export_time="Wed Oct 18 10:29:18 2017" revision="9" export_branch="T:/" export_user="bob">
<edit_uuid>3c86605f-c707-4ab1-a85b-8950b5859061</edit_uuid>
<audio_campaign_environment_ground_type_sound_assignments record_uuid="{5cb4c07a-0b3b-4485-adce-ba5d8e7f860c}" record_timestamp="1508250372516" record_key="warhammer_map_1_1_tomb_kingsgeneric_desert">
<map>warhammer_map_1_1_tomb_kings</map>
<sound>generic_desert</sound>
</audio_campaign_environment_ground_type_sound_assignments>
<audio_campaign_environment_ground_type_sound_assignments record_uuid="{c2ce5b94-5a6e-4e5d-aba3-a41425a6a094}" record_timestamp="1508250372553" record_key="warhammer_map_1_1_tomb_kingsgeneric_sea">
<map>warhammer_map_1_1_tomb_kings</map>
<sound>generic_sea</sound>
</audio_campaign_environment_ground_type_sound_assignments>
<audio_campaign_environment_ground_type_sound_assignments record_uuid="{ae778c2f-e131-42d1-884d-3c31c8762666}" record_timestamp="1484058157638" record_key="warhammer_map_1_1_wood_elvesgeneric_desert">
<map>warhammer_map_1_1_wood_elves</map>
<sound>generic_desert</sound>
</audio_campaign_environment_ground_type_sound_assignments>
<audio_campaign_environment_ground_type_sound_assignments record_uuid="{b756ef29-a90c-4515-b45d-4024979fd278}" record_timestamp="1484058157686" record_key="warhammer_map_1_1_wood_elvesgeneric_sea">
<map>warhammer_map_1_1_wood_elves</map>
<sound>generic_sea</sound>
</audio_campaign_environment_ground_type_sound_assignments>
<audio_campaign_environment_ground_type_sound_assignments record_uuid="{cd97915f-39a3-475e-9451-e2696844fc36}" record_timestamp="1493112402640" record_key="wh2_main_great_vortex_map_1generic_desert">
<map>wh2_main_great_vortex_map_1</map>
<sound>generic_desert</sound>
</audio_campaign_environment_ground_type_sound_assignments>
<audio_campaign_environment_ground_type_sound_assignments record_uuid="{69679a7c-26e5-4752-bb70-87dd6d11a31b}" record_timestamp="1493112402640" record_key="wh2_main_great_vortex_map_1generic_sea">
<map>wh2_main_great_vortex_map_1</map>
<sound>generic_sea</sound>
</audio_campaign_environment_ground_type_sound_assignments>
<audio_campaign_environment_ground_type_sound_assignments record_uuid="{ceef0f64-2d94-457f-955b-3d5c554ad76a}" record_timestamp="1507892784083" record_key="wh2_main_great_vortex_map_2generic_desert">
<map>wh2_main_great_vortex_map_2</map>
<sound>generic_desert</sound>
</audio_campaign_environment_ground_type_sound_assignments>
<audio_campaign_environment_ground_type_sound_assignments record_uuid="{83dd45c1-edb7-4206-b2ea-a88fca9d393e}" record_timestamp="1507892784083" record_key="wh2_main_great_vortex_map_2generic_sea">
<map>wh2_main_great_vortex_map_2</map>
<sound>generic_sea</sound>
</audio_campaign_environment_ground_type_sound_assignments>
<audio_campaign_environment_ground_type_sound_assignments record_uuid="{b69b9738-23a3-420c-9440-0d38407d3763}" record_timestamp="1508318957260" record_key="wh2_main_great_vortex_map_3generic_desert">
<map>wh2_main_great_vortex_map_3</map>
<sound>generic_desert</sound>
</audio_campaign_environment_ground_type_sound_assignments>
<audio_campaign_environment_ground_type_sound_assignments record_uuid="{cbc155e5-57b5-4398-9cfe-f1248b438e31}" record_timestamp="1508318957260" record_key="wh2_main_great_vortex_map_3generic_sea">
<map>wh2_main_great_vortex_map_3</map>
<sound>generic_sea</sound>
</audio_campaign_environment_ground_type_sound_assignments>
</dataroot>
