<?xml version="1.0" encoding="UTF-8"?>
<dataroot xmlns:od="urn:schemas-microsoft-com:officedata" xmlns:xsi="http://www.w3.org/2001/XMLSchema-instance" xsi:noNamespaceSchemaLocation="audio_battle_environment_reverb_types.xsd" export_time="Mon Jul 18 13:50:29 2016" revision="1" export_branch="T:/branches/warhammer2/dev/warhammer/binaries.x64" export_user="bob">
<edit_uuid>da7c8b77-1d30-4bcd-a7fb-d746284116fb</edit_uuid>
<audio_battle_environment_reverb_types record_uuid="{eeb884a5-da19-46e9-b0b7-04e2e2b1ac45}" record_timestamp="1468846229309" record_key="forest">
<type>forest</type>
</audio_battle_environment_reverb_types>
<audio_battle_environment_reverb_types record_uuid="{d3fe5c5b-c240-4f83-8750-63634b028d4b}" record_timestamp="1468846229310" record_key="plains">
<type>plains</type>
</audio_battle_environment_reverb_types>
<audio_battle_environment_reverb_types record_uuid="{fbb7f741-3020-4b62-a83c-080623ab3168}" record_timestamp="1468846229309" record_key="urban">
<type>urban</type>
</audio_battle_environment_reverb_types>
</dataroot>
