<?xml version="1.0" encoding="UTF-8"?>
<dataroot xmlns:od="urn:schemas-microsoft-com:officedata" xmlns:xsi="http://www.w3.org/2001/XMLSchema-instance" xsi:noNamespaceSchemaLocation="audio_campaign_buildings.xsd" export_time="Fri Nov 24 16:52:25 2017" revision="23" export_branch="T:/branches/warhammer2/new_tomb/warhammer/binaries.x64" export_user="bob">
<edit_uuid>9a635e4c-fdac-42b1-b750-74d672b76f45</edit_uuid>
<audio_campaign_buildings record_uuid="{4db84079-c3bc-46fb-9baa-60f4dd911c8a}" record_timestamp="1500562784714" record_key="wh2_cam_settlement_capital_darkelves">
<ambience_only_play_if_port>1</ambience_only_play_if_port>
<ambience_only_play_if_primary>1</ambience_only_play_if_primary>
<ambience_start_event>Campaign_Environment_Dark_Elves_Settlement_Capital_Play</ambience_start_event>
<ambience_stop_event>Campaign_Environment_Dark_Elves_Settlement_Capital_Stop</ambience_stop_event>
<key>wh2_cam_settlement_capital_darkelves</key>
<one_shot_event></one_shot_event>
<one_shot_max_time>4</one_shot_max_time>
<one_shot_min_time>2</one_shot_min_time>
<one_shot_only_play_if_port>1</one_shot_only_play_if_port>
<one_shot_only_play_if_primary>1</one_shot_only_play_if_primary>
<selected_event>Campaign_Environment_Dark_Elves_Settlement_Capital_Selection_Play</selected_event>
</audio_campaign_buildings>
<audio_campaign_buildings record_uuid="{d8dff4d7-f99f-4cb3-a076-4149427b02f3}" record_timestamp="1500562784714" record_key="wh2_cam_settlement_capital_highelves">
<ambience_only_play_if_port>1</ambience_only_play_if_port>
<ambience_only_play_if_primary>1</ambience_only_play_if_primary>
<ambience_start_event>Campaign_Environment_High_Elves_Settlement_Capital_Play</ambience_start_event>
<ambience_stop_event>Campaign_Environment_High_Elves_Settlement_Capital_Stop</ambience_stop_event>
<key>wh2_cam_settlement_capital_highelves</key>
<one_shot_event></one_shot_event>
<one_shot_max_time>4</one_shot_max_time>
<one_shot_min_time>2</one_shot_min_time>
<one_shot_only_play_if_port>1</one_shot_only_play_if_port>
<one_shot_only_play_if_primary>1</one_shot_only_play_if_primary>
<selected_event>Campaign_Environment_High_Elves_Settlement_Capital_Selection_Play</selected_event>
</audio_campaign_buildings>
<audio_campaign_buildings record_uuid="{014eea95-fb57-49fb-bb64-585d600401b0}" record_timestamp="1500562784714" record_key="wh2_cam_settlement_capital_lizardmen">
<ambience_only_play_if_port>1</ambience_only_play_if_port>
<ambience_only_play_if_primary>1</ambience_only_play_if_primary>
<ambience_start_event>Campaign_Environment_Lizardmen_Settlement_Capital_Play</ambience_start_event>
<ambience_stop_event>Campaign_Environment_Lizardmen_Settlement_Capital_Stop</ambience_stop_event>
<key>wh2_cam_settlement_capital_lizardmen</key>
<one_shot_event></one_shot_event>
<one_shot_max_time>4</one_shot_max_time>
<one_shot_min_time>2</one_shot_min_time>
<one_shot_only_play_if_port>1</one_shot_only_play_if_port>
<one_shot_only_play_if_primary>1</one_shot_only_play_if_primary>
<selected_event>Campaign_Environment_Lizardmen_Settlement_Capital_Selection_Play</selected_event>
</audio_campaign_buildings>
<audio_campaign_buildings record_uuid="{31b0a520-82d4-4aab-8540-41099983dce8}" record_timestamp="1500562784724" record_key="wh2_cam_settlement_capital_savage">
<ambience_only_play_if_port>1</ambience_only_play_if_port>
<ambience_only_play_if_primary>1</ambience_only_play_if_primary>
<ambience_start_event>Campaign_Environment_Greenskin_Settlement_Capital_Play</ambience_start_event>
<ambience_stop_event>Campaign_Environment_Greenskin_Settlement_Capital_Stop</ambience_stop_event>
<key>wh2_cam_settlement_capital_savage</key>
<one_shot_event></one_shot_event>
<one_shot_max_time>4</one_shot_max_time>
<one_shot_min_time>2</one_shot_min_time>
<one_shot_only_play_if_port>1</one_shot_only_play_if_port>
<one_shot_only_play_if_primary>1</one_shot_only_play_if_primary>
<selected_event>Campaign_Environment_Greenskin_Settlement_Selection</selected_event>
</audio_campaign_buildings>
<audio_campaign_buildings record_uuid="{d5622e25-d1f8-49b6-b334-6ff487088ce6}" record_timestamp="1500562784714" record_key="wh2_cam_settlement_capital_skaven">
<ambience_only_play_if_port>1</ambience_only_play_if_port>
<ambience_only_play_if_primary>1</ambience_only_play_if_primary>
<ambience_start_event>Campaign_Environment_Skaven_Settlement_Capital_Play</ambience_start_event>
<ambience_stop_event>Campaign_Environment_Skaven_Settlement_Capital_Stop</ambience_stop_event>
<key>wh2_cam_settlement_capital_skaven</key>
<one_shot_event></one_shot_event>
<one_shot_max_time>4</one_shot_max_time>
<one_shot_min_time>2</one_shot_min_time>
<one_shot_only_play_if_port>1</one_shot_only_play_if_port>
<one_shot_only_play_if_primary>1</one_shot_only_play_if_primary>
<selected_event>Campaign_Environment_Skaven_Settlement_Capital_Selection_Play</selected_event>
</audio_campaign_buildings>
<audio_campaign_buildings record_uuid="{03bc856e-2cb7-42ce-bc05-263f8091faac}" record_timestamp="1508335896156" record_key="wh2_cam_settlement_capital_tombkings">
<ambience_only_play_if_port>0</ambience_only_play_if_port>
<ambience_only_play_if_primary>1</ambience_only_play_if_primary>
<ambience_start_event>Campaign_Environment_Tomb_Kings_Settlement_Capital_Play</ambience_start_event>
<ambience_stop_event>Campaign_Environment_Tomb_Kings_Settlement_Capital_Stop</ambience_stop_event>
<key>wh2_cam_settlement_capital_tombkings</key>
<one_shot_event></one_shot_event>
<one_shot_max_time>4</one_shot_max_time>
<one_shot_min_time>2</one_shot_min_time>
<one_shot_only_play_if_port>1</one_shot_only_play_if_port>
<one_shot_only_play_if_primary>1</one_shot_only_play_if_primary>
<selected_event>Campaign_Environment_Tomb_Kings_Settlement_Capital_Selection_Play</selected_event>
</audio_campaign_buildings>
<audio_campaign_buildings record_uuid="{14c4de12-3267-4e45-bdca-47bded654361}" record_timestamp="1502962435060" record_key="wh2_cam_settlement_major_generic">
<ambience_only_play_if_port>1</ambience_only_play_if_port>
<ambience_only_play_if_primary>1</ambience_only_play_if_primary>
<ambience_start_event>Campaign_Environment_Generic_Settlement_Loop_Play</ambience_start_event>
<ambience_stop_event>Campaign_Environment_Generic_Settlement_Loop_Stop</ambience_stop_event>
<key>wh2_cam_settlement_major_generic</key>
<one_shot_event></one_shot_event>
<one_shot_max_time>4</one_shot_max_time>
<one_shot_min_time>2</one_shot_min_time>
<one_shot_only_play_if_port>1</one_shot_only_play_if_port>
<one_shot_only_play_if_primary>1</one_shot_only_play_if_primary>
<selected_event>Campaign_Environment_Generic_Settlement_Selection</selected_event>
</audio_campaign_buildings>
<audio_campaign_buildings record_uuid="{3f637b44-52cc-43c4-a067-0d8b70a0e1ee}" record_timestamp="1508335896157" record_key="wh2_cam_settlement_major_tombkings">
<ambience_only_play_if_port>0</ambience_only_play_if_port>
<ambience_only_play_if_primary>1</ambience_only_play_if_primary>
<ambience_start_event>Campaign_Environment_Tomb_Kings_Settlement_Major_Play</ambience_start_event>
<ambience_stop_event>Campaign_Environment_Tomb_Kings_Settlement_Major_Stop</ambience_stop_event>
<key>wh2_cam_settlement_major_tombkings</key>
<one_shot_event></one_shot_event>
<one_shot_max_time>4</one_shot_max_time>
<one_shot_min_time>2</one_shot_min_time>
<one_shot_only_play_if_port>1</one_shot_only_play_if_port>
<one_shot_only_play_if_primary>1</one_shot_only_play_if_primary>
<selected_event>Campaign_Environment_Tomb_Kings_Settlement_Major_Selection_Play</selected_event>
</audio_campaign_buildings>
<audio_campaign_buildings record_uuid="{8b4026c7-c3c9-4667-8736-94e7675e22f0}" record_timestamp="1508335896158" record_key="wh2_cam_settlement_minor_tombkings">
<ambience_only_play_if_port>0</ambience_only_play_if_port>
<ambience_only_play_if_primary>1</ambience_only_play_if_primary>
<ambience_start_event>Campaign_Environment_Tomb_Kings_Settlement_Minor_Play</ambience_start_event>
<ambience_stop_event>Campaign_Environment_Tomb_Kings_Settlement_Minor_Stop</ambience_stop_event>
<key>wh2_cam_settlement_minor_tombkings</key>
<one_shot_event></one_shot_event>
<one_shot_max_time>4</one_shot_max_time>
<one_shot_min_time>2</one_shot_min_time>
<one_shot_only_play_if_port>1</one_shot_only_play_if_port>
<one_shot_only_play_if_primary>1</one_shot_only_play_if_primary>
<selected_event>Campaign_Environment_Tomb_Kings_Settlement_Minor_Selection_Play</selected_event>
</audio_campaign_buildings>
<audio_campaign_buildings record_uuid="{67ace57c-bff1-453b-ae3c-f5ebdb6dae6a}" record_timestamp="1511542344946" record_key="wh2_cam_settlement_pyramid_of_nagash_floating_tombkings">
<ambience_only_play_if_port>0</ambience_only_play_if_port>
<ambience_only_play_if_primary>1</ambience_only_play_if_primary>
<ambience_start_event state="NOT_APPROVED" last_approved_text="" last_edit_user="bob">Campaign_Environment_Tomb_Kings_Settlement_Black_Pyramid_Play</ambience_start_event>
<ambience_stop_event state="NOT_APPROVED" last_approved_text="" last_edit_user="bob">Campaign_Environment_Tomb_Kings_Settlement_Black_Pyramid_Stop</ambience_stop_event>
<key>wh2_cam_settlement_pyramid_of_nagash_floating_tombkings</key>
<one_shot_event></one_shot_event>
<one_shot_max_time>4</one_shot_max_time>
<one_shot_min_time>2</one_shot_min_time>
<one_shot_only_play_if_port>1</one_shot_only_play_if_port>
<one_shot_only_play_if_primary>1</one_shot_only_play_if_primary>
<selected_event>Campaign_Environment_Tomb_Kings_Settlement_Capital_Selection_Play</selected_event>
</audio_campaign_buildings>
<audio_campaign_buildings record_uuid="{1797b8f5-6475-4bf8-aa12-97bbb4ae4922}" record_timestamp="1507893033372" record_key="wh_cam_resource_farming">
<ambience_only_play_if_port>1</ambience_only_play_if_port>
<ambience_only_play_if_primary>1</ambience_only_play_if_primary>
<ambience_start_event></ambience_start_event>
<ambience_stop_event></ambience_stop_event>
<key>wh_cam_resource_farming</key>
<one_shot_event></one_shot_event>
<one_shot_max_time>4</one_shot_max_time>
<one_shot_min_time>2</one_shot_min_time>
<one_shot_only_play_if_port>1</one_shot_only_play_if_port>
<one_shot_only_play_if_primary>1</one_shot_only_play_if_primary>
<selected_event></selected_event>
</audio_campaign_buildings>
<audio_campaign_buildings record_uuid="{f8bde853-24f9-4230-bb93-b203e234513a}" record_timestamp="1507893033372" record_key="wh_cam_resource_lumber_mill">
<ambience_only_play_if_port>1</ambience_only_play_if_port>
<ambience_only_play_if_primary>1</ambience_only_play_if_primary>
<ambience_start_event></ambience_start_event>
<ambience_stop_event></ambience_stop_event>
<key>wh_cam_resource_lumber_mill</key>
<one_shot_event></one_shot_event>
<one_shot_max_time>4</one_shot_max_time>
<one_shot_min_time>2</one_shot_min_time>
<one_shot_only_play_if_port>1</one_shot_only_play_if_port>
<one_shot_only_play_if_primary>1</one_shot_only_play_if_primary>
<selected_event></selected_event>
</audio_campaign_buildings>
<audio_campaign_buildings record_uuid="{6e6045a4-79b5-4dd6-9bf4-b2b2007903fe}" record_timestamp="1507893033372" record_key="wh_cam_resource_mining">
<ambience_only_play_if_port>1</ambience_only_play_if_port>
<ambience_only_play_if_primary>1</ambience_only_play_if_primary>
<ambience_start_event></ambience_start_event>
<ambience_stop_event></ambience_stop_event>
<key>wh_cam_resource_mining</key>
<one_shot_event></one_shot_event>
<one_shot_max_time>4</one_shot_max_time>
<one_shot_min_time>2</one_shot_min_time>
<one_shot_only_play_if_port>1</one_shot_only_play_if_port>
<one_shot_only_play_if_primary>1</one_shot_only_play_if_primary>
<selected_event></selected_event>
</audio_campaign_buildings>
<audio_campaign_buildings record_uuid="{10852781-9608-4b44-a8a4-dc9ca4103049}" record_timestamp="1507893033372" record_key="wh_cam_resource_quarry">
<ambience_only_play_if_port>1</ambience_only_play_if_port>
<ambience_only_play_if_primary>1</ambience_only_play_if_primary>
<ambience_start_event></ambience_start_event>
<ambience_stop_event></ambience_stop_event>
<key>wh_cam_resource_quarry</key>
<one_shot_event></one_shot_event>
<one_shot_max_time>4</one_shot_max_time>
<one_shot_min_time>2</one_shot_min_time>
<one_shot_only_play_if_port>1</one_shot_only_play_if_port>
<one_shot_only_play_if_primary>1</one_shot_only_play_if_primary>
<selected_event></selected_event>
</audio_campaign_buildings>
<audio_campaign_buildings record_uuid="{b44daf25-02f8-4e5e-be45-76f6a2f2e84c}" record_timestamp="1507893033372" record_key="wh_cam_resource_vineyard">
<ambience_only_play_if_port>1</ambience_only_play_if_port>
<ambience_only_play_if_primary>1</ambience_only_play_if_primary>
<ambience_start_event></ambience_start_event>
<ambience_stop_event></ambience_stop_event>
<key>wh_cam_resource_vineyard</key>
<one_shot_event></one_shot_event>
<one_shot_max_time>4</one_shot_max_time>
<one_shot_min_time>2</one_shot_min_time>
<one_shot_only_play_if_port>1</one_shot_only_play_if_port>
<one_shot_only_play_if_primary>1</one_shot_only_play_if_primary>
<selected_event></selected_event>
</audio_campaign_buildings>
<audio_campaign_buildings record_uuid="{67faa515-4812-4138-972e-2be5d08c55c2}" record_timestamp="1507893033372" record_key="wh_cam_resource_worshop">
<ambience_only_play_if_port>1</ambience_only_play_if_port>
<ambience_only_play_if_primary>1</ambience_only_play_if_primary>
<ambience_start_event></ambience_start_event>
<ambience_stop_event></ambience_stop_event>
<key>wh_cam_resource_worshop</key>
<one_shot_event></one_shot_event>
<one_shot_max_time>4</one_shot_max_time>
<one_shot_min_time>2</one_shot_min_time>
<one_shot_only_play_if_port>1</one_shot_only_play_if_port>
<one_shot_only_play_if_primary>1</one_shot_only_play_if_primary>
<selected_event></selected_event>
</audio_campaign_buildings>
<audio_campaign_buildings record_uuid="{e0ea25fb-79e4-4b98-aa69-f8e8d05636c5}" record_timestamp="1482332591213" record_key="wh_cam_settlement_capital_bretonnia">
<ambience_only_play_if_port>1</ambience_only_play_if_port>
<ambience_only_play_if_primary>1</ambience_only_play_if_primary>
<ambience_start_event>Campaign_Environment_Bretonnia_Settlement_Capital_Play</ambience_start_event>
<ambience_stop_event>Campaign_Environment_Bretonnia_Settlement_Capital_Stop</ambience_stop_event>
<key>wh_cam_settlement_capital_bretonnia</key>
<one_shot_event></one_shot_event>
<one_shot_max_time>4</one_shot_max_time>
<one_shot_min_time>2</one_shot_min_time>
<one_shot_only_play_if_port>1</one_shot_only_play_if_port>
<one_shot_only_play_if_primary>1</one_shot_only_play_if_primary>
<selected_event>Campaign_Environment_Bretonnia_Settlement_Selection</selected_event>
</audio_campaign_buildings>
<audio_campaign_buildings record_uuid="{67de17bf-4038-4648-a083-f17842f70baf}" record_timestamp="1467804746519" record_key="wh_cam_settlement_capital_chaos">
<ambience_only_play_if_port>1</ambience_only_play_if_port>
<ambience_only_play_if_primary>1</ambience_only_play_if_primary>
<ambience_start_event>Campaign_Environment_Chaos_Settlement_Capital_Play</ambience_start_event>
<ambience_stop_event>Campaign_Environment_Chaos_Settlement_Capital_Stop</ambience_stop_event>
<key>wh_cam_settlement_capital_chaos</key>
<one_shot_event></one_shot_event>
<one_shot_max_time>4</one_shot_max_time>
<one_shot_min_time>2</one_shot_min_time>
<one_shot_only_play_if_port>1</one_shot_only_play_if_port>
<one_shot_only_play_if_primary>1</one_shot_only_play_if_primary>
<selected_event>Campaign_Environment_Beastmen_Settlement_Selection</selected_event>
</audio_campaign_buildings>
<audio_campaign_buildings record_uuid="{96635073-fae1-45d3-bd4c-2be1189dad79}" record_timestamp="1445598530298" record_key="wh_cam_settlement_capital_dwarf">
<ambience_only_play_if_port>1</ambience_only_play_if_port>
<ambience_only_play_if_primary>1</ambience_only_play_if_primary>
<ambience_start_event>Campaign_Environment_Dwarf_Settlement_Capital_Play</ambience_start_event>
<ambience_stop_event>Campaign_Environment_Dwarf_Settlement_Capital_Stop</ambience_stop_event>
<key>wh_cam_settlement_capital_dwarf</key>
<one_shot_event></one_shot_event>
<one_shot_max_time>4</one_shot_max_time>
<one_shot_min_time>2</one_shot_min_time>
<one_shot_only_play_if_port>1</one_shot_only_play_if_port>
<one_shot_only_play_if_primary>1</one_shot_only_play_if_primary>
<selected_event>Campaign_Environment_Dwarf_Settlement_Selection</selected_event>
</audio_campaign_buildings>
<audio_campaign_buildings record_uuid="{9ad584fb-00c6-4a70-90f9-10b1c454d65d}" record_timestamp="1445598530303" record_key="wh_cam_settlement_capital_empire">
<ambience_only_play_if_port>1</ambience_only_play_if_port>
<ambience_only_play_if_primary>1</ambience_only_play_if_primary>
<ambience_start_event>Campaign_Environment_Empire_Settlement_Capital_Play</ambience_start_event>
<ambience_stop_event>Campaign_Environment_Empire_Settlement_Capital_Stop</ambience_stop_event>
<key>wh_cam_settlement_capital_empire</key>
<one_shot_event></one_shot_event>
<one_shot_max_time>4</one_shot_max_time>
<one_shot_min_time>2</one_shot_min_time>
<one_shot_only_play_if_port>1</one_shot_only_play_if_port>
<one_shot_only_play_if_primary>1</one_shot_only_play_if_primary>
<selected_event>Campaign_Environment_Empire_Settlement_Selection</selected_event>
</audio_campaign_buildings>
<audio_campaign_buildings record_uuid="{73de1dfb-94bc-42b8-8349-35d37ae2001d}" record_timestamp="1445598530308" record_key="wh_cam_settlement_capital_greenskin">
<ambience_only_play_if_port>1</ambience_only_play_if_port>
<ambience_only_play_if_primary>1</ambience_only_play_if_primary>
<ambience_start_event>Campaign_Environment_Greenskin_Settlement_Capital_Play</ambience_start_event>
<ambience_stop_event>Campaign_Environment_Greenskin_Settlement_Capital_Stop</ambience_stop_event>
<key>wh_cam_settlement_capital_greenskin</key>
<one_shot_event></one_shot_event>
<one_shot_max_time>4</one_shot_max_time>
<one_shot_min_time>2</one_shot_min_time>
<one_shot_only_play_if_port>1</one_shot_only_play_if_port>
<one_shot_only_play_if_primary>1</one_shot_only_play_if_primary>
<selected_event>Campaign_Environment_Greenskin_Settlement_Selection</selected_event>
</audio_campaign_buildings>
<audio_campaign_buildings record_uuid="{bb45543e-ac75-4989-936c-671aff2d0dbd}" record_timestamp="1507894671309" record_key="wh_cam_settlement_capital_nordic">
<ambience_only_play_if_port>1</ambience_only_play_if_port>
<ambience_only_play_if_primary>1</ambience_only_play_if_primary>
<ambience_start_event>Campaign_Environment_Nordic_Settlement_Capital_Play</ambience_start_event>
<ambience_stop_event>Campaign_Environment_Nordic_Settlement_Capital_Stop</ambience_stop_event>
<key>wh_cam_settlement_capital_nordic</key>
<one_shot_event></one_shot_event>
<one_shot_max_time>4</one_shot_max_time>
<one_shot_min_time>2</one_shot_min_time>
<one_shot_only_play_if_port>1</one_shot_only_play_if_port>
<one_shot_only_play_if_primary>1</one_shot_only_play_if_primary>
<selected_event>Campaign_Environment_Nordic_Settlement_Selection</selected_event>
</audio_campaign_buildings>
<audio_campaign_buildings record_uuid="{a12b0b53-f2fa-41cb-824e-4d70615b9a17}" record_timestamp="1500562784724" record_key="wh_cam_settlement_capital_rogue">
<ambience_only_play_if_port>1</ambience_only_play_if_port>
<ambience_only_play_if_primary>1</ambience_only_play_if_primary>
<ambience_start_event>Campaign_Environment_Greenskin_Settlement_Capital_Play</ambience_start_event>
<ambience_stop_event>Campaign_Environment_Greenskin_Settlement_Capital_Stop</ambience_stop_event>
<key>wh_cam_settlement_capital_rogue</key>
<one_shot_event></one_shot_event>
<one_shot_max_time>4</one_shot_max_time>
<one_shot_min_time>2</one_shot_min_time>
<one_shot_only_play_if_port>1</one_shot_only_play_if_port>
<one_shot_only_play_if_primary>1</one_shot_only_play_if_primary>
<selected_event>Campaign_Environment_Greenskin_Settlement_Selection</selected_event>
</audio_campaign_buildings>
<audio_campaign_buildings record_uuid="{8760ca52-edb6-45a5-b9ff-a3360319a63c}" record_timestamp="1444917933982" record_key="wh_cam_settlement_capital_vampire">
<ambience_only_play_if_port>1</ambience_only_play_if_port>
<ambience_only_play_if_primary>1</ambience_only_play_if_primary>
<ambience_start_event>Campaign_Environment_Vampire_Settlement_Capital_Play</ambience_start_event>
<ambience_stop_event>Campaign_Environment_Vampire_Settlement_Capital_Stop</ambience_stop_event>
<key>wh_cam_settlement_capital_vampire</key>
<one_shot_event></one_shot_event>
<one_shot_max_time>4</one_shot_max_time>
<one_shot_min_time>2</one_shot_min_time>
<one_shot_only_play_if_port>1</one_shot_only_play_if_port>
<one_shot_only_play_if_primary>1</one_shot_only_play_if_primary>
<selected_event>Campaign_Environment_Vampire_Settlement_Selection</selected_event>
</audio_campaign_buildings>
<audio_campaign_buildings record_uuid="{ee3c599d-9edf-4c07-b999-2af95e74aa0b}" record_timestamp="1500562784714" record_key="wh_cam_settlement_darkelves_port">
<ambience_only_play_if_port>1</ambience_only_play_if_port>
<ambience_only_play_if_primary>1</ambience_only_play_if_primary>
<ambience_start_event>Campaign_Environment_Dark_Elves_Settlement_Port_Play</ambience_start_event>
<ambience_stop_event>Campaign_Environment_Dark_Elves_Settlement_Port_Stop</ambience_stop_event>
<key>wh_cam_settlement_darkelves_port</key>
<one_shot_event></one_shot_event>
<one_shot_max_time>4</one_shot_max_time>
<one_shot_min_time>2</one_shot_min_time>
<one_shot_only_play_if_port>1</one_shot_only_play_if_port>
<one_shot_only_play_if_primary>1</one_shot_only_play_if_primary>
<selected_event>Campaign_Environment_Dark_Elves_Settlement_Port_Selection_Play</selected_event>
</audio_campaign_buildings>
<audio_campaign_buildings record_uuid="{c21063a6-9a0f-4e2c-814d-45658c06a91b}" record_timestamp="1444917946014" record_key="wh_cam_settlement_generic_port">
<ambience_only_play_if_port>1</ambience_only_play_if_port>
<ambience_only_play_if_primary>1</ambience_only_play_if_primary>
<ambience_start_event>Campaign_Environment_Generic_Port_Settlement_Loop_Play</ambience_start_event>
<ambience_stop_event>Campaign_Environment_Generic_Port_Settlement_Loop_Stop</ambience_stop_event>
<key>wh_cam_settlement_generic_port</key>
<one_shot_event></one_shot_event>
<one_shot_max_time>4</one_shot_max_time>
<one_shot_min_time>2</one_shot_min_time>
<one_shot_only_play_if_port>1</one_shot_only_play_if_port>
<one_shot_only_play_if_primary>1</one_shot_only_play_if_primary>
<selected_event>Campaign_Environment_Generic_Port_Settlement_Selection</selected_event>
</audio_campaign_buildings>
<audio_campaign_buildings record_uuid="{a2402d67-dfd5-4af1-92d8-335b610da171}" record_timestamp="1457369801399" record_key="wh_cam_settlement_generic_ruin">
<ambience_only_play_if_port>1</ambience_only_play_if_port>
<ambience_only_play_if_primary>1</ambience_only_play_if_primary>
<ambience_start_event>Campaign_Environment_Generic_Ruin_Settlement_Loop_Play</ambience_start_event>
<ambience_stop_event>Campaign_Environment_Generic_Ruin_Settlement_Loop_Stop</ambience_stop_event>
<key>wh_cam_settlement_generic_ruin</key>
<one_shot_event></one_shot_event>
<one_shot_max_time>4</one_shot_max_time>
<one_shot_min_time>2</one_shot_min_time>
<one_shot_only_play_if_port>1</one_shot_only_play_if_port>
<one_shot_only_play_if_primary>1</one_shot_only_play_if_primary>
<selected_event>Campaign_Environment_Generic_Ruin_Settlement_Selection</selected_event>
</audio_campaign_buildings>
<audio_campaign_buildings record_uuid="{1189ec87-ac82-4234-a8c2-56b58d6ae982}" record_timestamp="1500562784714" record_key="wh_cam_settlement_highelves_port">
<ambience_only_play_if_port>1</ambience_only_play_if_port>
<ambience_only_play_if_primary>1</ambience_only_play_if_primary>
<ambience_start_event>Campaign_Environment_High_Elves_Settlement_Port_Play</ambience_start_event>
<ambience_stop_event>Campaign_Environment_High_Elves_Settlement_Port_Stop</ambience_stop_event>
<key>wh_cam_settlement_highelves_port</key>
<one_shot_event></one_shot_event>
<one_shot_max_time>4</one_shot_max_time>
<one_shot_min_time>2</one_shot_min_time>
<one_shot_only_play_if_port>1</one_shot_only_play_if_port>
<one_shot_only_play_if_primary>1</one_shot_only_play_if_primary>
<selected_event>Campaign_Environment_High_Elves_Settlement_Port_Selection_Play</selected_event>
</audio_campaign_buildings>
<audio_campaign_buildings record_uuid="{878017f2-6840-4941-846c-adc8db4e7526}" record_timestamp="1500562784714" record_key="wh_cam_settlement_lizardmen_port">
<ambience_only_play_if_port>1</ambience_only_play_if_port>
<ambience_only_play_if_primary>1</ambience_only_play_if_primary>
<ambience_start_event>Campaign_Environment_Lizardmen_Settlement_Port_Play</ambience_start_event>
<ambience_stop_event>Campaign_Environment_Lizardmen_Settlement_Port_Stop</ambience_stop_event>
<key>wh_cam_settlement_lizardmen_port</key>
<one_shot_event></one_shot_event>
<one_shot_max_time>4</one_shot_max_time>
<one_shot_min_time>2</one_shot_min_time>
<one_shot_only_play_if_port>1</one_shot_only_play_if_port>
<one_shot_only_play_if_primary>1</one_shot_only_play_if_primary>
<selected_event>Campaign_Environment_Lizardmen_Settlement_Port_Selection_Play</selected_event>
</audio_campaign_buildings>
<audio_campaign_buildings record_uuid="{3575abab-e3b9-4cf7-8627-4993b2de600e}" record_timestamp="1482332591213" record_key="wh_cam_settlement_major_bretonnia">
<ambience_only_play_if_port>1</ambience_only_play_if_port>
<ambience_only_play_if_primary>1</ambience_only_play_if_primary>
<ambience_start_event>Campaign_Environment_Bretonnia_Settlement_Major_Play</ambience_start_event>
<ambience_stop_event>Campaign_Environment_Bretonnia_Settlement_Major_Stop</ambience_stop_event>
<key>wh_cam_settlement_major_bretonnia</key>
<one_shot_event></one_shot_event>
<one_shot_max_time>4</one_shot_max_time>
<one_shot_min_time>2</one_shot_min_time>
<one_shot_only_play_if_port>1</one_shot_only_play_if_port>
<one_shot_only_play_if_primary>1</one_shot_only_play_if_primary>
<selected_event>Campaign_Environment_Bretonnia_Settlement_Selection</selected_event>
</audio_campaign_buildings>
<audio_campaign_buildings record_uuid="{c1eda6b1-b340-4aee-acc2-37f8bf425391}" record_timestamp="1499770326516" record_key="wh_cam_settlement_major_chaos">
<ambience_only_play_if_port>1</ambience_only_play_if_port>
<ambience_only_play_if_primary>1</ambience_only_play_if_primary>
<ambience_start_event>Campaign_Environment_Chaos_Settlement_Major_Play</ambience_start_event>
<ambience_stop_event>Campaign_Environment_Chaos_Settlement_Major_Stop</ambience_stop_event>
<key>wh_cam_settlement_major_chaos</key>
<one_shot_event></one_shot_event>
<one_shot_max_time>4</one_shot_max_time>
<one_shot_min_time>2</one_shot_min_time>
<one_shot_only_play_if_port>1</one_shot_only_play_if_port>
<one_shot_only_play_if_primary>1</one_shot_only_play_if_primary>
<selected_event>Campaign_Environment_Chaos_Settlement_Selection</selected_event>
</audio_campaign_buildings>
<audio_campaign_buildings record_uuid="{799b997f-24a1-4280-9ea4-e22f4c4ec6eb}" record_timestamp="1500562784714" record_key="wh_cam_settlement_major_darkelves">
<ambience_only_play_if_port>1</ambience_only_play_if_port>
<ambience_only_play_if_primary>1</ambience_only_play_if_primary>
<ambience_start_event>Campaign_Environment_Dark_Elves_Settlement_Major_Play</ambience_start_event>
<ambience_stop_event>Campaign_Environment_Dark_Elves_Settlement_Major_Stop</ambience_stop_event>
<key>wh_cam_settlement_major_darkelves</key>
<one_shot_event></one_shot_event>
<one_shot_max_time>4</one_shot_max_time>
<one_shot_min_time>2</one_shot_min_time>
<one_shot_only_play_if_port>1</one_shot_only_play_if_port>
<one_shot_only_play_if_primary>1</one_shot_only_play_if_primary>
<selected_event>Campaign_Environment_Dark_Elves_Settlement_Major_Selection_Play</selected_event>
</audio_campaign_buildings>
<audio_campaign_buildings record_uuid="{677faed8-8af9-46a6-a09e-1b9dec9ada85}" record_timestamp="1444917932148" record_key="wh_cam_settlement_major_dwarf">
<ambience_only_play_if_port>1</ambience_only_play_if_port>
<ambience_only_play_if_primary>1</ambience_only_play_if_primary>
<ambience_start_event>Campaign_Environment_Dwarf_Settlement_Major_Play</ambience_start_event>
<ambience_stop_event>Campaign_Environment_Dwarf_Settlement_Major_Stop</ambience_stop_event>
<key>wh_cam_settlement_major_dwarf</key>
<one_shot_event></one_shot_event>
<one_shot_max_time>4</one_shot_max_time>
<one_shot_min_time>2</one_shot_min_time>
<one_shot_only_play_if_port>1</one_shot_only_play_if_port>
<one_shot_only_play_if_primary>1</one_shot_only_play_if_primary>
<selected_event>Campaign_Environment_Dwarf_Settlement_Selection</selected_event>
</audio_campaign_buildings>
<audio_campaign_buildings record_uuid="{20c6f758-5197-4c2d-8b1c-551cac17f0c6}" record_timestamp="1444917932315" record_key="wh_cam_settlement_major_empire">
<ambience_only_play_if_port>1</ambience_only_play_if_port>
<ambience_only_play_if_primary>1</ambience_only_play_if_primary>
<ambience_start_event>Campaign_Environment_Empire_Settlement_Major_Play</ambience_start_event>
<ambience_stop_event>Campaign_Environment_Empire_Settlement_Major_Stop</ambience_stop_event>
<key>wh_cam_settlement_major_empire</key>
<one_shot_event></one_shot_event>
<one_shot_max_time>4</one_shot_max_time>
<one_shot_min_time>2</one_shot_min_time>
<one_shot_only_play_if_port>1</one_shot_only_play_if_port>
<one_shot_only_play_if_primary>1</one_shot_only_play_if_primary>
<selected_event>Campaign_Environment_Empire_Settlement_Selection</selected_event>
</audio_campaign_buildings>
<audio_campaign_buildings record_uuid="{5f8f4f2b-cc37-4772-bdb3-0301d068f88b}" record_timestamp="1444917932483" record_key="wh_cam_settlement_major_greenskin">
<ambience_only_play_if_port>1</ambience_only_play_if_port>
<ambience_only_play_if_primary>1</ambience_only_play_if_primary>
<ambience_start_event>Campaign_Environment_Greenskin_Settlement_Major_Play</ambience_start_event>
<ambience_stop_event>Campaign_Environment_Greenskin_Settlement_Major_Stop</ambience_stop_event>
<key>wh_cam_settlement_major_greenskin</key>
<one_shot_event></one_shot_event>
<one_shot_max_time>4</one_shot_max_time>
<one_shot_min_time>2</one_shot_min_time>
<one_shot_only_play_if_port>1</one_shot_only_play_if_port>
<one_shot_only_play_if_primary>1</one_shot_only_play_if_primary>
<selected_event>Campaign_Environment_Greenskin_Settlement_Selection</selected_event>
</audio_campaign_buildings>
<audio_campaign_buildings record_uuid="{c116604c-1a5a-4894-a984-43bd9ec73167}" record_timestamp="1500562784715" record_key="wh_cam_settlement_major_highelves">
<ambience_only_play_if_port>1</ambience_only_play_if_port>
<ambience_only_play_if_primary>1</ambience_only_play_if_primary>
<ambience_start_event>Campaign_Environment_High_Elves_Settlement_Major_Play</ambience_start_event>
<ambience_stop_event>Campaign_Environment_High_Elves_Settlement_Major_Stop</ambience_stop_event>
<key>wh_cam_settlement_major_highelves</key>
<one_shot_event></one_shot_event>
<one_shot_max_time>4</one_shot_max_time>
<one_shot_min_time>2</one_shot_min_time>
<one_shot_only_play_if_port>1</one_shot_only_play_if_port>
<one_shot_only_play_if_primary>1</one_shot_only_play_if_primary>
<selected_event>Campaign_Environment_High_Elves_Settlement_Major_Selection_Play</selected_event>
</audio_campaign_buildings>
<audio_campaign_buildings record_uuid="{c42239d9-07f2-48f0-a189-33d3c0641542}" record_timestamp="1500562784715" record_key="wh_cam_settlement_major_lizardmen">
<ambience_only_play_if_port>1</ambience_only_play_if_port>
<ambience_only_play_if_primary>1</ambience_only_play_if_primary>
<ambience_start_event>Campaign_Environment_Lizardmen_Settlement_Major_Play</ambience_start_event>
<ambience_stop_event>Campaign_Environment_Lizardmen_Settlement_Major_Stop</ambience_stop_event>
<key>wh_cam_settlement_major_lizardmen</key>
<one_shot_event></one_shot_event>
<one_shot_max_time>4</one_shot_max_time>
<one_shot_min_time>2</one_shot_min_time>
<one_shot_only_play_if_port>1</one_shot_only_play_if_port>
<one_shot_only_play_if_primary>1</one_shot_only_play_if_primary>
<selected_event>Campaign_Environment_Lizardmen_Settlement_Major_Selection_Play</selected_event>
</audio_campaign_buildings>
<audio_campaign_buildings record_uuid="{bfcf8358-cf7d-48c6-a8cc-0c032168f602}" record_timestamp="1444917932651" record_key="wh_cam_settlement_major_nordic">
<ambience_only_play_if_port>1</ambience_only_play_if_port>
<ambience_only_play_if_primary>1</ambience_only_play_if_primary>
<ambience_start_event>Campaign_Environment_Nordic_Settlement_Major_Play</ambience_start_event>
<ambience_stop_event>Campaign_Environment_Nordic_Settlement_Major_Stop</ambience_stop_event>
<key>wh_cam_settlement_major_nordic</key>
<one_shot_event></one_shot_event>
<one_shot_max_time>4</one_shot_max_time>
<one_shot_min_time>2</one_shot_min_time>
<one_shot_only_play_if_port>1</one_shot_only_play_if_port>
<one_shot_only_play_if_primary>1</one_shot_only_play_if_primary>
<selected_event>Campaign_Environment_Nordic_Settlement_Selection</selected_event>
</audio_campaign_buildings>
<audio_campaign_buildings record_uuid="{d55c9bad-8073-4b0c-8865-7aa357eb91cc}" record_timestamp="1500562784724" record_key="wh_cam_settlement_major_rogue">
<ambience_only_play_if_port>1</ambience_only_play_if_port>
<ambience_only_play_if_primary>1</ambience_only_play_if_primary>
<ambience_start_event>Campaign_Environment_Greenskin_Settlement_Major_Play</ambience_start_event>
<ambience_stop_event>Campaign_Environment_Greenskin_Settlement_Major_Stop</ambience_stop_event>
<key>wh_cam_settlement_major_rogue</key>
<one_shot_event></one_shot_event>
<one_shot_max_time>4</one_shot_max_time>
<one_shot_min_time>2</one_shot_min_time>
<one_shot_only_play_if_port>1</one_shot_only_play_if_port>
<one_shot_only_play_if_primary>1</one_shot_only_play_if_primary>
<selected_event>Campaign_Environment_Greenskin_Settlement_Selection</selected_event>
</audio_campaign_buildings>
<audio_campaign_buildings record_uuid="{b84ba9f2-b0a1-4a6b-b7b5-b631c97a51a9}" record_timestamp="1500562784715" record_key="wh_cam_settlement_major_skaven">
<ambience_only_play_if_port>1</ambience_only_play_if_port>
<ambience_only_play_if_primary>1</ambience_only_play_if_primary>
<ambience_start_event>Campaign_Environment_Skaven_Settlement_Major_Play</ambience_start_event>
<ambience_stop_event>Campaign_Environment_Skaven_Settlement_Major_Stop</ambience_stop_event>
<key>wh_cam_settlement_major_skaven</key>
<one_shot_event></one_shot_event>
<one_shot_max_time>4</one_shot_max_time>
<one_shot_min_time>2</one_shot_min_time>
<one_shot_only_play_if_port>1</one_shot_only_play_if_port>
<one_shot_only_play_if_primary>1</one_shot_only_play_if_primary>
<selected_event>Campaign_Environment_Skaven_Settlement_Major_Selection_Play</selected_event>
</audio_campaign_buildings>
<audio_campaign_buildings record_uuid="{fd62acae-cca3-43a7-be65-37fc3825d382}" record_timestamp="1444917944749" record_key="wh_cam_settlement_major_vampire">
<ambience_only_play_if_port>1</ambience_only_play_if_port>
<ambience_only_play_if_primary>1</ambience_only_play_if_primary>
<ambience_start_event>Campaign_Environment_Vampire_Settlement_Major_Play</ambience_start_event>
<ambience_stop_event>Campaign_Environment_Vampire_Settlement_Major_Stop</ambience_stop_event>
<key>wh_cam_settlement_major_vampire</key>
<one_shot_event></one_shot_event>
<one_shot_max_time>4</one_shot_max_time>
<one_shot_min_time>2</one_shot_min_time>
<one_shot_only_play_if_port>1</one_shot_only_play_if_port>
<one_shot_only_play_if_primary>1</one_shot_only_play_if_primary>
<selected_event>Campaign_Environment_Vampire_Settlement_Selection</selected_event>
</audio_campaign_buildings>
<audio_campaign_buildings record_uuid="{892d2b59-5d68-4f0f-88be-e55506c19043}" record_timestamp="1482332591214" record_key="wh_cam_settlement_minor_bretonnia">
<ambience_only_play_if_port>1</ambience_only_play_if_port>
<ambience_only_play_if_primary>1</ambience_only_play_if_primary>
<ambience_start_event>Campaign_Environment_Bretonnia_Settlement_Minor_Play</ambience_start_event>
<ambience_stop_event>Campaign_Environment_Bretonnia_Settlement_Minor_Stop</ambience_stop_event>
<key>wh_cam_settlement_minor_bretonnia</key>
<one_shot_event></one_shot_event>
<one_shot_max_time>4</one_shot_max_time>
<one_shot_min_time>2</one_shot_min_time>
<one_shot_only_play_if_port>1</one_shot_only_play_if_port>
<one_shot_only_play_if_primary>1</one_shot_only_play_if_primary>
<selected_event>Campaign_Environment_Bretonnia_Settlement_Selection</selected_event>
</audio_campaign_buildings>
<audio_campaign_buildings record_uuid="{373d34c7-4424-4484-a89c-d935c936e05d}" record_timestamp="1499770326516" record_key="wh_cam_settlement_minor_chaos">
<ambience_only_play_if_port>1</ambience_only_play_if_port>
<ambience_only_play_if_primary>1</ambience_only_play_if_primary>
<ambience_start_event>Campaign_Environment_Chaos_Settlement_Minor_Play</ambience_start_event>
<ambience_stop_event>Campaign_Environment_Chaos_Settlement_Minor_Stop</ambience_stop_event>
<key>wh_cam_settlement_minor_chaos</key>
<one_shot_event></one_shot_event>
<one_shot_max_time>4</one_shot_max_time>
<one_shot_min_time>2</one_shot_min_time>
<one_shot_only_play_if_port>1</one_shot_only_play_if_port>
<one_shot_only_play_if_primary>1</one_shot_only_play_if_primary>
<selected_event>Campaign_Environment_Chaos_Settlement_Selection</selected_event>
</audio_campaign_buildings>
<audio_campaign_buildings record_uuid="{fee4e378-9025-46ea-a8f8-9afb6de520f5}" record_timestamp="1500562784715" record_key="wh_cam_settlement_minor_darkelves">
<ambience_only_play_if_port>1</ambience_only_play_if_port>
<ambience_only_play_if_primary>1</ambience_only_play_if_primary>
<ambience_start_event>Campaign_Environment_Dark_Elves_Settlement_Minor_Play</ambience_start_event>
<ambience_stop_event>Campaign_Environment_Dark_Elves_Settlement_Minor_Stop</ambience_stop_event>
<key>wh_cam_settlement_minor_darkelves</key>
<one_shot_event></one_shot_event>
<one_shot_max_time>4</one_shot_max_time>
<one_shot_min_time>2</one_shot_min_time>
<one_shot_only_play_if_port>1</one_shot_only_play_if_port>
<one_shot_only_play_if_primary>1</one_shot_only_play_if_primary>
<selected_event>Campaign_Environment_Dark_Elves_Settlement_Minor_Selection_Play</selected_event>
</audio_campaign_buildings>
<audio_campaign_buildings record_uuid="{363f107e-0f78-4bd1-a759-c5416f512234}" record_timestamp="1444917944917" record_key="wh_cam_settlement_minor_dwarf">
<ambience_only_play_if_port>1</ambience_only_play_if_port>
<ambience_only_play_if_primary>1</ambience_only_play_if_primary>
<ambience_start_event>Campaign_Environment_Dwarf_Settlement_Minor_Play</ambience_start_event>
<ambience_stop_event>Campaign_Environment_Dwarf_Settlement_Minor_Stop</ambience_stop_event>
<key>wh_cam_settlement_minor_dwarf</key>
<one_shot_event></one_shot_event>
<one_shot_max_time>4</one_shot_max_time>
<one_shot_min_time>2</one_shot_min_time>
<one_shot_only_play_if_port>1</one_shot_only_play_if_port>
<one_shot_only_play_if_primary>1</one_shot_only_play_if_primary>
<selected_event>Campaign_Environment_Dwarf_Settlement_Selection</selected_event>
</audio_campaign_buildings>
<audio_campaign_buildings record_uuid="{01fad678-b74c-4388-ae44-7e597bfb8b0d}" record_timestamp="1444917945002" record_key="wh_cam_settlement_minor_empire">
<ambience_only_play_if_port>1</ambience_only_play_if_port>
<ambience_only_play_if_primary>1</ambience_only_play_if_primary>
<ambience_start_event>Campaign_Environment_Empire_Settlement_Minor_Play</ambience_start_event>
<ambience_stop_event>Campaign_Environment_Empire_Settlement_Minor_Stop</ambience_stop_event>
<key>wh_cam_settlement_minor_empire</key>
<one_shot_event></one_shot_event>
<one_shot_max_time>4</one_shot_max_time>
<one_shot_min_time>2</one_shot_min_time>
<one_shot_only_play_if_port>1</one_shot_only_play_if_port>
<one_shot_only_play_if_primary>1</one_shot_only_play_if_primary>
<selected_event>Campaign_Environment_Empire_Settlement_Selection</selected_event>
</audio_campaign_buildings>
<audio_campaign_buildings record_uuid="{b5d317ba-7a13-40fc-89ca-6c7e0c9c7706}" record_timestamp="1444917945085" record_key="wh_cam_settlement_minor_greenskin">
<ambience_only_play_if_port>1</ambience_only_play_if_port>
<ambience_only_play_if_primary>1</ambience_only_play_if_primary>
<ambience_start_event>Campaign_Environment_Greenskin_Settlement_Minor_Play</ambience_start_event>
<ambience_stop_event>Campaign_Environment_Greenskin_Settlement_Minor_Stop</ambience_stop_event>
<key>wh_cam_settlement_minor_greenskin</key>
<one_shot_event></one_shot_event>
<one_shot_max_time>4</one_shot_max_time>
<one_shot_min_time>2</one_shot_min_time>
<one_shot_only_play_if_port>1</one_shot_only_play_if_port>
<one_shot_only_play_if_primary>1</one_shot_only_play_if_primary>
<selected_event>Campaign_Environment_Greenskin_Settlement_Selection</selected_event>
</audio_campaign_buildings>
<audio_campaign_buildings record_uuid="{c8a369ac-213d-48b1-a77a-0ff3acf7d893}" record_timestamp="1500562784715" record_key="wh_cam_settlement_minor_highelves">
<ambience_only_play_if_port>1</ambience_only_play_if_port>
<ambience_only_play_if_primary>1</ambience_only_play_if_primary>
<ambience_start_event>Campaign_Environment_High_Elves_Settlement_Minor_Play</ambience_start_event>
<ambience_stop_event>Campaign_Environment_High_Elves_Settlement_Minor_Stop</ambience_stop_event>
<key>wh_cam_settlement_minor_highelves</key>
<one_shot_event></one_shot_event>
<one_shot_max_time>4</one_shot_max_time>
<one_shot_min_time>2</one_shot_min_time>
<one_shot_only_play_if_port>1</one_shot_only_play_if_port>
<one_shot_only_play_if_primary>1</one_shot_only_play_if_primary>
<selected_event>Campaign_Environment_High_Elves_Settlement_Minor_Selection_Play</selected_event>
</audio_campaign_buildings>
<audio_campaign_buildings record_uuid="{0b246c06-9f67-434b-816c-dc0b7057d3fe}" record_timestamp="1500562784715" record_key="wh_cam_settlement_minor_lizardmen">
<ambience_only_play_if_port>1</ambience_only_play_if_port>
<ambience_only_play_if_primary>1</ambience_only_play_if_primary>
<ambience_start_event>Campaign_Environment_Lizardmen_Settlement_Minor_Play</ambience_start_event>
<ambience_stop_event>Campaign_Environment_Lizardmen_Settlement_Minor_Stop</ambience_stop_event>
<key>wh_cam_settlement_minor_lizardmen</key>
<one_shot_event></one_shot_event>
<one_shot_max_time>4</one_shot_max_time>
<one_shot_min_time>2</one_shot_min_time>
<one_shot_only_play_if_port>1</one_shot_only_play_if_port>
<one_shot_only_play_if_primary>1</one_shot_only_play_if_primary>
<selected_event>Campaign_Environment_Lizardmen_Settlement_Minor_Selection_Play</selected_event>
</audio_campaign_buildings>
<audio_campaign_buildings record_uuid="{87f1dcb1-c3c3-4545-84b8-1460ab212f84}" record_timestamp="1444917945170" record_key="wh_cam_settlement_minor_nordic">
<ambience_only_play_if_port>1</ambience_only_play_if_port>
<ambience_only_play_if_primary>1</ambience_only_play_if_primary>
<ambience_start_event>Campaign_Environment_Nordic_Settlement_Minor_Play</ambience_start_event>
<ambience_stop_event>Campaign_Environment_Nordic_Settlement_Minor_Stop</ambience_stop_event>
<key>wh_cam_settlement_minor_nordic</key>
<one_shot_event></one_shot_event>
<one_shot_max_time>4</one_shot_max_time>
<one_shot_min_time>2</one_shot_min_time>
<one_shot_only_play_if_port>1</one_shot_only_play_if_port>
<one_shot_only_play_if_primary>1</one_shot_only_play_if_primary>
<selected_event>Campaign_Environment_Nordic_Settlement_Selection</selected_event>
</audio_campaign_buildings>
<audio_campaign_buildings record_uuid="{b5067a2d-ba82-4b6f-9269-22d528361039}" record_timestamp="1500562784724" record_key="wh_cam_settlement_minor_rogue">
<ambience_only_play_if_port>1</ambience_only_play_if_port>
<ambience_only_play_if_primary>1</ambience_only_play_if_primary>
<ambience_start_event>Campaign_Environment_Greenskin_Settlement_Minor_Play</ambience_start_event>
<ambience_stop_event>Campaign_Environment_Greenskin_Settlement_Minor_Stop</ambience_stop_event>
<key>wh_cam_settlement_minor_rogue</key>
<one_shot_event></one_shot_event>
<one_shot_max_time>4</one_shot_max_time>
<one_shot_min_time>2</one_shot_min_time>
<one_shot_only_play_if_port>1</one_shot_only_play_if_port>
<one_shot_only_play_if_primary>1</one_shot_only_play_if_primary>
<selected_event>Campaign_Environment_Greenskin_Settlement_Selection</selected_event>
</audio_campaign_buildings>
<audio_campaign_buildings record_uuid="{ccb1ad58-3a94-4184-ae33-e6a095a00323}" record_timestamp="1500562784715" record_key="wh_cam_settlement_minor_skaven">
<ambience_only_play_if_port>1</ambience_only_play_if_port>
<ambience_only_play_if_primary>1</ambience_only_play_if_primary>
<ambience_start_event>Campaign_Environment_Skaven_Settlement_Minor_Play</ambience_start_event>
<ambience_stop_event>Campaign_Environment_Skaven_Settlement_Minor_Stop</ambience_stop_event>
<key>wh_cam_settlement_minor_skaven</key>
<one_shot_event></one_shot_event>
<one_shot_max_time>4</one_shot_max_time>
<one_shot_min_time>2</one_shot_min_time>
<one_shot_only_play_if_port>1</one_shot_only_play_if_port>
<one_shot_only_play_if_primary>1</one_shot_only_play_if_primary>
<selected_event>Campaign_Environment_Skaven_Settlement_Minor_Selection_Play</selected_event>
</audio_campaign_buildings>
<audio_campaign_buildings record_uuid="{35be7561-b161-4408-b98f-d79295266ffa}" record_timestamp="1444917945338" record_key="wh_cam_settlement_minor_vampire">
<ambience_only_play_if_port>1</ambience_only_play_if_port>
<ambience_only_play_if_primary>1</ambience_only_play_if_primary>
<ambience_start_event>Campaign_Environment_Vampire_Settlement_Minor_Play</ambience_start_event>
<ambience_stop_event>Campaign_Environment_Vampire_Settlement_Minor_Stop</ambience_stop_event>
<key>wh_cam_settlement_minor_vampire</key>
<one_shot_event></one_shot_event>
<one_shot_max_time>4</one_shot_max_time>
<one_shot_min_time>2</one_shot_min_time>
<one_shot_only_play_if_port>1</one_shot_only_play_if_port>
<one_shot_only_play_if_primary>1</one_shot_only_play_if_primary>
<selected_event>Campaign_Environment_Vampire_Settlement_Selection</selected_event>
</audio_campaign_buildings>
<audio_campaign_buildings record_uuid="{54f37066-053e-491d-94c9-5fdc74bc40e5}" record_timestamp="1500562784727" record_key="wh_cam_settlement_skaven_port">
<ambience_only_play_if_port>1</ambience_only_play_if_port>
<ambience_only_play_if_primary>1</ambience_only_play_if_primary>
<ambience_start_event>Campaign_Environment_Skaven_Settlement_Port_Play</ambience_start_event>
<ambience_stop_event>Campaign_Environment_Skaven_Settlement_Port_Stop</ambience_stop_event>
<key>wh_cam_settlement_skaven_port</key>
<one_shot_event></one_shot_event>
<one_shot_max_time>4</one_shot_max_time>
<one_shot_min_time>2</one_shot_min_time>
<one_shot_only_play_if_port>1</one_shot_only_play_if_port>
<one_shot_only_play_if_primary>1</one_shot_only_play_if_primary>
<selected_event>Campaign_Environment_Skaven_Settlement_Port_Selection_Play</selected_event>
</audio_campaign_buildings>
<audio_campaign_buildings record_uuid="{31ba111e-1dcc-405e-b47c-8e37578dc487}" record_timestamp="1508335895591" record_key="wh_cam_settlement_tombkings_port">
<ambience_only_play_if_port>1</ambience_only_play_if_port>
<ambience_only_play_if_primary>1</ambience_only_play_if_primary>
<ambience_start_event>Campaign_Environment_Tomb_Kings_Settlement_Port_Play</ambience_start_event>
<ambience_stop_event>Campaign_Environment_Tomb_Kings_Settlement_Port_Stop</ambience_stop_event>
<key>wh_cam_settlement_tombkings_port</key>
<one_shot_event></one_shot_event>
<one_shot_max_time>4</one_shot_max_time>
<one_shot_min_time>2</one_shot_min_time>
<one_shot_only_play_if_port>1</one_shot_only_play_if_port>
<one_shot_only_play_if_primary>1</one_shot_only_play_if_primary>
<selected_event>Campaign_Environment_Tomb_Kings_Settlement_Port_Selection_Play</selected_event>
</audio_campaign_buildings>
<audio_campaign_buildings record_uuid="{1feff452-8307-4fbc-9d8a-cac95ab07b6a}" record_timestamp="1480086553083" record_key="wh_dlc05_wef_oak_of_ages_high_tier">
<ambience_only_play_if_port>0</ambience_only_play_if_port>
<ambience_only_play_if_primary>0</ambience_only_play_if_primary>
<ambience_start_event>Campaign_Environment_Wood_Elves_Oak_Of_Ages_High_Tier_Loop_Start</ambience_start_event>
<ambience_stop_event>Campaign_Environment_Wood_Elves_Oak_Of_Ages_High_Tier_Loop_Stop</ambience_stop_event>
<key>wh_dlc05_wef_oak_of_ages_high_tier</key>
<one_shot_event></one_shot_event>
<one_shot_max_time>4</one_shot_max_time>
<one_shot_min_time>2</one_shot_min_time>
<one_shot_only_play_if_port>1</one_shot_only_play_if_port>
<one_shot_only_play_if_primary>1</one_shot_only_play_if_primary>
<selected_event>Campaign_Environment_Wood_Elves_Oak_Of_Ages_Selection</selected_event>
</audio_campaign_buildings>
<audio_campaign_buildings record_uuid="{6d3a7aae-afb1-4c85-9306-7e432be31402}" record_timestamp="1480086553082" record_key="wh_dlc05_wef_oak_of_ages_low_tier">
<ambience_only_play_if_port>0</ambience_only_play_if_port>
<ambience_only_play_if_primary>0</ambience_only_play_if_primary>
<ambience_start_event>Campaign_Environment_Wood_Elves_Oak_Of_Ages_Low_Tier_Loop_Start</ambience_start_event>
<ambience_stop_event>Campaign_Environment_Wood_Elves_Oak_Of_Ages_Low_Tier_Loop_Stop</ambience_stop_event>
<key>wh_dlc05_wef_oak_of_ages_low_tier</key>
<one_shot_event></one_shot_event>
<one_shot_max_time>4</one_shot_max_time>
<one_shot_min_time>2</one_shot_min_time>
<one_shot_only_play_if_port>1</one_shot_only_play_if_port>
<one_shot_only_play_if_primary>1</one_shot_only_play_if_primary>
<selected_event>Campaign_Environment_Wood_Elves_Oak_Of_Ages_Selection</selected_event>
</audio_campaign_buildings>
<audio_campaign_buildings record_uuid="{21a74e81-c0b1-4d11-a574-fe7448b7b682}" record_timestamp="1480086553083" record_key="wh_dlc05_wef_oak_of_ages_medium_tier">
<ambience_only_play_if_port>0</ambience_only_play_if_port>
<ambience_only_play_if_primary>0</ambience_only_play_if_primary>
<ambience_start_event>Campaign_Environment_Wood_Elves_Oak_Of_Ages_Medium_Tier_Loop_Start</ambience_start_event>
<ambience_stop_event>Campaign_Environment_Wood_Elves_Oak_Of_Ages_Medium_Tier_Loop_Stop</ambience_stop_event>
<key>wh_dlc05_wef_oak_of_ages_medium_tier</key>
<one_shot_event></one_shot_event>
<one_shot_max_time>4</one_shot_max_time>
<one_shot_min_time>2</one_shot_min_time>
<one_shot_only_play_if_port>1</one_shot_only_play_if_port>
<one_shot_only_play_if_primary>1</one_shot_only_play_if_primary>
<selected_event>Campaign_Environment_Wood_Elves_Oak_Of_Ages_Selection</selected_event>
</audio_campaign_buildings>
<audio_campaign_buildings record_uuid="{ad536bc6-1839-4810-be73-d23f76d01977}" record_timestamp="1488447165882" record_key="wh_dlc05_wef_oak_of_ages_ruin">
<ambience_only_play_if_port>1</ambience_only_play_if_port>
<ambience_only_play_if_primary>1</ambience_only_play_if_primary>
<ambience_start_event>Campaign_Environment_Wood_Elves_Oak_Of_Ages_Ruined_Loop_Start</ambience_start_event>
<ambience_stop_event>Campaign_Environment_Wood_Elves_Oak_Of_Ages_Ruined_Loop_Stop</ambience_stop_event>
<key>wh_dlc05_wef_oak_of_ages_ruin</key>
<one_shot_event></one_shot_event>
<one_shot_max_time>4</one_shot_max_time>
<one_shot_min_time>2</one_shot_min_time>
<one_shot_only_play_if_port>1</one_shot_only_play_if_port>
<one_shot_only_play_if_primary>1</one_shot_only_play_if_primary>
<selected_event>Campaign_Environment_Wood_Elves_Oak_Of_Ages_Ruined_Selection</selected_event>
</audio_campaign_buildings>
<audio_campaign_buildings record_uuid="{a491018c-32e8-4459-bb15-b3c7242ac826}" record_timestamp="1444917945505" record_key="wh_dlc_cam_settlement_capital_wood_elves">
<ambience_only_play_if_port>1</ambience_only_play_if_port>
<ambience_only_play_if_primary>1</ambience_only_play_if_primary>
<ambience_start_event>Campaign_Environment_Wood_Elves_Settlement_Capital_Play</ambience_start_event>
<ambience_stop_event>Campaign_Environment_Wood_Elves_Settlement_Capital_Stop</ambience_stop_event>
<key>wh_dlc_cam_settlement_capital_wood_elves</key>
<one_shot_event></one_shot_event>
<one_shot_max_time>4</one_shot_max_time>
<one_shot_min_time>2</one_shot_min_time>
<one_shot_only_play_if_port>1</one_shot_only_play_if_port>
<one_shot_only_play_if_primary>1</one_shot_only_play_if_primary>
<selected_event>Campaign_Environment_Wood_Elves_Settlement_Selection</selected_event>
</audio_campaign_buildings>
<audio_campaign_buildings record_uuid="{2e5306a4-74d1-418a-8758-d91c0fad6e81}" record_timestamp="1444917945590" record_key="wh_dlc_cam_settlement_major_wood_elves">
<ambience_only_play_if_port>1</ambience_only_play_if_port>
<ambience_only_play_if_primary>1</ambience_only_play_if_primary>
<ambience_start_event>Campaign_Environment_Wood_Elves_Settlement_Major_Play</ambience_start_event>
<ambience_stop_event>Campaign_Environment_Wood_Elves_Settlement_Major_Stop</ambience_stop_event>
<key>wh_dlc_cam_settlement_major_wood_elves</key>
<one_shot_event></one_shot_event>
<one_shot_max_time>4</one_shot_max_time>
<one_shot_min_time>2</one_shot_min_time>
<one_shot_only_play_if_port>1</one_shot_only_play_if_port>
<one_shot_only_play_if_primary>1</one_shot_only_play_if_primary>
<selected_event>Campaign_Environment_Wood_Elves_Settlement_Selection</selected_event>
</audio_campaign_buildings>
<audio_campaign_buildings record_uuid="{dfa546d1-ddb7-4679-9ac2-ce9f7eff6e2b}" record_timestamp="1444917945674" record_key="wh_dlc_cam_settlement_minor_wood_elves">
<ambience_only_play_if_port>1</ambience_only_play_if_port>
<ambience_only_play_if_primary>1</ambience_only_play_if_primary>
<ambience_start_event>Campaign_Environment_Wood_Elves_Settlement_Minor_Play</ambience_start_event>
<ambience_stop_event>Campaign_Environment_Wood_Elves_Settlement_Minor_Stop</ambience_stop_event>
<key>wh_dlc_cam_settlement_minor_wood_elves</key>
<one_shot_event></one_shot_event>
<one_shot_max_time>4</one_shot_max_time>
<one_shot_min_time>2</one_shot_min_time>
<one_shot_only_play_if_port>1</one_shot_only_play_if_port>
<one_shot_only_play_if_primary>1</one_shot_only_play_if_primary>
<selected_event>Campaign_Environment_Wood_Elves_Settlement_Selection</selected_event>
</audio_campaign_buildings>
</dataroot>
