<?xml version="1.0" encoding="UTF-8"?>
<dataroot xmlns:od="urn:schemas-microsoft-com:officedata" xmlns:xsi="http://www.w3.org/2001/XMLSchema-instance" xsi:noNamespaceSchemaLocation="audio_melee_hit_types.xsd" export_time="Wed Nov 29 12:55:51 2017" revision="18" export_branch="T:/branches/warhammer2/new_tomb/warhammer/binaries.x64" export_user="bob">
<edit_uuid>c91d9b6a-0ff0-486a-9d59-e6dd4643637c</edit_uuid>
<audio_melee_hit_types record_uuid="{7b252aca-855a-4a32-aa9b-03aeac0ad6ab}" record_timestamp="1442499711394" record_key="melee_weapon_axe">
<cannot_hit_shields>0</cannot_hit_shields>
<cannot_hit_weapons>0</cannot_hit_weapons>
<key>melee_weapon_axe</key>
<switch>melee_weapon_axe</switch>
</audio_melee_hit_types>
<audio_melee_hit_types record_uuid="{b29709de-4ca8-4899-a491-ff3837f37751}" record_timestamp="1478781827363" record_key="melee_weapon_axe_huge">
<cannot_hit_shields>1</cannot_hit_shields>
<cannot_hit_weapons>1</cannot_hit_weapons>
<key>melee_weapon_axe_huge</key>
<switch>melee_weapon_axe_huge</switch>
</audio_melee_hit_types>
<audio_melee_hit_types record_uuid="{bf0a2ae6-c5f1-425c-9867-5972a7d9136d}" record_timestamp="1478781827361" record_key="melee_weapon_axe_medium">
<cannot_hit_shields>0</cannot_hit_shields>
<cannot_hit_weapons>1</cannot_hit_weapons>
<key>melee_weapon_axe_medium</key>
<switch>melee_weapon_axe_medium</switch>
</audio_melee_hit_types>
<audio_melee_hit_types record_uuid="{b4ca0ad5-59a2-4160-8dc7-52ed249a0ec0}" record_timestamp="1502821325440" record_key="melee_weapon_bonebreaker_drill">
<cannot_hit_shields>0</cannot_hit_shields>
<cannot_hit_weapons>1</cannot_hit_weapons>
<key>melee_weapon_bonebreaker_drill</key>
<switch>melee_weapon_bonebreaker_drill</switch>
</audio_melee_hit_types>
<audio_melee_hit_types record_uuid="{eb602877-4a42-4f3d-8793-b2eedf8c9b86}" record_timestamp="1442499711400" record_key="melee_weapon_claw">
<cannot_hit_shields>0</cannot_hit_shields>
<cannot_hit_weapons>0</cannot_hit_weapons>
<key>melee_weapon_claw</key>
<switch>melee_weapon_claw</switch>
</audio_melee_hit_types>
<audio_melee_hit_types record_uuid="{d859fd0d-cac1-4f9f-973f-e1143abff47b}" record_timestamp="1442499711394" record_key="melee_weapon_club">
<cannot_hit_shields>0</cannot_hit_shields>
<cannot_hit_weapons>0</cannot_hit_weapons>
<key>melee_weapon_club</key>
<switch>melee_weapon_club</switch>
</audio_melee_hit_types>
<audio_melee_hit_types record_uuid="{9cfbc698-8461-42e1-8d2b-43affcef2064}" record_timestamp="1478781827296" record_key="melee_weapon_club_huge">
<cannot_hit_shields>1</cannot_hit_shields>
<cannot_hit_weapons>1</cannot_hit_weapons>
<key>melee_weapon_club_huge</key>
<switch>melee_weapon_club_huge</switch>
</audio_melee_hit_types>
<audio_melee_hit_types record_uuid="{243e9867-6a82-48b3-b18e-3e7755df771b}" record_timestamp="1478781827339" record_key="melee_weapon_club_medium">
<cannot_hit_shields>0</cannot_hit_shields>
<cannot_hit_weapons>1</cannot_hit_weapons>
<key>melee_weapon_club_medium</key>
<switch>melee_weapon_club_medium</switch>
</audio_melee_hit_types>
<audio_melee_hit_types record_uuid="{6a39f2e5-0719-4e17-8294-9326546596d2}" record_timestamp="1442499711394" record_key="melee_weapon_dagger">
<cannot_hit_shields>0</cannot_hit_shields>
<cannot_hit_weapons>0</cannot_hit_weapons>
<key>melee_weapon_dagger</key>
<switch>melee_weapon_dagger</switch>
</audio_melee_hit_types>
<audio_melee_hit_types record_uuid="{1edce8d8-f515-4a53-a976-0b7a52a8aa52}" record_timestamp="1442499711394" record_key="melee_weapon_drakegun">
<cannot_hit_shields>0</cannot_hit_shields>
<cannot_hit_weapons>0</cannot_hit_weapons>
<key>melee_weapon_drakegun</key>
<switch>melee_weapon_drakegun</switch>
</audio_melee_hit_types>
<audio_melee_hit_types record_uuid="{93511099-3817-4159-a21e-16d628b56423}" record_timestamp="1494259442472" record_key="melee_weapon_flail">
<cannot_hit_shields>0</cannot_hit_shields>
<cannot_hit_weapons>0</cannot_hit_weapons>
<key>melee_weapon_flail</key>
<switch>melee_weapon_flail</switch>
</audio_melee_hit_types>
<audio_melee_hit_types record_uuid="{d636d69d-1d88-47b3-8673-9ce57d131eee}" record_timestamp="1442499711398" record_key="melee_weapon_halberd">
<cannot_hit_shields>0</cannot_hit_shields>
<cannot_hit_weapons>0</cannot_hit_weapons>
<key>melee_weapon_halberd</key>
<switch>melee_weapon_halberd</switch>
</audio_melee_hit_types>
<audio_melee_hit_types record_uuid="{cf37be0a-ebdf-465e-9669-bfd2bd474f4f}" record_timestamp="1511960151272" record_key="melee_weapon_halberd_medium">
<cannot_hit_shields>0</cannot_hit_shields>
<cannot_hit_weapons>1</cannot_hit_weapons>
<key>melee_weapon_halberd_medium</key>
<switch state="NOT_APPROVED" last_approved_text="" last_edit_user="bob">melee_weapon_halberd_medium</switch>
</audio_melee_hit_types>
<audio_melee_hit_types record_uuid="{8471bb31-97cf-4ae9-8d57-a4ad8a252344}" record_timestamp="1442499711396" record_key="melee_weapon_hammer">
<cannot_hit_shields>0</cannot_hit_shields>
<cannot_hit_weapons>0</cannot_hit_weapons>
<key>melee_weapon_hammer</key>
<switch>melee_weapon_hammer</switch>
</audio_melee_hit_types>
<audio_melee_hit_types record_uuid="{9cdcb5c2-8b75-4d0d-a79a-ffcb1c3d3383}" record_timestamp="1501000558433" record_key="melee_weapon_lance">
<cannot_hit_shields>0</cannot_hit_shields>
<cannot_hit_weapons>0</cannot_hit_weapons>
<key>melee_weapon_lance</key>
<switch>melee_weapon_lance</switch>
</audio_melee_hit_types>
<audio_melee_hit_types record_uuid="{cfe128df-5334-4272-a4f9-2f595ffc97eb}" record_timestamp="1502821325439" record_key="melee_weapon_medium_metal_fist">
<cannot_hit_shields>0</cannot_hit_shields>
<cannot_hit_weapons>1</cannot_hit_weapons>
<key>melee_weapon_medium_metal_fist</key>
<switch>melee_weapon_medium_metal_fist</switch>
</audio_melee_hit_types>
<audio_melee_hit_types record_uuid="{51361565-72b1-476c-8f4e-ad19984ba1ae}" record_timestamp="1502821325439" record_key="melee_weapon_rat_ogre_drill">
<cannot_hit_shields>0</cannot_hit_shields>
<cannot_hit_weapons>1</cannot_hit_weapons>
<key>melee_weapon_rat_ogre_drill</key>
<switch>melee_weapon_rat_ogre_drill</switch>
</audio_melee_hit_types>
<audio_melee_hit_types record_uuid="{a0f113e1-0187-4c50-8a45-83e417a774cd}" record_timestamp="1442499711402" record_key="melee_weapon_spear">
<cannot_hit_shields>0</cannot_hit_shields>
<cannot_hit_weapons>0</cannot_hit_weapons>
<key>melee_weapon_spear</key>
<switch>melee_weapon_spear</switch>
</audio_melee_hit_types>
<audio_melee_hit_types record_uuid="{9cf6f7bf-86d4-4e80-8e06-ae6c9e282e42}" record_timestamp="1478781827352" record_key="melee_weapon_spear_huge">
<cannot_hit_shields>1</cannot_hit_shields>
<cannot_hit_weapons>1</cannot_hit_weapons>
<key>melee_weapon_spear_huge</key>
<switch>melee_weapon_spear_huge</switch>
</audio_melee_hit_types>
<audio_melee_hit_types record_uuid="{74688748-4f39-45fc-91b2-7b7acdf844cb}" record_timestamp="1478781827352" record_key="melee_weapon_spear_medium">
<cannot_hit_shields>0</cannot_hit_shields>
<cannot_hit_weapons>1</cannot_hit_weapons>
<key>melee_weapon_spear_medium</key>
<switch>melee_weapon_spear_medium</switch>
</audio_melee_hit_types>
<audio_melee_hit_types record_uuid="{4d87ecb5-b446-4116-b426-42ce7834f096}" record_timestamp="1442499711395" record_key="melee_weapon_staff">
<cannot_hit_shields>0</cannot_hit_shields>
<cannot_hit_weapons>0</cannot_hit_weapons>
<key>melee_weapon_staff</key>
<switch>melee_weapon_staff</switch>
</audio_melee_hit_types>
<audio_melee_hit_types record_uuid="{561e666e-6757-47e3-a23a-ffefc86082f0}" record_timestamp="1442499711397" record_key="melee_weapon_sword">
<cannot_hit_shields>0</cannot_hit_shields>
<cannot_hit_weapons>0</cannot_hit_weapons>
<key>melee_weapon_sword</key>
<switch>melee_weapon_sword</switch>
</audio_melee_hit_types>
<audio_melee_hit_types record_uuid="{dd7a2ca7-2ce0-461e-90eb-50e4deaeff9d}" record_timestamp="1502821325439" record_key="melee_weapon_sword_claws">
<cannot_hit_shields>0</cannot_hit_shields>
<cannot_hit_weapons>1</cannot_hit_weapons>
<key>melee_weapon_sword_claws</key>
<switch>melee_weapon_sword_claws</switch>
</audio_melee_hit_types>
<audio_melee_hit_types record_uuid="{d82126e3-dc5c-406c-ab45-a980b2689779}" record_timestamp="1478781827351" record_key="melee_weapon_sword_huge">
<cannot_hit_shields>1</cannot_hit_shields>
<cannot_hit_weapons>1</cannot_hit_weapons>
<key>melee_weapon_sword_huge</key>
<switch>melee_weapon_sword_huge</switch>
</audio_melee_hit_types>
<audio_melee_hit_types record_uuid="{b48f9a67-2607-4948-b3f1-ff3e1a66178a}" record_timestamp="1478781827350" record_key="melee_weapon_sword_medium">
<cannot_hit_shields>1</cannot_hit_shields>
<cannot_hit_weapons>1</cannot_hit_weapons>
<key>melee_weapon_sword_medium</key>
<switch>melee_weapon_sword_medium</switch>
</audio_melee_hit_types>
<audio_melee_hit_types record_uuid="{9ff5eaca-6748-4462-a368-04019d40e2f8}" record_timestamp="1442499711397" record_key="melee_weapon_unarmed">
<cannot_hit_shields>0</cannot_hit_shields>
<cannot_hit_weapons>0</cannot_hit_weapons>
<key>melee_weapon_unarmed</key>
<switch>melee_weapon_unarmed</switch>
</audio_melee_hit_types>
<audio_melee_hit_types record_uuid="{2c447d0c-a225-4f1b-af5e-d665aef5d597}" record_timestamp="1497368119229" record_key="melee_weapon_warpfiregun">
<cannot_hit_shields>0</cannot_hit_shields>
<cannot_hit_weapons>0</cannot_hit_weapons>
<key>melee_weapon_warpfiregun</key>
<switch>melee_weapon_drakegun</switch>
</audio_melee_hit_types>
<audio_melee_hit_types record_uuid="{13c4036d-a148-407d-b05a-3bc08d1621e4}" record_timestamp="1442499711396" record_key="shield_metal">
<cannot_hit_shields>0</cannot_hit_shields>
<cannot_hit_weapons>0</cannot_hit_weapons>
<key>shield_metal</key>
<switch>shield_metal</switch>
</audio_melee_hit_types>
<audio_melee_hit_types record_uuid="{001f4d7d-568e-44ef-9487-1ef1558a1d0a}" record_timestamp="1442499711395" record_key="shield_wood">
<cannot_hit_shields>0</cannot_hit_shields>
<cannot_hit_weapons>0</cannot_hit_weapons>
<key>shield_wood</key>
<switch>shield_wood</switch>
</audio_melee_hit_types>
<audio_melee_hit_types record_uuid="{718e5eca-4a1e-4a86-93f2-5e909b1843ff}" record_timestamp="1474903562760" record_key="unique_action_body_impact">
<cannot_hit_shields>1</cannot_hit_shields>
<cannot_hit_weapons>1</cannot_hit_weapons>
<key>unique_action_body_impact</key>
<switch>unique_action_body_impact</switch>
</audio_melee_hit_types>
<audio_melee_hit_types record_uuid="{8a46cd6c-77e8-44de-a42d-182ab5298c94}" record_timestamp="1502209095167" record_key="unique_action_bonebreaker_drill">
<cannot_hit_shields>0</cannot_hit_shields>
<cannot_hit_weapons>1</cannot_hit_weapons>
<key>unique_action_bonebreaker_drill</key>
<switch>unique_action_large_bite</switch>
</audio_melee_hit_types>
<audio_melee_hit_types record_uuid="{e04ce5a0-c545-4d2d-b900-84ae5b7792df}" record_timestamp="1442499711393" record_key="unique_action_claw">
<cannot_hit_shields>0</cannot_hit_shields>
<cannot_hit_weapons>1</cannot_hit_weapons>
<key>unique_action_claw</key>
<switch>unique_action_claw</switch>
</audio_melee_hit_types>
<audio_melee_hit_types record_uuid="{bf99f0db-d4ff-4625-a091-613337c33b31}" record_timestamp="1442506619924" record_key="unique_action_dragon_impact">
<cannot_hit_shields>0</cannot_hit_shields>
<cannot_hit_weapons>1</cannot_hit_weapons>
<key>unique_action_dragon_impact</key>
<switch>unique_action_dragon_impact</switch>
</audio_melee_hit_types>
<audio_melee_hit_types record_uuid="{d01ebe55-6a4b-4222-ae15-254251984526}" record_timestamp="1442499711402" record_key="unique_action_headbutt">
<cannot_hit_shields>0</cannot_hit_shields>
<cannot_hit_weapons>1</cannot_hit_weapons>
<key>unique_action_headbutt</key>
<switch>unique_action_headbutt</switch>
</audio_melee_hit_types>
<audio_melee_hit_types record_uuid="{61ae9274-efa5-4590-b499-ac743ec9287b}" record_timestamp="1508434158549" record_key="unique_action_hierotitan_scales">
<cannot_hit_shields>0</cannot_hit_shields>
<cannot_hit_weapons>1</cannot_hit_weapons>
<key>unique_action_hierotitan_scales</key>
<switch>unique_action_large_bite</switch>
</audio_melee_hit_types>
<audio_melee_hit_types record_uuid="{bf20ba6f-9b23-401a-9800-4ee6b79a29f1}" record_timestamp="1508860902879" record_key="unique_action_hierotitan_staff">
<cannot_hit_shields>0</cannot_hit_shields>
<cannot_hit_weapons>1</cannot_hit_weapons>
<key>unique_action_hierotitan_staff</key>
<switch>unique_action_large_bite</switch>
</audio_melee_hit_types>
<audio_melee_hit_types record_uuid="{6e1dc634-5d6e-4fe3-a328-7869f055f45e}" record_timestamp="1442499711393" record_key="unique_action_kick">
<cannot_hit_shields>0</cannot_hit_shields>
<cannot_hit_weapons>1</cannot_hit_weapons>
<key>unique_action_kick</key>
<switch>unique_action_kick</switch>
</audio_melee_hit_types>
<audio_melee_hit_types record_uuid="{4fe92707-dc11-43a0-b1e8-6efb42f037be}" record_timestamp="1487349881266" record_key="unique_action_large_bite">
<cannot_hit_shields>0</cannot_hit_shields>
<cannot_hit_weapons>1</cannot_hit_weapons>
<key>unique_action_large_bite</key>
<switch>unique_action_large_bite</switch>
</audio_melee_hit_types>
<audio_melee_hit_types record_uuid="{e6ab5e0d-29d4-49a4-9c89-1bcd037453a3}" record_timestamp="1499870421739" record_key="unique_action_medium_bite">
<cannot_hit_shields>0</cannot_hit_shields>
<cannot_hit_weapons>1</cannot_hit_weapons>
<key>unique_action_medium_bite</key>
<switch>unique_action_medium_bite</switch>
</audio_melee_hit_types>
<audio_melee_hit_types record_uuid="{55a1e838-96f5-4ba9-9ee0-28e57e7ef5e6}" record_timestamp="1510754507530" record_key="unique_action_necro_serpent_tail">
<cannot_hit_shields>0</cannot_hit_shields>
<cannot_hit_weapons>1</cannot_hit_weapons>
<key>unique_action_necro_serpent_tail</key>
<switch>unique_action_large_bite</switch>
</audio_melee_hit_types>
<audio_melee_hit_types record_uuid="{9a524c89-1ef9-4101-bd8c-f6a7389a7e65}" record_timestamp="1442499711395" record_key="unique_action_punch">
<cannot_hit_shields>0</cannot_hit_shields>
<cannot_hit_weapons>1</cannot_hit_weapons>
<key>unique_action_punch</key>
<switch>unique_action_punch</switch>
</audio_melee_hit_types>
<audio_melee_hit_types record_uuid="{e2186a3a-babf-432d-9240-1377cda05307}" record_timestamp="1509127976286" record_key="unique_action_tomb_scorpion_Tail">
<cannot_hit_shields>0</cannot_hit_shields>
<cannot_hit_weapons>1</cannot_hit_weapons>
<key>unique_action_tomb_scorpion_Tail</key>
<switch>unique_action_large_bite</switch>
</audio_melee_hit_types>
<audio_melee_hit_types record_uuid="{9801ce85-d23d-46ad-80eb-a24e11858468}" record_timestamp="1509127976276" record_key="unique_action_tomb_scorpion_claw">
<cannot_hit_shields>0</cannot_hit_shields>
<cannot_hit_weapons>1</cannot_hit_weapons>
<key>unique_action_tomb_scorpion_claw</key>
<switch>unique_action_large_bite</switch>
</audio_melee_hit_types>
</dataroot>
