<?xml version="1.0" encoding="UTF-8"?>
<dataroot xmlns:od="urn:schemas-microsoft-com:officedata" xmlns:xsi="http://www.w3.org/2001/XMLSchema-instance" xsi:noNamespaceSchemaLocation="audio_vo_battle_special_ability_states.xsd" export_time="Wed Nov 22 14:55:11 2017" revision="12" export_branch="C:/Users/Naomi.Jenkin/AppData/Roaming/TWDaemon/700/dave" export_user="bob">
<edit_uuid>f55108b0-0af3-4d38-9187-3b607db6413c</edit_uuid>
<audio_vo_battle_special_ability_states record_uuid="{2d0317c6-c382-407c-b484-2f83c4399c02}" record_timestamp="1505903869463" record_key="vo_battle_special_ability_black_ark">
<key>vo_battle_special_ability_black_ark</key>
</audio_vo_battle_special_ability_states>
<audio_vo_battle_special_ability_states record_uuid="{2f34be04-7ed5-444a-8cb5-3d598fc42b2a}" record_timestamp="1439292845200" record_key="vo_battle_special_ability_generic_response">
<key>vo_battle_special_ability_generic_response</key>
</audio_vo_battle_special_ability_states>
<audio_vo_battle_special_ability_states record_uuid="{c940931c-3bc6-4ff1-bc59-024089ee563e}" record_timestamp="1447411046350" record_key="vo_battle_special_ability_raise_dead">
<key>vo_battle_special_ability_raise_dead</key>
</audio_vo_battle_special_ability_states>
<audio_vo_battle_special_ability_states record_uuid="{e3a92437-556c-473c-94f3-16fde3b68a41}" record_timestamp="1459938085576" record_key="vo_battle_special_ability_spell_cast_brain_bursta">
<key>vo_battle_special_ability_spell_cast_brain_bursta</key>
</audio_vo_battle_special_ability_states>
<audio_vo_battle_special_ability_states record_uuid="{b6310ceb-bcce-424c-baeb-10f9f476e81f}" record_timestamp="1459938085578" record_key="vo_battle_special_ability_spell_cast_curse_of_da_bad_moon">
<key>vo_battle_special_ability_spell_cast_curse_of_da_bad_moon</key>
</audio_vo_battle_special_ability_states>
<audio_vo_battle_special_ability_states record_uuid="{364a468b-d917-4d9d-aafa-e3e1a7b51256}" record_timestamp="1459938085580" record_key="vo_battle_special_ability_spell_cast_ere_we_go">
<key>vo_battle_special_ability_spell_cast_ere_we_go</key>
</audio_vo_battle_special_ability_states>
<audio_vo_battle_special_ability_states record_uuid="{4e15fe32-de86-4054-b374-bd32b4e81651}" record_timestamp="1459938085574" record_key="vo_battle_special_ability_spell_cast_fireball">
<key>vo_battle_special_ability_spell_cast_fireball</key>
</audio_vo_battle_special_ability_states>
<audio_vo_battle_special_ability_states record_uuid="{1e9e6496-a919-4180-8a18-e5e8b95f5dca}" record_timestamp="1459938085582" record_key="vo_battle_special_ability_spell_cast_foot_of_gork">
<key>vo_battle_special_ability_spell_cast_foot_of_gork</key>
</audio_vo_battle_special_ability_states>
<audio_vo_battle_special_ability_states record_uuid="{c09a4c38-0f1b-423c-a5e7-20273a86817d}" record_timestamp="1459938085580" record_key="vo_battle_special_ability_spell_cast_gaze_of_mork">
<key>vo_battle_special_ability_spell_cast_gaze_of_mork</key>
</audio_vo_battle_special_ability_states>
<audio_vo_battle_special_ability_states record_uuid="{551aa006-55a2-4aa1-941c-0cf27eff0881}" record_timestamp="1459938085574" record_key="vo_battle_special_ability_spell_cast_headbutt">
<key>vo_battle_special_ability_spell_cast_headbutt</key>
</audio_vo_battle_special_ability_states>
<audio_vo_battle_special_ability_states record_uuid="{6d336630-9fb9-4a30-80d4-a21a25c60e1c}" record_timestamp="1447407575795" record_key="vo_battle_special_ability_spell_cast_negative">
<key>vo_battle_special_ability_spell_cast_negative</key>
</audio_vo_battle_special_ability_states>
<audio_vo_battle_special_ability_states record_uuid="{01ec1c85-b184-48e3-999d-075e15d7f1aa}" record_timestamp="1459938085581" record_key="vo_battle_special_ability_spell_cast_night_shroud">
<key>vo_battle_special_ability_spell_cast_night_shroud</key>
</audio_vo_battle_special_ability_states>
<audio_vo_battle_special_ability_states record_uuid="{8147436d-f0eb-45f0-8d63-e80bbab4d8ce}" record_timestamp="1459938085572" record_key="vo_battle_special_ability_spell_cast_piercing_bolts_of_burning">
<key>vo_battle_special_ability_spell_cast_piercing_bolts_of_burning</key>
</audio_vo_battle_special_ability_states>
<audio_vo_battle_special_ability_states record_uuid="{9337cd6d-db72-4ff8-b83f-830ce4f0d475}" record_timestamp="1447407575787" record_key="vo_battle_special_ability_spell_cast_positive">
<key>vo_battle_special_ability_spell_cast_positive</key>
</audio_vo_battle_special_ability_states>
<audio_vo_battle_special_ability_states record_uuid="{34f39a66-dbe3-4717-aecd-4feb61f63b7b}" record_timestamp="1459938085579" record_key="vo_battle_special_ability_spell_cast_sneaky_stabbin">
<key>vo_battle_special_ability_spell_cast_sneaky_stabbin</key>
</audio_vo_battle_special_ability_states>
<audio_vo_battle_special_ability_states record_uuid="{77b7f865-add2-47c1-bbfe-68e6102d5d68}" record_timestamp="1511362510186" record_key="vo_battle_special_ability_spell_cast_tmb_augment">
<key>vo_battle_special_ability_spell_cast_tmb_augment</key>
</audio_vo_battle_special_ability_states>
<audio_vo_battle_special_ability_states record_uuid="{ad509d28-835a-428b-8231-8b9e9d7ba70a}" record_timestamp="1511362510185" record_key="vo_battle_special_ability_spell_cast_tmb_damage">
<key>vo_battle_special_ability_spell_cast_tmb_damage</key>
</audio_vo_battle_special_ability_states>
<audio_vo_battle_special_ability_states record_uuid="{f19f77b9-110d-47cd-9623-099ebd410013}" record_timestamp="1511362510186" record_key="vo_battle_special_ability_spell_cast_tmb_hex">
<key>vo_battle_special_ability_spell_cast_tmb_hex</key>
</audio_vo_battle_special_ability_states>
<audio_vo_battle_special_ability_states record_uuid="{bb114082-fd31-4da9-b959-d2fb0e883061}" record_timestamp="1511362510186" record_key="vo_battle_special_ability_spell_cast_tmb_vortex">
<key>vo_battle_special_ability_spell_cast_tmb_vortex</key>
</audio_vo_battle_special_ability_states>
<audio_vo_battle_special_ability_states record_uuid="{43601423-c000-4aed-be0d-6c910d7313a7}" record_timestamp="1474903550472" record_key="vo_battle_special_ability_spell_cast_wef_beast">
<key>vo_battle_special_ability_spell_cast_wef_beast</key>
</audio_vo_battle_special_ability_states>
<audio_vo_battle_special_ability_states record_uuid="{96f88d1c-5b8e-4500-99b9-b4f16d73a5cd}" record_timestamp="1474903550472" record_key="vo_battle_special_ability_spell_cast_wef_generic">
<key>vo_battle_special_ability_spell_cast_wef_generic</key>
</audio_vo_battle_special_ability_states>
<audio_vo_battle_special_ability_states record_uuid="{c4aa1618-09d0-491b-8915-260163f4d500}" record_timestamp="1474903550471" record_key="vo_battle_special_ability_spell_cast_wef_life">
<key>vo_battle_special_ability_spell_cast_wef_life</key>
</audio_vo_battle_special_ability_states>
<audio_vo_battle_special_ability_states record_uuid="{ae003deb-42e5-493b-b6aa-ccbda32150b6}" record_timestamp="1478765858917" record_key="vo_battle_special_ability_spell_cast_wef_shadow">
<key>vo_battle_special_ability_spell_cast_wef_shadow</key>
</audio_vo_battle_special_ability_states>
<audio_vo_battle_special_ability_states record_uuid="{d421b206-afe1-46c4-aa3b-dc0c3cc6a0e8}" record_timestamp="1439292845099" record_key="vo_battle_special_ability_wwaaagh">
<key>vo_battle_special_ability_wwaaagh</key>
</audio_vo_battle_special_ability_states>
</dataroot>
