<?xml version="1.0" encoding="UTF-8"?>
<dataroot xmlns:od="urn:schemas-microsoft-com:officedata" xmlns:xsi="http://www.w3.org/2001/XMLSchema-instance" xsi:noNamespaceSchemaLocation="audio_rtpc_assignments.xsd" export_time="Tue Aug 1 12:33:55 2017" revision="15" export_branch="C:/Users/Andy.Smith/AppData/Roaming/TWDaemon/519/dave" export_user="bob">
<edit_uuid>959e08ff-ce23-42c0-b5cf-df96a19868a7</edit_uuid>
<audio_rtpc_assignments record_uuid="{925b359c-23ae-49f3-bbe0-f92a08e21a26}" record_timestamp="1428590532242" record_key="Entity_Acceleration_Moving">
<name>Entity_Acceleration_Moving</name>
</audio_rtpc_assignments>
<audio_rtpc_assignments record_uuid="{5f777b2a-4c09-484e-a3d3-25bf54171ba0}" record_timestamp="1454672066201" record_key="Entity_Animation_Speed">
<name>Entity_Animation_Speed</name>
</audio_rtpc_assignments>
<audio_rtpc_assignments record_uuid="{e36a4f83-5b4e-4ac3-9267-2f33daeae8c0}" record_timestamp="1443449267715" record_key="Entity_Cohesion">
<name>Entity_Cohesion</name>
</audio_rtpc_assignments>
<audio_rtpc_assignments record_uuid="{b9b5fd9c-f4e2-4592-b0d2-b65861926c72}" record_timestamp="1443449267714" record_key="Entity_Cohesion_With_Formation">
<name>Entity_Cohesion_With_Formation</name>
</audio_rtpc_assignments>
<audio_rtpc_assignments record_uuid="{40ae647d-5720-43eb-9921-98c309bd917b}" record_timestamp="1496657415493" record_key="Entity_HP_Current">
<name>Entity_HP_Current</name>
</audio_rtpc_assignments>
<audio_rtpc_assignments record_uuid="{3599056d-0cba-434a-ad66-70f4f9865781}" record_timestamp="1496657415488" record_key="Entity_HP_Max">
<name>Entity_HP_Max</name>
</audio_rtpc_assignments>
<audio_rtpc_assignments record_uuid="{459a0377-ddba-4b33-977e-c28bb001e954}" record_timestamp="1496657415497" record_key="Entity_HP_Percent">
<name>Entity_HP_Percent</name>
</audio_rtpc_assignments>
<audio_rtpc_assignments record_uuid="{f4c91227-b193-492e-b3dd-9525ca821b3e}" record_timestamp="1494932085629" record_key="Entity_Morale_Level">
<name>Entity_Morale_Level</name>
</audio_rtpc_assignments>
<audio_rtpc_assignments record_uuid="{3d37c843-078b-45c1-93e8-9d709e25f693}" record_timestamp="1428501635385" record_key="Entity_Speed_Moving">
<name>Entity_Speed_Moving</name>
</audio_rtpc_assignments>
<audio_rtpc_assignments record_uuid="{16f2363d-4b58-41e1-8290-97419aa7a292}" record_timestamp="1428501635389" record_key="Entity_Speed_Rotating">
<name>Entity_Speed_Rotating</name>
</audio_rtpc_assignments>
<audio_rtpc_assignments record_uuid="{68dfd341-09b1-4caa-a836-4dbc60fb1158}" record_timestamp="1428501635381" record_key="Entity_Speed_Total">
<name>Entity_Speed_Total</name>
</audio_rtpc_assignments>
<audio_rtpc_assignments record_uuid="{58c68792-a7e5-4c88-b412-b9cf250f7ba0}" record_timestamp="1434454645361" record_key="Entity_Steps_Per_Second">
<name>Entity_Steps_Per_Second</name>
</audio_rtpc_assignments>
<audio_rtpc_assignments record_uuid="{0fb07048-5766-4cc6-af93-d32bb978dde8}" record_timestamp="1501587235903" record_key="Entity_Unit_Size">
<name>Entity_Unit_Size</name>
</audio_rtpc_assignments>
<audio_rtpc_assignments record_uuid="{c4ff8447-f9de-4a1c-a40f-751612968547}" record_timestamp="1430300461340" record_key="Projectile_Distance_Travelled">
<name>Projectile_Distance_Travelled</name>
</audio_rtpc_assignments>
<audio_rtpc_assignments record_uuid="{7eff416d-4903-4cb9-9539-ad24cf4bc02f}" record_timestamp="1430300461340" record_key="Projectile_Height">
<name>Projectile_Height</name>
</audio_rtpc_assignments>
<audio_rtpc_assignments record_uuid="{da27df42-fc69-4984-8548-7a3a0567caf3}" record_timestamp="1430300461340" record_key="Projectile_Speed">
<name>Projectile_Speed</name>
</audio_rtpc_assignments>
<audio_rtpc_assignments record_uuid="{488185e2-75ac-4306-9699-7f4caf921abb}" record_timestamp="1430300461340" record_key="Projectile_Time_Till_Impact">
<name>Projectile_Time_Till_Impact</name>
</audio_rtpc_assignments>
</dataroot>
