<?xml version="1.0" encoding="UTF-8"?>
<dataroot xmlns:od="urn:schemas-microsoft-com:officedata" xmlns:xsi="http://www.w3.org/2001/XMLSchema-instance" xsi:noNamespaceSchemaLocation="audio_sphere_of_influence_groups.xsd" export_time="Tue Mar 21 10:00:58 2017" revision="2" export_branch="T:/branches/warhammer2/dev/warhammer/binaries.x64" export_user="bob">
<edit_uuid>b2d59e3b-2804-4f5b-b34f-d6f2e4a69a48</edit_uuid>
<audio_sphere_of_influence_groups record_uuid="{b52ba0a8-295d-423c-a517-363bc103fdec}" record_timestamp="1476974982399" record_key="combat">
<key>combat</key>
</audio_sphere_of_influence_groups>
<audio_sphere_of_influence_groups record_uuid="{6ddd82ec-3c35-4f94-9f0a-8b4e2c67f52e}" record_timestamp="1476974982392" record_key="explosion">
<key>explosion</key>
</audio_sphere_of_influence_groups>
<audio_sphere_of_influence_groups record_uuid="{663709ba-6a44-4326-9edf-f97248a67a4b}" record_timestamp="1476974982411" record_key="hero">
<key>hero</key>
</audio_sphere_of_influence_groups>
<audio_sphere_of_influence_groups record_uuid="{af51cca4-c32c-4308-97ea-0249c22b2f7a}" record_timestamp="1490090456365" record_key="magic">
<key>magic</key>
</audio_sphere_of_influence_groups>
</dataroot>
