<?xml version="1.0" encoding="UTF-8"?>
<dataroot xmlns:od="urn:schemas-microsoft-com:officedata" xmlns:xsi="http://www.w3.org/2001/XMLSchema-instance" xsi:noNamespaceSchemaLocation="audio_explosions.xsd" export_time="Fri Dec 1 17:21:55 2017" revision="57" export_branch="T:/branches/warhammer2/new_tomb/warhammer/binaries.x64" export_user="bob">
<edit_uuid>67405c3a-c16f-414e-b46b-cbf73baf77db</edit_uuid>
<audio_explosions record_uuid="{e7fa82cb-db7b-4ba2-88a7-5cb21627bc52}" record_timestamp="1510577892823" record_key="group">
<event state="NOT_APPROVED" last_approved_text="" last_edit_user="bob">Battle_Individual_Projectile_Casket_Of_Souls_Explosion</event>
<group_sound></group_sound>
<key state="NOT_APPROVED" last_approved_text="" last_edit_user="bob">group</key>
<max_attenuation>800</max_attenuation>
<obstruction_size>0</obstruction_size>
<only_trigger_once_per_volley>0</only_trigger_once_per_volley>
<sphere_of_influence>large_explosion_short</sphere_of_influence>
<use_reverb>1</use_reverb>
</audio_explosions>
<audio_explosions record_uuid="{d31b188f-a983-413d-9ac6-d83835376898}" record_timestamp="1396523887822" record_key="none">
<event></event>
<group_sound></group_sound>
<key>none</key>
<max_attenuation>0</max_attenuation>
<obstruction_size>0</obstruction_size>
<only_trigger_once_per_volley>0</only_trigger_once_per_volley>
<sphere_of_influence></sphere_of_influence>
<use_reverb>0</use_reverb>
</audio_explosions>
<audio_explosions record_uuid="{0b5e730a-f03a-438e-970c-995aa25cb153}" record_timestamp="1511452760606" record_key="wh2_casket_of_souls">
<event state="NOT_APPROVED" last_approved_text="" last_edit_user="bob">Battle_Individual_Projectile_Casket_Of_Souls_Explosion</event>
<group_sound state="NOT_APPROVED" last_approved_text="" last_edit_user="bob">wh2_grp_projectile_casket_of_souls_explosion</group_sound>
<key state="NOT_APPROVED" last_approved_text="" last_edit_user="bob">wh2_casket_of_souls</key>
<max_attenuation>800</max_attenuation>
<obstruction_size>0</obstruction_size>
<only_trigger_once_per_volley>1</only_trigger_once_per_volley>
<sphere_of_influence>large_explosion_short</sphere_of_influence>
<use_reverb>1</use_reverb>
</audio_explosions>
<audio_explosions record_uuid="{2b83c0d7-8720-4e35-8ac4-6c141bf768bc}" record_timestamp="1510161719975" record_key="wh2_dlc09_abilities_venom_staff_impact_secondary">
<event state="NOT_APPROVED" last_approved_text="" last_edit_user="bob">IND_Magic_Venom_Staff_Impact_Secondary</event>
<group_sound></group_sound>
<key>wh2_dlc09_abilities_venom_staff_impact_secondary</key>
<max_attenuation>600</max_attenuation>
<obstruction_size>0</obstruction_size>
<only_trigger_once_per_volley>0</only_trigger_once_per_volley>
<sphere_of_influence>large_explosion_long</sphere_of_influence>
<use_reverb>1</use_reverb>
</audio_explosions>
<audio_explosions record_uuid="{bbab57fe-cc28-44c9-b559-699f2fbaf866}" record_timestamp="1511196843650" record_key="wh2_dlc_tmb_stalker_gaze">
<event state="NOT_APPROVED" last_approved_text="" last_edit_user="bob">Battle_Individual_Projectile_tmb_Stalker_Gaze_Explosion</event>
<group_sound></group_sound>
<key>wh2_dlc_tmb_stalker_gaze</key>
<max_attenuation>400</max_attenuation>
<obstruction_size>0</obstruction_size>
<only_trigger_once_per_volley>0</only_trigger_once_per_volley>
<sphere_of_influence>large_explosion_short</sphere_of_influence>
<use_reverb>1</use_reverb>
</audio_explosions>
<audio_explosions record_uuid="{8778412a-60a3-49c2-8b9a-c4f4dff9e9bc}" record_timestamp="1503596619736" record_key="wh2_globe_death">
<event>Battle_Individual_Projectile_Death_Globe_Explosion</event>
<group_sound></group_sound>
<key>wh2_globe_death</key>
<max_attenuation>600</max_attenuation>
<obstruction_size>0</obstruction_size>
<only_trigger_once_per_volley>0</only_trigger_once_per_volley>
<sphere_of_influence>large_explosion_short</sphere_of_influence>
<use_reverb>1</use_reverb>
</audio_explosions>
<audio_explosions record_uuid="{7526e3f7-4623-4cc2-8b5e-21e146968494}" record_timestamp="1502465362939" record_key="wh2_globe_magical">
<event>Battle_Individual_Projectile_Globe_Explosion</event>
<group_sound></group_sound>
<key>wh2_globe_magical</key>
<max_attenuation>600</max_attenuation>
<obstruction_size>0</obstruction_size>
<only_trigger_once_per_volley>0</only_trigger_once_per_volley>
<sphere_of_influence>large_explosion_short</sphere_of_influence>
<use_reverb>1</use_reverb>
</audio_explosions>
<audio_explosions record_uuid="{e77e7ee9-8022-4575-94de-a1a75156b747}" record_timestamp="1503512941316" record_key="wh2_globe_poison">
<event>Battle_Individual_Projectile_Globe_Explosion</event>
<group_sound></group_sound>
<key>wh2_globe_poison</key>
<max_attenuation>600</max_attenuation>
<obstruction_size>0</obstruction_size>
<only_trigger_once_per_volley>0</only_trigger_once_per_volley>
<sphere_of_influence>large_explosion_short</sphere_of_influence>
<use_reverb>1</use_reverb>
</audio_explosions>
<audio_explosions record_uuid="{76f25386-4f97-4ba9-943d-4276bafff99e}" record_timestamp="1502798493504" record_key="wh2_main_ability_bloodwrack_cauldron">
<event>Battle_IND_Magic_Bloodwrack_Cauldron_Impact</event>
<group_sound></group_sound>
<key>wh2_main_ability_bloodwrack_cauldron</key>
<max_attenuation>700</max_attenuation>
<obstruction_size>0</obstruction_size>
<only_trigger_once_per_volley>0</only_trigger_once_per_volley>
<sphere_of_influence>large_explosion_long</sphere_of_influence>
<use_reverb>1</use_reverb>
</audio_explosions>
<audio_explosions record_uuid="{b50d75e9-46b5-4b76-bdb2-4bcdaeec063c}" record_timestamp="1502798493504" record_key="wh2_main_ability_brazen_cauldron">
<event>Battle_IND_Magic_Brazen_Cauldron_Impact</event>
<group_sound></group_sound>
<key>wh2_main_ability_brazen_cauldron</key>
<max_attenuation>700</max_attenuation>
<obstruction_size>0</obstruction_size>
<only_trigger_once_per_volley>0</only_trigger_once_per_volley>
<sphere_of_influence>large_explosion_long</sphere_of_influence>
<use_reverb>1</use_reverb>
</audio_explosions>
<audio_explosions record_uuid="{04b22f0d-a316-4370-89fb-28278e3ba6d4}" record_timestamp="1502798493504" record_key="wh2_main_ability_sky_cauldron">
<event>Battle_IND_Magic_Sky_Cauldron_Impact</event>
<group_sound></group_sound>
<key>wh2_main_ability_sky_cauldron</key>
<max_attenuation>700</max_attenuation>
<obstruction_size>0</obstruction_size>
<only_trigger_once_per_volley>0</only_trigger_once_per_volley>
<sphere_of_influence>large_explosion_long</sphere_of_influence>
<use_reverb>1</use_reverb>
</audio_explosions>
<audio_explosions record_uuid="{63215632-3596-4540-ae97-e5c6d2075601}" record_timestamp="1502798493511" record_key="wh2_main_ability_soul_rain">
<event>Battle_IND_Magic_Soul_Rain_Impact</event>
<group_sound></group_sound>
<key>wh2_main_ability_soul_rain</key>
<max_attenuation>600</max_attenuation>
<obstruction_size>0</obstruction_size>
<only_trigger_once_per_volley>0</only_trigger_once_per_volley>
<sphere_of_influence>large_explosion_short</sphere_of_influence>
<use_reverb>1</use_reverb>
</audio_explosions>
<audio_explosions record_uuid="{5980f119-0948-4252-95ef-8d28de4801ef}" record_timestamp="1502798493511" record_key="wh2_main_ability_soul_storm">
<event>Battle_IND_Magic_Soul_Storm_Impact</event>
<group_sound></group_sound>
<key>wh2_main_ability_soul_storm</key>
<max_attenuation>600</max_attenuation>
<obstruction_size>0</obstruction_size>
<only_trigger_once_per_volley>0</only_trigger_once_per_volley>
<sphere_of_influence>large_explosion_short</sphere_of_influence>
<use_reverb>1</use_reverb>
</audio_explosions>
<audio_explosions record_uuid="{7cad126b-aa5a-49f4-8f4f-56ddfc15c7b4}" record_timestamp="1502798493511" record_key="wh2_main_ability_soul_torrent">
<event>Battle_IND_Magic_Soul_Torrent_Impact</event>
<group_sound></group_sound>
<key>wh2_main_ability_soul_torrent</key>
<max_attenuation>600</max_attenuation>
<obstruction_size>0</obstruction_size>
<only_trigger_once_per_volley>0</only_trigger_once_per_volley>
<sphere_of_influence>large_explosion_short</sphere_of_influence>
<use_reverb>1</use_reverb>
</audio_explosions>
<audio_explosions record_uuid="{4a7e2c9c-089a-4f13-9bf4-8b126c0253e6}" record_timestamp="1503665734869" record_key="wh2_main_ability_vauls_hammer">
<event>Battle_IND_Magic_Ability_Vauls_Hammer_Impact</event>
<group_sound></group_sound>
<key>wh2_main_ability_vauls_hammer</key>
<max_attenuation>500</max_attenuation>
<obstruction_size>0</obstruction_size>
<only_trigger_once_per_volley>0</only_trigger_once_per_volley>
<sphere_of_influence>magic_global_mute_one_shot_long</sphere_of_influence>
<use_reverb>0</use_reverb>
</audio_explosions>
<audio_explosions record_uuid="{aef8bff1-6594-4719-94e9-1916b4710a8e}" record_timestamp="1502973470026" record_key="wh2_main_ability_vortic_blast">
<event>Battle_IND_Magic_Vortic_Blast_Explosion</event>
<group_sound></group_sound>
<key>wh2_main_ability_vortic_blast</key>
<max_attenuation>3000</max_attenuation>
<obstruction_size>0</obstruction_size>
<only_trigger_once_per_volley>0</only_trigger_once_per_volley>
<sphere_of_influence>large_explosion_short</sphere_of_influence>
<use_reverb>1</use_reverb>
</audio_explosions>
<audio_explosions record_uuid="{c3a9503f-856a-4c12-a132-81e24e035939}" record_timestamp="1502973489418" record_key="wh2_main_ability_vortic_enrichment">
<event>Battle_IND_Magic_Vortic_Enrichment_Explosion</event>
<group_sound></group_sound>
<key>wh2_main_ability_vortic_enrichment</key>
<max_attenuation>3000</max_attenuation>
<obstruction_size>0</obstruction_size>
<only_trigger_once_per_volley>0</only_trigger_once_per_volley>
<sphere_of_influence>large_explosion_short</sphere_of_influence>
<use_reverb>1</use_reverb>
</audio_explosions>
<audio_explosions record_uuid="{f8ee6dc1-3432-464d-98e0-f11ff6101959}" record_timestamp="1489663322840" record_key="wh2_main_spell_high_magic_soul_quench">
<event></event>
<group_sound></group_sound>
<key>wh2_main_spell_high_magic_soul_quench</key>
<max_attenuation>500</max_attenuation>
<obstruction_size>0</obstruction_size>
<only_trigger_once_per_volley>0</only_trigger_once_per_volley>
<sphere_of_influence>large_explosion_long</sphere_of_influence>
<use_reverb>0</use_reverb>
</audio_explosions>
<audio_explosions record_uuid="{0858326b-291f-4cf2-af0f-55c3af129ab2}" record_timestamp="1504454592576" record_key="wh2_plagueclaw_catapult">
<event>Battle_Individual_Projectile_Plagueclaw_Catapult_Explosion</event>
<group_sound></group_sound>
<key>wh2_plagueclaw_catapult</key>
<max_attenuation>800</max_attenuation>
<obstruction_size>0</obstruction_size>
<only_trigger_once_per_volley>0</only_trigger_once_per_volley>
<sphere_of_influence>large_explosion_short</sphere_of_influence>
<use_reverb>1</use_reverb>
</audio_explosions>
<audio_explosions record_uuid="{3c9dccb4-9ada-41e2-a811-3fde32604b19}" record_timestamp="1509375264005" record_key="wh2_screamingskull_catapult">
<event>Battle_Individual_Projectile_Screaming_Skull_Catapult_Explosion</event>
<group_sound>wh2_grp_projectile_screaming_skull_catapult_spread_impact</group_sound>
<key>wh2_screamingskull_catapult</key>
<max_attenuation>800</max_attenuation>
<obstruction_size>0</obstruction_size>
<only_trigger_once_per_volley>0</only_trigger_once_per_volley>
<sphere_of_influence>large_explosion_short</sphere_of_influence>
<use_reverb>1</use_reverb>
</audio_explosions>
<audio_explosions record_uuid="{f3be0891-516f-40dc-85ff-9db66315d9fd}" record_timestamp="1501585892635" record_key="wh2_terradon_bomb">
<event>Battle_Individual_Projectile_Terradon_Bomb_Explosion</event>
<group_sound></group_sound>
<key>wh2_terradon_bomb</key>
<max_attenuation>3000</max_attenuation>
<obstruction_size>0</obstruction_size>
<only_trigger_once_per_volley>0</only_trigger_once_per_volley>
<sphere_of_influence>large_explosion_short</sphere_of_influence>
<use_reverb>1</use_reverb>
</audio_explosions>
<audio_explosions record_uuid="{7d21176f-fc99-481f-a8ca-0e51a172f3a2}" record_timestamp="1459942782811" record_key="wh_blasting_charge">
<event></event>
<group_sound>wh_grp_projectile_blasting_charge_explosion</group_sound>
<key>wh_blasting_charge</key>
<max_attenuation>400</max_attenuation>
<obstruction_size>0</obstruction_size>
<only_trigger_once_per_volley>0</only_trigger_once_per_volley>
<sphere_of_influence></sphere_of_influence>
<use_reverb>1</use_reverb>
</audio_explosions>
<audio_explosions record_uuid="{40ea74f8-4f40-4898-b7b9-7ea51dce9c05}" record_timestamp="1476974982398" record_key="wh_bomb">
<event>Battle_Individual_Projectile_Bomb_Explosion</event>
<group_sound></group_sound>
<key>wh_bomb</key>
<max_attenuation>3000</max_attenuation>
<obstruction_size>0</obstruction_size>
<only_trigger_once_per_volley>0</only_trigger_once_per_volley>
<sphere_of_influence>large_explosion_short</sphere_of_influence>
<use_reverb>1</use_reverb>
</audio_explosions>
<audio_explosions record_uuid="{77c943bb-e267-4b04-9364-df3cc9d314d5}" record_timestamp="1476974982398" record_key="wh_carcass">
<event>Battle_Individual_Projectile_Carcass_Explosion</event>
<group_sound></group_sound>
<key>wh_carcass</key>
<max_attenuation>300</max_attenuation>
<obstruction_size>0</obstruction_size>
<only_trigger_once_per_volley>0</only_trigger_once_per_volley>
<sphere_of_influence>large_explosion_long</sphere_of_influence>
<use_reverb>0</use_reverb>
</audio_explosions>
<audio_explosions record_uuid="{d078fa16-42ac-4fbd-a9f5-e52e01d19b32}" record_timestamp="1488556532945" record_key="wh_comet_of_cas">
<event>Battle_IND_Magic_Heavens_Comet_Impact</event>
<group_sound></group_sound>
<key>wh_comet_of_cas</key>
<max_attenuation>700</max_attenuation>
<obstruction_size>0</obstruction_size>
<only_trigger_once_per_volley>0</only_trigger_once_per_volley>
<sphere_of_influence>large_explosion_long</sphere_of_influence>
<use_reverb>1</use_reverb>
</audio_explosions>
<audio_explosions record_uuid="{7e239c0d-ebf4-41a1-809f-222afdf6effe}" record_timestamp="1476974982398" record_key="wh_copter_steamgun">
<event>Battle_Individual_Projectile_Steamgun_Explosion</event>
<group_sound></group_sound>
<key>wh_copter_steamgun</key>
<max_attenuation>3000</max_attenuation>
<obstruction_size>0</obstruction_size>
<only_trigger_once_per_volley>0</only_trigger_once_per_volley>
<sphere_of_influence>large_explosion_long</sphere_of_influence>
<use_reverb>1</use_reverb>
</audio_explosions>
<audio_explosions record_uuid="{9b6d9f4c-7a0d-42bb-b9f2-e4cac72f2fe6}" record_timestamp="1488556533753" record_key="wh_dlc07_ability_chalice_of_potions">
<event>Battle_IND_Magic_Bretonnia_Chalice_of_Potions_Impact</event>
<group_sound></group_sound>
<key>wh_dlc07_ability_chalice_of_potions</key>
<max_attenuation>700</max_attenuation>
<obstruction_size>0</obstruction_size>
<only_trigger_once_per_volley>0</only_trigger_once_per_volley>
<sphere_of_influence></sphere_of_influence>
<use_reverb>1</use_reverb>
</audio_explosions>
<audio_explosions record_uuid="{e5b47086-14ca-4f3c-9492-4bc25de8c828}" record_timestamp="1423237694273" record_key="wh_fireball">
<event></event>
<group_sound></group_sound>
<key>wh_fireball</key>
<max_attenuation>85</max_attenuation>
<obstruction_size>0</obstruction_size>
<only_trigger_once_per_volley>0</only_trigger_once_per_volley>
<sphere_of_influence></sphere_of_influence>
<use_reverb>0</use_reverb>
</audio_explosions>
<audio_explosions record_uuid="{9ba91d5b-9723-4bd1-9df2-bfbe96b5f16b}" record_timestamp="1476974982397" record_key="wh_generic_large">
<event>Battle_Individual_Projectile_Bomb_Explosion</event>
<group_sound></group_sound>
<key>wh_generic_large</key>
<max_attenuation>600</max_attenuation>
<obstruction_size>0</obstruction_size>
<only_trigger_once_per_volley>0</only_trigger_once_per_volley>
<sphere_of_influence>large_explosion_short</sphere_of_influence>
<use_reverb>1</use_reverb>
</audio_explosions>
<audio_explosions record_uuid="{40e2ea1d-ac5c-4021-b0e2-047857ed6020}" record_timestamp="1476974982397" record_key="wh_generic_small">
<event>Battle_Individual_Projectile_Grenade_Explosion</event>
<group_sound></group_sound>
<key>wh_generic_small</key>
<max_attenuation>600</max_attenuation>
<obstruction_size>0</obstruction_size>
<only_trigger_once_per_volley>0</only_trigger_once_per_volley>
<sphere_of_influence>large_explosion_short</sphere_of_influence>
<use_reverb>1</use_reverb>
</audio_explosions>
<audio_explosions record_uuid="{c969d5bd-5e30-4272-a796-bf4c5fc20432}" record_timestamp="1476974982397" record_key="wh_grenade">
<event>Battle_Individual_Projectile_Grenade_Explosion</event>
<group_sound></group_sound>
<key>wh_grenade</key>
<max_attenuation>600</max_attenuation>
<obstruction_size>0</obstruction_size>
<only_trigger_once_per_volley>0</only_trigger_once_per_volley>
<sphere_of_influence>large_explosion_short</sphere_of_influence>
<use_reverb>1</use_reverb>
</audio_explosions>
<audio_explosions record_uuid="{8ea09ac9-5123-4567-bb27-eb7f1d6b289c}" record_timestamp="1476974982397" record_key="wh_large_rock">
<event>Battle_Individual_Projectile_Mortar_Explosion</event>
<group_sound></group_sound>
<key>wh_large_rock</key>
<max_attenuation>600</max_attenuation>
<obstruction_size>0</obstruction_size>
<only_trigger_once_per_volley>0</only_trigger_once_per_volley>
<sphere_of_influence>large_explosion_short</sphere_of_influence>
<use_reverb>1</use_reverb>
</audio_explosions>
<audio_explosions record_uuid="{528052b5-1a18-4b90-b8d6-03354bb9bf5b}" record_timestamp="1461152263769" record_key="wh_lord_of_the_storm">
<event>Battle_IND_Magic_Ability_Lord_of_the_Storm_Impacts</event>
<group_sound></group_sound>
<key>wh_lord_of_the_storm</key>
<max_attenuation>700</max_attenuation>
<obstruction_size>0</obstruction_size>
<only_trigger_once_per_volley>0</only_trigger_once_per_volley>
<sphere_of_influence></sphere_of_influence>
<use_reverb>1</use_reverb>
</audio_explosions>
<audio_explosions record_uuid="{707071f1-7891-4985-9a8c-52ee6c7f80ec}" record_timestamp="1498499158089" record_key="wh_main_spell_dark_magic_doombolt">
<event>Battle_IND_Magic_Dark_Doombolt_Impact</event>
<group_sound></group_sound>
<key>wh_main_spell_dark_magic_doombolt</key>
<max_attenuation>500</max_attenuation>
<obstruction_size>0</obstruction_size>
<only_trigger_once_per_volley>0</only_trigger_once_per_volley>
<sphere_of_influence>large_explosion_long</sphere_of_influence>
<use_reverb>1</use_reverb>
</audio_explosions>
<audio_explosions record_uuid="{c06eb43e-12c5-488a-a2c3-629e55328ec6}" record_timestamp="1476974982397" record_key="wh_main_spell_fire_fireball">
<event>Battle_Individual_Magic_Fireball_Impact</event>
<group_sound></group_sound>
<key>wh_main_spell_fire_fireball</key>
<max_attenuation>500</max_attenuation>
<obstruction_size>0</obstruction_size>
<only_trigger_once_per_volley>0</only_trigger_once_per_volley>
<sphere_of_influence>large_explosion_long</sphere_of_influence>
<use_reverb>1</use_reverb>
</audio_explosions>
<audio_explosions record_uuid="{6e04035b-d8e4-42d3-bf5c-139530233781}" record_timestamp="1504719863953" record_key="wh_main_spell_ruin_warp_lightning">
<event>Battle_IND_Magic_Ruin_Warp_Lightning_Impact</event>
<group_sound></group_sound>
<key>wh_main_spell_ruin_warp_lightning</key>
<max_attenuation>500</max_attenuation>
<obstruction_size>0</obstruction_size>
<only_trigger_once_per_volley>0</only_trigger_once_per_volley>
<sphere_of_influence>large_explosion_long</sphere_of_influence>
<use_reverb>1</use_reverb>
</audio_explosions>
<audio_explosions record_uuid="{3c3fd526-a85b-4e97-8cf9-4171e232fde1}" record_timestamp="1476974982396" record_key="wh_main_spell_vampires_gaze_of_nagash">
<event></event>
<group_sound>wh_grp_spell_vampires_gaze_of_nagash_impact</group_sound>
<key>wh_main_spell_vampires_gaze_of_nagash</key>
<max_attenuation>100</max_attenuation>
<obstruction_size>0</obstruction_size>
<only_trigger_once_per_volley>0</only_trigger_once_per_volley>
<sphere_of_influence>large_explosion_long</sphere_of_influence>
<use_reverb>0</use_reverb>
</audio_explosions>
<audio_explosions record_uuid="{d1c0922d-5156-437a-84d2-30e02682e329}" record_timestamp="1476974982396" record_key="wh_mortar">
<event>Battle_Individual_Projectile_Mortar_Explosion</event>
<group_sound></group_sound>
<key>wh_mortar</key>
<max_attenuation>600</max_attenuation>
<obstruction_size>0</obstruction_size>
<only_trigger_once_per_volley>0</only_trigger_once_per_volley>
<sphere_of_influence>large_explosion_short</sphere_of_influence>
<use_reverb>1</use_reverb>
</audio_explosions>
<audio_explosions record_uuid="{4d903454-ae30-4da4-ad68-4137f21ca7e1}" record_timestamp="1476974982395" record_key="wh_rocket">
<event>Battle_Individual_Projectile_Rocket_Explosion</event>
<group_sound></group_sound>
<key>wh_rocket</key>
<max_attenuation>600</max_attenuation>
<obstruction_size>0</obstruction_size>
<only_trigger_once_per_volley>0</only_trigger_once_per_volley>
<sphere_of_influence>large_explosion_long</sphere_of_influence>
<use_reverb>1</use_reverb>
</audio_explosions>
<audio_explosions record_uuid="{2303cb83-e461-4292-9139-15b7e785fe80}" record_timestamp="1476974982395" record_key="wh_soul">
<event>Battle_Individual_Projectile_Soul_Explosion</event>
<group_sound></group_sound>
<key>wh_soul</key>
<max_attenuation>400</max_attenuation>
<obstruction_size>0</obstruction_size>
<only_trigger_once_per_volley>0</only_trigger_once_per_volley>
<sphere_of_influence>large_explosion_long</sphere_of_influence>
<use_reverb>1</use_reverb>
</audio_explosions>
<audio_explosions record_uuid="{f1193ecf-c506-4e6a-81b1-88960b141118}" record_timestamp="1454069197559" record_key="wh_troll_hammer">
<event></event>
<group_sound></group_sound>
<key>wh_troll_hammer</key>
<max_attenuation>100</max_attenuation>
<obstruction_size>0</obstruction_size>
<only_trigger_once_per_volley>0</only_trigger_once_per_volley>
<sphere_of_influence></sphere_of_influence>
<use_reverb>0</use_reverb>
</audio_explosions>
<audio_explosions record_uuid="{8bf4017f-ca28-44c5-bbe4-873c5e302814}" record_timestamp="1476974982396" record_key="wh_urannons_thunderbolt">
<event>Battle_IND_Magic_Heavens_Urannons_Thunderbolt_Impact</event>
<group_sound></group_sound>
<key>wh_urannons_thunderbolt</key>
<max_attenuation>700</max_attenuation>
<obstruction_size>0</obstruction_size>
<only_trigger_once_per_volley>0</only_trigger_once_per_volley>
<sphere_of_influence>large_explosion_long</sphere_of_influence>
<use_reverb>1</use_reverb>
</audio_explosions>
</dataroot>
