<?xml version="1.0" encoding="UTF-8"?>
<dataroot xmlns:od="urn:schemas-microsoft-com:officedata" xmlns:xsi="http://www.w3.org/2001/XMLSchema-instance" xsi:noNamespaceSchemaLocation="autoresolver_ai_usage_group_combat_potential_modifiers.xsd" export_time="Thu Aug 17 17:12:22 2017" revision="7" export_branch="T:/branches/warhammer2/dev/warhammer/binaries.x64" export_user="bob">
<edit_uuid>98c5760f-5f30-4d09-85da-8e1673eba2ea</edit_uuid>
<autoresolver_ai_usage_group_combat_potential_modifiers record_uuid="{9967f2a2-0154-4fed-8497-2d60bf5b43b4}" record_timestamp="1502963673938" record_key="flying_hybrid_highvalue">
<additive_mod>1000</additive_mod>
<multiplier>1</multiplier>
<usage_group>flying_hybrid_highvalue</usage_group>
</autoresolver_ai_usage_group_combat_potential_modifiers>
<autoresolver_ai_usage_group_combat_potential_modifiers record_uuid="{8a6e801a-8065-4ef6-be0d-5c59a028060b}" record_timestamp="1501073292891" record_key="flying_melee">
<additive_mod>0</additive_mod>
<multiplier>1</multiplier>
<usage_group>flying_melee</usage_group>
</autoresolver_ai_usage_group_combat_potential_modifiers>
<autoresolver_ai_usage_group_combat_potential_modifiers record_uuid="{17e7ce62-8666-402c-9fd5-e0787b00e1a4}" record_timestamp="1501073292892" record_key="flying_melee_flanker">
<additive_mod>0</additive_mod>
<multiplier>1</multiplier>
<usage_group>flying_melee_flanker</usage_group>
</autoresolver_ai_usage_group_combat_potential_modifiers>
<autoresolver_ai_usage_group_combat_potential_modifiers record_uuid="{d28b79f2-d6eb-45f5-82ac-423633e8fde7}" record_timestamp="1501073292891" record_key="flying_melee_flanker_shock">
<additive_mod>0</additive_mod>
<multiplier>1</multiplier>
<usage_group>flying_melee_flanker_shock</usage_group>
</autoresolver_ai_usage_group_combat_potential_modifiers>
<autoresolver_ai_usage_group_combat_potential_modifiers record_uuid="{78f43c86-3fd0-46d7-972a-65f9d8a21495}" record_timestamp="1502963673939" record_key="flying_melee_flanker_shock_highvalue">
<additive_mod>1000</additive_mod>
<multiplier>1</multiplier>
<usage_group>flying_melee_flanker_shock_highvalue</usage_group>
</autoresolver_ai_usage_group_combat_potential_modifiers>
<autoresolver_ai_usage_group_combat_potential_modifiers record_uuid="{a628a5db-a006-4c08-ab6a-83992eda7e03}" record_timestamp="1502963673939" record_key="flying_melee_highvalue">
<additive_mod>1000</additive_mod>
<multiplier>1</multiplier>
<usage_group>flying_melee_highvalue</usage_group>
</autoresolver_ai_usage_group_combat_potential_modifiers>
<autoresolver_ai_usage_group_combat_potential_modifiers record_uuid="{2e878def-40cd-4ced-ba19-d971f0a552eb}" record_timestamp="1502963673941" record_key="flying_melee_mage_highvalue">
<additive_mod>1000</additive_mod>
<multiplier>1</multiplier>
<usage_group>flying_melee_mage_highvalue</usage_group>
</autoresolver_ai_usage_group_combat_potential_modifiers>
<autoresolver_ai_usage_group_combat_potential_modifiers record_uuid="{798cd7f5-3808-4b4e-97f7-363a39f3a03a}" record_timestamp="1502963673941" record_key="flying_melee_shock_highvalue">
<additive_mod>1000</additive_mod>
<multiplier>1</multiplier>
<usage_group>flying_melee_shock_highvalue</usage_group>
</autoresolver_ai_usage_group_combat_potential_modifiers>
<autoresolver_ai_usage_group_combat_potential_modifiers record_uuid="{0b368899-e51c-47aa-b4fa-c0c1db427489}" record_timestamp="1502963673942" record_key="flying_melee_shock_mage_highvalue">
<additive_mod>1000</additive_mod>
<multiplier>1</multiplier>
<usage_group>flying_melee_shock_mage_highvalue</usage_group>
</autoresolver_ai_usage_group_combat_potential_modifiers>
<autoresolver_ai_usage_group_combat_potential_modifiers record_uuid="{13b7358b-d721-4ec7-9701-22c9551b5e67}" record_timestamp="1501073292893" record_key="flying_ranged_flanker">
<additive_mod>0</additive_mod>
<multiplier>1</multiplier>
<usage_group>flying_ranged_flanker</usage_group>
</autoresolver_ai_usage_group_combat_potential_modifiers>
<autoresolver_ai_usage_group_combat_potential_modifiers record_uuid="{ed76be84-221c-4c74-99cd-115a8133456b}" record_timestamp="1501073292894" record_key="flying_ranged_harasser_flanker">
<additive_mod>0</additive_mod>
<multiplier>1</multiplier>
<usage_group>flying_ranged_harasser_flanker</usage_group>
</autoresolver_ai_usage_group_combat_potential_modifiers>
<autoresolver_ai_usage_group_combat_potential_modifiers record_uuid="{963e0aa4-a925-4f24-a097-732a39ec21e4}" record_timestamp="1502986342028" record_key="flying_ranged_harasser_flanker_highvalue">
<additive_mod>1000</additive_mod>
<multiplier>1</multiplier>
<usage_group>flying_ranged_harasser_flanker_highvalue</usage_group>
</autoresolver_ai_usage_group_combat_potential_modifiers>
<autoresolver_ai_usage_group_combat_potential_modifiers record_uuid="{760780e0-c412-4b7a-9fed-77b080d3cc0f}" record_timestamp="1501073292893" record_key="gyrocopter">
<additive_mod>0</additive_mod>
<multiplier>1</multiplier>
<usage_group>gyrocopter</usage_group>
</autoresolver_ai_usage_group_combat_potential_modifiers>
<autoresolver_ai_usage_group_combat_potential_modifiers record_uuid="{10660137-319e-4699-a9d8-a22be1e4b1ad}" record_timestamp="1501073292892" record_key="hybrid">
<additive_mod>0</additive_mod>
<multiplier>1</multiplier>
<usage_group>hybrid</usage_group>
</autoresolver_ai_usage_group_combat_potential_modifiers>
<autoresolver_ai_usage_group_combat_potential_modifiers record_uuid="{94508ab9-3195-427d-ad0e-c4e368db003d}" record_timestamp="1502963673943" record_key="hybrid_cav_highvalue">
<additive_mod>1000</additive_mod>
<multiplier>1</multiplier>
<usage_group>hybrid_cav_highvalue</usage_group>
</autoresolver_ai_usage_group_combat_potential_modifiers>
<autoresolver_ai_usage_group_combat_potential_modifiers record_uuid="{e99ef474-5c1a-4bf3-9eae-e562e52ea0b8}" record_timestamp="1501073292892" record_key="hybrid_flanker_shock_harasser">
<additive_mod>0</additive_mod>
<multiplier>1</multiplier>
<usage_group>hybrid_flanker_shock_harasser</usage_group>
</autoresolver_ai_usage_group_combat_potential_modifiers>
<autoresolver_ai_usage_group_combat_potential_modifiers record_uuid="{693e916c-b97f-4bdd-915c-0a82ccd1834f}" record_timestamp="1502963673944" record_key="hybrid_highvalue">
<additive_mod>1000</additive_mod>
<multiplier>1</multiplier>
<usage_group>hybrid_highvalue</usage_group>
</autoresolver_ai_usage_group_combat_potential_modifiers>
<autoresolver_ai_usage_group_combat_potential_modifiers record_uuid="{9a45611e-c2bf-4297-9213-a1fd530859b8}" record_timestamp="1502986341980" record_key="mage">
<additive_mod>1000</additive_mod>
<multiplier>1</multiplier>
<usage_group>mage</usage_group>
</autoresolver_ai_usage_group_combat_potential_modifiers>
<autoresolver_ai_usage_group_combat_potential_modifiers record_uuid="{a20255d1-6477-4cae-92c1-429aa4e86075}" record_timestamp="1502963673945" record_key="mage_flanker_highvalue">
<additive_mod>1000</additive_mod>
<multiplier>1</multiplier>
<usage_group>mage_flanker_highvalue</usage_group>
</autoresolver_ai_usage_group_combat_potential_modifiers>
<autoresolver_ai_usage_group_combat_potential_modifiers record_uuid="{ba475b3e-55ef-493e-8d47-43ffc350e59a}" record_timestamp="1502963673958" record_key="mage_highvalue">
<additive_mod>1000</additive_mod>
<multiplier>1</multiplier>
<usage_group>mage_highvalue</usage_group>
</autoresolver_ai_usage_group_combat_potential_modifiers>
<autoresolver_ai_usage_group_combat_potential_modifiers record_uuid="{007a8ab0-b213-412d-af97-620858b870ac}" record_timestamp="1502963673946" record_key="mage_stalkers_highvalue">
<additive_mod>1000</additive_mod>
<multiplier>1</multiplier>
<usage_group>mage_stalkers_highvalue</usage_group>
</autoresolver_ai_usage_group_combat_potential_modifiers>
<autoresolver_ai_usage_group_combat_potential_modifiers record_uuid="{50f13d64-b4a6-400b-b7cd-fb13f034730f}" record_timestamp="1502721408400" record_key="melee">
<additive_mod>0</additive_mod>
<multiplier>0.75</multiplier>
<usage_group>melee</usage_group>
</autoresolver_ai_usage_group_combat_potential_modifiers>
<autoresolver_ai_usage_group_combat_potential_modifiers record_uuid="{d3f67599-02ab-4462-a42a-6b2c1e69fad3}" record_timestamp="1501073292899" record_key="melee_cav">
<additive_mod>0</additive_mod>
<multiplier>1</multiplier>
<usage_group>melee_cav</usage_group>
</autoresolver_ai_usage_group_combat_potential_modifiers>
<autoresolver_ai_usage_group_combat_potential_modifiers record_uuid="{1588c341-a0b5-4568-9573-f671089017ae}" record_timestamp="1502721408418" record_key="melee_cav_shock">
<additive_mod>0</additive_mod>
<multiplier>0.8500000238418579</multiplier>
<usage_group>melee_cav_shock</usage_group>
</autoresolver_ai_usage_group_combat_potential_modifiers>
<autoresolver_ai_usage_group_combat_potential_modifiers record_uuid="{f1217665-4c12-43bf-a269-a53fd24f24c2}" record_timestamp="1502963673946" record_key="melee_cav_shock_highvalue">
<additive_mod>1000</additive_mod>
<multiplier>1</multiplier>
<usage_group>melee_cav_shock_highvalue</usage_group>
</autoresolver_ai_usage_group_combat_potential_modifiers>
<autoresolver_ai_usage_group_combat_potential_modifiers record_uuid="{f824b7e2-4c23-487f-ac61-e6732eca3366}" record_timestamp="1501073292889" record_key="melee_flanker">
<additive_mod>0</additive_mod>
<multiplier>1</multiplier>
<usage_group>melee_flanker</usage_group>
</autoresolver_ai_usage_group_combat_potential_modifiers>
<autoresolver_ai_usage_group_combat_potential_modifiers record_uuid="{490e7d05-d22d-4d2e-b63c-7d5676209bf6}" record_timestamp="1501082581410" record_key="melee_flanker_shock">
<additive_mod>0</additive_mod>
<multiplier>1</multiplier>
<usage_group>melee_flanker_shock</usage_group>
</autoresolver_ai_usage_group_combat_potential_modifiers>
<autoresolver_ai_usage_group_combat_potential_modifiers record_uuid="{5cc27585-d570-49d9-a276-7cb061536f97}" record_timestamp="1502963673949" record_key="melee_flanker_shock_highvalue">
<additive_mod>1000</additive_mod>
<multiplier>1</multiplier>
<usage_group>melee_flanker_shock_highvalue</usage_group>
</autoresolver_ai_usage_group_combat_potential_modifiers>
<autoresolver_ai_usage_group_combat_potential_modifiers record_uuid="{57f33b4e-7eac-4042-a188-9316ce3e2f27}" record_timestamp="1502721408405" record_key="melee_gatecrusher">
<additive_mod>0</additive_mod>
<multiplier>0.75</multiplier>
<usage_group>melee_gatecrusher</usage_group>
</autoresolver_ai_usage_group_combat_potential_modifiers>
<autoresolver_ai_usage_group_combat_potential_modifiers record_uuid="{728f9610-e33c-470f-aa02-5f3eac7b27bb}" record_timestamp="1502986342036" record_key="melee_gatecrusher_highvalue">
<additive_mod>1000</additive_mod>
<multiplier>1</multiplier>
<usage_group>melee_gatecrusher_highvalue</usage_group>
</autoresolver_ai_usage_group_combat_potential_modifiers>
<autoresolver_ai_usage_group_combat_potential_modifiers record_uuid="{fb007c7b-7042-40d4-a3b5-78a03625df15}" record_timestamp="1502721408413" record_key="melee_gatecrusher_shock">
<additive_mod>0</additive_mod>
<multiplier>0.75</multiplier>
<usage_group>melee_gatecrusher_shock</usage_group>
</autoresolver_ai_usage_group_combat_potential_modifiers>
<autoresolver_ai_usage_group_combat_potential_modifiers record_uuid="{163b670e-e1cb-44f7-a766-5056fe8226e0}" record_timestamp="1502721408409" record_key="melee_gatecrusher_support">
<additive_mod>0</additive_mod>
<multiplier>0.75</multiplier>
<usage_group>melee_gatecrusher_support</usage_group>
</autoresolver_ai_usage_group_combat_potential_modifiers>
<autoresolver_ai_usage_group_combat_potential_modifiers record_uuid="{830ce2b1-ed93-4613-a37e-1620fb4cc8fb}" record_timestamp="1502963673950" record_key="melee_highvalue">
<additive_mod>1000</additive_mod>
<multiplier>1</multiplier>
<usage_group>melee_highvalue</usage_group>
</autoresolver_ai_usage_group_combat_potential_modifiers>
<autoresolver_ai_usage_group_combat_potential_modifiers record_uuid="{16228518-6631-42dc-a9de-c23abcc15610}" record_timestamp="1502986342013" record_key="melee_mage">
<additive_mod>1000</additive_mod>
<multiplier>1</multiplier>
<usage_group>melee_mage</usage_group>
</autoresolver_ai_usage_group_combat_potential_modifiers>
<autoresolver_ai_usage_group_combat_potential_modifiers record_uuid="{afd8434f-46e6-48a2-a591-edaa9980d19f}" record_timestamp="1502963673956" record_key="melee_mage_highvalue">
<additive_mod>1000</additive_mod>
<multiplier>1</multiplier>
<usage_group>melee_mage_highvalue</usage_group>
</autoresolver_ai_usage_group_combat_potential_modifiers>
<autoresolver_ai_usage_group_combat_potential_modifiers record_uuid="{8b361c4d-1b4f-475e-93d4-e056f1967e27}" record_timestamp="1501073292896" record_key="melee_stalkers">
<additive_mod>0</additive_mod>
<multiplier>1</multiplier>
<usage_group>melee_stalkers</usage_group>
</autoresolver_ai_usage_group_combat_potential_modifiers>
<autoresolver_ai_usage_group_combat_potential_modifiers record_uuid="{61bdbf67-c253-416f-99b8-64bd287e9989}" record_timestamp="1501073292897" record_key="ranged">
<additive_mod>0</additive_mod>
<multiplier>1</multiplier>
<usage_group>ranged</usage_group>
</autoresolver_ai_usage_group_combat_potential_modifiers>
<autoresolver_ai_usage_group_combat_potential_modifiers record_uuid="{a45e4a92-a756-4dbe-9bd9-e39cee2b856c}" record_timestamp="1501073292897" record_key="ranged_cav">
<additive_mod>0</additive_mod>
<multiplier>1</multiplier>
<usage_group>ranged_cav</usage_group>
</autoresolver_ai_usage_group_combat_potential_modifiers>
<autoresolver_ai_usage_group_combat_potential_modifiers record_uuid="{2d462bb3-ca05-467c-ae1d-c261e3c40a0f}" record_timestamp="1501073292895" record_key="ranged_cav_harasser">
<additive_mod>0</additive_mod>
<multiplier>1</multiplier>
<usage_group>ranged_cav_harasser</usage_group>
</autoresolver_ai_usage_group_combat_potential_modifiers>
<autoresolver_ai_usage_group_combat_potential_modifiers record_uuid="{39c5d493-d63b-4c03-895b-8fba6ef31647}" record_timestamp="1502986342054" record_key="ranged_cav_highvalue">
<additive_mod>1000</additive_mod>
<multiplier>1</multiplier>
<usage_group>ranged_cav_highvalue</usage_group>
</autoresolver_ai_usage_group_combat_potential_modifiers>
<autoresolver_ai_usage_group_combat_potential_modifiers record_uuid="{eda33832-5c46-4067-8fe6-ea9ba1b26409}" record_timestamp="1501073292895" record_key="ranged_direct">
<additive_mod>0</additive_mod>
<multiplier>1</multiplier>
<usage_group>ranged_direct</usage_group>
</autoresolver_ai_usage_group_combat_potential_modifiers>
<autoresolver_ai_usage_group_combat_potential_modifiers record_uuid="{84c0a52b-05e6-4d01-a82e-e17806d55028}" record_timestamp="1501073292896" record_key="ranged_direct_cav">
<additive_mod>0</additive_mod>
<multiplier>1</multiplier>
<usage_group>ranged_direct_cav</usage_group>
</autoresolver_ai_usage_group_combat_potential_modifiers>
<autoresolver_ai_usage_group_combat_potential_modifiers record_uuid="{904081b3-decb-4581-a1b5-4d0f9d811d60}" record_timestamp="1501073292896" record_key="ranged_direct_flanker">
<additive_mod>0</additive_mod>
<multiplier>1</multiplier>
<usage_group>ranged_direct_flanker</usage_group>
</autoresolver_ai_usage_group_combat_potential_modifiers>
<autoresolver_ai_usage_group_combat_potential_modifiers record_uuid="{9d648dac-8f7e-4c7c-a4fb-ce3b65b38d10}" record_timestamp="1501073292898" record_key="ranged_direct_flanker_harasser">
<additive_mod>0</additive_mod>
<multiplier>1</multiplier>
<usage_group>ranged_direct_flanker_harasser</usage_group>
</autoresolver_ai_usage_group_combat_potential_modifiers>
<autoresolver_ai_usage_group_combat_potential_modifiers record_uuid="{a1b00b19-3f01-4aa7-bdfc-b71a24e96177}" record_timestamp="1502986342046" record_key="ranged_direct_highvalue">
<additive_mod>1000</additive_mod>
<multiplier>1</multiplier>
<usage_group>ranged_direct_highvalue</usage_group>
</autoresolver_ai_usage_group_combat_potential_modifiers>
<autoresolver_ai_usage_group_combat_potential_modifiers record_uuid="{09cb0adb-3f98-458f-9058-e8f7b1b08334}" record_timestamp="1501073292898" record_key="ranged_direct_no_skirmish">
<additive_mod>0</additive_mod>
<multiplier>1</multiplier>
<usage_group>ranged_direct_no_skirmish</usage_group>
</autoresolver_ai_usage_group_combat_potential_modifiers>
<autoresolver_ai_usage_group_combat_potential_modifiers record_uuid="{eb94cdbe-0764-4094-9b16-3ec8b8f2198f}" record_timestamp="1501073292898" record_key="ranged_flanker">
<additive_mod>0</additive_mod>
<multiplier>1</multiplier>
<usage_group>ranged_flanker</usage_group>
</autoresolver_ai_usage_group_combat_potential_modifiers>
<autoresolver_ai_usage_group_combat_potential_modifiers record_uuid="{cc0c895d-d8f2-40c2-8ad2-c2bd836a5cab}" record_timestamp="1501073292898" record_key="ranged_harasser">
<additive_mod>0</additive_mod>
<multiplier>1</multiplier>
<usage_group>ranged_harasser</usage_group>
</autoresolver_ai_usage_group_combat_potential_modifiers>
<autoresolver_ai_usage_group_combat_potential_modifiers record_uuid="{32c54ede-e7fe-4cce-abf6-601c7e993fe2}" record_timestamp="1501073292897" record_key="ranged_harasser_flanker">
<additive_mod>0</additive_mod>
<multiplier>1</multiplier>
<usage_group>ranged_harasser_flanker</usage_group>
</autoresolver_ai_usage_group_combat_potential_modifiers>
<autoresolver_ai_usage_group_combat_potential_modifiers record_uuid="{706ab682-f0f3-489b-b73c-b98da4dc2cb1}" record_timestamp="1502986342076" record_key="ranged_harasser_highvalue">
<additive_mod>1000</additive_mod>
<multiplier>1</multiplier>
<usage_group>ranged_harasser_highvalue</usage_group>
</autoresolver_ai_usage_group_combat_potential_modifiers>
<autoresolver_ai_usage_group_combat_potential_modifiers record_uuid="{8db35623-02cb-4265-8ee1-f26cca11e4b7}" record_timestamp="1502986342065" record_key="ranged_highvalue">
<additive_mod>1000</additive_mod>
<multiplier>1</multiplier>
<usage_group>ranged_highvalue</usage_group>
</autoresolver_ai_usage_group_combat_potential_modifiers>
<autoresolver_ai_usage_group_combat_potential_modifiers record_uuid="{e0ecf17e-b1dd-40d1-8a11-967ada8de70d}" record_timestamp="1501073292897" record_key="ranged_indirect_arty">
<additive_mod>0</additive_mod>
<multiplier>1</multiplier>
<usage_group>ranged_indirect_arty</usage_group>
</autoresolver_ai_usage_group_combat_potential_modifiers>
<autoresolver_ai_usage_group_combat_potential_modifiers record_uuid="{b0a52ce2-9397-49f1-8776-c895ce0b837f}" record_timestamp="1501073292898" record_key="ranged_no_skirmish">
<additive_mod>0</additive_mod>
<multiplier>1</multiplier>
<usage_group>ranged_no_skirmish</usage_group>
</autoresolver_ai_usage_group_combat_potential_modifiers>
<autoresolver_ai_usage_group_combat_potential_modifiers record_uuid="{cbe176ad-1b9a-4de2-9cd4-18f0da4226ff}" record_timestamp="1502986341999" record_key="ranged_no_skirmish_gatecrusher">
<additive_mod>1000</additive_mod>
<multiplier>1</multiplier>
<usage_group>ranged_no_skirmish_gatecrusher</usage_group>
</autoresolver_ai_usage_group_combat_potential_modifiers>
<autoresolver_ai_usage_group_combat_potential_modifiers record_uuid="{32bb90bd-4af9-4a62-8bd2-ff8c23f14c0b}" record_timestamp="1501073292895" record_key="ranged_stalkers">
<additive_mod>0</additive_mod>
<multiplier>1</multiplier>
<usage_group>ranged_stalkers</usage_group>
</autoresolver_ai_usage_group_combat_potential_modifiers>
<autoresolver_ai_usage_group_combat_potential_modifiers record_uuid="{568e0468-7dff-4232-8c7b-87735a7a933d}" record_timestamp="1501073292894" record_key="ranged_stalkers_direct">
<additive_mod>0</additive_mod>
<multiplier>1</multiplier>
<usage_group>ranged_stalkers_direct</usage_group>
</autoresolver_ai_usage_group_combat_potential_modifiers>
<autoresolver_ai_usage_group_combat_potential_modifiers record_uuid="{50441c1a-17e8-4a42-9f3f-e73fe0457db3}" record_timestamp="1501073292895" record_key="ranged_stalkers_flanker">
<additive_mod>0</additive_mod>
<multiplier>1</multiplier>
<usage_group>ranged_stalkers_flanker</usage_group>
</autoresolver_ai_usage_group_combat_potential_modifiers>
<autoresolver_ai_usage_group_combat_potential_modifiers record_uuid="{4da033d6-b647-4e3b-a113-921002b14731}" record_timestamp="1501073292895" record_key="ranged_stalkers_flanker_harasser">
<additive_mod>0</additive_mod>
<multiplier>1</multiplier>
<usage_group>ranged_stalkers_flanker_harasser</usage_group>
</autoresolver_ai_usage_group_combat_potential_modifiers>
<autoresolver_ai_usage_group_combat_potential_modifiers record_uuid="{7187695f-8ae9-4331-8b74-1298fed4ba13}" record_timestamp="1501073292894" record_key="ranged_stalkers_harasser">
<additive_mod>0</additive_mod>
<multiplier>1</multiplier>
<usage_group>ranged_stalkers_harasser</usage_group>
</autoresolver_ai_usage_group_combat_potential_modifiers>
<autoresolver_ai_usage_group_combat_potential_modifiers record_uuid="{4b41ce7c-ad98-4543-ac18-ef87f9033b26}" record_timestamp="1501073292894" record_key="ranged_stalkers_harasser_flanker">
<additive_mod>0</additive_mod>
<multiplier>1</multiplier>
<usage_group>ranged_stalkers_harasser_flanker</usage_group>
</autoresolver_ai_usage_group_combat_potential_modifiers>
<autoresolver_ai_usage_group_combat_potential_modifiers record_uuid="{b63ae7dc-305b-4831-88f5-01819c433586}" record_timestamp="1502986342060" record_key="ranged_stalkers_harasser_highvalue">
<additive_mod>1000</additive_mod>
<multiplier>1</multiplier>
<usage_group>ranged_stalkers_harasser_highvalue</usage_group>
</autoresolver_ai_usage_group_combat_potential_modifiers>
<autoresolver_ai_usage_group_combat_potential_modifiers record_uuid="{ac0487fb-20a1-4d0d-b59e-06469826a948}" record_timestamp="1501073292894" record_key="ranged_stalkers_no_skirmish">
<additive_mod>0</additive_mod>
<multiplier>1</multiplier>
<usage_group>ranged_stalkers_no_skirmish</usage_group>
</autoresolver_ai_usage_group_combat_potential_modifiers>
</dataroot>
