<?xml version="1.0" encoding="UTF-8"?>
<dataroot xmlns:od="urn:schemas-microsoft-com:officedata" xmlns:xsi="http://www.w3.org/2001/XMLSchema-instance" xsi:noNamespaceSchemaLocation="autoresolver_optional_bool_enums.xsd" export_time="Thu Feb 9 09:50:40 2017" revision="1" export_branch="T:/TW/branches/warhammer2/dev/warhammer/binaries.x64" export_user="bob">
<edit_uuid>9fdcaa2d-b81b-4b96-b884-4ae3930d0098</edit_uuid>
<autoresolver_optional_bool_enums record_uuid="{32ea88c3-e03a-425f-b88e-f457e8a17ec7}" record_timestamp="1486633839954" record_key="false">
<key>false</key>
</autoresolver_optional_bool_enums>
<autoresolver_optional_bool_enums record_uuid="{b5399c65-d25e-4c9c-8ab9-df9e880a2473}" record_timestamp="1486633839953" record_key="true">
<key>true</key>
</autoresolver_optional_bool_enums>
</dataroot>
