<?xml version="1.0" encoding="UTF-8"?>
<dataroot xmlns:od="urn:schemas-microsoft-com:officedata" xmlns:xsi="http://www.w3.org/2001/XMLSchema-instance" xsi:noNamespaceSchemaLocation="autoresolver_modifier_multiplier_mechanic_enums.xsd" export_time="Thu Feb 9 09:50:40 2017" revision="1" export_branch="T:/TW/branches/warhammer2/dev/warhammer/binaries.x64" export_user="bob">
<edit_uuid>333f11ba-7f07-4b76-910d-8e22c0681b37</edit_uuid>
<autoresolver_modifier_multiplier_mechanic_enums record_uuid="{71ce6b5e-8886-443e-bba1-6ac36544bf2c}" record_timestamp="1486633839956" record_key="general_level">
<key>general_level</key>
</autoresolver_modifier_multiplier_mechanic_enums>
<autoresolver_modifier_multiplier_mechanic_enums record_uuid="{8249bdbb-08aa-4f5c-b7f9-5ba6882797dd}" record_timestamp="1486633839956" record_key="none">
<key>none</key>
</autoresolver_modifier_multiplier_mechanic_enums>
<autoresolver_modifier_multiplier_mechanic_enums record_uuid="{b18be8b8-3ac8-4c2c-bd55-497f4e64bf5f}" record_timestamp="1486633839956" record_key="siege_equipment_strength">
<key>siege_equipment_strength</key>
</autoresolver_modifier_multiplier_mechanic_enums>
</dataroot>
