<?xml version="1.0" encoding="UTF-8"?>
<dataroot xmlns:od="urn:schemas-microsoft-com:officedata" xmlns:xsi="http://www.w3.org/2001/XMLSchema-instance" xsi:noNamespaceSchemaLocation="autoresolver_modifier_bonus_types.xsd" export_time="Fri Oct 13 12:08:37 2017" revision="3" export_branch="C:/TW/branches/warhammer2/new_tomb/warhammer/binaries.x64" export_user="bob">
<edit_uuid>7011954a-ff04-4bdb-9d20-51aaaeeb1d95</edit_uuid>
<autoresolver_modifier_bonus_types record_uuid="{7e561aa8-41fb-4248-a3c5-0a241f7c60fe}" record_timestamp="1486633839954" record_key="alliance_selection_mod">
<description>alliance stat only</description>
<key>alliance_selection_mod</key>
</autoresolver_modifier_bonus_types>
<autoresolver_modifier_bonus_types record_uuid="{5baa45ed-0af1-4061-8abe-6d6481369f9b}" record_timestamp="1486633839956" record_key="unit_initial_ammo_multiplier">
<description>unit and unit vs stat</description>
<key>unit_initial_ammo_multiplier</key>
</autoresolver_modifier_bonus_types>
<autoresolver_modifier_bonus_types record_uuid="{71cc1729-041d-4332-84fb-60a3c5fbbecc}" record_timestamp="1486633839955" record_key="unit_melee_kps_addition">
<description>unit and unit vs stat</description>
<key>unit_melee_kps_addition</key>
</autoresolver_modifier_bonus_types>
<autoresolver_modifier_bonus_types record_uuid="{aea99cba-d731-494c-bc21-a7f51718ca82}" record_timestamp="1486633839954" record_key="unit_melee_kps_multiplier">
<description>unit and unit vs stat</description>
<key>unit_melee_kps_multiplier</key>
</autoresolver_modifier_bonus_types>
<autoresolver_modifier_bonus_types record_uuid="{00a567aa-1f1a-45b9-b9a6-9e4c2fcb4b3d}" record_timestamp="1486633839955" record_key="unit_missile_accuracy_kps_addition">
<description>unit and unit vs stat</description>
<key>unit_missile_accuracy_kps_addition</key>
</autoresolver_modifier_bonus_types>
<autoresolver_modifier_bonus_types record_uuid="{ef819b50-1d6a-4275-b781-7f634d84e3a7}" record_timestamp="1486633839955" record_key="unit_missile_accuracy_kps_multiplier">
<description>unit and unit vs stat</description>
<key>unit_missile_accuracy_kps_multiplier</key>
</autoresolver_modifier_bonus_types>
<autoresolver_modifier_bonus_types record_uuid="{0b3abe3e-9838-4680-b5b9-7c04f7e6f576}" record_timestamp="1486633839955" record_key="unit_missile_kps_addition">
<description>unit and unit vs stat</description>
<key>unit_missile_kps_addition</key>
</autoresolver_modifier_bonus_types>
<autoresolver_modifier_bonus_types record_uuid="{684264e0-f966-4816-adf6-9b25f3559cd4}" record_timestamp="1486633839955" record_key="unit_missile_kps_multiplier">
<description>unit and unit vs stat</description>
<key>unit_missile_kps_multiplier</key>
</autoresolver_modifier_bonus_types>
<autoresolver_modifier_bonus_types record_uuid="{0bb0a81a-1447-478e-8076-8ec82970c09a}" record_timestamp="1507892917676" record_key="unit_morale_loss_scale">
<description>unit stat oly</description>
<key>unit_morale_loss_scale</key>
</autoresolver_modifier_bonus_types>
<autoresolver_modifier_bonus_types record_uuid="{9f4ff2c7-0feb-42c7-af57-17da10635a23}" record_timestamp="1486633839954" record_key="unit_retreat_mod">
<description>unit stat only</description>
<key>unit_retreat_mod</key>
</autoresolver_modifier_bonus_types>
</dataroot>
