<?xml version="1.0" encoding="UTF-8"?>
<dataroot xmlns:od="urn:schemas-microsoft-com:officedata" xmlns:xsi="http://www.w3.org/2001/XMLSchema-instance" xsi:noNamespaceSchemaLocation="autoresolver_modifier_group_keys.xsd" export_time="Fri Oct 13 12:16:40 2017" revision="5" export_branch="C:/TW/branches/warhammer2/new_tomb/warhammer/binaries.x64" export_user="bob">
<edit_uuid>5cfa1552-438c-4d61-9988-c32c214775c1</edit_uuid>
<autoresolver_modifier_group_keys record_uuid="{ff7e2c92-f083-4abd-a8c3-1fd1f28850cc}" record_timestamp="1486996097759" record_key="wh_difficulty_kps_multiplier_penalty_easy">
<group_key>wh_difficulty_kps_multiplier_penalty_easy</group_key>
</autoresolver_modifier_group_keys>
<autoresolver_modifier_group_keys record_uuid="{7f22a10f-f983-4f1d-bc04-056b2d240602}" record_timestamp="1486996097752" record_key="wh_difficulty_kps_multiplier_penalty_hard">
<group_key>wh_difficulty_kps_multiplier_penalty_hard</group_key>
</autoresolver_modifier_group_keys>
<autoresolver_modifier_group_keys record_uuid="{29075d6d-4bc7-4331-802a-1b491be991cd}" record_timestamp="1486996097736" record_key="wh_difficulty_kps_multiplier_penalty_legendary">
<group_key>wh_difficulty_kps_multiplier_penalty_legendary</group_key>
</autoresolver_modifier_group_keys>
<autoresolver_modifier_group_keys record_uuid="{0e416248-781c-40c7-82ca-b52ba21c17f3}" record_timestamp="1486996097768" record_key="wh_difficulty_kps_multiplier_penalty_normal">
<group_key>wh_difficulty_kps_multiplier_penalty_normal</group_key>
</autoresolver_modifier_group_keys>
<autoresolver_modifier_group_keys record_uuid="{213308f3-0786-46b8-8b78-b01ee341e741}" record_timestamp="1486996097744" record_key="wh_difficulty_kps_multiplier_penalty_vhard">
<group_key>wh_difficulty_kps_multiplier_penalty_vhard</group_key>
</autoresolver_modifier_group_keys>
<autoresolver_modifier_group_keys record_uuid="{fc545736-2666-426e-b36a-a81d7aa853d2}" record_timestamp="1486633839957" record_key="wh_general_lvl_kps_multiplier_bonus">
<group_key>wh_general_lvl_kps_multiplier_bonus</group_key>
</autoresolver_modifier_group_keys>
<autoresolver_modifier_group_keys record_uuid="{374e189d-6b2d-4c32-b57d-a74c393e10c0}" record_timestamp="1497545943580" record_key="wh_global_cavalry_melee_kps_multiplier_bonus">
<group_key>wh_global_cavalry_melee_kps_multiplier_bonus</group_key>
</autoresolver_modifier_group_keys>
<autoresolver_modifier_group_keys record_uuid="{32b46056-0a7c-4769-bad6-c31a6ce56222}" record_timestamp="1486633839957" record_key="wh_global_ranged_kps_penalty">
<group_key>wh_global_ranged_kps_penalty</group_key>
</autoresolver_modifier_group_keys>
<autoresolver_modifier_group_keys record_uuid="{538e5e3c-664c-4e1a-a100-b12e06410f66}" record_timestamp="1507893400944" record_key="wh_global_reduced_morale_dmg">
<group_key>wh_global_reduced_morale_dmg</group_key>
</autoresolver_modifier_group_keys>
<autoresolver_modifier_group_keys record_uuid="{0fe24a58-d733-46d0-81af-a67913723fd4}" record_timestamp="1486633839957" record_key="wh_moderate_kps_multiplier_bonus">
<group_key>wh_moderate_kps_multiplier_bonus</group_key>
</autoresolver_modifier_group_keys>
<autoresolver_modifier_group_keys record_uuid="{e7f2bedc-2798-47df-bd63-1ffa5e64cf84}" record_timestamp="1486633839958" record_key="wh_no_retreat">
<group_key>wh_no_retreat</group_key>
</autoresolver_modifier_group_keys>
<autoresolver_modifier_group_keys record_uuid="{bc6e0992-e976-4e4e-848f-cf32c9a617c2}" record_timestamp="1486633839958" record_key="wh_settlement_human_v_ai_penalty">
<group_key>wh_settlement_human_v_ai_penalty</group_key>
</autoresolver_modifier_group_keys>
<autoresolver_modifier_group_keys record_uuid="{59b03980-78e8-4574-a9b8-083195d05270}" record_timestamp="1486633839958" record_key="wh_siege_eq_additive_bonus">
<group_key>wh_siege_eq_additive_bonus</group_key>
</autoresolver_modifier_group_keys>
<autoresolver_modifier_group_keys record_uuid="{ba319c51-687c-42ce-8fd4-6b5ba924f03f}" record_timestamp="1486633839958" record_key="wh_siege_eq_multiplier_ai_v_human_bonus">
<group_key>wh_siege_eq_multiplier_ai_v_human_bonus</group_key>
</autoresolver_modifier_group_keys>
<autoresolver_modifier_group_keys record_uuid="{83cba2cb-e45a-4402-b12c-48a17b0078a8}" record_timestamp="1486633839958" record_key="wh_siege_eq_multiplier_bonus">
<group_key>wh_siege_eq_multiplier_bonus</group_key>
</autoresolver_modifier_group_keys>
<autoresolver_modifier_group_keys record_uuid="{b6721b59-dfe5-4fff-b602-1c56c979ceae}" record_timestamp="1486633839958" record_key="wh_spell_moderate_kps_multiplier_bonus">
<group_key>wh_spell_moderate_kps_multiplier_bonus</group_key>
</autoresolver_modifier_group_keys>
<autoresolver_modifier_group_keys record_uuid="{78720245-c10c-4b06-8e6e-aa5a065961f4}" record_timestamp="1486633839958" record_key="wh_spell_moderate_kps_multiplier_penalty">
<group_key>wh_spell_moderate_kps_multiplier_penalty</group_key>
</autoresolver_modifier_group_keys>
<autoresolver_modifier_group_keys record_uuid="{2317d4d6-69a5-4358-94ed-a2991a33f00d}" record_timestamp="1486633839959" record_key="wh_spell_small_kps_multiplier_bonus">
<group_key>wh_spell_small_kps_multiplier_bonus</group_key>
</autoresolver_modifier_group_keys>
<autoresolver_modifier_group_keys record_uuid="{6db912d1-8a0f-40be-bedc-2615b1c06709}" record_timestamp="1486633839959" record_key="wh_spell_small_kps_multiplier_penalty">
<group_key>wh_spell_small_kps_multiplier_penalty</group_key>
</autoresolver_modifier_group_keys>
<autoresolver_modifier_group_keys record_uuid="{eada3ccb-d188-4c61-a5db-6f5b8572fe5f}" record_timestamp="1486633839959" record_key="wh_spell_strong_kps_multiplier_bonus">
<group_key>wh_spell_strong_kps_multiplier_bonus</group_key>
</autoresolver_modifier_group_keys>
<autoresolver_modifier_group_keys record_uuid="{15ff45cc-e50d-4c73-954f-248a2066eb46}" record_timestamp="1486633839959" record_key="wh_spell_strong_kps_multiplier_penalty">
<group_key>wh_spell_strong_kps_multiplier_penalty</group_key>
</autoresolver_modifier_group_keys>
<autoresolver_modifier_group_keys record_uuid="{b15bc559-5a44-4cee-a536-5275ea07324e}" record_timestamp="1486633839959" record_key="wh_strong_kps_multiplier_bonus">
<group_key>wh_strong_kps_multiplier_bonus</group_key>
</autoresolver_modifier_group_keys>
<autoresolver_modifier_group_keys record_uuid="{879954d4-4b0b-4833-b2ba-8916439aea64}" record_timestamp="1502904765195" record_key="wh_strong_ranged_kps_multiplier_penalty">
<group_key>wh_strong_ranged_kps_multiplier_penalty</group_key>
</autoresolver_modifier_group_keys>
</dataroot>
