<?xml version="1.0" encoding="UTF-8"?>
<dataroot xmlns:od="urn:schemas-microsoft-com:officedata" xmlns:xsi="http://www.w3.org/2001/XMLSchema-instance" xsi:noNamespaceSchemaLocation="battle_ai_abilities_usage_template_names.xsd" export_time="Fri Oct 13 12:08:39 2017" revision="23" export_branch="C:/TW/branches/warhammer2/new_tomb/warhammer/binaries.x64" export_user="bob">
<edit_uuid>81a608c5-f8bd-4da6-beeb-82f5c729ef98</edit_uuid>
<battle_ai_abilities_usage_template_names record_uuid="{813f138c-dc87-461a-b028-e723f91380ae}" record_timestamp="1459948157502" record_key="always_use_only_land">
<ai_ability_usage_template_key>always_use_only_land</ai_ability_usage_template_key>
<factor_bias>1</factor_bias>
</battle_ai_abilities_usage_template_names>
<battle_ai_abilities_usage_template_names record_uuid="{3ccd0109-2909-4dda-b950-09fe610e0135}" record_timestamp="1441712011505" record_key="aoe">
<ai_ability_usage_template_key>aoe</ai_ability_usage_template_key>
<factor_bias>1</factor_bias>
</battle_ai_abilities_usage_template_names>
<battle_ai_abilities_usage_template_names record_uuid="{c0067ae9-377c-40d0-80bf-50398fa3941e}" record_timestamp="1507892914550" record_key="aoe_bombardment">
<ai_ability_usage_template_key>aoe_bombardment</ai_ability_usage_template_key>
<factor_bias>1</factor_bias>
</battle_ai_abilities_usage_template_names>
<battle_ai_abilities_usage_template_names record_uuid="{a533fbbf-8c2e-45b5-84f6-d5909cdeb17f}" record_timestamp="1507892919779" record_key="aoe_centred_on_self">
<ai_ability_usage_template_key>aoe_centred_on_self</ai_ability_usage_template_key>
<factor_bias>1</factor_bias>
</battle_ai_abilities_usage_template_names>
<battle_ai_abilities_usage_template_names record_uuid="{918b5466-d3f6-41f2-9eff-5413f6650033}" record_timestamp="1490603443587" record_key="artillery_opportunity">
<ai_ability_usage_template_key>artillery_opportunity</ai_ability_usage_template_key>
<factor_bias>1</factor_bias>
</battle_ai_abilities_usage_template_names>
<battle_ai_abilities_usage_template_names record_uuid="{3bf4d0b9-5b36-44ce-a0e1-2fab354310b2}" record_timestamp="1490603443599" record_key="assault_opportunity">
<ai_ability_usage_template_key>assault_opportunity</ai_ability_usage_template_key>
<factor_bias>1</factor_bias>
</battle_ai_abilities_usage_template_names>
<battle_ai_abilities_usage_template_names record_uuid="{c5c8eeb1-89a1-495a-80d3-d04f600c81ea}" record_timestamp="1441712011992" record_key="augment_defense">
<ai_ability_usage_template_key>augment_defense</ai_ability_usage_template_key>
<factor_bias>1</factor_bias>
</battle_ai_abilities_usage_template_names>
<battle_ai_abilities_usage_template_names record_uuid="{225e24bb-eac7-4acd-a15e-0f3e3e1152d0}" record_timestamp="1489673656373" record_key="augment_defense_area">
<ai_ability_usage_template_key>augment_defense_area</ai_ability_usage_template_key>
<factor_bias>1</factor_bias>
</battle_ai_abilities_usage_template_names>
<battle_ai_abilities_usage_template_names record_uuid="{f80eaa36-a049-43aa-b773-bfc95b5fbd48}" record_timestamp="1489673656373" record_key="augment_flying">
<ai_ability_usage_template_key>augment_flying</ai_ability_usage_template_key>
<factor_bias>1</factor_bias>
</battle_ai_abilities_usage_template_names>
<battle_ai_abilities_usage_template_names record_uuid="{9b2894a1-038f-443f-b145-4a8655a8035a}" record_timestamp="1489673656373" record_key="augment_flying_area">
<ai_ability_usage_template_key>augment_flying_area</ai_ability_usage_template_key>
<factor_bias>1</factor_bias>
</battle_ai_abilities_usage_template_names>
<battle_ai_abilities_usage_template_names record_uuid="{a51e9fb0-38ee-4a45-8290-cf9214a86895}" record_timestamp="1429010109377" record_key="augment_melee">
<ai_ability_usage_template_key>augment_melee</ai_ability_usage_template_key>
<factor_bias>1</factor_bias>
</battle_ai_abilities_usage_template_names>
<battle_ai_abilities_usage_template_names record_uuid="{2d321e90-acf2-4719-af69-86175c4471e4}" record_timestamp="1441712017186" record_key="augment_melee_area">
<ai_ability_usage_template_key>augment_melee_area</ai_ability_usage_template_key>
<factor_bias>1</factor_bias>
</battle_ai_abilities_usage_template_names>
<battle_ai_abilities_usage_template_names record_uuid="{8a0d28fe-b8a5-4a25-a93a-2030440f9454}" record_timestamp="1490603443855" record_key="augment_melee_healing">
<ai_ability_usage_template_key>augment_melee_healing</ai_ability_usage_template_key>
<factor_bias>1</factor_bias>
</battle_ai_abilities_usage_template_names>
<battle_ai_abilities_usage_template_names record_uuid="{344f5503-f78b-4a5c-8682-a2dec6a513c6}" record_timestamp="1491229838661" record_key="augment_melee_healing_single_use">
<ai_ability_usage_template_key>augment_melee_healing_single_use</ai_ability_usage_template_key>
<factor_bias>1</factor_bias>
</battle_ai_abilities_usage_template_names>
<battle_ai_abilities_usage_template_names record_uuid="{96285702-f241-4a75-ab99-ccfe418ca6a7}" record_timestamp="1490603443305" record_key="augment_melee_morale">
<ai_ability_usage_template_key>augment_melee_morale</ai_ability_usage_template_key>
<factor_bias>1</factor_bias>
</battle_ai_abilities_usage_template_names>
<battle_ai_abilities_usage_template_names record_uuid="{5d13569c-56c0-470d-8cd6-98c3202cedd1}" record_timestamp="1489673656373" record_key="augment_melee_morale_area">
<ai_ability_usage_template_key>augment_melee_morale_area</ai_ability_usage_template_key>
<factor_bias>1</factor_bias>
</battle_ai_abilities_usage_template_names>
<battle_ai_abilities_usage_template_names record_uuid="{c5b149a8-c599-4a95-8d19-cbbc83c9eae7}" record_timestamp="1434116818598" record_key="augment_morale">
<ai_ability_usage_template_key>augment_morale</ai_ability_usage_template_key>
<factor_bias>1</factor_bias>
</battle_ai_abilities_usage_template_names>
<battle_ai_abilities_usage_template_names record_uuid="{97263e2b-68b6-4f65-a5a9-6eacd6543cb2}" record_timestamp="1441712019377" record_key="augment_morale_area">
<ai_ability_usage_template_key>augment_morale_area</ai_ability_usage_template_key>
<factor_bias>1</factor_bias>
</battle_ai_abilities_usage_template_names>
<battle_ai_abilities_usage_template_names record_uuid="{fbe478ac-1e49-4f4b-bef1-82a1fc0036cc}" record_timestamp="1489673656373" record_key="augment_morale_self_area">
<ai_ability_usage_template_key>augment_morale_self_area</ai_ability_usage_template_key>
<factor_bias>1</factor_bias>
</battle_ai_abilities_usage_template_names>
<battle_ai_abilities_usage_template_names record_uuid="{eb9dd2d7-7665-404f-880d-8b02569bf02e}" record_timestamp="1429010109378" record_key="augment_ranged">
<ai_ability_usage_template_key>augment_ranged</ai_ability_usage_template_key>
<factor_bias>1</factor_bias>
</battle_ai_abilities_usage_template_names>
<battle_ai_abilities_usage_template_names record_uuid="{875cc13a-90c9-4ead-8f68-795e38f21f8d}" record_timestamp="1489673656373" record_key="augment_ranged_area">
<ai_ability_usage_template_key>augment_ranged_area</ai_ability_usage_template_key>
<factor_bias>1</factor_bias>
</battle_ai_abilities_usage_template_names>
<battle_ai_abilities_usage_template_names record_uuid="{95464ecb-15f6-4222-9db3-95d998f8bcd6}" record_timestamp="1489673656373" record_key="augment_ranged_melee">
<ai_ability_usage_template_key>augment_ranged_melee</ai_ability_usage_template_key>
<factor_bias>1</factor_bias>
</battle_ai_abilities_usage_template_names>
<battle_ai_abilities_usage_template_names record_uuid="{3b2afef3-f6ad-48d9-9a28-132e6ead5ba3}" record_timestamp="1441712017091" record_key="augment_self_area">
<ai_ability_usage_template_key>augment_self_area</ai_ability_usage_template_key>
<factor_bias>1</factor_bias>
</battle_ai_abilities_usage_template_names>
<battle_ai_abilities_usage_template_names record_uuid="{2e091026-bf20-4e60-b526-11affbeb140e}" record_timestamp="1452535401712" record_key="augment_spellcasting">
<ai_ability_usage_template_key>augment_spellcasting</ai_ability_usage_template_key>
<factor_bias>1</factor_bias>
</battle_ai_abilities_usage_template_names>
<battle_ai_abilities_usage_template_names record_uuid="{f28f9edc-864c-4094-b96a-881f69d9203e}" record_timestamp="1449242110238" record_key="being_charged">
<ai_ability_usage_template_key>being_charged</ai_ability_usage_template_key>
<factor_bias>1</factor_bias>
</battle_ai_abilities_usage_template_names>
<battle_ai_abilities_usage_template_names record_uuid="{4ddd536e-d52a-4e56-b4b1-b980c1ff43c0}" record_timestamp="1490603443754" record_key="flanking_opportunity">
<ai_ability_usage_template_key>flanking_opportunity</ai_ability_usage_template_key>
<factor_bias>1</factor_bias>
</battle_ai_abilities_usage_template_names>
<battle_ai_abilities_usage_template_names record_uuid="{d5335fc4-aea6-444b-88ff-b042f3177ec2}" record_timestamp="1507892914545" record_key="full_hide">
<ai_ability_usage_template_key>full_hide</ai_ability_usage_template_key>
<factor_bias>1</factor_bias>
</battle_ai_abilities_usage_template_names>
<battle_ai_abilities_usage_template_names record_uuid="{a72ea089-d880-4519-9bfa-a6597f7f9e28}" record_timestamp="1430837727199" record_key="healing">
<ai_ability_usage_template_key>healing</ai_ability_usage_template_key>
<factor_bias>1</factor_bias>
</battle_ai_abilities_usage_template_names>
<battle_ai_abilities_usage_template_names record_uuid="{7f2267c2-0494-49c2-90ee-4770f30e669e}" record_timestamp="1491229838148" record_key="healing_single_use">
<ai_ability_usage_template_key>healing_single_use</ai_ability_usage_template_key>
<factor_bias>1</factor_bias>
</battle_ai_abilities_usage_template_names>
<battle_ai_abilities_usage_template_names record_uuid="{6efec279-0006-4946-8f4a-35e164d97590}" record_timestamp="1505902124337" record_key="hex_armour">
<ai_ability_usage_template_key>hex_armour</ai_ability_usage_template_key>
<factor_bias>1</factor_bias>
</battle_ai_abilities_usage_template_names>
<battle_ai_abilities_usage_template_names record_uuid="{4a231e55-e14c-4a5e-a2d6-9df56381aeb3}" record_timestamp="1505902124337" record_key="hex_armour_area">
<ai_ability_usage_template_key>hex_armour_area</ai_ability_usage_template_key>
<factor_bias>1</factor_bias>
</battle_ai_abilities_usage_template_names>
<battle_ai_abilities_usage_template_names record_uuid="{a4e5403c-8385-4b9e-ac55-d998cc70d7dc}" record_timestamp="1489673656373" record_key="hex_flying">
<ai_ability_usage_template_key>hex_flying</ai_ability_usage_template_key>
<factor_bias>1</factor_bias>
</battle_ai_abilities_usage_template_names>
<battle_ai_abilities_usage_template_names record_uuid="{dd1d25cf-5d99-4fc1-a757-de0be261a6c0}" record_timestamp="1489673656373" record_key="hex_flying_area">
<ai_ability_usage_template_key>hex_flying_area</ai_ability_usage_template_key>
<factor_bias>1</factor_bias>
</battle_ai_abilities_usage_template_names>
<battle_ai_abilities_usage_template_names record_uuid="{2c990574-3954-40af-928b-b583dc2632a5}" record_timestamp="1490603443843" record_key="hex_hiding_area">
<ai_ability_usage_template_key>hex_hiding_area</ai_ability_usage_template_key>
<factor_bias>1</factor_bias>
</battle_ai_abilities_usage_template_names>
<battle_ai_abilities_usage_template_names record_uuid="{cd4cffc1-dded-4709-ab10-c3bfdace4395}" record_timestamp="1429010109377" record_key="hex_melee">
<ai_ability_usage_template_key>hex_melee</ai_ability_usage_template_key>
<factor_bias>1</factor_bias>
</battle_ai_abilities_usage_template_names>
<battle_ai_abilities_usage_template_names record_uuid="{5f67a9b8-b3c7-4ce3-941c-e95537cb414b}" record_timestamp="1441712017937" record_key="hex_melee_area">
<ai_ability_usage_template_key>hex_melee_area</ai_ability_usage_template_key>
<factor_bias>1</factor_bias>
</battle_ai_abilities_usage_template_names>
<battle_ai_abilities_usage_template_names record_uuid="{cdadf8a4-4ba1-41fb-ad8d-3ede9ba86656}" record_timestamp="1507892919780" record_key="hex_melee_area_self">
<ai_ability_usage_template_key>hex_melee_area_self</ai_ability_usage_template_key>
<factor_bias>1</factor_bias>
</battle_ai_abilities_usage_template_names>
<battle_ai_abilities_usage_template_names record_uuid="{11750ffb-7432-43cc-9942-357390c7fdab}" record_timestamp="1429880268957" record_key="hex_morale">
<ai_ability_usage_template_key>hex_morale</ai_ability_usage_template_key>
<factor_bias>1</factor_bias>
</battle_ai_abilities_usage_template_names>
<battle_ai_abilities_usage_template_names record_uuid="{adeff166-3f64-41e0-bb43-dfedc8509788}" record_timestamp="1441712029298" record_key="hex_morale_area">
<ai_ability_usage_template_key>hex_morale_area</ai_ability_usage_template_key>
<factor_bias>1</factor_bias>
</battle_ai_abilities_usage_template_names>
<battle_ai_abilities_usage_template_names record_uuid="{726db67b-7afd-4086-b141-28dc29eddaed}" record_timestamp="1434116818628" record_key="hex_ranged">
<ai_ability_usage_template_key>hex_ranged</ai_ability_usage_template_key>
<factor_bias>1</factor_bias>
</battle_ai_abilities_usage_template_names>
<battle_ai_abilities_usage_template_names record_uuid="{e394ae39-f9b3-4b81-8e17-8bfb335e18f1}" record_timestamp="1441712020770" record_key="hex_ranged_area">
<ai_ability_usage_template_key>hex_ranged_area</ai_ability_usage_template_key>
<factor_bias>1</factor_bias>
</battle_ai_abilities_usage_template_names>
<battle_ai_abilities_usage_template_names record_uuid="{3f8d63c5-0474-414d-ba20-56a56df506a9}" record_timestamp="1489673656373" record_key="hex_ranged_melee_area">
<ai_ability_usage_template_key>hex_ranged_melee_area</ai_ability_usage_template_key>
<factor_bias>1</factor_bias>
</battle_ai_abilities_usage_template_names>
<battle_ai_abilities_usage_template_names record_uuid="{44e558dd-1b00-42f9-8774-0e1a3d01da53}" record_timestamp="1507892914554" record_key="hex_speed">
<ai_ability_usage_template_key>hex_speed</ai_ability_usage_template_key>
<factor_bias>1</factor_bias>
</battle_ai_abilities_usage_template_names>
<battle_ai_abilities_usage_template_names record_uuid="{85a173ef-684b-40b1-aeeb-98bd454ad8f4}" record_timestamp="1441712027697" record_key="hex_spellcaster">
<ai_ability_usage_template_key>hex_spellcaster</ai_ability_usage_template_key>
<factor_bias>1</factor_bias>
</battle_ai_abilities_usage_template_names>
<battle_ai_abilities_usage_template_names record_uuid="{f47a451e-33ce-4b75-8652-0bb7c7c94ad4}" record_timestamp="1489673656373" record_key="hex_spellcasting">
<ai_ability_usage_template_key>hex_spellcasting</ai_ability_usage_template_key>
<factor_bias>1</factor_bias>
</battle_ai_abilities_usage_template_names>
<battle_ai_abilities_usage_template_names record_uuid="{568f9bd8-33fb-49a4-af2c-0cc12a8c4890}" record_timestamp="1441712011388" record_key="projectile">
<ai_ability_usage_template_key>projectile</ai_ability_usage_template_key>
<factor_bias>1</factor_bias>
</battle_ai_abilities_usage_template_names>
<battle_ai_abilities_usage_template_names record_uuid="{3bdf41d6-f4a1-401c-b248-de187749b208}" record_timestamp="1505902124336" record_key="projectile_ap">
<ai_ability_usage_template_key>projectile_ap</ai_ability_usage_template_key>
<factor_bias>1</factor_bias>
</battle_ai_abilities_usage_template_names>
<battle_ai_abilities_usage_template_names record_uuid="{03d0bb3c-fa8c-4ff7-9f4f-fb896252ef76}" record_timestamp="1490603443818" record_key="projectile_homing">
<ai_ability_usage_template_key>projectile_homing</ai_ability_usage_template_key>
<factor_bias>1</factor_bias>
</battle_ai_abilities_usage_template_names>
<battle_ai_abilities_usage_template_names record_uuid="{46d478e2-f8f7-4974-9c2f-d8905e762fb0}" record_timestamp="1429010109385" record_key="projectile_large">
<ai_ability_usage_template_key>projectile_large</ai_ability_usage_template_key>
<factor_bias>1</factor_bias>
</battle_ai_abilities_usage_template_names>
<battle_ai_abilities_usage_template_names record_uuid="{af2f5888-f8f4-48d6-9822-ffa95e5443f9}" record_timestamp="1429178336442" record_key="projectile_large_explosive">
<ai_ability_usage_template_key>projectile_large_explosive</ai_ability_usage_template_key>
<factor_bias>1</factor_bias>
</battle_ai_abilities_usage_template_names>
<battle_ai_abilities_usage_template_names record_uuid="{d35409ff-1827-4cc9-89b8-cbafce630072}" record_timestamp="1429010109378" record_key="projectile_low_power">
<ai_ability_usage_template_key>projectile_low_power</ai_ability_usage_template_key>
<factor_bias>1</factor_bias>
</battle_ai_abilities_usage_template_names>
<battle_ai_abilities_usage_template_names record_uuid="{579c7b33-c04d-45cc-85b0-0650f071840a}" record_timestamp="1434116818576" record_key="projectile_low_power_explosive">
<ai_ability_usage_template_key>projectile_low_power_explosive</ai_ability_usage_template_key>
<factor_bias>1</factor_bias>
</battle_ai_abilities_usage_template_names>
<battle_ai_abilities_usage_template_names record_uuid="{0cb4d5ea-3c15-48d3-b05d-00bd90093b8a}" record_timestamp="1507892919780" record_key="ranged_defense">
<ai_ability_usage_template_key>ranged_defense</ai_ability_usage_template_key>
<factor_bias>1</factor_bias>
</battle_ai_abilities_usage_template_names>
<battle_ai_abilities_usage_template_names record_uuid="{d664fb52-c571-414c-9767-ca9e4c1869ab}" record_timestamp="1449578120586" record_key="threatened">
<ai_ability_usage_template_key>threatened</ai_ability_usage_template_key>
<factor_bias>1</factor_bias>
</battle_ai_abilities_usage_template_names>
<battle_ai_abilities_usage_template_names record_uuid="{79733b29-9bb6-4729-8dbf-a1f3913a6174}" record_timestamp="1430304700419" record_key="vortex">
<ai_ability_usage_template_key>vortex</ai_ability_usage_template_key>
<factor_bias>1</factor_bias>
</battle_ai_abilities_usage_template_names>
<battle_ai_abilities_usage_template_names record_uuid="{bda7bfe5-c421-4f93-b979-55d365fb9ad1}" record_timestamp="1489673656373" record_key="vortex_breath">
<ai_ability_usage_template_key>vortex_breath</ai_ability_usage_template_key>
<factor_bias>1</factor_bias>
</battle_ai_abilities_usage_template_names>
<battle_ai_abilities_usage_template_names record_uuid="{19a85122-3637-4d2f-87be-5f0458d6f91d}" record_timestamp="1500556729513" record_key="vortex_flying_only">
<ai_ability_usage_template_key>vortex_flying_only</ai_ability_usage_template_key>
<factor_bias>1</factor_bias>
</battle_ai_abilities_usage_template_names>
<battle_ai_abilities_usage_template_names record_uuid="{41838825-25ae-45e6-82bb-1e52ccd11f2f}" record_timestamp="1489673656373" record_key="vortex_wind">
<ai_ability_usage_template_key>vortex_wind</ai_ability_usage_template_key>
<factor_bias>1</factor_bias>
</battle_ai_abilities_usage_template_names>
</dataroot>
