<?xml version="1.0" encoding="UTF-8"?>
<dataroot xmlns:od="urn:schemas-microsoft-com:officedata" xmlns:xsi="http://www.w3.org/2001/XMLSchema-instance" xsi:noNamespaceSchemaLocation="battle_weather_types.xsd" export_time="Mon Aug 24 09:57:42 2015" revision="12" export_branch="C:/fetch_c/warhammer/binaries" export_user="bob">
<edit_uuid>0d04ef59-0552-437f-8620-348da127f5a2</edit_uuid>
<battle_weather_types record_uuid="{49b037b6-3d56-4062-965e-df5fff60fbcb}" record_key="dry">
<accuracy_multiplier>1</accuracy_multiplier>
<bow_reload_bonus>0</bow_reload_bonus>
<gun_reload_bonus>0</gun_reload_bonus>
<key>dry</key>
<level>0</level>
<list_order>0</list_order>
<naval_appropriate>1</naval_appropriate>
<num_particles>0</num_particles>
<onscreen state="APPROVED" last_approved_text="Dry" last_edit_user="bob">Dry</onscreen>
<particle_size>0</particle_size>
<particle_speed>0</particle_speed>
<precipitation_type>dry</precipitation_type>
</battle_weather_types>
<battle_weather_types record_uuid="{93916736-998d-4951-9895-3985da5a0fed}" record_key="fog">
<accuracy_multiplier>1</accuracy_multiplier>
<bow_reload_bonus>0</bow_reload_bonus>
<gun_reload_bonus>0</gun_reload_bonus>
<key>fog</key>
<level>0</level>
<list_order>0</list_order>
<naval_appropriate>1</naval_appropriate>
<num_particles>0</num_particles>
<onscreen state="APPROVED" last_approved_text="Fog" last_edit_user="bob">Fog</onscreen>
<particle_size>0</particle_size>
<particle_speed>0</particle_speed>
<precipitation_type>fog</precipitation_type>
</battle_weather_types>
<battle_weather_types record_uuid="{984ac3b4-d24f-4630-a2fe-177933a9515b}" record_timestamp="1435224303498" record_key="rain">
<accuracy_multiplier>1</accuracy_multiplier>
<bow_reload_bonus>0</bow_reload_bonus>
<gun_reload_bonus>-6</gun_reload_bonus>
<key>rain</key>
<level>0</level>
<list_order>0</list_order>
<naval_appropriate>1</naval_appropriate>
<num_particles>0</num_particles>
<onscreen state="APPROVED" last_approved_text="Rain" last_edit_user="bob">Rain</onscreen>
<particle_size>0</particle_size>
<particle_speed>0</particle_speed>
<precipitation_type>rain</precipitation_type>
</battle_weather_types>
<battle_weather_types record_uuid="{dac22432-6c28-4ac3-8816-d93b40605a68}" record_key="snow">
<accuracy_multiplier>1</accuracy_multiplier>
<bow_reload_bonus>0</bow_reload_bonus>
<gun_reload_bonus>0</gun_reload_bonus>
<key>snow</key>
<level>0</level>
<list_order>0</list_order>
<naval_appropriate>1</naval_appropriate>
<num_particles>0</num_particles>
<onscreen state="APPROVED" last_approved_text="Snow" last_edit_user="bob">Snow</onscreen>
<particle_size>0</particle_size>
<particle_speed>0</particle_speed>
<precipitation_type>snow</precipitation_type>
</battle_weather_types>
</dataroot>
