<?xml version="1.0" encoding="UTF-8"?>
<dataroot xmlns:od="urn:schemas-microsoft-com:officedata" xmlns:xsi="http://www.w3.org/2001/XMLSchema-instance" xsi:noNamespaceSchemaLocation="battle_cinematic_event_categories.xsd" export_time="Mon Aug 24 09:57:40 2015" revision="7" export_branch="C:/fetch_c/warhammer/binaries" export_user="bob">
<edit_uuid>3aa3c241-3426-470f-86c5-be6a3e1c2445</edit_uuid>
<battle_cinematic_event_categories record_uuid="{9afdb410-1a0a-420f-ba1d-2c44cde46123}" record_timestamp="1374317804205" record_key="artillery_picked_up">
<key>artillery_picked_up</key>
</battle_cinematic_event_categories>
<battle_cinematic_event_categories record_uuid="{69ca4271-172b-4082-86fd-1872c1334663}" record_timestamp="1366109003024" record_key="balance_of_power_shift">
<key>balance_of_power_shift</key>
</battle_cinematic_event_categories>
<battle_cinematic_event_categories record_uuid="{24685edc-6a66-414f-9b21-4a1aa4257f3f}" record_timestamp="1366109002980" record_key="being_boarded">
<key>being_boarded</key>
</battle_cinematic_event_categories>
<battle_cinematic_event_categories record_uuid="{8b3494fd-58a7-437c-9f15-f1e25f9f4b04}" record_timestamp="1366109002901" record_key="being_charged">
<key>being_charged</key>
</battle_cinematic_event_categories>
<battle_cinematic_event_categories record_uuid="{acd563d1-3306-42e5-ab17-7556b1587275}" record_timestamp="1367419818632" record_key="being_charged_cavalry">
<key>being_charged_cavalry</key>
</battle_cinematic_event_categories>
<battle_cinematic_event_categories record_uuid="{d55f5cd2-9c47-4fe1-8d9b-47091ceeff4d}" record_timestamp="1367419818677" record_key="being_charged_chariot">
<key>being_charged_chariot</key>
</battle_cinematic_event_categories>
<battle_cinematic_event_categories record_uuid="{32c0ce57-10cc-42c1-a8df-2b0bc97c1f0c}" record_timestamp="1367419818705" record_key="being_charged_elephant">
<key>being_charged_elephant</key>
</battle_cinematic_event_categories>
<battle_cinematic_event_categories record_uuid="{e1c83790-e710-427b-9e8a-7455322f7d38}" record_timestamp="1366109002943" record_key="being_rammed">
<key>being_rammed</key>
</battle_cinematic_event_categories>
<battle_cinematic_event_categories record_uuid="{43c88a1b-2c5e-47d3-aeb2-bc74af257b28}" record_timestamp="1366109003467" record_key="berserk_unit">
<key>berserk_unit</key>
</battle_cinematic_event_categories>
<battle_cinematic_event_categories record_uuid="{cfb66c3b-6da6-425f-86c1-bf7914e2d3d1}" record_timestamp="1366109002960" record_key="boarding">
<key>boarding</key>
</battle_cinematic_event_categories>
<battle_cinematic_event_categories record_uuid="{43120b14-91a1-425f-b100-32c5953f852e}" record_timestamp="1366109003134" record_key="building_breached">
<key>building_breached</key>
</battle_cinematic_event_categories>
<battle_cinematic_event_categories record_uuid="{ecf61313-7aac-4717-8a07-b05ff48c2831}" record_timestamp="1366109003106" record_key="building_destroyed">
<key>building_destroyed</key>
</battle_cinematic_event_categories>
<battle_cinematic_event_categories record_uuid="{1bf6c8bc-a64b-4401-9454-61916b83a767}" record_timestamp="1366109003163" record_key="captured_point">
<key>captured_point</key>
</battle_cinematic_event_categories>
<battle_cinematic_event_categories record_uuid="{24b87117-2952-4c39-9391-06433993906d}" record_timestamp="1366109002914" record_key="charging">
<key>charging</key>
</battle_cinematic_event_categories>
<battle_cinematic_event_categories record_uuid="{62737cce-90fa-4a79-a7e1-3209c9de9d98}" record_timestamp="1367419818732" record_key="charging_cavalry">
<key>charging_cavalry</key>
</battle_cinematic_event_categories>
<battle_cinematic_event_categories record_uuid="{eff6f92a-7220-4620-82cd-cbd476582646}" record_timestamp="1367419818759" record_key="charging_chariot">
<key>charging_chariot</key>
</battle_cinematic_event_categories>
<battle_cinematic_event_categories record_uuid="{c51eaf0c-bbee-495b-8daa-e513cd679345}" record_timestamp="1367419818785" record_key="charging_elephant">
<key>charging_elephant</key>
</battle_cinematic_event_categories>
<battle_cinematic_event_categories record_uuid="{efdf3688-27f7-4050-a2e5-6920df0fa38b}" record_timestamp="1366109003404" record_key="general_killed">
<key>general_killed</key>
</battle_cinematic_event_categories>
<battle_cinematic_event_categories record_uuid="{91e5f043-a2d7-4d8a-a7eb-5f846002ada6}" record_timestamp="1366109003435" record_key="generals_speech">
<key>generals_speech</key>
</battle_cinematic_event_categories>
<battle_cinematic_event_categories record_uuid="{c7263863-ba6b-422d-a1b7-5dcf5fa4494f}" record_timestamp="1367404813353" record_key="none">
<key>none</key>
</battle_cinematic_event_categories>
<battle_cinematic_event_categories record_uuid="{0275e723-f6a3-492b-a246-aa0b4df5c56b}" record_timestamp="1366109002927" record_key="ramming">
<key>ramming</key>
</battle_cinematic_event_categories>
<battle_cinematic_event_categories record_uuid="{96c13b6d-59c8-4a81-84aa-e1936319e2e8}" record_timestamp="1366109003499" record_key="reinforcements_arrived">
<key>reinforcements_arrived</key>
</battle_cinematic_event_categories>
<battle_cinematic_event_categories record_uuid="{9613a138-d383-4fe0-b9dd-f3881a943210}" record_timestamp="1366109003250" record_key="ship_disembark">
<key>ship_disembark</key>
</battle_cinematic_event_categories>
<battle_cinematic_event_categories record_uuid="{c8e9182a-879d-46ae-bf4d-3a04ac5f7cc0}" record_timestamp="1366109003192" record_key="ship_on_fire">
<key>ship_on_fire</key>
</battle_cinematic_event_categories>
<battle_cinematic_event_categories record_uuid="{470a3366-26fe-4a2a-8c49-8c142639f619}" record_timestamp="1366109003221" record_key="ship_sinking">
<key>ship_sinking</key>
</battle_cinematic_event_categories>
<battle_cinematic_event_categories record_uuid="{c7cb48a7-393b-4255-89c4-3ca11f56b5d0}" record_timestamp="1366109003077" record_key="unit_destroyed">
<key>unit_destroyed</key>
</battle_cinematic_event_categories>
<battle_cinematic_event_categories record_uuid="{f52b3f95-e376-4533-b1c5-a84e93881ed8}" record_timestamp="1374317804227" record_key="unit_on_fire">
<key>unit_on_fire</key>
</battle_cinematic_event_categories>
<battle_cinematic_event_categories record_uuid="{c980e16d-ea9f-479e-aeff-f19f62963508}" record_timestamp="1366109003049" record_key="unit_routing">
<key>unit_routing</key>
</battle_cinematic_event_categories>
<battle_cinematic_event_categories record_uuid="{c92b9cc4-24ad-477c-8076-436031ba4afb}" record_timestamp="1366109003001" record_key="unit_spotted">
<key>unit_spotted</key>
</battle_cinematic_event_categories>
<battle_cinematic_event_categories record_uuid="{78d15401-2eac-49c9-ac29-cdc495a9f66a}" record_timestamp="1366109003373" record_key="unit_withdrawing">
<key>unit_withdrawing</key>
</battle_cinematic_event_categories>
<battle_cinematic_event_categories record_uuid="{5d04f9c8-9c7f-49bf-b485-e6cbbf071d97}" record_timestamp="1366109003280" record_key="vehicle_destroyed">
<key>vehicle_destroyed</key>
</battle_cinematic_event_categories>
<battle_cinematic_event_categories record_uuid="{07f22f38-097b-481a-83db-546b85f9d25f}" record_timestamp="1366109003311" record_key="vehicle_entered">
<key>vehicle_entered</key>
</battle_cinematic_event_categories>
<battle_cinematic_event_categories record_uuid="{918008d0-8852-4672-85e3-417c052d3cda}" record_timestamp="1366109003342" record_key="vehicle_left">
<key>vehicle_left</key>
</battle_cinematic_event_categories>
</dataroot>
