<?xml version="1.0" encoding="UTF-8"?>
<dataroot xmlns:od="urn:schemas-microsoft-com:officedata" xmlns:xsi="http://www.w3.org/2001/XMLSchema-instance" xsi:noNamespaceSchemaLocation="battle_misc_effects.xsd" export_time="Mon Jul 17 15:48:53 2017" revision="34" export_branch="E:/TW/branches/warhammer2/dev/warhammer/binaries.x64" export_user="bob">
<edit_uuid>79b330b5-299f-4966-9264-05322fa84c27</edit_uuid>
<battle_misc_effects record_uuid="{a823e081-0bb7-4307-ae97-36385347579d}" record_key="door_smash">
<effect></effect>
<name>door_smash</name>
</battle_misc_effects>
<battle_misc_effects record_uuid="{5cdd6beb-c11d-4ba0-9794-e5e5a57845d7}" record_timestamp="1421853303940" record_key="fire_misc">
<effect></effect>
<name>fire_misc</name>
</battle_misc_effects>
<battle_misc_effects record_uuid="{1ad90297-3bf3-4155-9093-1bdc5e38e521}" record_timestamp="1421849654497" record_key="incendiary_smoke">
<effect></effect>
<name>incendiary_smoke</name>
</battle_misc_effects>
<battle_misc_effects record_uuid="{a0878c2a-c42f-4520-ba9f-330ed31459ac}" record_timestamp="1444919174485" record_key="land_on_building">
<effect>wh_main_impact_large_rock</effect>
<name>land_on_building</name>
</battle_misc_effects>
<battle_misc_effects record_uuid="{98426a08-769a-4141-800a-ac8568dc7644}" record_timestamp="1446819810806" record_key="melee_dust_async_attack">
<effect>wh_main_terrain_entity_move_small_rock</effect>
<name>melee_dust_async_attack</name>
</battle_misc_effects>
<battle_misc_effects record_uuid="{54a807b5-214c-4b7d-9af3-aa8eabdd7783}" record_timestamp="1446819810805" record_key="melee_dust_charge">
<effect>wh_main_terrain_entity_move_large_rock</effect>
<name>melee_dust_charge</name>
</battle_misc_effects>
<battle_misc_effects record_uuid="{96392807-8742-40dd-bd18-5fd9d1df6875}" record_timestamp="1500302933074" record_key="ping_look_at_vfx">
<effect>tutorial_look_at_battle</effect>
<name>ping_look_at_vfx</name>
</battle_misc_effects>
<battle_misc_effects record_uuid="{976d76b3-7a26-437c-89ae-3819478b5aa7}" record_timestamp="1500302933069" record_key="ping_move_to_vfx">
<effect>tutorial_move_to_battle</effect>
<name>ping_move_to_vfx</name>
</battle_misc_effects>
<battle_misc_effects record_uuid="{ceac8378-0895-47b4-b865-b373bba3e9a8}" record_timestamp="1500302933080" record_key="ping_select_vfx">
<effect>tutorial_select_battle</effect>
<name>ping_select_vfx</name>
</battle_misc_effects>
<battle_misc_effects record_uuid="{cc6d0aab-88cd-442b-837d-b8b5cc26a5f6}" record_key="splash_large">
<effect></effect>
<name>splash_large</name>
</battle_misc_effects>
<battle_misc_effects record_uuid="{97b9c022-d68a-492f-a828-b921bf9f2a37}" record_key="splash_medium">
<effect></effect>
<name>splash_medium</name>
</battle_misc_effects>
<battle_misc_effects record_uuid="{8719ba1b-cc9d-4e6b-9814-08eaf6a3f51a}" record_key="splash_small">
<effect></effect>
<name>splash_small</name>
</battle_misc_effects>
<battle_misc_effects record_uuid="{831bf230-67a0-4d34-92b3-e3bfcb43fabe}" record_timestamp="1421849654176" record_key="ui_bastion_marker">
<effect></effect>
<name>ui_bastion_marker</name>
</battle_misc_effects>
<battle_misc_effects record_uuid="{b4ba2976-6582-43e0-aa2c-825d072136c3}" record_timestamp="1449756526990" record_key="ui_capture_point_captured">
<effect>wh_main_capture_complete</effect>
<name>ui_capture_point_captured</name>
</battle_misc_effects>
<battle_misc_effects record_uuid="{6391e111-c740-45a8-a662-cf960ef39d6d}" record_timestamp="1449680214198" record_key="ui_capture_point_capturing">
<effect>wh_main_capture_point_gained</effect>
<name>ui_capture_point_capturing</name>
</battle_misc_effects>
<battle_misc_effects record_uuid="{cccbae1d-6b1b-48eb-ba88-604aaafeb725}" record_timestamp="1449680214205" record_key="ui_capture_point_losing">
<effect>wh_main_capture_point_lost</effect>
<name>ui_capture_point_losing</name>
</battle_misc_effects>
<battle_misc_effects record_uuid="{918750db-63c5-4dfc-8a38-dc2ad791bedd}" record_timestamp="1421849654245" record_key="ui_capture_point_lost">
<effect></effect>
<name>ui_capture_point_lost</name>
</battle_misc_effects>
<battle_misc_effects record_uuid="{a9ca9e45-6ce6-468c-b65c-286896c9038a}" record_timestamp="1421849654267" record_key="ui_disembark_marker">
<effect></effect>
<name>ui_disembark_marker</name>
</battle_misc_effects>
<battle_misc_effects record_uuid="{d67f79d3-61da-485f-aae1-ac572e3449c1}" record_timestamp="1421849654288" record_key="ui_general_mouse_over">
<effect></effect>
<name>ui_general_mouse_over</name>
</battle_misc_effects>
<battle_misc_effects record_uuid="{1d85de9f-aeb6-43ec-b002-f3272e3088a1}" record_timestamp="1421849654308" record_key="ui_general_selection">
<effect></effect>
<name>ui_general_selection</name>
</battle_misc_effects>
<battle_misc_effects record_uuid="{4bc45ee0-c5a1-4983-98b2-343d809c0e87}" record_timestamp="1421849654328" record_key="ui_heavy_mouse_over">
<effect></effect>
<name>ui_heavy_mouse_over</name>
</battle_misc_effects>
<battle_misc_effects record_uuid="{ef743f2e-7d08-4767-8f08-7e6836581396}" record_timestamp="1421849654350" record_key="ui_heavy_selection">
<effect></effect>
<name>ui_heavy_selection</name>
</battle_misc_effects>
<battle_misc_effects record_uuid="{80f54997-c839-485e-aa61-21c3ba11bf36}" record_timestamp="1421849654368" record_key="ui_hidden_units">
<effect></effect>
<name>ui_hidden_units</name>
</battle_misc_effects>
<battle_misc_effects record_uuid="{d82cd761-1cbf-45c8-ad9d-0543cd9dc463}" record_timestamp="1421849654387" record_key="ui_light_mouse_over">
<effect></effect>
<name>ui_light_mouse_over</name>
</battle_misc_effects>
<battle_misc_effects record_uuid="{757c8e59-f1a5-420b-b3c8-deefef68bcb1}" record_timestamp="1421849654408" record_key="ui_light_selection">
<effect></effect>
<name>ui_light_selection</name>
</battle_misc_effects>
<battle_misc_effects record_uuid="{083a70a0-7be9-43cd-aa79-acb316295df3}" record_timestamp="1439997783050" record_key="ui_medium_mouse_over">
<effect>wh_main_ui_medium_selection</effect>
<name>ui_medium_mouse_over</name>
</battle_misc_effects>
<battle_misc_effects record_uuid="{d5b0fa4c-8e5e-412b-8122-eb28befec228}" record_timestamp="1439997783044" record_key="ui_medium_selection">
<effect>wh_main_ui_medium_selection</effect>
<name>ui_medium_selection</name>
</battle_misc_effects>
<battle_misc_effects record_uuid="{57138751-782d-49d0-b154-22119dd545b1}" record_timestamp="1421849654474" record_key="ui_objectives_marker">
<effect></effect>
<name>ui_objectives_marker</name>
</battle_misc_effects>
<battle_misc_effects record_uuid="{d5d6eb35-be9b-458d-a499-e1d47e16566e}" record_timestamp="1490622805992" record_key="ui_out_of_control">
<effect>wh2_main_ui_banner_rampage</effect>
<name>ui_out_of_control</name>
</battle_misc_effects>
<battle_misc_effects record_uuid="{fddcbc62-f429-48b2-afc9-d7505bce5edf}" record_timestamp="1481647402438" record_key="ui_ping">
<effect>tutorial_select</effect>
<name>ui_ping</name>
</battle_misc_effects>
<battle_misc_effects record_uuid="{29fb5ded-7108-402c-a109-26c9f065f728}" record_key="window_smash">
<effect></effect>
<name>window_smash</name>
</battle_misc_effects>
</dataroot>
