<?xml version="1.0" encoding="UTF-8"?>
<dataroot xmlns:od="urn:schemas-microsoft-com:officedata" xmlns:xsi="http://www.w3.org/2001/XMLSchema-instance" xsi:noNamespaceSchemaLocation="battle_context_unit_attribute_junctions.xsd" export_time="Wed Oct 4 14:05:58 2017" revision="3" export_branch="T:/" export_user="bob">
<edit_uuid>7ec26905-8feb-447a-87a3-f6a48fd7d315</edit_uuid>
<battle_context_unit_attribute_junctions record_uuid="{c8ba6f1a-c009-4ce2-a50c-d70053cb6b9d}" record_timestamp="1507122358143" record_key="wh2_dlc09_effect_force_unit_attribute_causes_fear_during_subterranean">
<battle_context>fighting_battle_type_subterranean</battle_context>
<key>wh2_dlc09_effect_force_unit_attribute_causes_fear_during_subterranean</key>
<unit_attribute>causes_fear</unit_attribute>
</battle_context_unit_attribute_junctions>
<battle_context_unit_attribute_junctions record_uuid="{05bd4030-5ee1-400d-86f4-ec05c2e38b7c}" record_timestamp="1490180364391" record_key="wh2_main_effect_cause_fear_versus_brt">
<battle_context>fighting_culture_empire_and_bretonnia</battle_context>
<key>wh2_main_effect_cause_fear_versus_brt</key>
<unit_attribute>causes_fear</unit_attribute>
</battle_context_unit_attribute_junctions>
<battle_context_unit_attribute_junctions record_uuid="{e1d66255-6bde-4ad8-9fa9-19a2b345adb9}" record_timestamp="1490180364398" record_key="wh2_main_effect_cause_fear_versus_bst">
<battle_context>fighting_culture_beastmen</battle_context>
<key>wh2_main_effect_cause_fear_versus_bst</key>
<unit_attribute>causes_fear</unit_attribute>
</battle_context_unit_attribute_junctions>
<battle_context_unit_attribute_junctions record_uuid="{28b81950-2bd2-4365-8915-f5e0372d50cf}" record_timestamp="1490180364377" record_key="wh2_main_effect_cause_fear_versus_chs">
<battle_context>fighting_culture_chaos</battle_context>
<key>wh2_main_effect_cause_fear_versus_chs</key>
<unit_attribute>causes_fear</unit_attribute>
</battle_context_unit_attribute_junctions>
<battle_context_unit_attribute_junctions record_uuid="{a64e6692-7d25-43c4-82f3-6ce49261f206}" record_timestamp="1490180364384" record_key="wh2_main_effect_cause_fear_versus_def">
<battle_context>fighting_culture_darkelf</battle_context>
<key>wh2_main_effect_cause_fear_versus_def</key>
<unit_attribute>causes_fear</unit_attribute>
</battle_context_unit_attribute_junctions>
<battle_context_unit_attribute_junctions record_uuid="{2344bd80-e371-4f48-9067-2e7404295474}" record_timestamp="1490180364363" record_key="wh2_main_effect_cause_fear_versus_dwf">
<battle_context>fighting_culture_dwarfs</battle_context>
<key>wh2_main_effect_cause_fear_versus_dwf</key>
<unit_attribute>causes_fear</unit_attribute>
</battle_context_unit_attribute_junctions>
<battle_context_unit_attribute_junctions record_uuid="{55ccb6f6-ed24-4e0f-ba35-960208520830}" record_timestamp="1490180364370" record_key="wh2_main_effect_cause_fear_versus_emp">
<battle_context>fighting_culture_empire_and_bretonnia</battle_context>
<key>wh2_main_effect_cause_fear_versus_emp</key>
<unit_attribute>causes_fear</unit_attribute>
</battle_context_unit_attribute_junctions>
<battle_context_unit_attribute_junctions record_uuid="{0fb244b3-7c25-423b-a2dd-72d9c50e8957}" record_timestamp="1490180364349" record_key="wh2_main_effect_cause_fear_versus_grn">
<battle_context>fighting_culture_greenskins</battle_context>
<key>wh2_main_effect_cause_fear_versus_grn</key>
<unit_attribute>causes_fear</unit_attribute>
</battle_context_unit_attribute_junctions>
<battle_context_unit_attribute_junctions record_uuid="{3e880e2e-5059-44c2-a7e7-3baffe594512}" record_timestamp="1490180364356" record_key="wh2_main_effect_cause_fear_versus_hef">
<battle_context>fighting_culture_highelf</battle_context>
<key>wh2_main_effect_cause_fear_versus_hef</key>
<unit_attribute>causes_fear</unit_attribute>
</battle_context_unit_attribute_junctions>
<battle_context_unit_attribute_junctions record_uuid="{33e28c8b-c7f9-428a-b2ef-ec9c3cc24cc8}" record_timestamp="1490180364335" record_key="wh2_main_effect_cause_fear_versus_human">
<battle_context>fighting_culture_empire_and_bretonnia</battle_context>
<key>wh2_main_effect_cause_fear_versus_human</key>
<unit_attribute>causes_fear</unit_attribute>
</battle_context_unit_attribute_junctions>
<battle_context_unit_attribute_junctions record_uuid="{50e25199-9504-46d4-99b5-b3bfe9544b6f}" record_timestamp="1490180364342" record_key="wh2_main_effect_cause_fear_versus_lzd">
<battle_context>fighting_culture_lizardmen</battle_context>
<key>wh2_main_effect_cause_fear_versus_lzd</key>
<unit_attribute>causes_fear</unit_attribute>
</battle_context_unit_attribute_junctions>
<battle_context_unit_attribute_junctions record_uuid="{0555acce-8e9d-446b-b07e-889c9f62f643}" record_timestamp="1490180364319" record_key="wh2_main_effect_cause_fear_versus_rogue">
<battle_context>fighting_culture_rogue_armies</battle_context>
<key>wh2_main_effect_cause_fear_versus_rogue</key>
<unit_attribute>causes_fear</unit_attribute>
</battle_context_unit_attribute_junctions>
<battle_context_unit_attribute_junctions record_uuid="{066ed6ab-43d2-497a-a37b-d50ac9d07279}" record_timestamp="1490180364328" record_key="wh2_main_effect_cause_fear_versus_skv">
<battle_context>fighting_culture_skaven</battle_context>
<key>wh2_main_effect_cause_fear_versus_skv</key>
<unit_attribute>causes_fear</unit_attribute>
</battle_context_unit_attribute_junctions>
<battle_context_unit_attribute_junctions record_uuid="{c4f9dd2c-ac7b-4579-a4cd-69d95ffd0ec9}" record_timestamp="1490180364304" record_key="wh2_main_effect_cause_fear_versus_vmp">
<battle_context>fighting_culture_vampire_counts</battle_context>
<key>wh2_main_effect_cause_fear_versus_vmp</key>
<unit_attribute>causes_fear</unit_attribute>
</battle_context_unit_attribute_junctions>
<battle_context_unit_attribute_junctions record_uuid="{97db12b2-27ac-4437-8418-8eaa5a200a8b}" record_timestamp="1490180364311" record_key="wh2_main_effect_cause_fear_versus_wef">
<battle_context>fighting_culture_wood_elves</battle_context>
<key>wh2_main_effect_cause_fear_versus_wef</key>
<unit_attribute>causes_fear</unit_attribute>
</battle_context_unit_attribute_junctions>
<battle_context_unit_attribute_junctions record_uuid="{c51ac6a9-7e9b-4243-8b1c-ea5e0c40c281}" record_timestamp="1490180364288" record_key="wh2_main_effect_cause_terror_versus_brt">
<battle_context>fighting_culture_empire_and_bretonnia</battle_context>
<key>wh2_main_effect_cause_terror_versus_brt</key>
<unit_attribute>causes_terror</unit_attribute>
</battle_context_unit_attribute_junctions>
<battle_context_unit_attribute_junctions record_uuid="{ccabeb62-9cd9-42c0-a5a1-ff465fb0f821}" record_timestamp="1490180364296" record_key="wh2_main_effect_cause_terror_versus_bst">
<battle_context>fighting_culture_beastmen</battle_context>
<key>wh2_main_effect_cause_terror_versus_bst</key>
<unit_attribute>causes_terror</unit_attribute>
</battle_context_unit_attribute_junctions>
<battle_context_unit_attribute_junctions record_uuid="{ba02df32-7b28-4bbf-8b02-c7ebd4ab117c}" record_timestamp="1490180364272" record_key="wh2_main_effect_cause_terror_versus_chs">
<battle_context>fighting_culture_chaos</battle_context>
<key>wh2_main_effect_cause_terror_versus_chs</key>
<unit_attribute>causes_terror</unit_attribute>
</battle_context_unit_attribute_junctions>
<battle_context_unit_attribute_junctions record_uuid="{3fb4dcbf-2054-4834-9c1e-0979edd9b454}" record_timestamp="1490180364280" record_key="wh2_main_effect_cause_terror_versus_def">
<battle_context>fighting_culture_darkelf</battle_context>
<key>wh2_main_effect_cause_terror_versus_def</key>
<unit_attribute>causes_terror</unit_attribute>
</battle_context_unit_attribute_junctions>
<battle_context_unit_attribute_junctions record_uuid="{a1eeecee-e02e-4265-b6f3-ea880d4d021e}" record_timestamp="1490180364256" record_key="wh2_main_effect_cause_terror_versus_dwf">
<battle_context>fighting_culture_dwarfs</battle_context>
<key>wh2_main_effect_cause_terror_versus_dwf</key>
<unit_attribute>causes_terror</unit_attribute>
</battle_context_unit_attribute_junctions>
<battle_context_unit_attribute_junctions record_uuid="{40f9b6fb-0ebb-45dc-81ef-9e16a313a238}" record_timestamp="1490180364264" record_key="wh2_main_effect_cause_terror_versus_emp">
<battle_context>fighting_culture_empire_and_bretonnia</battle_context>
<key>wh2_main_effect_cause_terror_versus_emp</key>
<unit_attribute>causes_terror</unit_attribute>
</battle_context_unit_attribute_junctions>
<battle_context_unit_attribute_junctions record_uuid="{7113155b-f621-4b7b-9ad8-40e23f0bc022}" record_timestamp="1490180364240" record_key="wh2_main_effect_cause_terror_versus_grn">
<battle_context>fighting_culture_greenskins</battle_context>
<key>wh2_main_effect_cause_terror_versus_grn</key>
<unit_attribute>causes_terror</unit_attribute>
</battle_context_unit_attribute_junctions>
<battle_context_unit_attribute_junctions record_uuid="{e5c277c1-9d40-40d1-afd7-0e81b3f5c277}" record_timestamp="1490180364249" record_key="wh2_main_effect_cause_terror_versus_hef">
<battle_context>fighting_culture_highelf</battle_context>
<key>wh2_main_effect_cause_terror_versus_hef</key>
<unit_attribute>causes_terror</unit_attribute>
</battle_context_unit_attribute_junctions>
<battle_context_unit_attribute_junctions record_uuid="{852147a9-a067-44f8-b141-7fdc959c92f2}" record_timestamp="1490180364218" record_key="wh2_main_effect_cause_terror_versus_human">
<battle_context>fighting_culture_empire_and_bretonnia</battle_context>
<key>wh2_main_effect_cause_terror_versus_human</key>
<unit_attribute>causes_terror</unit_attribute>
</battle_context_unit_attribute_junctions>
<battle_context_unit_attribute_junctions record_uuid="{c1e4a84f-0f4a-44db-a997-33963a4204e1}" record_timestamp="1490180364229" record_key="wh2_main_effect_cause_terror_versus_lzd">
<battle_context>fighting_culture_lizardmen</battle_context>
<key>wh2_main_effect_cause_terror_versus_lzd</key>
<unit_attribute>causes_terror</unit_attribute>
</battle_context_unit_attribute_junctions>
<battle_context_unit_attribute_junctions record_uuid="{f2224638-9ffa-4214-862a-5bf70dbcb3dd}" record_timestamp="1490180364196" record_key="wh2_main_effect_cause_terror_versus_rogue">
<battle_context>fighting_culture_rogue_armies</battle_context>
<key>wh2_main_effect_cause_terror_versus_rogue</key>
<unit_attribute>causes_terror</unit_attribute>
</battle_context_unit_attribute_junctions>
<battle_context_unit_attribute_junctions record_uuid="{2f532dff-4f48-40ce-b5bf-660b07e3e269}" record_timestamp="1490180364206" record_key="wh2_main_effect_cause_terror_versus_skv">
<battle_context>fighting_culture_skaven</battle_context>
<key>wh2_main_effect_cause_terror_versus_skv</key>
<unit_attribute>causes_terror</unit_attribute>
</battle_context_unit_attribute_junctions>
<battle_context_unit_attribute_junctions record_uuid="{2a41e9f4-07a4-48e4-aca5-d552d0037728}" record_timestamp="1490180364155" record_key="wh2_main_effect_cause_terror_versus_vmp">
<battle_context>fighting_culture_vampire_counts</battle_context>
<key>wh2_main_effect_cause_terror_versus_vmp</key>
<unit_attribute>causes_terror</unit_attribute>
</battle_context_unit_attribute_junctions>
<battle_context_unit_attribute_junctions record_uuid="{4f7d5bf9-877a-4b36-85db-0442734e24db}" record_timestamp="1490180364184" record_key="wh2_main_effect_cause_terror_versus_wef">
<battle_context>fighting_culture_wood_elves</battle_context>
<key>wh2_main_effect_cause_terror_versus_wef</key>
<unit_attribute>causes_terror</unit_attribute>
</battle_context_unit_attribute_junctions>
</dataroot>
