<?xml version="1.0" encoding="UTF-8"?>
<dataroot xmlns:od="urn:schemas-microsoft-com:officedata" xmlns:xsi="http://www.w3.org/2001/XMLSchema-instance" xsi:noNamespaceSchemaLocation="battle_camera_shake_parameters.xsd" export_time="Tue Aug 29 08:34:39 2017" revision="22" export_branch="T:/branches/warhammer2/dev/warhammer/binaries.x64" export_user="bob">
<edit_uuid>b73a4c15-8c38-46a2-8f32-7a189ba4dbde</edit_uuid>
<battle_camera_shake_parameters record_uuid="{9a7149a7-1d0a-4e18-95ed-a270910f4b53}" record_timestamp="1492762881619" record_key="Spell_breath_heavy">
<attack>1</attack>
<decay>0.20000000298023224</decay>
<fall_off_distance>40</fall_off_distance>
<horizontal_amplitude>1.5</horizontal_amplitude>
<horizontal_frequency>4</horizontal_frequency>
<key>Spell_breath_heavy</key>
<octave_amplitude_multiplier>1.2000000476837158</octave_amplitude_multiplier>
<octave_frequency_multiplier>1.399999976158142</octave_frequency_multiplier>
<octaves>1</octaves>
<pitch_amplitude>1</pitch_amplitude>
<pitch_frequency>6</pitch_frequency>
<release>0.20000000298023224</release>
<roll_amplitude>1</roll_amplitude>
<roll_frequency>6</roll_frequency>
<sustain>1</sustain>
<sustain_multiplier>1</sustain_multiplier>
<vertical_amplitude>1</vertical_amplitude>
<vertical_frequency>6</vertical_frequency>
<yaw_amplitude>1</yaw_amplitude>
<yaw_frequency>6</yaw_frequency>
</battle_camera_shake_parameters>
<battle_camera_shake_parameters record_uuid="{cdcbe8eb-25f4-4b2f-b2b3-aaf74b201a9e}" record_timestamp="1492762881638" record_key="Spell_breath_light">
<attack>1</attack>
<decay>0.20000000298023224</decay>
<fall_off_distance>20</fall_off_distance>
<horizontal_amplitude>0.5</horizontal_amplitude>
<horizontal_frequency>2</horizontal_frequency>
<key>Spell_breath_light</key>
<octave_amplitude_multiplier>0.800000011920929</octave_amplitude_multiplier>
<octave_frequency_multiplier>1</octave_frequency_multiplier>
<octaves>1</octaves>
<pitch_amplitude>0.5</pitch_amplitude>
<pitch_frequency>4</pitch_frequency>
<release>0.20000000298023224</release>
<roll_amplitude>0.5</roll_amplitude>
<roll_frequency>4</roll_frequency>
<sustain>1</sustain>
<sustain_multiplier>0.5</sustain_multiplier>
<vertical_amplitude>0.4000000059604645</vertical_amplitude>
<vertical_frequency>4</vertical_frequency>
<yaw_amplitude>0.5</yaw_amplitude>
<yaw_frequency>4</yaw_frequency>
</battle_camera_shake_parameters>
<battle_camera_shake_parameters record_uuid="{a11beceb-abf7-409f-996f-69903a552cc7}" record_timestamp="1492762881734" record_key="Spell_breath_medium">
<attack>1</attack>
<decay>0.20000000298023224</decay>
<fall_off_distance>30</fall_off_distance>
<horizontal_amplitude>1</horizontal_amplitude>
<horizontal_frequency>3</horizontal_frequency>
<key>Spell_breath_medium</key>
<octave_amplitude_multiplier>1</octave_amplitude_multiplier>
<octave_frequency_multiplier>1.399999976158142</octave_frequency_multiplier>
<octaves>1</octaves>
<pitch_amplitude>0.5</pitch_amplitude>
<pitch_frequency>5</pitch_frequency>
<release>0.20000000298023224</release>
<roll_amplitude>0.800000011920929</roll_amplitude>
<roll_frequency>5</roll_frequency>
<sustain>1</sustain>
<sustain_multiplier>0.5</sustain_multiplier>
<vertical_amplitude>0.699999988079071</vertical_amplitude>
<vertical_frequency>5</vertical_frequency>
<yaw_amplitude>0.800000011920929</yaw_amplitude>
<yaw_frequency>5</yaw_frequency>
</battle_camera_shake_parameters>
<battle_camera_shake_parameters record_uuid="{c8e007cb-9999-43b6-9613-98f71a8d5e97}" record_timestamp="1492762881818" record_key="Spell_explosion_heavy">
<attack>2</attack>
<decay>0.30000001192092896</decay>
<fall_off_distance>40</fall_off_distance>
<horizontal_amplitude>1.5</horizontal_amplitude>
<horizontal_frequency>6</horizontal_frequency>
<key>Spell_explosion_heavy</key>
<octave_amplitude_multiplier>1.2000000476837158</octave_amplitude_multiplier>
<octave_frequency_multiplier>1.399999976158142</octave_frequency_multiplier>
<octaves>1</octaves>
<pitch_amplitude>1</pitch_amplitude>
<pitch_frequency>6</pitch_frequency>
<release>0.699999988079071</release>
<roll_amplitude>1</roll_amplitude>
<roll_frequency>6</roll_frequency>
<sustain>5</sustain>
<sustain_multiplier>1</sustain_multiplier>
<vertical_amplitude>1</vertical_amplitude>
<vertical_frequency>6</vertical_frequency>
<yaw_amplitude>1</yaw_amplitude>
<yaw_frequency>6</yaw_frequency>
</battle_camera_shake_parameters>
<battle_camera_shake_parameters record_uuid="{ae6a3d5e-cd44-4e33-bac1-f0dee7c81e5b}" record_timestamp="1492762881868" record_key="Spell_explosion_light">
<attack>2</attack>
<decay>0.30000001192092896</decay>
<fall_off_distance>20</fall_off_distance>
<horizontal_amplitude>0.5</horizontal_amplitude>
<horizontal_frequency>4</horizontal_frequency>
<key>Spell_explosion_light</key>
<octave_amplitude_multiplier>0.800000011920929</octave_amplitude_multiplier>
<octave_frequency_multiplier>1</octave_frequency_multiplier>
<octaves>1</octaves>
<pitch_amplitude>0.5</pitch_amplitude>
<pitch_frequency>4</pitch_frequency>
<release>0.699999988079071</release>
<roll_amplitude>0.5</roll_amplitude>
<roll_frequency>4</roll_frequency>
<sustain>5</sustain>
<sustain_multiplier>0.5</sustain_multiplier>
<vertical_amplitude>0.4000000059604645</vertical_amplitude>
<vertical_frequency>4</vertical_frequency>
<yaw_amplitude>0.5</yaw_amplitude>
<yaw_frequency>4</yaw_frequency>
</battle_camera_shake_parameters>
<battle_camera_shake_parameters record_uuid="{8d0fdae4-3527-4049-9b7c-7255600f95de}" record_timestamp="1492762882001" record_key="Spell_explosion_medium">
<attack>2</attack>
<decay>0.30000001192092896</decay>
<fall_off_distance>30</fall_off_distance>
<horizontal_amplitude>1</horizontal_amplitude>
<horizontal_frequency>5</horizontal_frequency>
<key>Spell_explosion_medium</key>
<octave_amplitude_multiplier>1</octave_amplitude_multiplier>
<octave_frequency_multiplier>1.2000000476837158</octave_frequency_multiplier>
<octaves>1</octaves>
<pitch_amplitude>0.5</pitch_amplitude>
<pitch_frequency>5</pitch_frequency>
<release>0.699999988079071</release>
<roll_amplitude>0.800000011920929</roll_amplitude>
<roll_frequency>5</roll_frequency>
<sustain>5</sustain>
<sustain_multiplier>0.5</sustain_multiplier>
<vertical_amplitude>0.699999988079071</vertical_amplitude>
<vertical_frequency>5</vertical_frequency>
<yaw_amplitude>0.800000011920929</yaw_amplitude>
<yaw_frequency>5</yaw_frequency>
</battle_camera_shake_parameters>
<battle_camera_shake_parameters record_uuid="{e14391d4-63ee-4fa9-b133-0e2e733d6f7c}" record_timestamp="1492762882085" record_key="Spell_summoning_multiple">
<attack>0.5</attack>
<decay>0.10000000149011612</decay>
<fall_off_distance>30</fall_off_distance>
<horizontal_amplitude>1</horizontal_amplitude>
<horizontal_frequency>3</horizontal_frequency>
<key>Spell_summoning_multiple</key>
<octave_amplitude_multiplier>1</octave_amplitude_multiplier>
<octave_frequency_multiplier>1</octave_frequency_multiplier>
<octaves>1</octaves>
<pitch_amplitude>0.5</pitch_amplitude>
<pitch_frequency>3</pitch_frequency>
<release>0.10000000149011612</release>
<roll_amplitude>0.5</roll_amplitude>
<roll_frequency>4</roll_frequency>
<sustain>0.30000001192092896</sustain>
<sustain_multiplier>0.5</sustain_multiplier>
<vertical_amplitude>0.699999988079071</vertical_amplitude>
<vertical_frequency>3</vertical_frequency>
<yaw_amplitude>0.5</yaw_amplitude>
<yaw_frequency>3</yaw_frequency>
</battle_camera_shake_parameters>
<battle_camera_shake_parameters record_uuid="{c25921a5-f909-4a32-89d2-b242f429004d}" record_timestamp="1492762882107" record_key="Spell_summoning_single">
<attack>0.5</attack>
<decay>0.10000000149011612</decay>
<fall_off_distance>20</fall_off_distance>
<horizontal_amplitude>1</horizontal_amplitude>
<horizontal_frequency>2</horizontal_frequency>
<key>Spell_summoning_single</key>
<octave_amplitude_multiplier>0.800000011920929</octave_amplitude_multiplier>
<octave_frequency_multiplier>1</octave_frequency_multiplier>
<octaves>1</octaves>
<pitch_amplitude>0.20000000298023224</pitch_amplitude>
<pitch_frequency>2</pitch_frequency>
<release>0.05000000074505806</release>
<roll_amplitude>0.5</roll_amplitude>
<roll_frequency>3</roll_frequency>
<sustain>0.30000001192092896</sustain>
<sustain_multiplier>0.5</sustain_multiplier>
<vertical_amplitude>0.4000000059604645</vertical_amplitude>
<vertical_frequency>2</vertical_frequency>
<yaw_amplitude>0.5</yaw_amplitude>
<yaw_frequency>2</yaw_frequency>
</battle_camera_shake_parameters>
<battle_camera_shake_parameters record_uuid="{c2951500-3771-48c0-9d67-b469ea8331ec}" record_timestamp="1492762882350" record_key="Spell_vortex_heavy">
<attack>1</attack>
<decay>0.4000000059604645</decay>
<fall_off_distance>40</fall_off_distance>
<horizontal_amplitude>1.5</horizontal_amplitude>
<horizontal_frequency>6</horizontal_frequency>
<key>Spell_vortex_heavy</key>
<octave_amplitude_multiplier>1.2000000476837158</octave_amplitude_multiplier>
<octave_frequency_multiplier>1.399999976158142</octave_frequency_multiplier>
<octaves>1</octaves>
<pitch_amplitude>1.5</pitch_amplitude>
<pitch_frequency>6</pitch_frequency>
<release>1</release>
<roll_amplitude>1.5</roll_amplitude>
<roll_frequency>6</roll_frequency>
<sustain>23</sustain>
<sustain_multiplier>1</sustain_multiplier>
<vertical_amplitude>1.5</vertical_amplitude>
<vertical_frequency>6</vertical_frequency>
<yaw_amplitude>1.5</yaw_amplitude>
<yaw_frequency>6</yaw_frequency>
</battle_camera_shake_parameters>
<battle_camera_shake_parameters record_uuid="{c39a1c18-8fde-4ff0-8486-d3be0ec32115}" record_timestamp="1492762882596" record_key="Spell_vortex_heavy_upg">
<attack>1</attack>
<decay>0.4000000059604645</decay>
<fall_off_distance>40</fall_off_distance>
<horizontal_amplitude>1.5</horizontal_amplitude>
<horizontal_frequency>6</horizontal_frequency>
<key>Spell_vortex_heavy_upg</key>
<octave_amplitude_multiplier>1.2000000476837158</octave_amplitude_multiplier>
<octave_frequency_multiplier>1.399999976158142</octave_frequency_multiplier>
<octaves>1</octaves>
<pitch_amplitude>1.5</pitch_amplitude>
<pitch_frequency>6</pitch_frequency>
<release>1</release>
<roll_amplitude>1.5</roll_amplitude>
<roll_frequency>6</roll_frequency>
<sustain>50</sustain>
<sustain_multiplier>1</sustain_multiplier>
<vertical_amplitude>1.5</vertical_amplitude>
<vertical_frequency>6</vertical_frequency>
<yaw_amplitude>1.5</yaw_amplitude>
<yaw_frequency>6</yaw_frequency>
</battle_camera_shake_parameters>
<battle_camera_shake_parameters record_uuid="{b68118e7-d5c8-43a1-85dc-bd1c555f0cff}" record_timestamp="1492762882751" record_key="Spell_vortex_light">
<attack>1</attack>
<decay>0.4000000059604645</decay>
<fall_off_distance>20</fall_off_distance>
<horizontal_amplitude>0.8999999761581421</horizontal_amplitude>
<horizontal_frequency>4</horizontal_frequency>
<key>Spell_vortex_light</key>
<octave_amplitude_multiplier>0.800000011920929</octave_amplitude_multiplier>
<octave_frequency_multiplier>1</octave_frequency_multiplier>
<octaves>1</octaves>
<pitch_amplitude>0.8999999761581421</pitch_amplitude>
<pitch_frequency>4</pitch_frequency>
<release>0.6000000238418579</release>
<roll_amplitude>0</roll_amplitude>
<roll_frequency>4</roll_frequency>
<sustain>23</sustain>
<sustain_multiplier>0.5</sustain_multiplier>
<vertical_amplitude>0.8999999761581421</vertical_amplitude>
<vertical_frequency>4</vertical_frequency>
<yaw_amplitude>0.8999999761581421</yaw_amplitude>
<yaw_frequency>4</yaw_frequency>
</battle_camera_shake_parameters>
<battle_camera_shake_parameters record_uuid="{3df1b78f-418f-49ba-bcda-943280bad318}" record_timestamp="1492762882912" record_key="Spell_vortex_light_upg">
<attack>1</attack>
<decay>0.4000000059604645</decay>
<fall_off_distance>20</fall_off_distance>
<horizontal_amplitude>0.8999999761581421</horizontal_amplitude>
<horizontal_frequency>4</horizontal_frequency>
<key>Spell_vortex_light_upg</key>
<octave_amplitude_multiplier>0.800000011920929</octave_amplitude_multiplier>
<octave_frequency_multiplier>1</octave_frequency_multiplier>
<octaves>1</octaves>
<pitch_amplitude>0.8999999761581421</pitch_amplitude>
<pitch_frequency>4</pitch_frequency>
<release>0.6000000238418579</release>
<roll_amplitude>0.8999999761581421</roll_amplitude>
<roll_frequency>4</roll_frequency>
<sustain>50</sustain>
<sustain_multiplier>0.5</sustain_multiplier>
<vertical_amplitude>0.8999999761581421</vertical_amplitude>
<vertical_frequency>4</vertical_frequency>
<yaw_amplitude>0.8999999761581421</yaw_amplitude>
<yaw_frequency>4</yaw_frequency>
</battle_camera_shake_parameters>
<battle_camera_shake_parameters record_uuid="{6d20bfa9-b0e1-4da5-8dc2-273134714ad1}" record_timestamp="1492762883173" record_key="Spell_vortex_medium">
<attack>1</attack>
<decay>0.4000000059604645</decay>
<fall_off_distance>30</fall_off_distance>
<horizontal_amplitude>1.2000000476837158</horizontal_amplitude>
<horizontal_frequency>5</horizontal_frequency>
<key>Spell_vortex_medium</key>
<octave_amplitude_multiplier>1</octave_amplitude_multiplier>
<octave_frequency_multiplier>1.2000000476837158</octave_frequency_multiplier>
<octaves>1</octaves>
<pitch_amplitude>1.2000000476837158</pitch_amplitude>
<pitch_frequency>5</pitch_frequency>
<release>0.6000000238418579</release>
<roll_amplitude>1.2000000476837158</roll_amplitude>
<roll_frequency>5</roll_frequency>
<sustain>23</sustain>
<sustain_multiplier>0.5</sustain_multiplier>
<vertical_amplitude>1.2000000476837158</vertical_amplitude>
<vertical_frequency>5</vertical_frequency>
<yaw_amplitude>1.2000000476837158</yaw_amplitude>
<yaw_frequency>5</yaw_frequency>
</battle_camera_shake_parameters>
<battle_camera_shake_parameters record_uuid="{cd941b8e-acd7-4bc5-bca5-3cae5c4aad6a}" record_timestamp="1492762883442" record_key="Spell_vortex_medium_upg">
<attack>1</attack>
<decay>0.4000000059604645</decay>
<fall_off_distance>30</fall_off_distance>
<horizontal_amplitude>1.2000000476837158</horizontal_amplitude>
<horizontal_frequency>5</horizontal_frequency>
<key>Spell_vortex_medium_upg</key>
<octave_amplitude_multiplier>1</octave_amplitude_multiplier>
<octave_frequency_multiplier>1.2000000476837158</octave_frequency_multiplier>
<octaves>1</octaves>
<pitch_amplitude>1.2000000476837158</pitch_amplitude>
<pitch_frequency>5</pitch_frequency>
<release>0.6000000238418579</release>
<roll_amplitude>1.2000000476837158</roll_amplitude>
<roll_frequency>5</roll_frequency>
<sustain>50</sustain>
<sustain_multiplier>0.5</sustain_multiplier>
<vertical_amplitude>1.2000000476837158</vertical_amplitude>
<vertical_frequency>5</vertical_frequency>
<yaw_amplitude>1.2000000476837158</yaw_amplitude>
<yaw_frequency>5</yaw_frequency>
</battle_camera_shake_parameters>
<battle_camera_shake_parameters record_uuid="{d4ca68e5-3bc5-4726-83d6-585e9fe4c595}" record_timestamp="1492762883571" record_key="Spell_wind_heavy">
<attack>2</attack>
<decay>0.6000000238418579</decay>
<fall_off_distance>40</fall_off_distance>
<horizontal_amplitude>1.5</horizontal_amplitude>
<horizontal_frequency>6</horizontal_frequency>
<key>Spell_wind_heavy</key>
<octave_amplitude_multiplier>1.2000000476837158</octave_amplitude_multiplier>
<octave_frequency_multiplier>1.399999976158142</octave_frequency_multiplier>
<octaves>1</octaves>
<pitch_amplitude>1</pitch_amplitude>
<pitch_frequency>6</pitch_frequency>
<release>0.4000000059604645</release>
<roll_amplitude>1</roll_amplitude>
<roll_frequency>6</roll_frequency>
<sustain>5</sustain>
<sustain_multiplier>1</sustain_multiplier>
<vertical_amplitude>1</vertical_amplitude>
<vertical_frequency>6</vertical_frequency>
<yaw_amplitude>1</yaw_amplitude>
<yaw_frequency>6</yaw_frequency>
</battle_camera_shake_parameters>
<battle_camera_shake_parameters record_uuid="{75227c41-45a2-44dc-aa33-7ad736885cf0}" record_timestamp="1492762883625" record_key="Spell_wind_light">
<attack>2</attack>
<decay>0.6000000238418579</decay>
<fall_off_distance>20</fall_off_distance>
<horizontal_amplitude>0.5</horizontal_amplitude>
<horizontal_frequency>4</horizontal_frequency>
<key>Spell_wind_light</key>
<octave_amplitude_multiplier>1</octave_amplitude_multiplier>
<octave_frequency_multiplier>1</octave_frequency_multiplier>
<octaves>1</octaves>
<pitch_amplitude>0.5</pitch_amplitude>
<pitch_frequency>4</pitch_frequency>
<release>0.4000000059604645</release>
<roll_amplitude>0.5</roll_amplitude>
<roll_frequency>4</roll_frequency>
<sustain>5</sustain>
<sustain_multiplier>0.5</sustain_multiplier>
<vertical_amplitude>0.4000000059604645</vertical_amplitude>
<vertical_frequency>4</vertical_frequency>
<yaw_amplitude>0.5</yaw_amplitude>
<yaw_frequency>4</yaw_frequency>
</battle_camera_shake_parameters>
<battle_camera_shake_parameters record_uuid="{0e0f2aed-0422-4fa3-b1cf-31029396c74b}" record_timestamp="1492762883725" record_key="Spell_wind_medium">
<attack>2</attack>
<decay>0.6000000238418579</decay>
<fall_off_distance>30</fall_off_distance>
<horizontal_amplitude>1</horizontal_amplitude>
<horizontal_frequency>5</horizontal_frequency>
<key>Spell_wind_medium</key>
<octave_amplitude_multiplier>1.2000000476837158</octave_amplitude_multiplier>
<octave_frequency_multiplier>1.399999976158142</octave_frequency_multiplier>
<octaves>1</octaves>
<pitch_amplitude>0.5</pitch_amplitude>
<pitch_frequency>5</pitch_frequency>
<release>0.4000000059604645</release>
<roll_amplitude>0.800000011920929</roll_amplitude>
<roll_frequency>5</roll_frequency>
<sustain>5</sustain>
<sustain_multiplier>0.5</sustain_multiplier>
<vertical_amplitude>0.699999988079071</vertical_amplitude>
<vertical_frequency>5</vertical_frequency>
<yaw_amplitude>0.800000011920929</yaw_amplitude>
<yaw_frequency>5</yaw_frequency>
</battle_camera_shake_parameters>
<battle_camera_shake_parameters record_uuid="{87837f4c-cadd-4c2c-af9f-1059289f2793}" record_timestamp="1503992079442" record_key="wh2_vauls_hammer">
<attack>1</attack>
<decay>0.5</decay>
<fall_off_distance>150</fall_off_distance>
<horizontal_amplitude>0.20000000298023224</horizontal_amplitude>
<horizontal_frequency>10</horizontal_frequency>
<key>wh2_vauls_hammer</key>
<octave_amplitude_multiplier>1</octave_amplitude_multiplier>
<octave_frequency_multiplier>1.399999976158142</octave_frequency_multiplier>
<octaves>2</octaves>
<pitch_amplitude>0.6000000238418579</pitch_amplitude>
<pitch_frequency>10</pitch_frequency>
<release>5</release>
<roll_amplitude>0.4000000059604645</roll_amplitude>
<roll_frequency>10</roll_frequency>
<sustain>0.5</sustain>
<sustain_multiplier>0.5</sustain_multiplier>
<vertical_amplitude>0.20000000298023224</vertical_amplitude>
<vertical_frequency>8</vertical_frequency>
<yaw_amplitude>0.30000001192092896</yaw_amplitude>
<yaw_frequency>6</yaw_frequency>
</battle_camera_shake_parameters>
<battle_camera_shake_parameters record_uuid="{a4081844-5774-49da-a87d-64f5aa50356c}" record_timestamp="1490781553627" record_key="wh_main_composite_spell_11">
<attack>0.5</attack>
<decay>1.5</decay>
<fall_off_distance>40</fall_off_distance>
<horizontal_amplitude>1</horizontal_amplitude>
<horizontal_frequency>3</horizontal_frequency>
<key>wh_main_composite_spell_11</key>
<octave_amplitude_multiplier>1.2000000476837158</octave_amplitude_multiplier>
<octave_frequency_multiplier>1.399999976158142</octave_frequency_multiplier>
<octaves>2</octaves>
<pitch_amplitude>0.5</pitch_amplitude>
<pitch_frequency>5</pitch_frequency>
<release>2</release>
<roll_amplitude>0.5</roll_amplitude>
<roll_frequency>4</roll_frequency>
<sustain>7</sustain>
<sustain_multiplier>1</sustain_multiplier>
<vertical_amplitude>0.4000000059604645</vertical_amplitude>
<vertical_frequency>3</vertical_frequency>
<yaw_amplitude>0.5</yaw_amplitude>
<yaw_frequency>5</yaw_frequency>
</battle_camera_shake_parameters>
<battle_camera_shake_parameters record_uuid="{77562b65-032d-4412-833d-27f101773fcb}" record_timestamp="1490781553627" record_key="wh_main_composite_spell_12">
<attack>0.5</attack>
<decay>1.5</decay>
<fall_off_distance>40</fall_off_distance>
<horizontal_amplitude>1</horizontal_amplitude>
<horizontal_frequency>3</horizontal_frequency>
<key>wh_main_composite_spell_12</key>
<octave_amplitude_multiplier>1.2000000476837158</octave_amplitude_multiplier>
<octave_frequency_multiplier>1.399999976158142</octave_frequency_multiplier>
<octaves>2</octaves>
<pitch_amplitude>0.5</pitch_amplitude>
<pitch_frequency>5</pitch_frequency>
<release>2</release>
<roll_amplitude>0.5</roll_amplitude>
<roll_frequency>4</roll_frequency>
<sustain>8</sustain>
<sustain_multiplier>1</sustain_multiplier>
<vertical_amplitude>0.4000000059604645</vertical_amplitude>
<vertical_frequency>3</vertical_frequency>
<yaw_amplitude>0.5</yaw_amplitude>
<yaw_frequency>5</yaw_frequency>
</battle_camera_shake_parameters>
<battle_camera_shake_parameters record_uuid="{0bd25a92-0cdf-4ae2-838f-468b89f9b370}" record_timestamp="1490781553627" record_key="wh_main_composite_spell_13">
<attack>0.5</attack>
<decay>1.5</decay>
<fall_off_distance>40</fall_off_distance>
<horizontal_amplitude>1</horizontal_amplitude>
<horizontal_frequency>3</horizontal_frequency>
<key>wh_main_composite_spell_13</key>
<octave_amplitude_multiplier>1.2000000476837158</octave_amplitude_multiplier>
<octave_frequency_multiplier>1.399999976158142</octave_frequency_multiplier>
<octaves>2</octaves>
<pitch_amplitude>0.5</pitch_amplitude>
<pitch_frequency>5</pitch_frequency>
<release>2</release>
<roll_amplitude>0.5</roll_amplitude>
<roll_frequency>4</roll_frequency>
<sustain>9</sustain>
<sustain_multiplier>1</sustain_multiplier>
<vertical_amplitude>0.4000000059604645</vertical_amplitude>
<vertical_frequency>3</vertical_frequency>
<yaw_amplitude>0.5</yaw_amplitude>
<yaw_frequency>5</yaw_frequency>
</battle_camera_shake_parameters>
<battle_camera_shake_parameters record_uuid="{a9481adc-6b5c-40fe-b77f-dbd45107b37c}" record_timestamp="1490781553628" record_key="wh_main_composite_spell_14">
<attack>0.5</attack>
<decay>1.5</decay>
<fall_off_distance>40</fall_off_distance>
<horizontal_amplitude>1</horizontal_amplitude>
<horizontal_frequency>3</horizontal_frequency>
<key>wh_main_composite_spell_14</key>
<octave_amplitude_multiplier>1.2000000476837158</octave_amplitude_multiplier>
<octave_frequency_multiplier>1.399999976158142</octave_frequency_multiplier>
<octaves>2</octaves>
<pitch_amplitude>0.5</pitch_amplitude>
<pitch_frequency>5</pitch_frequency>
<release>2</release>
<roll_amplitude>0.5</roll_amplitude>
<roll_frequency>4</roll_frequency>
<sustain>10</sustain>
<sustain_multiplier>1</sustain_multiplier>
<vertical_amplitude>0.4000000059604645</vertical_amplitude>
<vertical_frequency>3</vertical_frequency>
<yaw_amplitude>0.5</yaw_amplitude>
<yaw_frequency>5</yaw_frequency>
</battle_camera_shake_parameters>
<battle_camera_shake_parameters record_uuid="{6d667f26-60bf-4303-812b-650ff07aaae4}" record_timestamp="1490781553628" record_key="wh_main_composite_spell_15">
<attack>0.5</attack>
<decay>1.5</decay>
<fall_off_distance>40</fall_off_distance>
<horizontal_amplitude>1</horizontal_amplitude>
<horizontal_frequency>3</horizontal_frequency>
<key>wh_main_composite_spell_15</key>
<octave_amplitude_multiplier>1.2000000476837158</octave_amplitude_multiplier>
<octave_frequency_multiplier>1.399999976158142</octave_frequency_multiplier>
<octaves>2</octaves>
<pitch_amplitude>0.5</pitch_amplitude>
<pitch_frequency>5</pitch_frequency>
<release>2</release>
<roll_amplitude>0.5</roll_amplitude>
<roll_frequency>4</roll_frequency>
<sustain>11</sustain>
<sustain_multiplier>1</sustain_multiplier>
<vertical_amplitude>0.4000000059604645</vertical_amplitude>
<vertical_frequency>3</vertical_frequency>
<yaw_amplitude>0.5</yaw_amplitude>
<yaw_frequency>5</yaw_frequency>
</battle_camera_shake_parameters>
<battle_camera_shake_parameters record_uuid="{fc654ec8-b414-4866-a220-11c95167be1a}" record_timestamp="1490781553628" record_key="wh_main_composite_spell_18">
<attack>0.5</attack>
<decay>1.5</decay>
<fall_off_distance>40</fall_off_distance>
<horizontal_amplitude>1</horizontal_amplitude>
<horizontal_frequency>3</horizontal_frequency>
<key>wh_main_composite_spell_18</key>
<octave_amplitude_multiplier>1.2000000476837158</octave_amplitude_multiplier>
<octave_frequency_multiplier>1.399999976158142</octave_frequency_multiplier>
<octaves>2</octaves>
<pitch_amplitude>0.5</pitch_amplitude>
<pitch_frequency>5</pitch_frequency>
<release>2</release>
<roll_amplitude>0.5</roll_amplitude>
<roll_frequency>4</roll_frequency>
<sustain>14</sustain>
<sustain_multiplier>1</sustain_multiplier>
<vertical_amplitude>0.4000000059604645</vertical_amplitude>
<vertical_frequency>3</vertical_frequency>
<yaw_amplitude>0.5</yaw_amplitude>
<yaw_frequency>5</yaw_frequency>
</battle_camera_shake_parameters>
<battle_camera_shake_parameters record_uuid="{398d599b-5698-4af7-b335-f712d436721a}" record_timestamp="1490781553629" record_key="wh_main_composite_spell_20">
<attack>0.5</attack>
<decay>1.5</decay>
<fall_off_distance>40</fall_off_distance>
<horizontal_amplitude>1</horizontal_amplitude>
<horizontal_frequency>3</horizontal_frequency>
<key>wh_main_composite_spell_20</key>
<octave_amplitude_multiplier>1.2000000476837158</octave_amplitude_multiplier>
<octave_frequency_multiplier>1.399999976158142</octave_frequency_multiplier>
<octaves>2</octaves>
<pitch_amplitude>0.5</pitch_amplitude>
<pitch_frequency>5</pitch_frequency>
<release>2</release>
<roll_amplitude>0.5</roll_amplitude>
<roll_frequency>4</roll_frequency>
<sustain>16</sustain>
<sustain_multiplier>1</sustain_multiplier>
<vertical_amplitude>0.4000000059604645</vertical_amplitude>
<vertical_frequency>3</vertical_frequency>
<yaw_amplitude>0.5</yaw_amplitude>
<yaw_frequency>5</yaw_frequency>
</battle_camera_shake_parameters>
<battle_camera_shake_parameters record_uuid="{93bd9b3c-a08e-4b5a-a050-d31b2c86276a}" record_timestamp="1490781553629" record_key="wh_main_composite_spell_21">
<attack>0.5</attack>
<decay>1.5</decay>
<fall_off_distance>40</fall_off_distance>
<horizontal_amplitude>1</horizontal_amplitude>
<horizontal_frequency>3</horizontal_frequency>
<key>wh_main_composite_spell_21</key>
<octave_amplitude_multiplier>1.2000000476837158</octave_amplitude_multiplier>
<octave_frequency_multiplier>1.399999976158142</octave_frequency_multiplier>
<octaves>2</octaves>
<pitch_amplitude>0.5</pitch_amplitude>
<pitch_frequency>5</pitch_frequency>
<release>2</release>
<roll_amplitude>0.5</roll_amplitude>
<roll_frequency>4</roll_frequency>
<sustain>17</sustain>
<sustain_multiplier>1</sustain_multiplier>
<vertical_amplitude>0.4000000059604645</vertical_amplitude>
<vertical_frequency>3</vertical_frequency>
<yaw_amplitude>0.5</yaw_amplitude>
<yaw_frequency>5</yaw_frequency>
</battle_camera_shake_parameters>
<battle_camera_shake_parameters record_uuid="{16ddc8e1-b6dd-4e53-aa8f-d1d4588fa210}" record_timestamp="1490781553629" record_key="wh_main_composite_spell_22">
<attack>0.5</attack>
<decay>1.5</decay>
<fall_off_distance>40</fall_off_distance>
<horizontal_amplitude>1</horizontal_amplitude>
<horizontal_frequency>3</horizontal_frequency>
<key>wh_main_composite_spell_22</key>
<octave_amplitude_multiplier>1.2000000476837158</octave_amplitude_multiplier>
<octave_frequency_multiplier>1.399999976158142</octave_frequency_multiplier>
<octaves>2</octaves>
<pitch_amplitude>0.5</pitch_amplitude>
<pitch_frequency>5</pitch_frequency>
<release>2</release>
<roll_amplitude>0.5</roll_amplitude>
<roll_frequency>4</roll_frequency>
<sustain>18</sustain>
<sustain_multiplier>1</sustain_multiplier>
<vertical_amplitude>0.4000000059604645</vertical_amplitude>
<vertical_frequency>3</vertical_frequency>
<yaw_amplitude>0.5</yaw_amplitude>
<yaw_frequency>5</yaw_frequency>
</battle_camera_shake_parameters>
<battle_camera_shake_parameters record_uuid="{77b8564f-9fcd-4938-a3e4-678c65f2ab7b}" record_timestamp="1490781553630" record_key="wh_main_composite_spell_24">
<attack>0.5</attack>
<decay>1.5</decay>
<fall_off_distance>40</fall_off_distance>
<horizontal_amplitude>1</horizontal_amplitude>
<horizontal_frequency>3</horizontal_frequency>
<key>wh_main_composite_spell_24</key>
<octave_amplitude_multiplier>1.2000000476837158</octave_amplitude_multiplier>
<octave_frequency_multiplier>1.399999976158142</octave_frequency_multiplier>
<octaves>2</octaves>
<pitch_amplitude>0.5</pitch_amplitude>
<pitch_frequency>5</pitch_frequency>
<release>2</release>
<roll_amplitude>0.5</roll_amplitude>
<roll_frequency>4</roll_frequency>
<sustain>20</sustain>
<sustain_multiplier>1</sustain_multiplier>
<vertical_amplitude>0.4000000059604645</vertical_amplitude>
<vertical_frequency>3</vertical_frequency>
<yaw_amplitude>0.5</yaw_amplitude>
<yaw_frequency>5</yaw_frequency>
</battle_camera_shake_parameters>
<battle_camera_shake_parameters record_uuid="{365be5da-4dc5-4732-a5ba-3e2cc7357507}" record_timestamp="1490781553630" record_key="wh_main_composite_spell_26">
<attack>0.5</attack>
<decay>1.5</decay>
<fall_off_distance>40</fall_off_distance>
<horizontal_amplitude>1</horizontal_amplitude>
<horizontal_frequency>3</horizontal_frequency>
<key>wh_main_composite_spell_26</key>
<octave_amplitude_multiplier>1.2000000476837158</octave_amplitude_multiplier>
<octave_frequency_multiplier>1.399999976158142</octave_frequency_multiplier>
<octaves>2</octaves>
<pitch_amplitude>0.5</pitch_amplitude>
<pitch_frequency>5</pitch_frequency>
<release>2</release>
<roll_amplitude>0.5</roll_amplitude>
<roll_frequency>4</roll_frequency>
<sustain>22</sustain>
<sustain_multiplier>1</sustain_multiplier>
<vertical_amplitude>0.4000000059604645</vertical_amplitude>
<vertical_frequency>3</vertical_frequency>
<yaw_amplitude>0.5</yaw_amplitude>
<yaw_frequency>5</yaw_frequency>
</battle_camera_shake_parameters>
<battle_camera_shake_parameters record_uuid="{de1ad995-0fd1-44a4-b2ec-4449d67b81f7}" record_timestamp="1490781553630" record_key="wh_main_composite_spell_3">
<attack>0.5</attack>
<decay>1.5</decay>
<fall_off_distance>40</fall_off_distance>
<horizontal_amplitude>1</horizontal_amplitude>
<horizontal_frequency>3</horizontal_frequency>
<key>wh_main_composite_spell_3</key>
<octave_amplitude_multiplier>1.2000000476837158</octave_amplitude_multiplier>
<octave_frequency_multiplier>1.399999976158142</octave_frequency_multiplier>
<octaves>2</octaves>
<pitch_amplitude>0.5</pitch_amplitude>
<pitch_frequency>5</pitch_frequency>
<release>0.5</release>
<roll_amplitude>0.5</roll_amplitude>
<roll_frequency>4</roll_frequency>
<sustain>0.5</sustain>
<sustain_multiplier>1</sustain_multiplier>
<vertical_amplitude>0.4000000059604645</vertical_amplitude>
<vertical_frequency>3</vertical_frequency>
<yaw_amplitude>0.5</yaw_amplitude>
<yaw_frequency>5</yaw_frequency>
</battle_camera_shake_parameters>
<battle_camera_shake_parameters record_uuid="{3bb499d5-c627-4ce3-992e-1a096ae480b4}" record_timestamp="1490781553631" record_key="wh_main_composite_spell_40">
<attack>0.5</attack>
<decay>1.5</decay>
<fall_off_distance>40</fall_off_distance>
<horizontal_amplitude>1</horizontal_amplitude>
<horizontal_frequency>3</horizontal_frequency>
<key>wh_main_composite_spell_40</key>
<octave_amplitude_multiplier>1.2000000476837158</octave_amplitude_multiplier>
<octave_frequency_multiplier>1.399999976158142</octave_frequency_multiplier>
<octaves>2</octaves>
<pitch_amplitude>0.5</pitch_amplitude>
<pitch_frequency>5</pitch_frequency>
<release>2</release>
<roll_amplitude>0.5</roll_amplitude>
<roll_frequency>4</roll_frequency>
<sustain>36</sustain>
<sustain_multiplier>1</sustain_multiplier>
<vertical_amplitude>0.4000000059604645</vertical_amplitude>
<vertical_frequency>3</vertical_frequency>
<yaw_amplitude>0.5</yaw_amplitude>
<yaw_frequency>5</yaw_frequency>
</battle_camera_shake_parameters>
<battle_camera_shake_parameters record_uuid="{077dc293-7b3e-47a0-b0bb-5cc770496156}" record_timestamp="1490781553631" record_key="wh_main_composite_spell_52">
<attack>0.5</attack>
<decay>1.5</decay>
<fall_off_distance>40</fall_off_distance>
<horizontal_amplitude>1</horizontal_amplitude>
<horizontal_frequency>3</horizontal_frequency>
<key>wh_main_composite_spell_52</key>
<octave_amplitude_multiplier>1.2000000476837158</octave_amplitude_multiplier>
<octave_frequency_multiplier>1.399999976158142</octave_frequency_multiplier>
<octaves>2</octaves>
<pitch_amplitude>0.5</pitch_amplitude>
<pitch_frequency>5</pitch_frequency>
<release>2</release>
<roll_amplitude>0.5</roll_amplitude>
<roll_frequency>4</roll_frequency>
<sustain>48</sustain>
<sustain_multiplier>1</sustain_multiplier>
<vertical_amplitude>0.4000000059604645</vertical_amplitude>
<vertical_frequency>3</vertical_frequency>
<yaw_amplitude>0.5</yaw_amplitude>
<yaw_frequency>5</yaw_frequency>
</battle_camera_shake_parameters>
<battle_camera_shake_parameters record_uuid="{1e40535d-08ee-43da-9ce9-fb65117bc812}" record_timestamp="1490781553631" record_key="wh_main_composite_spell_54">
<attack>0.5</attack>
<decay>1.5</decay>
<fall_off_distance>40</fall_off_distance>
<horizontal_amplitude>1</horizontal_amplitude>
<horizontal_frequency>3</horizontal_frequency>
<key>wh_main_composite_spell_54</key>
<octave_amplitude_multiplier>1.2000000476837158</octave_amplitude_multiplier>
<octave_frequency_multiplier>1.399999976158142</octave_frequency_multiplier>
<octaves>2</octaves>
<pitch_amplitude>0.5</pitch_amplitude>
<pitch_frequency>5</pitch_frequency>
<release>2</release>
<roll_amplitude>0.5</roll_amplitude>
<roll_frequency>4</roll_frequency>
<sustain>50</sustain>
<sustain_multiplier>1</sustain_multiplier>
<vertical_amplitude>0.4000000059604645</vertical_amplitude>
<vertical_frequency>3</vertical_frequency>
<yaw_amplitude>0.5</yaw_amplitude>
<yaw_frequency>5</yaw_frequency>
</battle_camera_shake_parameters>
<battle_camera_shake_parameters record_uuid="{e94c02f3-6e48-4ac1-9617-30078d240e29}" record_timestamp="1490781553632" record_key="wh_main_composite_spell_6">
<attack>0.5</attack>
<decay>1.5</decay>
<fall_off_distance>40</fall_off_distance>
<horizontal_amplitude>1</horizontal_amplitude>
<horizontal_frequency>3</horizontal_frequency>
<key>wh_main_composite_spell_6</key>
<octave_amplitude_multiplier>1.2000000476837158</octave_amplitude_multiplier>
<octave_frequency_multiplier>1.399999976158142</octave_frequency_multiplier>
<octaves>2</octaves>
<pitch_amplitude>0.5</pitch_amplitude>
<pitch_frequency>5</pitch_frequency>
<release>1</release>
<roll_amplitude>0.5</roll_amplitude>
<roll_frequency>4</roll_frequency>
<sustain>3</sustain>
<sustain_multiplier>1</sustain_multiplier>
<vertical_amplitude>0.4000000059604645</vertical_amplitude>
<vertical_frequency>3</vertical_frequency>
<yaw_amplitude>0.5</yaw_amplitude>
<yaw_frequency>5</yaw_frequency>
</battle_camera_shake_parameters>
<battle_camera_shake_parameters record_uuid="{0a151d51-70ad-4b56-9d04-0b64bac07fec}" record_timestamp="1490781553632" record_key="wh_main_composite_spell_8">
<attack>0.5</attack>
<decay>1.5</decay>
<fall_off_distance>40</fall_off_distance>
<horizontal_amplitude>1</horizontal_amplitude>
<horizontal_frequency>3</horizontal_frequency>
<key>wh_main_composite_spell_8</key>
<octave_amplitude_multiplier>1.2000000476837158</octave_amplitude_multiplier>
<octave_frequency_multiplier>1.399999976158142</octave_frequency_multiplier>
<octaves>2</octaves>
<pitch_amplitude>0.5</pitch_amplitude>
<pitch_frequency>5</pitch_frequency>
<release>2</release>
<roll_amplitude>0.5</roll_amplitude>
<roll_frequency>4</roll_frequency>
<sustain>4</sustain>
<sustain_multiplier>1</sustain_multiplier>
<vertical_amplitude>0.4000000059604645</vertical_amplitude>
<vertical_frequency>3</vertical_frequency>
<yaw_amplitude>0.5</yaw_amplitude>
<yaw_frequency>5</yaw_frequency>
</battle_camera_shake_parameters>
<battle_camera_shake_parameters record_uuid="{820a5c5d-8e04-4e78-a62d-c87afa52585f}" record_timestamp="1490614404443" record_key="wh_main_unit_artillery_footstep">
<attack>0.10000000149011612</attack>
<decay>0.10000000149011612</decay>
<fall_off_distance>20</fall_off_distance>
<horizontal_amplitude>0.05000000074505806</horizontal_amplitude>
<horizontal_frequency>5</horizontal_frequency>
<key>wh_main_unit_artillery_footstep</key>
<octave_amplitude_multiplier>1</octave_amplitude_multiplier>
<octave_frequency_multiplier>1</octave_frequency_multiplier>
<octaves>1</octaves>
<pitch_amplitude>0.10000000149011612</pitch_amplitude>
<pitch_frequency>2</pitch_frequency>
<release>0.10000000149011612</release>
<roll_amplitude>0.10000000149011612</roll_amplitude>
<roll_frequency>2</roll_frequency>
<sustain>0.10000000149011612</sustain>
<sustain_multiplier>0.5</sustain_multiplier>
<vertical_amplitude>0.05000000074505806</vertical_amplitude>
<vertical_frequency>5</vertical_frequency>
<yaw_amplitude>0.10000000149011612</yaw_amplitude>
<yaw_frequency>3</yaw_frequency>
</battle_camera_shake_parameters>
<battle_camera_shake_parameters record_uuid="{cb005069-6730-4a31-b2c3-8371b6bca90e}" record_timestamp="1490614404443" record_key="wh_main_unit_cavalry_footstep">
<attack>0.10000000149011612</attack>
<decay>0.10000000149011612</decay>
<fall_off_distance>40</fall_off_distance>
<horizontal_amplitude>0.05000000074505806</horizontal_amplitude>
<horizontal_frequency>6</horizontal_frequency>
<key>wh_main_unit_cavalry_footstep</key>
<octave_amplitude_multiplier>1</octave_amplitude_multiplier>
<octave_frequency_multiplier>1</octave_frequency_multiplier>
<octaves>1</octaves>
<pitch_amplitude>0.10000000149011612</pitch_amplitude>
<pitch_frequency>3</pitch_frequency>
<release>0.10000000149011612</release>
<roll_amplitude>0.10000000149011612</roll_amplitude>
<roll_frequency>3</roll_frequency>
<sustain>0.10000000149011612</sustain>
<sustain_multiplier>0.5</sustain_multiplier>
<vertical_amplitude>0.05000000074505806</vertical_amplitude>
<vertical_frequency>6</vertical_frequency>
<yaw_amplitude>0.10000000149011612</yaw_amplitude>
<yaw_frequency>4</yaw_frequency>
</battle_camera_shake_parameters>
<battle_camera_shake_parameters record_uuid="{d5f2586d-27d4-44d7-b95e-eb87dd414dde}" record_timestamp="1490614404443" record_key="wh_main_unit_combat">
<attack>0.10000000149011612</attack>
<decay>0.05000000074505806</decay>
<fall_off_distance>40</fall_off_distance>
<horizontal_amplitude>0</horizontal_amplitude>
<horizontal_frequency>5</horizontal_frequency>
<key>wh_main_unit_combat</key>
<octave_amplitude_multiplier>1</octave_amplitude_multiplier>
<octave_frequency_multiplier>1</octave_frequency_multiplier>
<octaves>2</octaves>
<pitch_amplitude>2</pitch_amplitude>
<pitch_frequency>15</pitch_frequency>
<release>0.20000000298023224</release>
<roll_amplitude>2</roll_amplitude>
<roll_frequency>15</roll_frequency>
<sustain>0.4000000059604645</sustain>
<sustain_multiplier>0.5</sustain_multiplier>
<vertical_amplitude>0</vertical_amplitude>
<vertical_frequency>5</vertical_frequency>
<yaw_amplitude>2</yaw_amplitude>
<yaw_frequency>15</yaw_frequency>
</battle_camera_shake_parameters>
<battle_camera_shake_parameters record_uuid="{e534659e-ad59-4e46-8f65-9bda88d99c1f}" record_timestamp="1490614404443" record_key="wh_main_unit_explosion_heavy">
<attack>0.20000000298023224</attack>
<decay>0.10000000149011612</decay>
<fall_off_distance>60</fall_off_distance>
<horizontal_amplitude>0.30000001192092896</horizontal_amplitude>
<horizontal_frequency>6</horizontal_frequency>
<key>wh_main_unit_explosion_heavy</key>
<octave_amplitude_multiplier>1</octave_amplitude_multiplier>
<octave_frequency_multiplier>1</octave_frequency_multiplier>
<octaves>1</octaves>
<pitch_amplitude>0.10000000149011612</pitch_amplitude>
<pitch_frequency>3</pitch_frequency>
<release>0.20000000298023224</release>
<roll_amplitude>0.10000000149011612</roll_amplitude>
<roll_frequency>3</roll_frequency>
<sustain>0.10000000149011612</sustain>
<sustain_multiplier>0.5</sustain_multiplier>
<vertical_amplitude>0.4000000059604645</vertical_amplitude>
<vertical_frequency>8</vertical_frequency>
<yaw_amplitude>0.10000000149011612</yaw_amplitude>
<yaw_frequency>3</yaw_frequency>
</battle_camera_shake_parameters>
<battle_camera_shake_parameters record_uuid="{c667e2cb-dad8-488e-b8d3-b0d659d48816}" record_timestamp="1490614404443" record_key="wh_main_unit_explosion_light">
<attack>0.20000000298023224</attack>
<decay>0.10000000149011612</decay>
<fall_off_distance>20</fall_off_distance>
<horizontal_amplitude>0.15000000596046448</horizontal_amplitude>
<horizontal_frequency>8</horizontal_frequency>
<key>wh_main_unit_explosion_light</key>
<octave_amplitude_multiplier>1</octave_amplitude_multiplier>
<octave_frequency_multiplier>1</octave_frequency_multiplier>
<octaves>1</octaves>
<pitch_amplitude>0.10000000149011612</pitch_amplitude>
<pitch_frequency>3</pitch_frequency>
<release>0.20000000298023224</release>
<roll_amplitude>0.10000000149011612</roll_amplitude>
<roll_frequency>3</roll_frequency>
<sustain>0.10000000149011612</sustain>
<sustain_multiplier>0.5</sustain_multiplier>
<vertical_amplitude>0.10000000149011612</vertical_amplitude>
<vertical_frequency>4</vertical_frequency>
<yaw_amplitude>0.10000000149011612</yaw_amplitude>
<yaw_frequency>3</yaw_frequency>
</battle_camera_shake_parameters>
<battle_camera_shake_parameters record_uuid="{1fcd17a2-5452-4299-944b-1ca214c0d8a9}" record_timestamp="1490614404443" record_key="wh_main_unit_explosion_medium">
<attack>0.20000000298023224</attack>
<decay>0.10000000149011612</decay>
<fall_off_distance>40</fall_off_distance>
<horizontal_amplitude>0.30000001192092896</horizontal_amplitude>
<horizontal_frequency>10</horizontal_frequency>
<key>wh_main_unit_explosion_medium</key>
<octave_amplitude_multiplier>1</octave_amplitude_multiplier>
<octave_frequency_multiplier>1</octave_frequency_multiplier>
<octaves>1</octaves>
<pitch_amplitude>0.10000000149011612</pitch_amplitude>
<pitch_frequency>3</pitch_frequency>
<release>0.20000000298023224</release>
<roll_amplitude>0.10000000149011612</roll_amplitude>
<roll_frequency>3</roll_frequency>
<sustain>0.10000000149011612</sustain>
<sustain_multiplier>0.5</sustain_multiplier>
<vertical_amplitude>0.20000000298023224</vertical_amplitude>
<vertical_frequency>6</vertical_frequency>
<yaw_amplitude>0.10000000149011612</yaw_amplitude>
<yaw_frequency>3</yaw_frequency>
</battle_camera_shake_parameters>
<battle_camera_shake_parameters record_uuid="{6523186c-facf-4715-99c4-49b9722b40da}" record_timestamp="1490614404443" record_key="wh_main_unit_giant_footstep">
<attack>0.4000000059604645</attack>
<decay>0.20000000298023224</decay>
<fall_off_distance>80</fall_off_distance>
<horizontal_amplitude>0.10000000149011612</horizontal_amplitude>
<horizontal_frequency>8</horizontal_frequency>
<key>wh_main_unit_giant_footstep</key>
<octave_amplitude_multiplier>1.100000023841858</octave_amplitude_multiplier>
<octave_frequency_multiplier>1.100000023841858</octave_frequency_multiplier>
<octaves>2</octaves>
<pitch_amplitude>0.10000000149011612</pitch_amplitude>
<pitch_frequency>4</pitch_frequency>
<release>0.20000000298023224</release>
<roll_amplitude>0.10000000149011612</roll_amplitude>
<roll_frequency>4</roll_frequency>
<sustain>0.10000000149011612</sustain>
<sustain_multiplier>1</sustain_multiplier>
<vertical_amplitude>0.20000000298023224</vertical_amplitude>
<vertical_frequency>10</vertical_frequency>
<yaw_amplitude>0.10000000149011612</yaw_amplitude>
<yaw_frequency>4</yaw_frequency>
</battle_camera_shake_parameters>
<battle_camera_shake_parameters record_uuid="{1d038e85-f187-47bf-805f-3c3be8b43a07}" record_timestamp="1490614404443" record_key="wh_main_unit_impact_heavy">
<attack>0.15000000596046448</attack>
<decay>0.10000000149011612</decay>
<fall_off_distance>40</fall_off_distance>
<horizontal_amplitude>0.20000000298023224</horizontal_amplitude>
<horizontal_frequency>8</horizontal_frequency>
<key>wh_main_unit_impact_heavy</key>
<octave_amplitude_multiplier>1</octave_amplitude_multiplier>
<octave_frequency_multiplier>1</octave_frequency_multiplier>
<octaves>1</octaves>
<pitch_amplitude>0.10000000149011612</pitch_amplitude>
<pitch_frequency>3</pitch_frequency>
<release>0.10000000149011612</release>
<roll_amplitude>0.10000000149011612</roll_amplitude>
<roll_frequency>3</roll_frequency>
<sustain>0.10000000149011612</sustain>
<sustain_multiplier>0.5</sustain_multiplier>
<vertical_amplitude>0.11999999731779099</vertical_amplitude>
<vertical_frequency>4</vertical_frequency>
<yaw_amplitude>0.10000000149011612</yaw_amplitude>
<yaw_frequency>3</yaw_frequency>
</battle_camera_shake_parameters>
<battle_camera_shake_parameters record_uuid="{8b5fa54b-8e89-4079-a3ff-a22deee916de}" record_timestamp="1490614404443" record_key="wh_main_unit_impact_light">
<attack>0.10000000149011612</attack>
<decay>0.05000000074505806</decay>
<fall_off_distance>20</fall_off_distance>
<horizontal_amplitude>0.05000000074505806</horizontal_amplitude>
<horizontal_frequency>8</horizontal_frequency>
<key>wh_main_unit_impact_light</key>
<octave_amplitude_multiplier>1</octave_amplitude_multiplier>
<octave_frequency_multiplier>1</octave_frequency_multiplier>
<octaves>1</octaves>
<pitch_amplitude>0.10000000149011612</pitch_amplitude>
<pitch_frequency>3</pitch_frequency>
<release>0.05000000074505806</release>
<roll_amplitude>0.10000000149011612</roll_amplitude>
<roll_frequency>3</roll_frequency>
<sustain>0.05000000074505806</sustain>
<sustain_multiplier>0.5</sustain_multiplier>
<vertical_amplitude>0.07999999821186066</vertical_amplitude>
<vertical_frequency>4</vertical_frequency>
<yaw_amplitude>0.10000000149011612</yaw_amplitude>
<yaw_frequency>3</yaw_frequency>
</battle_camera_shake_parameters>
<battle_camera_shake_parameters record_uuid="{2614354e-19a6-4854-a8a1-921abe0e9802}" record_timestamp="1490614404443" record_key="wh_main_unit_impact_medium">
<attack>0.10000000149011612</attack>
<decay>0.05000000074505806</decay>
<fall_off_distance>30</fall_off_distance>
<horizontal_amplitude>0.15000000596046448</horizontal_amplitude>
<horizontal_frequency>8</horizontal_frequency>
<key>wh_main_unit_impact_medium</key>
<octave_amplitude_multiplier>1</octave_amplitude_multiplier>
<octave_frequency_multiplier>1</octave_frequency_multiplier>
<octaves>1</octaves>
<pitch_amplitude>0.10000000149011612</pitch_amplitude>
<pitch_frequency>3</pitch_frequency>
<release>0.10000000149011612</release>
<roll_amplitude>0.10000000149011612</roll_amplitude>
<roll_frequency>3</roll_frequency>
<sustain>0.05000000074505806</sustain>
<sustain_multiplier>0.5</sustain_multiplier>
<vertical_amplitude>0.10000000149011612</vertical_amplitude>
<vertical_frequency>4</vertical_frequency>
<yaw_amplitude>0.10000000149011612</yaw_amplitude>
<yaw_frequency>3</yaw_frequency>
</battle_camera_shake_parameters>
<battle_camera_shake_parameters record_uuid="{5395aba5-9c8c-402e-b5dc-a4a5f8398b06}" record_timestamp="1503992079439" record_key="wh_main_unit_infantry_footstep">
<attack>0.10000000149011612</attack>
<decay>0.05000000074505806</decay>
<fall_off_distance>20</fall_off_distance>
<horizontal_amplitude>0.029999999329447746</horizontal_amplitude>
<horizontal_frequency>5</horizontal_frequency>
<key>wh_main_unit_infantry_footstep</key>
<octave_amplitude_multiplier>1</octave_amplitude_multiplier>
<octave_frequency_multiplier>1</octave_frequency_multiplier>
<octaves>1</octaves>
<pitch_amplitude>0.05000000074505806</pitch_amplitude>
<pitch_frequency>5</pitch_frequency>
<release>0.05000000074505806</release>
<roll_amplitude>0.05000000074505806</roll_amplitude>
<roll_frequency>5</roll_frequency>
<sustain>0.05000000074505806</sustain>
<sustain_multiplier>0.5</sustain_multiplier>
<vertical_amplitude>0.014999999664723873</vertical_amplitude>
<vertical_frequency>6</vertical_frequency>
<yaw_amplitude>0.05000000074505806</yaw_amplitude>
<yaw_frequency>5</yaw_frequency>
</battle_camera_shake_parameters>
<battle_camera_shake_parameters record_uuid="{697f94e3-a36e-42e2-866d-72b0066afdf3}" record_timestamp="1490614404444" record_key="wh_main_unit_launch_heavy">
<attack>0.10000000149011612</attack>
<decay>0.10000000149011612</decay>
<fall_off_distance>40</fall_off_distance>
<horizontal_amplitude>0.20000000298023224</horizontal_amplitude>
<horizontal_frequency>10</horizontal_frequency>
<key>wh_main_unit_launch_heavy</key>
<octave_amplitude_multiplier>1</octave_amplitude_multiplier>
<octave_frequency_multiplier>1</octave_frequency_multiplier>
<octaves>1</octaves>
<pitch_amplitude>0.10000000149011612</pitch_amplitude>
<pitch_frequency>6</pitch_frequency>
<release>0.5</release>
<roll_amplitude>0.10000000149011612</roll_amplitude>
<roll_frequency>6</roll_frequency>
<sustain>0.30000001192092896</sustain>
<sustain_multiplier>0.5</sustain_multiplier>
<vertical_amplitude>0.20000000298023224</vertical_amplitude>
<vertical_frequency>10</vertical_frequency>
<yaw_amplitude>0.10000000149011612</yaw_amplitude>
<yaw_frequency>6</yaw_frequency>
</battle_camera_shake_parameters>
<battle_camera_shake_parameters record_uuid="{7d1a9a46-ef7b-4706-b5dc-1e28e75294cc}" record_timestamp="1490614404444" record_key="wh_main_unit_launch_light">
<attack>0.10000000149011612</attack>
<decay>0.10000000149011612</decay>
<fall_off_distance>20</fall_off_distance>
<horizontal_amplitude>0.15000000596046448</horizontal_amplitude>
<horizontal_frequency>6</horizontal_frequency>
<key>wh_main_unit_launch_light</key>
<octave_amplitude_multiplier>1</octave_amplitude_multiplier>
<octave_frequency_multiplier>1</octave_frequency_multiplier>
<octaves>1</octaves>
<pitch_amplitude>0.10000000149011612</pitch_amplitude>
<pitch_frequency>3</pitch_frequency>
<release>0.5</release>
<roll_amplitude>0.10000000149011612</roll_amplitude>
<roll_frequency>3</roll_frequency>
<sustain>0.30000001192092896</sustain>
<sustain_multiplier>0.5</sustain_multiplier>
<vertical_amplitude>0.15000000596046448</vertical_amplitude>
<vertical_frequency>6</vertical_frequency>
<yaw_amplitude>0.10000000149011612</yaw_amplitude>
<yaw_frequency>3</yaw_frequency>
</battle_camera_shake_parameters>
<battle_camera_shake_parameters record_uuid="{d712de64-2f1a-462f-af38-99fae4b10599}" record_timestamp="1490614404444" record_key="wh_main_unit_launch_medium">
<attack>0.10000000149011612</attack>
<decay>0.10000000149011612</decay>
<fall_off_distance>30</fall_off_distance>
<horizontal_amplitude>0.18000000715255737</horizontal_amplitude>
<horizontal_frequency>8</horizontal_frequency>
<key>wh_main_unit_launch_medium</key>
<octave_amplitude_multiplier>1</octave_amplitude_multiplier>
<octave_frequency_multiplier>1</octave_frequency_multiplier>
<octaves>1</octaves>
<pitch_amplitude>0.10000000149011612</pitch_amplitude>
<pitch_frequency>4</pitch_frequency>
<release>0.5</release>
<roll_amplitude>0.10000000149011612</roll_amplitude>
<roll_frequency>4</roll_frequency>
<sustain>0.30000001192092896</sustain>
<sustain_multiplier>0.5</sustain_multiplier>
<vertical_amplitude>0.18000000715255737</vertical_amplitude>
<vertical_frequency>8</vertical_frequency>
<yaw_amplitude>0.10000000149011612</yaw_amplitude>
<yaw_frequency>6</yaw_frequency>
</battle_camera_shake_parameters>
<battle_camera_shake_parameters record_uuid="{08724a86-88a7-4a54-b707-09ac0f7735f0}" record_timestamp="1490614404444" record_key="wh_main_unit_light_cannon_launch">
<attack>0.10000000149011612</attack>
<decay>0.10000000149011612</decay>
<fall_off_distance>30</fall_off_distance>
<horizontal_amplitude>0.15000000596046448</horizontal_amplitude>
<horizontal_frequency>6</horizontal_frequency>
<key>wh_main_unit_light_cannon_launch</key>
<octave_amplitude_multiplier>1</octave_amplitude_multiplier>
<octave_frequency_multiplier>1</octave_frequency_multiplier>
<octaves>1</octaves>
<pitch_amplitude>0.10000000149011612</pitch_amplitude>
<pitch_frequency>3</pitch_frequency>
<release>0.5</release>
<roll_amplitude>0.10000000149011612</roll_amplitude>
<roll_frequency>3</roll_frequency>
<sustain>0.30000001192092896</sustain>
<sustain_multiplier>0.5</sustain_multiplier>
<vertical_amplitude>0.15000000596046448</vertical_amplitude>
<vertical_frequency>6</vertical_frequency>
<yaw_amplitude>0.10000000149011612</yaw_amplitude>
<yaw_frequency>3</yaw_frequency>
</battle_camera_shake_parameters>
<battle_camera_shake_parameters record_uuid="{7963907b-56c8-4e28-baa4-ce138e488ded}" record_timestamp="1490614404444" record_key="wh_main_unit_machine_footstep">
<attack>0.20000000298023224</attack>
<decay>0.800000011920929</decay>
<fall_off_distance>40</fall_off_distance>
<horizontal_amplitude>0.05000000074505806</horizontal_amplitude>
<horizontal_frequency>10</horizontal_frequency>
<key>wh_main_unit_machine_footstep</key>
<octave_amplitude_multiplier>0.5</octave_amplitude_multiplier>
<octave_frequency_multiplier>2</octave_frequency_multiplier>
<octaves>2</octaves>
<pitch_amplitude>0.10000000149011612</pitch_amplitude>
<pitch_frequency>1</pitch_frequency>
<release>1</release>
<roll_amplitude>0.10000000149011612</roll_amplitude>
<roll_frequency>1</roll_frequency>
<sustain>0.5</sustain>
<sustain_multiplier>0.5</sustain_multiplier>
<vertical_amplitude>0.05000000074505806</vertical_amplitude>
<vertical_frequency>10</vertical_frequency>
<yaw_amplitude>0.10000000149011612</yaw_amplitude>
<yaw_frequency>1</yaw_frequency>
</battle_camera_shake_parameters>
<battle_camera_shake_parameters record_uuid="{b22db74f-72fa-4ba5-8b87-35e9f84c76e4}" record_timestamp="1490614404444" record_key="wh_main_unit_monster_footstep">
<attack>0.10000000149011612</attack>
<decay>0.10000000149011612</decay>
<fall_off_distance>30</fall_off_distance>
<horizontal_amplitude>0.05000000074505806</horizontal_amplitude>
<horizontal_frequency>6</horizontal_frequency>
<key>wh_main_unit_monster_footstep</key>
<octave_amplitude_multiplier>1</octave_amplitude_multiplier>
<octave_frequency_multiplier>1</octave_frequency_multiplier>
<octaves>1</octaves>
<pitch_amplitude>0.10000000149011612</pitch_amplitude>
<pitch_frequency>3</pitch_frequency>
<release>0.10000000149011612</release>
<roll_amplitude>0.10000000149011612</roll_amplitude>
<roll_frequency>3</roll_frequency>
<sustain>0.10000000149011612</sustain>
<sustain_multiplier>0.5</sustain_multiplier>
<vertical_amplitude>0.05000000074505806</vertical_amplitude>
<vertical_frequency>6</vertical_frequency>
<yaw_amplitude>0.10000000149011612</yaw_amplitude>
<yaw_frequency>4</yaw_frequency>
</battle_camera_shake_parameters>
</dataroot>
