<?xml version="1.0" encoding="UTF-8"?>
<dataroot xmlns:od="urn:schemas-microsoft-com:officedata" xmlns:xsi="http://www.w3.org/2001/XMLSchema-instance" xsi:noNamespaceSchemaLocation="battle_entity_stats.xsd" export_time="Tue Sep 26 16:30:19 2017" revision="35" export_branch="T:/branches/warhammer2/new_tomb/warhammer/binaries.x64" export_user="bob">
<edit_uuid>ee474b80-d9c8-4115-958e-d062bd973ca6</edit_uuid>
<battle_entity_stats record_uuid="{e2c35be0-4db0-47e9-b5a5-aa2a217d84a8}" record_timestamp="1446820292291" record_key="test">
<key>test</key>
<primary_melee_weapon>wh_main_emp_hammer_hero</primary_melee_weapon>
<primary_missile_weapon>wh_main_chs_javelin</primary_missile_weapon>
</battle_entity_stats>
<battle_entity_stats record_uuid="{72c50dda-1c03-4dce-814d-4b4d7803b7b0}" record_timestamp="1499155607408" record_key="wh2_def_dreadlord_dragon">
<key>wh2_def_dreadlord_dragon</key>
<primary_melee_weapon></primary_melee_weapon>
<primary_missile_weapon>wh2_main_def_crossbow_bolt_dreadlord</primary_missile_weapon>
</battle_entity_stats>
<battle_entity_stats record_uuid="{07d104c4-e0fe-4969-b2e6-3dea45d8514e}" record_timestamp="1506439819458" record_key="wh2_dlc09_tmb_chariot_bow">
<key>wh2_dlc09_tmb_chariot_bow</key>
<primary_melee_weapon></primary_melee_weapon>
<primary_missile_weapon>wh2_dlc09_tmb_bow_chariot</primary_missile_weapon>
</battle_entity_stats>
<battle_entity_stats record_uuid="{63266256-4626-4e43-abde-c6bb2aa48f47}" record_timestamp="1494606193351" record_key="wh2_main_def_cold_one_chariot_archer">
<key>wh2_main_def_cold_one_chariot_archer</key>
<primary_melee_weapon></primary_melee_weapon>
<primary_missile_weapon>wh2_main_def_crossbow_bolt_chariot</primary_missile_weapon>
</battle_entity_stats>
<battle_entity_stats record_uuid="{98dae73e-4105-4c4d-8956-3a32ff29c983}" record_timestamp="1499181532036" record_key="wh2_main_hef_princess">
<key>wh2_main_hef_princess</key>
<primary_melee_weapon></primary_melee_weapon>
<primary_missile_weapon>wh2_main_hef_longbow_arrow_princess</primary_missile_weapon>
</battle_entity_stats>
<battle_entity_stats record_uuid="{c9bdf1e4-e2c8-4569-aaa0-dea10c2c6d96}" record_timestamp="1485507578331" record_key="wh2_main_hef_tiranoc_chariot_archer">
<key>wh2_main_hef_tiranoc_chariot_archer</key>
<primary_melee_weapon></primary_melee_weapon>
<primary_missile_weapon>wh2_main_hef_longbow_arrow_tiranoc_chariot</primary_missile_weapon>
</battle_entity_stats>
<battle_entity_stats record_uuid="{a00be3d1-0df0-42bc-9ec5-ba56fdf7c730}" record_timestamp="1487870137063" record_key="wh2_main_lzd_mon_ancient_stegadon_rider">
<key>wh2_main_lzd_mon_ancient_stegadon_rider</key>
<primary_melee_weapon></primary_melee_weapon>
<primary_missile_weapon>wh2_main_lzd_mon_stegadon_blowpipe</primary_missile_weapon>
</battle_entity_stats>
<battle_entity_stats record_uuid="{e1153448-5f30-4ba8-9c4d-e3d23dd6046b}" record_timestamp="1499871038142" record_key="wh2_main_lzd_mon_skink_rider_primary_ammo">
<key>wh2_main_lzd_mon_skink_rider_primary_ammo</key>
<primary_melee_weapon></primary_melee_weapon>
<primary_missile_weapon>wh2_main_lzd_javelin_rider_primary_ammo</primary_missile_weapon>
</battle_entity_stats>
<battle_entity_stats record_uuid="{5a0a4e15-57d7-4fc8-8652-06ccac59c2b0}" record_timestamp="1499871038143" record_key="wh2_main_lzd_mon_skink_rider_secondary_ammo">
<key>wh2_main_lzd_mon_skink_rider_secondary_ammo</key>
<primary_melee_weapon></primary_melee_weapon>
<primary_missile_weapon>wh2_main_lzd_javelin_rider</primary_missile_weapon>
</battle_entity_stats>
<battle_entity_stats record_uuid="{d28734ef-1e9a-4361-a1f8-46d3706c6751}" record_timestamp="1476112855044" record_key="wh2_main_lzd_mon_terradon_rider_bola">
<key>wh2_main_lzd_mon_terradon_rider_bola</key>
<primary_melee_weapon></primary_melee_weapon>
<primary_missile_weapon>wh2_main_lzd_fireleech_bola_terradon</primary_missile_weapon>
</battle_entity_stats>
<battle_entity_stats record_uuid="{092758cd-a765-4daa-9ab0-36dec52c09af}" record_timestamp="1476112855044" record_key="wh2_main_lzd_mon_terradon_rider_javelin">
<key>wh2_main_lzd_mon_terradon_rider_javelin</key>
<primary_melee_weapon></primary_melee_weapon>
<primary_missile_weapon>wh2_main_lzd_javelin_terradon</primary_missile_weapon>
</battle_entity_stats>
<battle_entity_stats record_uuid="{3ff2de4d-57a0-4596-a4bd-deb5df9982f3}" record_timestamp="1476710930409" record_key="wh2_main_skv_veh_doomwheel_warp_lightning">
<key>wh2_main_skv_veh_doomwheel_warp_lightning</key>
<primary_melee_weapon></primary_melee_weapon>
<primary_missile_weapon>wh2_main_skv_doomwheel_warp_lightning</primary_missile_weapon>
</battle_entity_stats>
<battle_entity_stats record_uuid="{c971ea8c-518c-49bf-85ea-33096b911778}" record_timestamp="1446820292291" record_key="wh_main_chs_cha_archaon_1">
<key>wh_main_chs_cha_archaon_1</key>
<primary_melee_weapon>wh_main_emp_hammer_hero</primary_melee_weapon>
<primary_missile_weapon>wh_main_chs_javelin</primary_missile_weapon>
</battle_entity_stats>
<battle_entity_stats record_uuid="{d78df9e1-d77f-4c78-a663-69ea0dec5f87}" record_timestamp="1446820292291" record_key="wh_main_dwf_cha_thorgrim">
<key>wh_main_dwf_cha_thorgrim</key>
<primary_melee_weapon>wh_main_emp_hammer_hero</primary_melee_weapon>
<primary_missile_weapon></primary_missile_weapon>
</battle_entity_stats>
<battle_entity_stats record_uuid="{8c962cfc-e8c4-48f1-9807-65ed3ce2686c}" record_timestamp="1435137550301" record_key="wh_main_dwf_master_engineer">
<key>wh_main_dwf_master_engineer</key>
<primary_melee_weapon>wh_main_dwf_master_engineer_hammer</primary_melee_weapon>
<primary_missile_weapon></primary_missile_weapon>
</battle_entity_stats>
<battle_entity_stats record_uuid="{460c184f-1c62-49ba-a04d-394e6734c35d}" record_timestamp="1446820292291" record_key="wh_main_emp_cha_karl_franz_4">
<key>wh_main_emp_cha_karl_franz_4</key>
<primary_melee_weapon>wh_main_emp_hammer_hero</primary_melee_weapon>
<primary_missile_weapon>wh_main_chs_javelin</primary_missile_weapon>
</battle_entity_stats>
<battle_entity_stats record_uuid="{4a312904-c82e-4eb8-9b2c-bb235944356c}" record_timestamp="1430487914547" record_key="wh_main_emp_cha_luminark_acolyte_rider">
<key>wh_main_emp_cha_luminark_acolyte_rider</key>
<primary_melee_weapon></primary_melee_weapon>
<primary_missile_weapon></primary_missile_weapon>
</battle_entity_stats>
<battle_entity_stats record_uuid="{d729c5c4-af81-42fe-b1f8-0aecf62d404a}" record_timestamp="1427384541824" record_key="wh_main_emp_steam_tank_turret">
<key>wh_main_emp_steam_tank_turret</key>
<primary_melee_weapon></primary_melee_weapon>
<primary_missile_weapon>wh_main_emp_steam_tank_steam_gun</primary_missile_weapon>
</battle_entity_stats>
<battle_entity_stats record_uuid="{51a75138-1e00-4ee1-83a2-03d5ff02f643}" record_timestamp="1443086216450" record_key="wh_main_grn_grimgor_officer">
<key>wh_main_grn_grimgor_officer</key>
<primary_melee_weapon>wh_main_grn_axe_great_grimgor</primary_melee_weapon>
<primary_missile_weapon></primary_missile_weapon>
</battle_entity_stats>
<battle_entity_stats record_uuid="{8e48af3d-96a1-4297-aa87-3f9fb61231b8}" record_timestamp="1424683477079" record_key="wh_main_grn_mon_arachnarok_spider_rider">
<key>wh_main_grn_mon_arachnarok_spider_rider</key>
<primary_melee_weapon></primary_melee_weapon>
<primary_missile_weapon>wh_main_grn_arachnarok_rider_bow</primary_missile_weapon>
</battle_entity_stats>
<battle_entity_stats record_uuid="{70d3fe17-3a27-46b9-a229-f433f905da26}" record_timestamp="1435052347232" record_key="wh_main_grn_wolf_chariot01_bow">
<key>wh_main_grn_wolf_chariot01_bow</key>
<primary_melee_weapon></primary_melee_weapon>
<primary_missile_weapon>wh_main_grn_wolf_chariot_bow</primary_missile_weapon>
</battle_entity_stats>
</dataroot>
