<?xml version="1.0" encoding="UTF-8"?>
<dataroot xmlns:od="urn:schemas-microsoft-com:officedata" xmlns:xsi="http://www.w3.org/2001/XMLSchema-instance" xsi:noNamespaceSchemaLocation="battlefield_engines.xsd" export_time="Mon Dec 11 16:59:52 2017" revision="253" export_branch="T:/branches/warhammer2/new_tomb/warhammer/binaries.x64" export_user="bob">
<edit_uuid>0ebc5a47-f46d-4a45-b59b-277b0026dab2</edit_uuid>
<battlefield_engines record_uuid="{26f50255-0b60-4d6b-bd3e-52873c390d69}" record_timestamp="1470836353260" record_key="test_war_machine">
<asset_folder></asset_folder>
<battle_entity>wh_main_artillery_medium</battle_entity>
<destroyed_model></destroyed_model>
<destruct_anim></destruct_anim>
<destruct_model></destruct_model>
<destruction_animation></destruction_animation>
<draught_attachment_point></draught_attachment_point>
<engine_type>Generic_No_Crew_Rotate</engine_type>
<first_person></first_person>
<gun_animation_table>wm_grudge_thrower</gun_animation_table>
<key>test_war_machine</key>
<missile_weapon>wh_main_dwf_grudge_thrower</missile_weapon>
<model>grn_doomdiver_catapult</model>
<rider_attachment_point></rider_attachment_point>
<tech_folder></tech_folder>
<variant></variant>
</battlefield_engines>
<battlefield_engines record_uuid="{34967f94-ea8d-435e-a585-732a2f8d01fa}" record_timestamp="1470836353259" record_key="test_war_machine_chariot">
<asset_folder></asset_folder>
<battle_entity>wh_main_artillery_medium</battle_entity>
<destroyed_model></destroyed_model>
<destruct_anim></destruct_anim>
<destruct_model></destruct_model>
<destruction_animation></destruction_animation>
<draught_attachment_point></draught_attachment_point>
<engine_type>Generic_No_Crew_Rotate</engine_type>
<first_person></first_person>
<gun_animation_table>wm_grudge_thrower</gun_animation_table>
<key>test_war_machine_chariot</key>
<missile_weapon>wh_main_dwf_grudge_thrower</missile_weapon>
<model>grn_doomdiver_catapult</model>
<rider_attachment_point></rider_attachment_point>
<tech_folder></tech_folder>
<variant></variant>
</battlefield_engines>
<battlefield_engines record_uuid="{647d3351-6921-46cd-beee-8f1e7ab80052}" record_timestamp="1510746291870" record_key="wh2_dlc09_tmb_art_screaming_skull_catapult">
<asset_folder></asset_folder>
<battle_entity>wh2_dlc09_tmb_art_screaming_skull_catapult</battle_entity>
<destroyed_model state="NOT_APPROVED" last_approved_text="" last_edit_user="bob">warmachines\engines\tmb_skull_catapult/tmb_screaming_skull_catapult_01_destroyed.wsmodel</destroyed_model>
<destruct_anim></destruct_anim>
<destruct_model></destruct_model>
<destruction_animation>tmb_skull_catapult_destruct</destruction_animation>
<draught_attachment_point></draught_attachment_point>
<engine_type>Generic_3_Crew</engine_type>
<first_person>dwf_grudge_thrower</first_person>
<gun_animation_table>wm_catapult01</gun_animation_table>
<key>wh2_dlc09_tmb_art_screaming_skull_catapult</key>
<missile_weapon>wh2_dlc09_tmb_screaming_skull</missile_weapon>
<model>tmb_skull_catapult</model>
<rider_attachment_point></rider_attachment_point>
<tech_folder></tech_folder>
<variant></variant>
</battlefield_engines>
<battlefield_engines record_uuid="{d7d57b0c-034c-4ce1-8fff-653481d3c852}" record_timestamp="1506440757545" record_key="wh2_dlc09_tmb_chariot">
<asset_folder></asset_folder>
<battle_entity>wh2_dlc09_tmb_vehicle_chariot</battle_entity>
<destroyed_model>warmachines\chariot\tmb_basic_chariot\tmb_basic_chariot_01_destroyed.rigid_model_v2</destroyed_model>
<destruct_anim></destruct_anim>
<destruct_model></destruct_model>
<destruction_animation>tmb_tomb_chariot_destruct</destruction_animation>
<draught_attachment_point>ap_draughtposition</draught_attachment_point>
<engine_type>Generic_No_Crew_Rotate</engine_type>
<first_person></first_person>
<gun_animation_table>wm_tomb_chariot01</gun_animation_table>
<key>wh2_dlc09_tmb_chariot</key>
<missile_weapon></missile_weapon>
<model>tmb_tomb_chariot</model>
<rider_attachment_point></rider_attachment_point>
<tech_folder>warmachines\chariot\tmb_basic_chariot\tech</tech_folder>
<variant></variant>
</battlefield_engines>
<battlefield_engines record_uuid="{4144704e-3207-45e1-b6b0-805dba2bbfc2}" record_timestamp="1510942170381" record_key="wh2_dlc09_tmb_chariot_arkhan">
<asset_folder></asset_folder>
<battle_entity>wh2_dlc09_tmb_vehicle_chariot_arkhan</battle_entity>
<destroyed_model>warmachines\chariot\tmb_arkhan_chariot\tmb_arkhan_chariot_01_destroyed.rigid_model_v2</destroyed_model>
<destruct_anim></destruct_anim>
<destruct_model></destruct_model>
<destruction_animation>tmb_tomb_chariot_arkhan_destruct</destruction_animation>
<draught_attachment_point state="NOT_APPROVED" last_approved_text="" last_edit_user="bob">ap_draughtposition</draught_attachment_point>
<engine_type>Generic_No_Crew_Rotate</engine_type>
<first_person></first_person>
<gun_animation_table>wm_arkhan_tomb_chariot01</gun_animation_table>
<key>wh2_dlc09_tmb_chariot_arkhan</key>
<missile_weapon></missile_weapon>
<model>tmb_tomb_chariot_arkhan</model>
<rider_attachment_point></rider_attachment_point>
<tech_folder>warmachines\chariot\tmb_arkhan_chariot\tech</tech_folder>
<variant></variant>
</battlefield_engines>
<battlefield_engines record_uuid="{296892c2-e9c5-4c7f-b75b-e4ea7600b58f}" record_timestamp="1506440757487" record_key="wh2_dlc09_tmb_chariot_general">
<asset_folder></asset_folder>
<battle_entity>wh2_dlc09_tmb_vehicle_chariot</battle_entity>
<destroyed_model>warmachines\chariot\tmb_general_chariot\tmb_general_chariot_01_destroyed.rigid_model_v2</destroyed_model>
<destruct_anim></destruct_anim>
<destruct_model></destruct_model>
<destruction_animation>tmb_tomb_chariot_general_destruct</destruction_animation>
<draught_attachment_point>ap_draughtposition</draught_attachment_point>
<engine_type>Generic_No_Crew_Rotate</engine_type>
<first_person></first_person>
<gun_animation_table>wm_tomb_chariot01</gun_animation_table>
<key>wh2_dlc09_tmb_chariot_general</key>
<missile_weapon></missile_weapon>
<model>tmb_tomb_chariot_general</model>
<rider_attachment_point></rider_attachment_point>
<tech_folder>warmachines\chariot\tmb_general_chariot\tech</tech_folder>
<variant></variant>
</battlefield_engines>
<battlefield_engines record_uuid="{1978ad73-e643-4c66-8425-903b950e0016}" record_timestamp="1509356589345" record_key="wh2_dlc09_tmb_chariot_settra">
<asset_folder></asset_folder>
<battle_entity>wh2_dlc09_tmb_vehicle_chariot_settra</battle_entity>
<destroyed_model>warmachines\chariot\tmb_chariot_of_the_gods\tmb_chariot_of_the_gods_01_destroyed.rigid_model_v2</destroyed_model>
<destruct_anim></destruct_anim>
<destruct_model></destruct_model>
<destruction_animation>tmb_tomb_chariot_settra_destruct</destruction_animation>
<draught_attachment_point>ap_draughtposition</draught_attachment_point>
<engine_type>Generic_No_Crew_Rotate</engine_type>
<first_person></first_person>
<gun_animation_table>wm_tomb_chariot01</gun_animation_table>
<key>wh2_dlc09_tmb_chariot_settra</key>
<missile_weapon></missile_weapon>
<model>tmb_tomb_chariot_settra</model>
<rider_attachment_point></rider_attachment_point>
<tech_folder>warmachines\chariot\tmb_chariot_of_the_gods\tech</tech_folder>
<variant></variant>
</battlefield_engines>
<battlefield_engines record_uuid="{bac67d35-b59b-433b-8e84-08070575f73b}" record_timestamp="1509113652162" record_key="wh2_dlc09_tmb_veh_casket_of_souls">
<asset_folder></asset_folder>
<battle_entity>wh2_dlc09_tmb_inf_casket_of_souls</battle_entity>
<destroyed_model>warmachines/engines/tmb_casket_of_souls/tmb_casket_of_souls_destroyed.rigid_model_v2</destroyed_model>
<destruct_anim></destruct_anim>
<destruct_model></destruct_model>
<destruction_animation>tmb_casket_of_souls_destruct</destruction_animation>
<draught_attachment_point></draught_attachment_point>
<engine_type>Generic_No_Crew_Rotate</engine_type>
<first_person></first_person>
<gun_animation_table>wm_casket_souls01</gun_animation_table>
<key>wh2_dlc09_tmb_veh_casket_of_souls</key>
<missile_weapon></missile_weapon>
<model>tmb_casket_of_souls</model>
<rider_attachment_point></rider_attachment_point>
<tech_folder>warmachines\engines\tmb_casket_of_souls\tech</tech_folder>
<variant></variant>
</battlefield_engines>
<battlefield_engines record_uuid="{42702ecb-c921-4bce-b4d7-e36e646c77ca}" record_timestamp="1503658507207" record_key="wh2_main_def_art_reaper_bolt_thrower">
<asset_folder></asset_folder>
<battle_entity>wh2_main_def_art_reaper_bolt_thrower</battle_entity>
<destroyed_model>warmachines/engines/def_reaper_bolt_thrower/def_reaper_bolt_thrower_01_destroyed.rigid_model_v2</destroyed_model>
<destruct_anim></destruct_anim>
<destruct_model></destruct_model>
<destruction_animation>def_reaper_bolt_thrower_destruct</destruction_animation>
<draught_attachment_point></draught_attachment_point>
<engine_type>Generic_3_Crew</engine_type>
<first_person>wh_dlc06_dwf_art_bolt_thrower</first_person>
<gun_animation_table>wm_bolt_thrower01</gun_animation_table>
<key>wh2_main_def_art_reaper_bolt_thrower</key>
<missile_weapon>wh2_main_def_reaper_bolt_thrower_bolt</missile_weapon>
<model>def_reaper_bolt_thrower</model>
<rider_attachment_point></rider_attachment_point>
<tech_folder></tech_folder>
<variant></variant>
</battlefield_engines>
<battlefield_engines record_uuid="{31c1ed45-eb34-4168-94ed-a7185b99cef0}" record_timestamp="1491928669414" record_key="wh2_main_def_cold_one_chariot">
<asset_folder></asset_folder>
<battle_entity>wh2_main_def_cold_one_chariot</battle_entity>
<destroyed_model>warmachines\chariot\def_coldone_chariot\def_coldone_chariot_01_destroyed.rigid_model_v2</destroyed_model>
<destruct_anim></destruct_anim>
<destruct_model></destruct_model>
<destruction_animation>def_coldone_chariot_destruct</destruction_animation>
<draught_attachment_point>ap_draughtposition</draught_attachment_point>
<engine_type>Generic_No_Crew_Rotate</engine_type>
<first_person></first_person>
<gun_animation_table>wm_cold_one_chariot01</gun_animation_table>
<key>wh2_main_def_cold_one_chariot</key>
<missile_weapon></missile_weapon>
<model>def_coldone_chariot</model>
<rider_attachment_point>ap_crewposition</rider_attachment_point>
<tech_folder>warmachines\chariot\def_coldone_chariot\tech</tech_folder>
<variant></variant>
</battlefield_engines>
<battlefield_engines record_uuid="{2d36abda-62bb-4911-8377-375708ec76dd}" record_timestamp="1493226272159" record_key="wh2_main_def_veh_cauldron_of_blood">
<asset_folder></asset_folder>
<battle_entity>wh2_main_vehicle_cauldron_of_blood</battle_entity>
<destroyed_model>warmachines/engines/def_bloodcauldron/def_blood_cauldron_destroyed.rigid_model_v2</destroyed_model>
<destruct_anim></destruct_anim>
<destruct_model></destruct_model>
<destruction_animation>def_cauldron_of_blood_destruct</destruction_animation>
<draught_attachment_point></draught_attachment_point>
<engine_type>Generic_No_Crew_Rotate</engine_type>
<first_person></first_person>
<gun_animation_table>wm_blood_cauldron01</gun_animation_table>
<key>wh2_main_def_veh_cauldron_of_blood</key>
<missile_weapon></missile_weapon>
<model>def_cauldron_of_blood</model>
<rider_attachment_point>ap_crewposition</rider_attachment_point>
<tech_folder>warmachines\engines\def_bloodcauldron\tech</tech_folder>
<variant></variant>
</battlefield_engines>
<battlefield_engines record_uuid="{f11063b7-5ea4-45f8-adad-4f75e61ea190}" record_timestamp="1501863656345" record_key="wh2_main_hef_art_eagle_claw_bolt_thrower">
<asset_folder></asset_folder>
<battle_entity>wh2_main_hef_art_eagle_claw_bolt_thrower</battle_entity>
<destroyed_model>warmachines/engines/hef_eagleclaw_bolt_thrower/hef_boltthrower_destroyed.rigid_model_v2</destroyed_model>
<destruct_anim></destruct_anim>
<destruct_model></destruct_model>
<destruction_animation>hef_eagle_claw_bolt_thrower_destruct</destruction_animation>
<draught_attachment_point></draught_attachment_point>
<engine_type>Generic_3_Crew</engine_type>
<first_person>wh_dlc06_dwf_art_bolt_thrower</first_person>
<gun_animation_table>wm_bolt_thrower01b</gun_animation_table>
<key>wh2_main_hef_art_eagle_claw_bolt_thrower</key>
<missile_weapon>wh2_main_hef_eagle_claw_bolt</missile_weapon>
<model>hef_eagle_claw_bolt_thrower</model>
<rider_attachment_point></rider_attachment_point>
<tech_folder></tech_folder>
<variant></variant>
</battlefield_engines>
<battlefield_engines record_uuid="{e9a7987d-e091-4c0e-b3e4-70f3651d625b}" record_timestamp="1492092035705" record_key="wh2_main_hef_ithilmar_chariot">
<asset_folder></asset_folder>
<battle_entity>wh2_main_hef_ithilmar_chariot</battle_entity>
<destroyed_model>warmachines\chariot\hef_tiranoc_chariot\hef_chariot_armored_01_destroyed.rigid_model_v2</destroyed_model>
<destruct_anim></destruct_anim>
<destruct_model></destruct_model>
<destruction_animation>hef_tiranoc_chariot_destruct</destruction_animation>
<draught_attachment_point>ap_draughtposition</draught_attachment_point>
<engine_type>Generic_No_Crew_Rotate</engine_type>
<first_person></first_person>
<gun_animation_table>wm_tiranoc_chariot01</gun_animation_table>
<key>wh2_main_hef_ithilmar_chariot</key>
<missile_weapon></missile_weapon>
<model>hef_tiranoc_chariot</model>
<rider_attachment_point>ap_crewposition</rider_attachment_point>
<tech_folder>warmachines\chariot\hef_tiranoc_chariot\tech</tech_folder>
<variant></variant>
</battlefield_engines>
<battlefield_engines record_uuid="{cf78fcd9-2824-4f6a-8f6d-646a86e74b55}" record_timestamp="1493827265540" record_key="wh2_main_hef_tiranoc_chariot">
<asset_folder></asset_folder>
<battle_entity>wh2_main_hef_tiranoc_chariot</battle_entity>
<destroyed_model>warmachines\chariot\hef_tiranoc_chariot\hef_chariot_armored_01_destroyed.rigid_model_v2</destroyed_model>
<destruct_anim></destruct_anim>
<destruct_model></destruct_model>
<destruction_animation>hef_tiranoc_chariot_destruct</destruction_animation>
<draught_attachment_point>ap_draughtposition</draught_attachment_point>
<engine_type>Generic_No_Crew_Rotate</engine_type>
<first_person></first_person>
<gun_animation_table>wm_tiranoc_chariot01</gun_animation_table>
<key>wh2_main_hef_tiranoc_chariot</key>
<missile_weapon></missile_weapon>
<model>hef_tiranoc_chariot</model>
<rider_attachment_point>ap_crewposition</rider_attachment_point>
<tech_folder>warmachines\chariot\hef_tiranoc_chariot\tech</tech_folder>
<variant></variant>
</battlefield_engines>
<battlefield_engines record_uuid="{c11defec-5666-4625-8ddb-79bd4c0a4961}" record_timestamp="1499775802062" record_key="wh2_main_lzd_mazdamundi_palanquin">
<asset_folder></asset_folder>
<battle_entity>wh2_main_lzd_slann_mage_palanquin</battle_entity>
<destroyed_model>warmachines/chariot/lzd_slann_platform/lzd_mazdamundi_throne_01_destroyed.wsmodel</destroyed_model>
<destruct_anim></destruct_anim>
<destruct_model></destruct_model>
<destruction_animation>lzd_mazdamundi_palanquin_destruct</destruction_animation>
<draught_attachment_point></draught_attachment_point>
<engine_type>Generic_No_Crew_Rotate</engine_type>
<first_person>emp_steamtank</first_person>
<gun_animation_table>wm_platform01</gun_animation_table>
<key>wh2_main_lzd_mazdamundi_palanquin</key>
<missile_weapon></missile_weapon>
<model>lzd_mazdamundi_palanquin</model>
<rider_attachment_point>ap_platform_rider_0</rider_attachment_point>
<tech_folder>warmachines\chariot\lzd_slann_platform\tech</tech_folder>
<variant></variant>
</battlefield_engines>
<battlefield_engines record_uuid="{d6ffd514-7c75-46d6-96d2-26c2d400e24d}" record_timestamp="1499775801991" record_key="wh2_main_lzd_slann_palanquin">
<asset_folder></asset_folder>
<battle_entity>wh2_main_lzd_slann_mage_palanquin</battle_entity>
<destroyed_model>warmachines/chariot/lzd_slann_platform/lzd_slann_palanquin_01_destroyed.rigid_model_v2</destroyed_model>
<destruct_anim></destruct_anim>
<destruct_model></destruct_model>
<destruction_animation>lzd_slann_palanquin_destruct</destruction_animation>
<draught_attachment_point></draught_attachment_point>
<engine_type>Generic_No_Crew_Rotate</engine_type>
<first_person>emp_steamtank</first_person>
<gun_animation_table>wm_platform01</gun_animation_table>
<key>wh2_main_lzd_slann_palanquin</key>
<missile_weapon></missile_weapon>
<model>lzd_slann_palanquin</model>
<rider_attachment_point>ap_platform_rider_0</rider_attachment_point>
<tech_folder>warmachines\chariot\lzd_slann_platform\tech</tech_folder>
<variant></variant>
</battlefield_engines>
<battlefield_engines record_uuid="{60817ae7-e3e7-40c2-80e8-059237108968}" record_timestamp="1498751140582" record_key="wh2_main_skv_art_plagueclaw_catapult">
<asset_folder></asset_folder>
<battle_entity>wh2_main_skv_art_plagueclaw_catapult</battle_entity>
<destroyed_model>warmachines/engines/skv_plagueclaw/skv_plagueclaw_01_destroyed.rigid_model_v2</destroyed_model>
<destruct_anim></destruct_anim>
<destruct_model></destruct_model>
<destruction_animation>skv_plagueclaw_catapult_destruct</destruction_animation>
<draught_attachment_point></draught_attachment_point>
<engine_type>Generic_3_Crew</engine_type>
<first_person>wh2_main_skv_art_plagueclaw_catapult</first_person>
<gun_animation_table>wm_plagueclaw_catapult01</gun_animation_table>
<key>wh2_main_skv_art_plagueclaw_catapult</key>
<missile_weapon>wh2_main_skv_plagueclaw_catapult</missile_weapon>
<model>skv_plagueclaw_catapult</model>
<rider_attachment_point></rider_attachment_point>
<tech_folder></tech_folder>
<variant></variant>
</battlefield_engines>
<battlefield_engines record_uuid="{e4d92aa1-5c71-4981-9eea-f16796da2af2}" record_timestamp="1499185161763" record_key="wh2_main_skv_art_warplightning_cannon">
<asset_folder></asset_folder>
<battle_entity>wh2_main_skv_art_warp_lightning_cannon</battle_entity>
<destroyed_model>warmachines\engines\skv_lightning_cannon\skv_lightning_cannon_01_destroyed.rigid_model_v2</destroyed_model>
<destruct_anim></destruct_anim>
<destruct_model></destruct_model>
<destruction_animation>skv_lightning_cannon_destruct</destruction_animation>
<draught_attachment_point></draught_attachment_point>
<engine_type>Generic_3_Crew</engine_type>
<first_person>wh2_main_skv_art_warp_lightning_cannon</first_person>
<gun_animation_table>wm_lightning_cannon01</gun_animation_table>
<key>wh2_main_skv_art_warplightning_cannon</key>
<missile_weapon>wh2_main_skv_warp_lightning</missile_weapon>
<model>skv_lightning_cannon</model>
<rider_attachment_point></rider_attachment_point>
<tech_folder></tech_folder>
<variant></variant>
</battlefield_engines>
<battlefield_engines record_uuid="{ad0df2e4-d101-4796-b5cd-c89cb9a86710}" record_timestamp="1493031841156" record_key="wh2_main_skv_veh_doomwheel">
<asset_folder></asset_folder>
<battle_entity>wh2_main_skv_vehicle_doomwheel</battle_entity>
<destroyed_model>warmachines/engines/skv_doomwheel/skv_doom_wheel_01_destroyed.rigid_model_v2</destroyed_model>
<destruct_anim></destruct_anim>
<destruct_model></destruct_model>
<destruction_animation>skv_doomwheel_destruct</destruction_animation>
<draught_attachment_point></draught_attachment_point>
<engine_type>Generic_No_Crew_Rotate</engine_type>
<first_person></first_person>
<gun_animation_table>wm_doomwheel01</gun_animation_table>
<key>wh2_main_skv_veh_doomwheel</key>
<missile_weapon></missile_weapon>
<model>skv_doomwheel</model>
<rider_attachment_point></rider_attachment_point>
<tech_folder>warmachines\engines\skv_doomwheel\tech</tech_folder>
<variant></variant>
</battlefield_engines>
<battlefield_engines record_uuid="{0f3dd15e-ab90-4b9b-b2a6-f9cb07fcd9eb}" record_timestamp="1493031841163" record_key="wh2_main_skv_veh_plague_furnace">
<asset_folder></asset_folder>
<battle_entity>wh2_main_skv_vehicle_plague_furnace</battle_entity>
<destroyed_model>warmachines\engines\skv_lightning_cannon\skv_lightning_cannon_01_destroyed.rigid_model_v2</destroyed_model>
<destruct_anim></destruct_anim>
<destruct_model></destruct_model>
<destruction_animation>skv_plague_furnace_destruct</destruction_animation>
<draught_attachment_point></draught_attachment_point>
<engine_type>Generic_No_Crew_Rotate</engine_type>
<first_person></first_person>
<gun_animation_table>wm_screamingbell01_plaguefurnace</gun_animation_table>
<key>wh2_main_skv_veh_plague_furnace</key>
<missile_weapon></missile_weapon>
<model>skv_plague_furnace</model>
<rider_attachment_point></rider_attachment_point>
<tech_folder>warmachines\engines\skv_plague_furnace\tech</tech_folder>
<variant></variant>
</battlefield_engines>
<battlefield_engines record_uuid="{f0823d7e-5761-488f-b82e-55ef016ebf73}" record_timestamp="1493031841169" record_key="wh2_main_skv_veh_screaming_bell">
<asset_folder></asset_folder>
<battle_entity>wh2_main_skv_vehicle_screaming_bell</battle_entity>
<destroyed_model>warmachines/engines/skv_screaming_bell/skv_screaming_bell_01_destroyed.rigid_model_v2</destroyed_model>
<destruct_anim></destruct_anim>
<destruct_model></destruct_model>
<destruction_animation>skv_screaming_bell_destruct</destruction_animation>
<draught_attachment_point></draught_attachment_point>
<engine_type>Generic_No_Crew_Rotate</engine_type>
<first_person></first_person>
<gun_animation_table>wm_screamingbell01</gun_animation_table>
<key>wh2_main_skv_veh_screaming_bell</key>
<missile_weapon></missile_weapon>
<model>skv_screaming_bell</model>
<rider_attachment_point></rider_attachment_point>
<tech_folder>warmachines\engines\skv_screaming_bell\tech</tech_folder>
<variant></variant>
</battlefield_engines>
<battlefield_engines record_uuid="{d1d1ab67-04eb-4eb1-b16b-72cac0339743}" record_timestamp="1470836353260" record_key="wh_dlc01_chs_gorebeast_chariot">
<asset_folder></asset_folder>
<battle_entity>wh_dlc01_vehicle_chs_chariot_gorebeast</battle_entity>
<destroyed_model>warmachines\chariot\chs_gorebeast_chariot\chs_gorebeast_chariot_01_destroyed.rigid_model_v2</destroyed_model>
<destruct_anim></destruct_anim>
<destruct_model></destruct_model>
<destruction_animation>chs_gorebeast_chariot_destruction</destruction_animation>
<draught_attachment_point>ap_draughtposition</draught_attachment_point>
<engine_type>Generic_No_Crew_Rotate</engine_type>
<first_person></first_person>
<gun_animation_table>wm_chaos_chariot01</gun_animation_table>
<key>wh_dlc01_chs_gorebeast_chariot</key>
<missile_weapon></missile_weapon>
<model>chs_gorebeast_chariot</model>
<rider_attachment_point></rider_attachment_point>
<tech_folder>warmachines\chariot\chs_gorebeast_chariot\tech</tech_folder>
<variant></variant>
</battlefield_engines>
<battlefield_engines record_uuid="{97f762a2-57c6-4276-a9c5-b293dd47712b}" record_timestamp="1470836353260" record_key="wh_dlc03_bst_razorgor_chariot">
<asset_folder></asset_folder>
<battle_entity>wh_dlc03_vehicle_bst_chariot_razorgor_blood</battle_entity>
<destroyed_model>warmachines\chariot\bst_razorgor_chariot\bst_razorgor_chariot_01_destroyed.rigid_model_v2</destroyed_model>
<destruct_anim></destruct_anim>
<destruct_model></destruct_model>
<destruction_animation>bst_razorgor_chariot_destruction</destruction_animation>
<draught_attachment_point>ap_draughtposition</draught_attachment_point>
<engine_type>Generic_No_Crew_Rotate</engine_type>
<first_person></first_person>
<gun_animation_table>wm_boar_chariot01</gun_animation_table>
<key>wh_dlc03_bst_razorgor_chariot</key>
<missile_weapon></missile_weapon>
<model>bst_razorgor_chariot</model>
<rider_attachment_point>ap_crewposition</rider_attachment_point>
<tech_folder>warmachines\chariot\bst_razorgor_chariot\tech</tech_folder>
<variant></variant>
</battlefield_engines>
<battlefield_engines record_uuid="{f54a7206-9b50-4a1d-b35d-2d5bcbb389e0}" record_timestamp="1474902890928" record_key="wh_dlc04_emp_art_sunmaker_0">
<asset_folder></asset_folder>
<battle_entity>wh_main_emp_art_helstorm</battle_entity>
<destroyed_model>warmachines\engines\emp_helstorm\emp_helstorm_sunmaker_destroyed_01.rigid_model_v2</destroyed_model>
<destruct_anim></destruct_anim>
<destruct_model></destruct_model>
<destruction_animation>emp_helstorm_sunmaker_destruct_01</destruction_animation>
<draught_attachment_point></draught_attachment_point>
<engine_type>Generic_3_Crew</engine_type>
<first_person>emp_helstorm_rocket_battery</first_person>
<gun_animation_table>wm_helstorm01_sunmaker</gun_animation_table>
<key>wh_dlc04_emp_art_sunmaker_0</key>
<missile_weapon>wh_dlc04_emp_sunmaker_rocket</missile_weapon>
<model>emp_helstorm_sunmaker_01</model>
<rider_attachment_point></rider_attachment_point>
<tech_folder></tech_folder>
<variant></variant>
</battlefield_engines>
<battlefield_engines record_uuid="{31bd3e81-796a-4948-a28b-c4256c31a84e}" record_timestamp="1474903532039" record_key="wh_dlc04_emp_veh_templehof_luminark_0">
<asset_folder></asset_folder>
<battle_entity>wh_main_vehicle_luminark_articulation</battle_entity>
<destroyed_model>warhammer\working_data\warmachines\carriage\emp_luminark\emp_luminark_temple_destroyed_01.rigid_model_v2</destroyed_model>
<destruct_anim></destruct_anim>
<destruct_model></destruct_model>
<destruction_animation>emp_luminark_destruct_temple</destruction_animation>
<draught_attachment_point>ap_draughtposition</draught_attachment_point>
<engine_type>Generic_No_Crew_Fixed</engine_type>
<first_person></first_person>
<gun_animation_table>wm_luminark_of_hysh01</gun_animation_table>
<key>wh_dlc04_emp_veh_templehof_luminark_0</key>
<missile_weapon></missile_weapon>
<model>emp_luminark_temple</model>
<rider_attachment_point></rider_attachment_point>
<tech_folder>warmachines\carriage\emp_luminark\tech</tech_folder>
<variant></variant>
</battlefield_engines>
<battlefield_engines record_uuid="{d74523bb-5b21-427c-82a7-035ff173792a}" record_timestamp="1474903532044" record_key="wh_dlc04_emp_veh_war_altar">
<asset_folder></asset_folder>
<battle_entity>wh_dlc04_vehicle_war_altar_articulation</battle_entity>
<destroyed_model>warmachines\carriage\emp_war_altar\emp_war_altar_destroyed_01.rigid_model_v2</destroyed_model>
<destruct_anim></destruct_anim>
<destruct_model></destruct_model>
<destruction_animation>emp_war_altar_destruct</destruction_animation>
<draught_attachment_point>ap_draughtposition</draught_attachment_point>
<engine_type>Generic_No_Crew_Rotate</engine_type>
<first_person></first_person>
<gun_animation_table>wm_war_altar01</gun_animation_table>
<key>wh_dlc04_emp_veh_war_altar</key>
<missile_weapon></missile_weapon>
<model>emp_war_altar</model>
<rider_attachment_point>ap_crewposition</rider_attachment_point>
<tech_folder>warmachines\carriage\emp_war_altar\tech</tech_folder>
<variant></variant>
</battlefield_engines>
<battlefield_engines record_uuid="{494ac35d-1f74-4817-bde2-7a6a67bd98cf}" record_timestamp="1474903529032" record_key="wh_dlc04_vmp_veh_claw_of_nagash">
<asset_folder></asset_folder>
<battle_entity>wh_dlc04_vehicle_vmp_mortis_engine_articulation</battle_entity>
<destroyed_model>warmachines\chariot\vmp_mortis_engine\vmp_mortis_engine_destroyed_01.rigid_model_v2</destroyed_model>
<destruct_anim></destruct_anim>
<destruct_model></destruct_model>
<destruction_animation>vmp_mortis_engine_destruct</destruction_animation>
<draught_attachment_point>ap_draughtposition</draught_attachment_point>
<engine_type>Generic_No_Crew_Rotate</engine_type>
<first_person></first_person>
<gun_animation_table>wm_mortisengine01_nagash</gun_animation_table>
<key>wh_dlc04_vmp_veh_claw_of_nagash</key>
<missile_weapon></missile_weapon>
<model>vmp_mortis_engine_nagash</model>
<rider_attachment_point>ap_crewposition</rider_attachment_point>
<tech_folder>warmachines\chariot\vmp_mortis_engine\tech</tech_folder>
<variant></variant>
</battlefield_engines>
<battlefield_engines record_uuid="{1dd0ef8e-aee3-43da-bdeb-cb2b5bc497f9}" record_timestamp="1470836353259" record_key="wh_dlc04_vmp_veh_corpse_cart">
<asset_folder></asset_folder>
<battle_entity>wh_main_vehicle_vmp_black_coach_chariot</battle_entity>
<destroyed_model>warmachines\chariot\vmp_corpse_cart\vmp_corpse_cart_01_destroyed.rigid_model_v2</destroyed_model>
<destruct_anim></destruct_anim>
<destruct_model></destruct_model>
<destruction_animation>vmp_corpse_cart_destruct</destruction_animation>
<draught_attachment_point>ap_draughtposition</draught_attachment_point>
<engine_type>Generic_No_Crew_Rotate</engine_type>
<first_person></first_person>
<gun_animation_table>wm_corpsecart01</gun_animation_table>
<key>wh_dlc04_vmp_veh_corpse_cart</key>
<missile_weapon></missile_weapon>
<model>vmp_corpse_cart</model>
<rider_attachment_point>ap_crewposition</rider_attachment_point>
<tech_folder>warmachines\chariot\vmp_corpse_cart\tech</tech_folder>
<variant></variant>
</battlefield_engines>
<battlefield_engines record_uuid="{29ff2ed4-7fe0-4bbf-9753-19249699904b}" record_timestamp="1470836353260" record_key="wh_dlc04_vmp_veh_corpse_cart_balefire">
<asset_folder></asset_folder>
<battle_entity>wh_main_vehicle_vmp_black_coach_chariot</battle_entity>
<destroyed_model>warmachines\chariot\vmp_corpse_cart\vmp_corpse_cart_cauldron_01_destroyed.rigid_model_v2</destroyed_model>
<destruct_anim></destruct_anim>
<destruct_model></destruct_model>
<destruction_animation>vmp_corpse_cart_balefire_destruct</destruction_animation>
<draught_attachment_point>ap_draughtposition</draught_attachment_point>
<engine_type>Generic_No_Crew_Rotate</engine_type>
<first_person></first_person>
<gun_animation_table>wm_corpsecart01_balefire</gun_animation_table>
<key>wh_dlc04_vmp_veh_corpse_cart_balefire</key>
<missile_weapon></missile_weapon>
<model>vmp_corpse_cart_balefire</model>
<rider_attachment_point>ap_crewposition</rider_attachment_point>
<tech_folder>warmachines\chariot\vmp_corpse_cart\tech</tech_folder>
<variant></variant>
</battlefield_engines>
<battlefield_engines record_uuid="{a13ab919-cbb8-4840-a835-4e5f3d3532f1}" record_timestamp="1470836353259" record_key="wh_dlc04_vmp_veh_corpse_cart_helman">
<asset_folder></asset_folder>
<battle_entity>wh_main_vehicle_vmp_black_coach_chariot</battle_entity>
<destroyed_model>warmachines\chariot\vmp_corpse_cart\vmp_corpse_cart_helman_01_destroyed.rigid_model_v2</destroyed_model>
<destruct_anim></destruct_anim>
<destruct_model></destruct_model>
<destruction_animation>vmp_corpse_cart_helman_destruct</destruction_animation>
<draught_attachment_point>ap_draughtposition</draught_attachment_point>
<engine_type>Generic_No_Crew_Rotate</engine_type>
<first_person></first_person>
<gun_animation_table>wm_corpsecart01_helman</gun_animation_table>
<key>wh_dlc04_vmp_veh_corpse_cart_helman</key>
<missile_weapon></missile_weapon>
<model>vmp_corpse_cart_helman</model>
<rider_attachment_point>ap_crewposition</rider_attachment_point>
<tech_folder>warmachines\chariot\vmp_corpse_cart\tech</tech_folder>
<variant></variant>
</battlefield_engines>
<battlefield_engines record_uuid="{ce196a2d-c7e5-4bb1-af45-cde0557f9896}" record_timestamp="1470836353260" record_key="wh_dlc04_vmp_veh_corpse_cart_lodestone">
<asset_folder></asset_folder>
<battle_entity>wh_main_vehicle_vmp_black_coach_chariot</battle_entity>
<destroyed_model>warmachines\chariot\vmp_corpse_cart\vmp_corpse_cart_bell_01_destroyed.rigid_model_v2</destroyed_model>
<destruct_anim></destruct_anim>
<destruct_model></destruct_model>
<destruction_animation>vmp_corpse_cart_lodestone_destruct</destruction_animation>
<draught_attachment_point>ap_draughtposition</draught_attachment_point>
<engine_type>Generic_No_Crew_Rotate</engine_type>
<first_person></first_person>
<gun_animation_table>wm_corpsecart01_lodestone</gun_animation_table>
<key>wh_dlc04_vmp_veh_corpse_cart_lodestone</key>
<missile_weapon></missile_weapon>
<model>vmp_corpse_cart_lodestone</model>
<rider_attachment_point>ap_crewposition</rider_attachment_point>
<tech_folder>warmachines\chariot\vmp_corpse_cart\tech</tech_folder>
<variant></variant>
</battlefield_engines>
<battlefield_engines record_uuid="{a52c8854-f823-429c-a25a-20a1eaa41a57}" record_timestamp="1474902881980" record_key="wh_dlc04_vmp_veh_mortis_engine">
<asset_folder></asset_folder>
<battle_entity>wh_dlc04_vehicle_vmp_mortis_engine_articulation</battle_entity>
<destroyed_model>warmachines\chariot\vmp_mortis_engine\vmp_mortis_engine_destroyed_01.rigid_model_v2</destroyed_model>
<destruct_anim></destruct_anim>
<destruct_model></destruct_model>
<destruction_animation>vmp_mortis_engine_destruct</destruction_animation>
<draught_attachment_point>ap_draughtposition</draught_attachment_point>
<engine_type>Generic_No_Crew_Rotate</engine_type>
<first_person></first_person>
<gun_animation_table>wm_mortisengine01</gun_animation_table>
<key>wh_dlc04_vmp_veh_mortis_engine</key>
<missile_weapon></missile_weapon>
<model>vmp_mortis_engine</model>
<rider_attachment_point>ap_crewposition</rider_attachment_point>
<tech_folder>warmachines\chariot\vmp_mortis_engine\tech</tech_folder>
<variant></variant>
</battlefield_engines>
<battlefield_engines record_uuid="{6a808de2-08ec-4140-9b7e-cbda9b292364}" record_timestamp="1474903588011" record_key="wh_dlc06_dwf_art_bolt_thrower">
<asset_folder></asset_folder>
<battle_entity>wh_dlc06_dwf_art_boltthrower</battle_entity>
<destroyed_model>warmachines\engines\dwf_bolt_thrower\dwf_bolt_thrower_destroyed.rigid_model_v2</destroyed_model>
<destruct_anim></destruct_anim>
<destruct_model></destruct_model>
<destruction_animation>dwf_bolt_thrower_destruct</destruction_animation>
<draught_attachment_point></draught_attachment_point>
<engine_type>Generic_3_Crew</engine_type>
<first_person>wh_dlc06_dwf_art_bolt_thrower</first_person>
<gun_animation_table>wm_bolt_thrower02</gun_animation_table>
<key>wh_dlc06_dwf_art_bolt_thrower</key>
<missile_weapon>wh_dlc06_dwf_bolt_thrower_bolt</missile_weapon>
<model>dwf_bolt_thrower</model>
<rider_attachment_point></rider_attachment_point>
<tech_folder></tech_folder>
<variant></variant>
</battlefield_engines>
<battlefield_engines record_uuid="{a96d442e-0e71-4290-8985-782b8d99aeeb}" record_timestamp="1474903555877" record_key="wh_dlc06_dwf_art_grudge_thrower_gob_lobber">
<asset_folder></asset_folder>
<battle_entity>wh_main_dwf_art_grudge_thrower</battle_entity>
<destroyed_model>warmachines\engines\dwf_grudge_thrower\dwf_grudge_thrower_gob_destroyed.rigid_model_v2</destroyed_model>
<destruct_anim></destruct_anim>
<destruct_model></destruct_model>
<destruction_animation>dwf_grudge_thrower_gob_destruct</destruction_animation>
<draught_attachment_point></draught_attachment_point>
<engine_type>Generic_3_Crew</engine_type>
<first_person>dwf_grudge_thrower</first_person>
<gun_animation_table>wm_grudge_thrower</gun_animation_table>
<key>wh_dlc06_dwf_art_grudge_thrower_gob_lobber</key>
<missile_weapon>wh_dlc06_grn_grudge_thrower_goblin</missile_weapon>
<model>dwf_grudge_thrower_gob</model>
<rider_attachment_point></rider_attachment_point>
<tech_folder></tech_folder>
<variant></variant>
</battlefield_engines>
<battlefield_engines record_uuid="{64f2b837-8bbf-48f5-9030-aca447d0102f}" record_timestamp="1476802542847" record_key="wh_dlc06_grn_art_goblin_rock_lobber_gork">
<asset_folder></asset_folder>
<battle_entity>wh_main_grn_art_goblin_rock_lobber</battle_entity>
<destroyed_model>warmachines\engines\grn_rocklobber\grn_rocklobber_gork_destroyed.rigid_model_v2</destroyed_model>
<destruct_anim></destruct_anim>
<destruct_model></destruct_model>
<destruction_animation>grn_rocklobber_gork_destruct</destruction_animation>
<draught_attachment_point></draught_attachment_point>
<engine_type>Generic_3_Crew</engine_type>
<first_person>grn_goblin_rock_lobber</first_person>
<gun_animation_table>wm_rock_lobber01</gun_animation_table>
<key>wh_dlc06_grn_art_goblin_rock_lobber_gork</key>
<missile_weapon>wh_dlc06_grn_goblin_rock_lobber_rock_gork</missile_weapon>
<model>grn_rocklobber_gork</model>
<rider_attachment_point></rider_attachment_point>
<tech_folder></tech_folder>
<variant></variant>
</battlefield_engines>
<battlefield_engines record_uuid="{b8cc27f3-225c-4263-8a75-5b0900e345cf}" record_timestamp="1474903525295" record_key="wh_dlc06_grn_chariot_wolf_robbers">
<asset_folder></asset_folder>
<battle_entity>wh_main_vehicle_grn_wolf_chariot</battle_entity>
<destroyed_model>warmachines\chariot\grn_wolf_chariot\grn_wolf_chariot_robbers_01_destroyed.rigid_model_v2</destroyed_model>
<destruct_anim></destruct_anim>
<destruct_model></destruct_model>
<destruction_animation>grn_wolf_chariot_robbers_destruct</destruction_animation>
<draught_attachment_point>ap_draughtposition</draught_attachment_point>
<engine_type>Generic_No_Crew_Rotate</engine_type>
<first_person></first_person>
<gun_animation_table>wm_wolf_chariot01</gun_animation_table>
<key>wh_dlc06_grn_chariot_wolf_robbers</key>
<missile_weapon></missile_weapon>
<model>grn_wolf_chariot_robbers</model>
<rider_attachment_point>ap_crewposition</rider_attachment_point>
<tech_folder>warmachines\chariot\grn_wolf_chariot\tech</tech_folder>
<variant></variant>
</battlefield_engines>
<battlefield_engines record_uuid="{281d1a55-6f85-423a-81ca-5d4c31cddffa}" record_timestamp="1488533430257" record_key="wh_dlc07_brt_art_field_blessed_trebuchet">
<asset_folder></asset_folder>
<battle_entity>wh_main_brt_art_trebuchet</battle_entity>
<destroyed_model>warmachines\engines\brt_trebuchet\brt_trebuchet_01_destroyed.rigid_model_v2</destroyed_model>
<destruct_anim></destruct_anim>
<destruct_model></destruct_model>
<destruction_animation>brt_trebuchet_destruct</destruction_animation>
<draught_attachment_point></draught_attachment_point>
<engine_type>Generic_3_Crew</engine_type>
<first_person>brt_field_trebuchet</first_person>
<gun_animation_table>wm_trebuchet01_blessed</gun_animation_table>
<key>wh_dlc07_brt_art_field_blessed_trebuchet</key>
<missile_weapon>wh_dlc07_brt_blessed_trebuchet</missile_weapon>
<model>brt_trebuchet</model>
<rider_attachment_point></rider_attachment_point>
<tech_folder></tech_folder>
<variant></variant>
</battlefield_engines>
<battlefield_engines record_uuid="{bf57b8c0-7f18-4034-b152-0b0d68c82837}" record_timestamp="1454934879183" record_key="wh_main_brt_art_field_trebuchet">
<asset_folder></asset_folder>
<battle_entity>wh_main_brt_art_trebuchet</battle_entity>
<destroyed_model>warmachines\engines\brt_trebuchet\brt_trebuchet_01_destroyed.rigid_model_v2</destroyed_model>
<destruct_anim></destruct_anim>
<destruct_model></destruct_model>
<destruction_animation>brt_trebuchet_destruct</destruction_animation>
<draught_attachment_point></draught_attachment_point>
<engine_type>Generic_3_Crew</engine_type>
<first_person>brt_field_trebuchet</first_person>
<gun_animation_table>wm_trebuchet01</gun_animation_table>
<key>wh_main_brt_art_field_trebuchet</key>
<missile_weapon>wh_main_brt_trebuchet</missile_weapon>
<model>brt_trebuchet</model>
<rider_attachment_point></rider_attachment_point>
<tech_folder></tech_folder>
<variant></variant>
</battlefield_engines>
<battlefield_engines record_uuid="{864d1022-5d41-4ebc-ba75-f776dd4ae87d}" record_timestamp="1468846433984" record_key="wh_main_chs_art_hellcannon">
<asset_folder></asset_folder>
<battle_entity>wh_main_chs_art_hellcannon</battle_entity>
<destroyed_model>warmachines\engines\chs_hellcannon\chs_hellcannon_01_destroyed.rigid_model_v2</destroyed_model>
<destruct_anim></destruct_anim>
<destruct_model></destruct_model>
<destruction_animation>chs_hellcannon_destruct</destruction_animation>
<draught_attachment_point></draught_attachment_point>
<engine_type>Generic_3_Crew</engine_type>
<first_person>chs_hellcannon</first_person>
<gun_animation_table>wm_hellcannon01</gun_animation_table>
<key>wh_main_chs_art_hellcannon</key>
<missile_weapon>wh_main_chs_hellcannon</missile_weapon>
<model>chs_hellcannon</model>
<rider_attachment_point></rider_attachment_point>
<tech_folder></tech_folder>
<variant></variant>
</battlefield_engines>
<battlefield_engines record_uuid="{30288d24-83d9-4d2d-af3a-7c968e00e743}" record_timestamp="1492007377324" record_key="wh_main_chs_chariot">
<asset_folder></asset_folder>
<battle_entity>wh_main_vehicle_chs_chariot</battle_entity>
<destroyed_model>warmachines\chariot\chs_chariot\chs_chariot_01_destroyed.rigid_model_v2</destroyed_model>
<destruct_anim></destruct_anim>
<destruct_model></destruct_model>
<destruction_animation>chs_chariot_destruction</destruction_animation>
<draught_attachment_point>ap_draughtposition</draught_attachment_point>
<engine_type>Generic_No_Crew_Rotate</engine_type>
<first_person></first_person>
<gun_animation_table>wm_chaos_chariot01</gun_animation_table>
<key>wh_main_chs_chariot</key>
<missile_weapon></missile_weapon>
<model>chs_chariot</model>
<rider_attachment_point></rider_attachment_point>
<tech_folder>warmachines\chariot\chs_chariot\tech</tech_folder>
<variant></variant>
</battlefield_engines>
<battlefield_engines record_uuid="{9a5a1b84-f44f-411d-8d7a-cca69e83b0b1}" record_timestamp="1450200684727" record_key="wh_main_dwf_art_cannon">
<asset_folder></asset_folder>
<battle_entity>wh_main_dwf_art_cannon</battle_entity>
<destroyed_model>warmachines\engines\dwf_cannon\dwf_cannon_destroyed.rigid_model_v2</destroyed_model>
<destruct_anim></destruct_anim>
<destruct_model></destruct_model>
<destruction_animation>dwf_cannon_destruct</destruction_animation>
<draught_attachment_point></draught_attachment_point>
<engine_type>Generic_3_Crew</engine_type>
<first_person>dwf_cannon</first_person>
<gun_animation_table>wm_cannon01</gun_animation_table>
<key>wh_main_dwf_art_cannon</key>
<missile_weapon>wh_main_dwf_cannon</missile_weapon>
<model>dwf_cannon</model>
<rider_attachment_point></rider_attachment_point>
<tech_folder></tech_folder>
<variant></variant>
</battlefield_engines>
<battlefield_engines record_uuid="{7a892044-05e8-4663-a18f-4b8d147011fd}" record_timestamp="1450200684733" record_key="wh_main_dwf_art_cannon_master_engineer">
<asset_folder></asset_folder>
<battle_entity>wh_main_dwf_art_cannon</battle_entity>
<destroyed_model>warmachines\engines\dwf_cannon\dwf_cannon_destroyed.rigid_model_v2</destroyed_model>
<destruct_anim></destruct_anim>
<destruct_model></destruct_model>
<destruction_animation>dwf_cannon_destruct</destruction_animation>
<draught_attachment_point></draught_attachment_point>
<engine_type>Generic_3_Crew</engine_type>
<first_person>dwf_cannon</first_person>
<gun_animation_table>wm_cannon01</gun_animation_table>
<key>wh_main_dwf_art_cannon_master_engineer</key>
<missile_weapon>wh_main_dwf_cannon</missile_weapon>
<model>dwf_cannon</model>
<rider_attachment_point></rider_attachment_point>
<tech_folder></tech_folder>
<variant></variant>
</battlefield_engines>
<battlefield_engines record_uuid="{e618fa27-ce4c-4f56-ad8c-a282a324c15c}" record_timestamp="1440605428095" record_key="wh_main_dwf_art_flame_cannon">
<asset_folder></asset_folder>
<battle_entity>wh_main_dwf_art_flame_cannon</battle_entity>
<destroyed_model>warmachines\engines\dwf_flame_cannon\dwf_flame_cannon_destroyed.rigid_model_v2</destroyed_model>
<destruct_anim></destruct_anim>
<destruct_model></destruct_model>
<destruction_animation>dwf_flame_cannon_destruct</destruction_animation>
<draught_attachment_point></draught_attachment_point>
<engine_type>Generic_3_Crew</engine_type>
<first_person>dwf_flame_cannon</first_person>
<gun_animation_table>wm_flame_cannon01</gun_animation_table>
<key>wh_main_dwf_art_flame_cannon</key>
<missile_weapon>wh_main_dwf_flame_cannon</missile_weapon>
<model>dwf_flame_cannon</model>
<rider_attachment_point></rider_attachment_point>
<tech_folder></tech_folder>
<variant></variant>
</battlefield_engines>
<battlefield_engines record_uuid="{f7434753-fda5-4020-a798-448c8c972d40}" record_timestamp="1442421837798" record_key="wh_main_dwf_art_flame_cannon_master_engineer">
<asset_folder></asset_folder>
<battle_entity>wh_main_dwf_art_flame_cannon</battle_entity>
<destroyed_model>warmachines\engines\dwf_flame_cannon\dwf_flame_cannon_destroyed.rigid_model_v2</destroyed_model>
<destruct_anim></destruct_anim>
<destruct_model></destruct_model>
<destruction_animation>dwf_flame_cannon_destruct</destruction_animation>
<draught_attachment_point></draught_attachment_point>
<engine_type>Generic_3_Crew</engine_type>
<first_person>dwf_flame_cannon</first_person>
<gun_animation_table>wm_flame_cannon01</gun_animation_table>
<key>wh_main_dwf_art_flame_cannon_master_engineer</key>
<missile_weapon>wh_main_dwf_flame_cannon</missile_weapon>
<model>dwf_flame_cannon</model>
<rider_attachment_point></rider_attachment_point>
<tech_folder></tech_folder>
<variant></variant>
</battlefield_engines>
<battlefield_engines record_uuid="{e132f7c8-c393-4448-a62d-649c1cc8ff4f}" record_timestamp="1493044495531" record_key="wh_main_dwf_art_grudge_thrower">
<asset_folder></asset_folder>
<battle_entity>wh_main_dwf_art_grudge_thrower</battle_entity>
<destroyed_model>warmachines\engines\dwf_grudge_thrower\dwf_grudge_thrower_destroyed.rigid_model_v2</destroyed_model>
<destruct_anim>warmachines\engines\dwf_grudge_thrower\dwf_grudge_thrower_destruct.anim</destruct_anim>
<destruct_model>warmachines\engines\dwf_grudge_thrower\dwf_grudge_thrower_destruct.wsmodel</destruct_model>
<destruction_animation>dwf_grudge_thrower_destruct</destruction_animation>
<draught_attachment_point></draught_attachment_point>
<engine_type>Generic_3_Crew</engine_type>
<first_person>dwf_grudge_thrower</first_person>
<gun_animation_table>wm_grudge_thrower</gun_animation_table>
<key>wh_main_dwf_art_grudge_thrower</key>
<missile_weapon>wh_main_dwf_grudge_thrower</missile_weapon>
<model>dwf_grudge_thrower</model>
<rider_attachment_point></rider_attachment_point>
<tech_folder></tech_folder>
<variant></variant>
</battlefield_engines>
<battlefield_engines record_uuid="{091fccc9-9cb6-4341-9961-8726822f62fc}" record_timestamp="1448472239509" record_key="wh_main_dwf_art_grudge_thrower_master_engineer">
<asset_folder></asset_folder>
<battle_entity>wh_main_dwf_art_grudge_thrower</battle_entity>
<destroyed_model>warmachines\engines\dwf_grudge_thrower\dwf_grudge_thrower_destroyed.rigid_model_v2</destroyed_model>
<destruct_anim></destruct_anim>
<destruct_model></destruct_model>
<destruction_animation></destruction_animation>
<draught_attachment_point></draught_attachment_point>
<engine_type>Generic_3_Crew</engine_type>
<first_person>dwf_grudge_thrower</first_person>
<gun_animation_table>wm_grudge_thrower</gun_animation_table>
<key>wh_main_dwf_art_grudge_thrower_master_engineer</key>
<missile_weapon>wh_main_dwf_grudge_thrower</missile_weapon>
<model>dwf_grudge_thrower</model>
<rider_attachment_point></rider_attachment_point>
<tech_folder></tech_folder>
<variant></variant>
</battlefield_engines>
<battlefield_engines record_uuid="{a242a483-4b6b-481a-b00e-ab94f7c618b4}" record_timestamp="1440605428135" record_key="wh_main_dwf_art_organ_gun">
<asset_folder></asset_folder>
<battle_entity>wh_main_dwf_art_organ_gun</battle_entity>
<destroyed_model>warmachines\engines\dwf_organ_gun\dwf_organ_gun_destroyed_01.rigid_model_v2</destroyed_model>
<destruct_anim></destruct_anim>
<destruct_model></destruct_model>
<destruction_animation>dwf_organ_gun_destruct</destruction_animation>
<draught_attachment_point></draught_attachment_point>
<engine_type>Generic_3_Crew</engine_type>
<first_person>dwf_organ_gun</first_person>
<gun_animation_table>wm_organ_gun01</gun_animation_table>
<key>wh_main_dwf_art_organ_gun</key>
<missile_weapon>wh_main_dwf_organ_gun</missile_weapon>
<model>dwf_organ_gun</model>
<rider_attachment_point></rider_attachment_point>
<tech_folder></tech_folder>
<variant></variant>
</battlefield_engines>
<battlefield_engines record_uuid="{ff002c05-9f74-4b0e-abd2-338ea7760029}" record_timestamp="1442421837743" record_key="wh_main_dwf_art_organ_gun_master_engineer">
<asset_folder></asset_folder>
<battle_entity>wh_main_dwf_art_organ_gun</battle_entity>
<destroyed_model>warmachines\engines\dwf_organ_gun\dwf_organ_gun_destroyed_01.rigid_model_v2</destroyed_model>
<destruct_anim></destruct_anim>
<destruct_model></destruct_model>
<destruction_animation>dwf_organ_gun_destruct</destruction_animation>
<draught_attachment_point></draught_attachment_point>
<engine_type>Generic_3_Crew</engine_type>
<first_person>dwf_organ_gun</first_person>
<gun_animation_table>wm_organ_gun01</gun_animation_table>
<key>wh_main_dwf_art_organ_gun_master_engineer</key>
<missile_weapon>wh_main_dwf_organ_gun</missile_weapon>
<model>dwf_organ_gun</model>
<rider_attachment_point></rider_attachment_point>
<tech_folder></tech_folder>
<variant></variant>
</battlefield_engines>
<battlefield_engines record_uuid="{d7fadafe-e06d-4c25-ba47-8a9338842ff8}" record_timestamp="1468846433999" record_key="wh_main_emp_art_great_cannon">
<asset_folder></asset_folder>
<battle_entity>wh_main_emp_art_great_cannon</battle_entity>
<destroyed_model>warmachines\engines\emp_great_cannon\emp_great_cannon_destroyed.rigid_model_v2</destroyed_model>
<destruct_anim></destruct_anim>
<destruct_model></destruct_model>
<destruction_animation>emp_great_cannon_destruct</destruction_animation>
<draught_attachment_point></draught_attachment_point>
<engine_type>Generic_3_Crew</engine_type>
<first_person>emp_great_cannon</first_person>
<gun_animation_table>wm_great_cannon01</gun_animation_table>
<key>wh_main_emp_art_great_cannon</key>
<missile_weapon>wh_main_emp_cannon</missile_weapon>
<model>emp_great_cannon</model>
<rider_attachment_point></rider_attachment_point>
<tech_folder></tech_folder>
<variant></variant>
</battlefield_engines>
<battlefield_engines record_uuid="{bdc59f7f-4d89-4856-9990-84dfc5f86ca7}" record_timestamp="1470846968355" record_key="wh_main_emp_art_great_cannon_hammer">
<asset_folder></asset_folder>
<battle_entity>wh_main_emp_art_great_cannon</battle_entity>
<destroyed_model>warmachines\engines\emp_great_cannon\emp_great_cannon_hammer_01_destroyed.rigid_model_v2</destroyed_model>
<destruct_anim></destruct_anim>
<destruct_model></destruct_model>
<destruction_animation>emp_great_cannon_hammer_destruct</destruction_animation>
<draught_attachment_point></draught_attachment_point>
<engine_type>Generic_3_Crew</engine_type>
<first_person>emp_great_cannon</first_person>
<gun_animation_table>wm_great_cannon01</gun_animation_table>
<key>wh_main_emp_art_great_cannon_hammer</key>
<missile_weapon>wh_dlc04_emp_cannon_hammer_witches</missile_weapon>
<model>emp_great_cannon_hammer</model>
<rider_attachment_point></rider_attachment_point>
<tech_folder></tech_folder>
<variant></variant>
</battlefield_engines>
<battlefield_engines record_uuid="{a2bd437f-5adb-4dc8-acc9-6ebfa7582cb8}" record_timestamp="1468846434007" record_key="wh_main_emp_art_helblaster_volley_gun">
<asset_folder></asset_folder>
<battle_entity>wh_main_emp_art_helblaster</battle_entity>
<destroyed_model>warmachines/engines/emp_helblaster/emp_helblaster_destroyed.rigid_model_v2</destroyed_model>
<destruct_anim></destruct_anim>
<destruct_model></destruct_model>
<destruction_animation>emp_helblaster_destruct</destruction_animation>
<draught_attachment_point></draught_attachment_point>
<engine_type>Generic_3_Crew</engine_type>
<first_person>emp_helblaster_volley_gun</first_person>
<gun_animation_table>wm_helblaster01</gun_animation_table>
<key>wh_main_emp_art_helblaster_volley_gun</key>
<missile_weapon>wh_main_emp_volley_gun</missile_weapon>
<model>emp_helblaster</model>
<rider_attachment_point></rider_attachment_point>
<tech_folder></tech_folder>
<variant></variant>
</battlefield_engines>
<battlefield_engines record_uuid="{31ee1016-6b3a-48e4-a613-b34368ce9f87}" record_timestamp="1468846434015" record_key="wh_main_emp_art_helstorm_rocket_battery">
<asset_folder></asset_folder>
<battle_entity>wh_main_emp_art_helstorm</battle_entity>
<destroyed_model>warmachines\engines\emp_helstorm\emp_helstorm_destroyed.rigid_model_v2</destroyed_model>
<destruct_anim></destruct_anim>
<destruct_model></destruct_model>
<destruction_animation>emp_helstorm_destruct</destruction_animation>
<draught_attachment_point></draught_attachment_point>
<engine_type>Generic_3_Crew</engine_type>
<first_person>emp_helstorm_rocket_battery</first_person>
<gun_animation_table>wm_helstorm01</gun_animation_table>
<key>wh_main_emp_art_helstorm_rocket_battery</key>
<missile_weapon>wh_main_emp_rocket_battery</missile_weapon>
<model>emp_helstorm</model>
<rider_attachment_point></rider_attachment_point>
<tech_folder></tech_folder>
<variant></variant>
</battlefield_engines>
<battlefield_engines record_uuid="{6c0043e1-00c8-4529-8171-ed293bd6c61d}" record_timestamp="1468846434023" record_key="wh_main_emp_art_mortar">
<asset_folder></asset_folder>
<battle_entity>wh_main_emp_art_mortar</battle_entity>
<destroyed_model>warmachines/engines/emp_mortar/emp_mortar_destroyed.rigid_model_v2</destroyed_model>
<destruct_anim></destruct_anim>
<destruct_model></destruct_model>
<destruction_animation>emp_mortar_destruct</destruction_animation>
<draught_attachment_point></draught_attachment_point>
<engine_type>Generic_3_Crew</engine_type>
<first_person>emp_mortar</first_person>
<gun_animation_table>wm_mortar01</gun_animation_table>
<key>wh_main_emp_art_mortar</key>
<missile_weapon>wh_main_emp_mortar</missile_weapon>
<model>emp_mortar</model>
<rider_attachment_point></rider_attachment_point>
<tech_folder></tech_folder>
<variant></variant>
</battlefield_engines>
<battlefield_engines record_uuid="{7052eada-e9e6-4552-ba93-94e20aae11c9}" record_timestamp="1474902881981" record_key="wh_main_emp_veh_luminark_of_hysh">
<asset_folder></asset_folder>
<battle_entity>wh_main_vehicle_luminark_articulation</battle_entity>
<destroyed_model>warmachines\carriage\emp_luminark\emp_luminark_destroyed_01.rigid_model_v2</destroyed_model>
<destruct_anim></destruct_anim>
<destruct_model></destruct_model>
<destruction_animation>emp_luminark_destruct</destruction_animation>
<draught_attachment_point>ap_draughtposition</draught_attachment_point>
<engine_type>Generic_No_Crew_Fixed</engine_type>
<first_person></first_person>
<gun_animation_table>wm_luminark_of_hysh01</gun_animation_table>
<key>wh_main_emp_veh_luminark_of_hysh</key>
<missile_weapon></missile_weapon>
<model>emp_luminark</model>
<rider_attachment_point></rider_attachment_point>
<tech_folder>warmachines\carriage\emp_luminark\tech</tech_folder>
<variant></variant>
</battlefield_engines>
<battlefield_engines record_uuid="{dcf9700a-cd9d-466e-b806-af31c5014ac8}" record_timestamp="1470836353261" record_key="wh_main_emp_veh_steam_tank">
<asset_folder></asset_folder>
<battle_entity>wh_main_vehicle_steam_tank</battle_entity>
<destroyed_model>warmachines\engines\emp_steam_tank\emp_steam_tank_destroyed_01.rigid_model_v2</destroyed_model>
<destruct_anim></destruct_anim>
<destruct_model></destruct_model>
<destruction_animation>emp_steam_tank_destruct</destruction_animation>
<draught_attachment_point></draught_attachment_point>
<engine_type>Generic_No_Crew_Rotate</engine_type>
<first_person>emp_steamtank</first_person>
<gun_animation_table>wm_steam_tank01</gun_animation_table>
<key>wh_main_emp_veh_steam_tank</key>
<missile_weapon></missile_weapon>
<model>emp_steam_tank</model>
<rider_attachment_point></rider_attachment_point>
<tech_folder>warmachines\engines\emp_steam_tank\tech</tech_folder>
<variant></variant>
</battlefield_engines>
<battlefield_engines record_uuid="{38a44eb5-137e-4342-a198-054e4aa16afd}" record_timestamp="1444751818794" record_key="wh_main_grn_art_doom_diver_catapult">
<asset_folder></asset_folder>
<battle_entity>wh_main_grn_art_doomdiver</battle_entity>
<destroyed_model>warmachines\engines\grn_doomdiver_catapult\grn_doomdiver_catapult_destroyed_01.rigid_model_v2</destroyed_model>
<destruct_anim></destruct_anim>
<destruct_model></destruct_model>
<destruction_animation>grn_doomdiver_catapult_destruct</destruction_animation>
<draught_attachment_point></draught_attachment_point>
<engine_type>Generic_3_Crew</engine_type>
<first_person>grn_doom_diver</first_person>
<gun_animation_table>wm_doomdivercatapult01</gun_animation_table>
<key>wh_main_grn_art_doom_diver_catapult</key>
<missile_weapon>wh_main_grn_doom_diver_catapult</missile_weapon>
<model>grn_doomdiver_catapult</model>
<rider_attachment_point></rider_attachment_point>
<tech_folder></tech_folder>
<variant></variant>
</battlefield_engines>
<battlefield_engines record_uuid="{4310ac85-b020-4c79-8277-f3c739110824}" record_timestamp="1476802542847" record_key="wh_main_grn_art_goblin_rock_lobber">
<asset_folder></asset_folder>
<battle_entity>wh_main_grn_art_goblin_rock_lobber</battle_entity>
<destroyed_model>warmachines\engines\grn_rocklobber\grn_rocklobber_01_destroyed.rigid_model_v2</destroyed_model>
<destruct_anim></destruct_anim>
<destruct_model></destruct_model>
<destruction_animation>grn_rocklobber_destruct</destruction_animation>
<draught_attachment_point></draught_attachment_point>
<engine_type>Generic_3_Crew</engine_type>
<first_person>grn_goblin_rock_lobber</first_person>
<gun_animation_table>wm_rock_lobber01</gun_animation_table>
<key>wh_main_grn_art_goblin_rock_lobber</key>
<missile_weapon>wh_main_grn_goblin_rock_lobber_rock</missile_weapon>
<model>grn_rocklobber</model>
<rider_attachment_point></rider_attachment_point>
<tech_folder></tech_folder>
<variant></variant>
</battlefield_engines>
<battlefield_engines record_uuid="{7528cbe3-559d-4520-a83d-4e019bb3c9cf}" record_timestamp="1470836353260" record_key="wh_main_grn_chariot_boar">
<asset_folder></asset_folder>
<battle_entity>wh_main_vehicle_grn_boar_chariot</battle_entity>
<destroyed_model>warmachines\chariot\grn_boar_chariot\grn_boar_chariot_destroyed.rigid_model_v2</destroyed_model>
<destruct_anim></destruct_anim>
<destruct_model></destruct_model>
<destruction_animation>grn_boar_chariot_destruct</destruction_animation>
<draught_attachment_point>ap_draughtposition</draught_attachment_point>
<engine_type>Generic_No_Crew_Rotate</engine_type>
<first_person></first_person>
<gun_animation_table>wm_boar_chariot01</gun_animation_table>
<key>wh_main_grn_chariot_boar</key>
<missile_weapon></missile_weapon>
<model>grn_boar_chariot</model>
<rider_attachment_point></rider_attachment_point>
<tech_folder>warmachines\chariot\grn_boar_chariot\tech</tech_folder>
<variant></variant>
</battlefield_engines>
<battlefield_engines record_uuid="{0db3576b-5734-49ff-9798-24b28a5236b3}" record_timestamp="1470836353260" record_key="wh_main_grn_chariot_wolf">
<asset_folder></asset_folder>
<battle_entity>wh_main_vehicle_grn_wolf_chariot</battle_entity>
<destroyed_model>warmachines\chariot\grn_wolf_chariot\grn_wolf_chariot_01_destroyed.rigid_model_v2</destroyed_model>
<destruct_anim></destruct_anim>
<destruct_model></destruct_model>
<destruction_animation>grn_wolf_chariot_destruction</destruction_animation>
<draught_attachment_point>ap_draughtposition</draught_attachment_point>
<engine_type>Generic_No_Crew_Rotate</engine_type>
<first_person></first_person>
<gun_animation_table>wm_wolf_chariot01</gun_animation_table>
<key>wh_main_grn_chariot_wolf</key>
<missile_weapon></missile_weapon>
<model>grn_wolf_chariot</model>
<rider_attachment_point>ap_crewposition</rider_attachment_point>
<tech_folder>warmachines\chariot\grn_wolf_chariot\tech</tech_folder>
<variant></variant>
</battlefield_engines>
<battlefield_engines record_uuid="{865ad08d-d9df-47a3-9cf5-71e31f113662}" record_timestamp="1470836353261" record_key="wh_main_vmp_veh_black_coach">
<asset_folder></asset_folder>
<battle_entity>wh_main_vehicle_vmp_black_coach_chariot</battle_entity>
<destroyed_model>warmachines\carriage\vmp_black_coach\vmp_black_coach_destroyed.rigid_model_v2</destroyed_model>
<destruct_anim></destruct_anim>
<destruct_model></destruct_model>
<destruction_animation>vmp_black_coach_destruct</destruction_animation>
<draught_attachment_point>ap_draughtposition</draught_attachment_point>
<engine_type>Generic_No_Crew_Rotate</engine_type>
<first_person></first_person>
<gun_animation_table>wm_carriage01</gun_animation_table>
<key>wh_main_vmp_veh_black_coach</key>
<missile_weapon></missile_weapon>
<model>vmp_black_coach_01</model>
<rider_attachment_point>ap_crewposition</rider_attachment_point>
<tech_folder>warmachines\carriage\vmp_black_coach\tech</tech_folder>
<variant></variant>
</battlefield_engines>
</dataroot>
