<?xml version="1.0" encoding="UTF-8"?>
<dataroot xmlns:od="urn:schemas-microsoft-com:officedata" xmlns:xsi="http://www.w3.org/2001/XMLSchema-instance" xsi:noNamespaceSchemaLocation="battle_set_piece_armies_effect_bundles.xsd" export_time="Tue Jan 16 09:33:11 2018" revision="16" export_branch="T:/branches/warhammer2/new_tomb/warhammer/binaries.x64" export_user="bob">
<edit_uuid>24430c22-12b6-4059-91a1-1780005e60e6</edit_uuid>
<battle_set_piece_armies_effect_bundles record_uuid="{71277a67-11a5-4ba7-bcad-ffab42d7ac3d}" record_timestamp="1510934511315" record_key="wh2_dlc09_qb_tmb_arkhan_staff_of_nagash_player_1wh2_dlc09_faction_trait_tomb_kings">
<battle_set_piece_army>wh2_dlc09_qb_tmb_arkhan_staff_of_nagash_player_1</battle_set_piece_army>
<effect_bundle>wh2_dlc09_faction_trait_tomb_kings</effect_bundle>
</battle_set_piece_armies_effect_bundles>
<battle_set_piece_armies_effect_bundles record_uuid="{e685480a-90d6-4c0a-9ca6-2006cc187972}" record_timestamp="1516095191043" record_key="wh2_dlc09_qb_tmb_arkhan_the_tomb_blade_of_arkhan_3_mortuary_of_tzulaqua_defender_01wh2_dlc09_faction_trait_tomb_kings">
<battle_set_piece_army>wh2_dlc09_qb_tmb_arkhan_the_tomb_blade_of_arkhan_3_mortuary_of_tzulaqua_defender_01</battle_set_piece_army>
<effect_bundle>wh2_dlc09_faction_trait_tomb_kings</effect_bundle>
</battle_set_piece_armies_effect_bundles>
<battle_set_piece_armies_effect_bundles record_uuid="{2b5deebc-26d9-4a85-9bd3-9af9be582641}" record_timestamp="1509467050190" record_key="wh2_dlc09_qb_tmb_final_battle_fon_arkhan_playerwh2_dlc09_faction_trait_tomb_kings">
<battle_set_piece_army>wh2_dlc09_qb_tmb_final_battle_fon_arkhan_player</battle_set_piece_army>
<effect_bundle>wh2_dlc09_faction_trait_tomb_kings</effect_bundle>
</battle_set_piece_armies_effect_bundles>
<battle_set_piece_armies_effect_bundles record_uuid="{f1b162b7-45f3-4251-b029-c0a23f7470d8}" record_timestamp="1509110109346" record_key="wh2_dlc09_qb_tmb_final_battle_khalida_playerwh2_dlc09_bundle_tmb_final_battle_army_abilities_barrage">
<battle_set_piece_army>wh2_dlc09_qb_tmb_final_battle_khalida_player</battle_set_piece_army>
<effect_bundle>wh2_dlc09_bundle_tmb_final_battle_army_abilities_barrage</effect_bundle>
</battle_set_piece_armies_effect_bundles>
<battle_set_piece_armies_effect_bundles record_uuid="{daeab3b1-da25-4398-8e98-1152fa43910c}" record_timestamp="1509110109900" record_key="wh2_dlc09_qb_tmb_final_battle_khalida_playerwh2_dlc09_bundle_tmb_final_battle_army_abilities_swarm">
<battle_set_piece_army>wh2_dlc09_qb_tmb_final_battle_khalida_player</battle_set_piece_army>
<effect_bundle>wh2_dlc09_bundle_tmb_final_battle_army_abilities_swarm</effect_bundle>
</battle_set_piece_armies_effect_bundles>
<battle_set_piece_armies_effect_bundles record_uuid="{0bbb60b0-12e5-48f4-b4b4-036502b54f9a}" record_timestamp="1509467049872" record_key="wh2_dlc09_qb_tmb_final_battle_khalida_playerwh2_dlc09_faction_trait_tomb_kings">
<battle_set_piece_army>wh2_dlc09_qb_tmb_final_battle_khalida_player</battle_set_piece_army>
<effect_bundle>wh2_dlc09_faction_trait_tomb_kings</effect_bundle>
</battle_set_piece_armies_effect_bundles>
<battle_set_piece_armies_effect_bundles record_uuid="{d359561f-5da4-4b00-8e36-dd532578dfef}" record_timestamp="1509110102891" record_key="wh2_dlc09_qb_tmb_final_battle_khatep_playerwh2_dlc09_bundle_tmb_final_battle_army_abilities_barrage">
<battle_set_piece_army>wh2_dlc09_qb_tmb_final_battle_khatep_player</battle_set_piece_army>
<effect_bundle>wh2_dlc09_bundle_tmb_final_battle_army_abilities_barrage</effect_bundle>
</battle_set_piece_armies_effect_bundles>
<battle_set_piece_armies_effect_bundles record_uuid="{936d314c-eb42-47e0-8133-172f60ee43c7}" record_timestamp="1509110110883" record_key="wh2_dlc09_qb_tmb_final_battle_khatep_playerwh2_dlc09_bundle_tmb_final_battle_army_abilities_swarm">
<battle_set_piece_army>wh2_dlc09_qb_tmb_final_battle_khatep_player</battle_set_piece_army>
<effect_bundle>wh2_dlc09_bundle_tmb_final_battle_army_abilities_swarm</effect_bundle>
</battle_set_piece_armies_effect_bundles>
<battle_set_piece_armies_effect_bundles record_uuid="{5b9db221-f925-4c35-9943-edd802a7a5ac}" record_timestamp="1509467049736" record_key="wh2_dlc09_qb_tmb_final_battle_khatep_playerwh2_dlc09_faction_trait_tomb_kings">
<battle_set_piece_army>wh2_dlc09_qb_tmb_final_battle_khatep_player</battle_set_piece_army>
<effect_bundle>wh2_dlc09_faction_trait_tomb_kings</effect_bundle>
</battle_set_piece_armies_effect_bundles>
<battle_set_piece_armies_effect_bundles record_uuid="{c3a87f7a-dded-4646-8162-d7fb50899bac}" record_timestamp="1509110102848" record_key="wh2_dlc09_qb_tmb_final_battle_settra_playerwh2_dlc09_bundle_tmb_final_battle_army_abilities_barrage">
<battle_set_piece_army>wh2_dlc09_qb_tmb_final_battle_settra_player</battle_set_piece_army>
<effect_bundle>wh2_dlc09_bundle_tmb_final_battle_army_abilities_barrage</effect_bundle>
</battle_set_piece_armies_effect_bundles>
<battle_set_piece_armies_effect_bundles record_uuid="{3ad3d471-79bc-4e31-861b-ca5e2885c501}" record_timestamp="1509110109951" record_key="wh2_dlc09_qb_tmb_final_battle_settra_playerwh2_dlc09_bundle_tmb_final_battle_army_abilities_swarm">
<battle_set_piece_army>wh2_dlc09_qb_tmb_final_battle_settra_player</battle_set_piece_army>
<effect_bundle>wh2_dlc09_bundle_tmb_final_battle_army_abilities_swarm</effect_bundle>
</battle_set_piece_armies_effect_bundles>
<battle_set_piece_armies_effect_bundles record_uuid="{e7c4ca06-f6f8-4caf-bcca-5d3ddfc7b945}" record_timestamp="1509467049807" record_key="wh2_dlc09_qb_tmb_final_battle_settra_playerwh2_dlc09_faction_trait_tomb_kings">
<battle_set_piece_army>wh2_dlc09_qb_tmb_final_battle_settra_player</battle_set_piece_army>
<effect_bundle>wh2_dlc09_faction_trait_tomb_kings</effect_bundle>
</battle_set_piece_armies_effect_bundles>
<battle_set_piece_armies_effect_bundles record_uuid="{2bf1eedb-c3f6-452f-8604-f70982f60a01}" record_timestamp="1508925691776" record_key="wh2_dlc09_qb_tmb_khalida_venom_staff_stage_3_ash_river_playerwh2_dlc09_faction_trait_tomb_kings">
<battle_set_piece_army>wh2_dlc09_qb_tmb_khalida_venom_staff_stage_3_ash_river_player</battle_set_piece_army>
<effect_bundle>wh2_dlc09_faction_trait_tomb_kings</effect_bundle>
</battle_set_piece_armies_effect_bundles>
<battle_set_piece_armies_effect_bundles record_uuid="{5b127e55-aabf-4d21-847a-b2732e3abc5f}" record_timestamp="1510934512039" record_key="wh2_dlc09_qb_tmb_khatep_the_liche_staff_stage_5_pits_of_zardok_attacker_01wh2_dlc09_faction_trait_tomb_kings">
<battle_set_piece_army>wh2_dlc09_qb_tmb_khatep_the_liche_staff_stage_5_pits_of_zardok_attacker_01</battle_set_piece_army>
<effect_bundle>wh2_dlc09_faction_trait_tomb_kings</effect_bundle>
</battle_set_piece_armies_effect_bundles>
<battle_set_piece_armies_effect_bundles record_uuid="{eb2e0ae2-8ce6-4821-9c47-142d1fe16a98}" record_timestamp="1510934511347" record_key="wh2_dlc09_qb_tmb_settra_the_blessed_blade_of_ptra_stage_3_charnel_valley_attackerwh2_dlc09_faction_trait_tomb_kings">
<battle_set_piece_army>wh2_dlc09_qb_tmb_settra_the_blessed_blade_of_ptra_stage_3_charnel_valley_attacker</battle_set_piece_army>
<effect_bundle>wh2_dlc09_faction_trait_tomb_kings</effect_bundle>
</battle_set_piece_armies_effect_bundles>
<battle_set_piece_armies_effect_bundles record_uuid="{c596335d-5ba1-4435-a2d8-e19145cecde9}" record_timestamp="1510934511380" record_key="wh2_dlc09_tmb_settra_the_crown_of_nehekhara_stage_5_pack_ice_bay_attackerwh2_dlc09_faction_trait_tomb_kings">
<battle_set_piece_army>wh2_dlc09_tmb_settra_the_crown_of_nehekhara_stage_5_pack_ice_bay_attacker</battle_set_piece_army>
<effect_bundle>wh2_dlc09_faction_trait_tomb_kings</effect_bundle>
</battle_set_piece_armies_effect_bundles>
<battle_set_piece_armies_effect_bundles record_uuid="{a41b2b3e-ad27-497b-8cd3-0b34119c0719}" record_timestamp="1508331017088" record_key="wh2_dlc09_tmb_settra_the_crown_of_nehekhara_stage_5_pack_ice_bay_defenderwh2_dlc09_bundle_quest_battle_full_hide">
<battle_set_piece_army>wh2_dlc09_tmb_settra_the_crown_of_nehekhara_stage_5_pack_ice_bay_defender</battle_set_piece_army>
<effect_bundle>wh2_dlc09_bundle_quest_battle_full_hide</effect_bundle>
</battle_set_piece_armies_effect_bundles>
<battle_set_piece_armies_effect_bundles record_uuid="{0a889fd5-dbf2-4f4c-a967-b373efc547e6}" record_timestamp="1491393265008" record_key="wh2_main_qb_lzd_kroqgar_hand_of_gods_stage_3_fallen_gates_attacker_01wh2_main_bundle_quest_battle_feral_cold_ones">
<battle_set_piece_army>wh2_main_qb_lzd_kroqgar_hand_of_gods_stage_3_fallen_gates_attacker_01</battle_set_piece_army>
<effect_bundle>wh2_main_bundle_quest_battle_feral_cold_ones</effect_bundle>
</battle_set_piece_armies_effect_bundles>
<battle_set_piece_armies_effect_bundles record_uuid="{4a585e66-9705-4c60-9959-5cd1011f725d}" record_timestamp="1491393265013" record_key="wh2_main_qb_lzd_kroqgar_hand_of_gods_stage_3_fallen_gates_e3_easy_attacker_01wh2_main_bundle_quest_battle_feral_cold_ones">
<battle_set_piece_army>wh2_main_qb_lzd_kroqgar_hand_of_gods_stage_3_fallen_gates_e3_easy_attacker_01</battle_set_piece_army>
<effect_bundle>wh2_main_bundle_quest_battle_feral_cold_ones</effect_bundle>
</battle_set_piece_armies_effect_bundles>
<battle_set_piece_armies_effect_bundles record_uuid="{f91684e2-74e2-4021-8c27-8dd0776ffbe1}" record_timestamp="1491393265004" record_key="wh2_main_qb_lzd_kroqgar_hand_of_gods_stage_3_fallen_gates_e3_hard_attacker_01wh2_main_bundle_quest_battle_feral_cold_ones">
<battle_set_piece_army>wh2_main_qb_lzd_kroqgar_hand_of_gods_stage_3_fallen_gates_e3_hard_attacker_01</battle_set_piece_army>
<effect_bundle>wh2_main_bundle_quest_battle_feral_cold_ones</effect_bundle>
</battle_set_piece_armies_effect_bundles>
<battle_set_piece_armies_effect_bundles record_uuid="{3242f44e-6894-48f8-92c6-a0468391454a}" record_timestamp="1502179900867" record_key="wh2_main_qb_skv_queek_dwarf_gouger_stage_4_gouger_gully_defender_01wh2_main_bundle_pre_battle_purchase_menace_below_2">
<battle_set_piece_army>wh2_main_qb_skv_queek_dwarf_gouger_stage_4_gouger_gully_defender_01</battle_set_piece_army>
<effect_bundle>wh2_main_bundle_pre_battle_purchase_menace_below_2</effect_bundle>
</battle_set_piece_armies_effect_bundles>
<battle_set_piece_armies_effect_bundles record_uuid="{71f4dd77-f606-495b-aaaa-b0351433758e}" record_timestamp="1502179900867" record_key="wh2_main_qb_skv_queek_headtaker_warp_shard_armour_stage_6_warp_shard_caverns_attacker_01wh2_main_bundle_pre_battle_purchase_menace_below_2">
<battle_set_piece_army>wh2_main_qb_skv_queek_headtaker_warp_shard_armour_stage_6_warp_shard_caverns_attacker_01</battle_set_piece_army>
<effect_bundle>wh2_main_bundle_pre_battle_purchase_menace_below_2</effect_bundle>
</battle_set_piece_armies_effect_bundles>
</dataroot>
