<?xml version="1.0" encoding="UTF-8"?>
<dataroot xmlns:od="urn:schemas-microsoft-com:officedata" xmlns:xsi="http://www.w3.org/2001/XMLSchema-instance" xsi:noNamespaceSchemaLocation="battle_set_piece_campaign_battle_scenes.xsd" export_time="Mon Jul 17 08:29:36 2017" revision="3" export_branch="T:/" export_user="bob">
<edit_uuid>39fc8659-d8ad-4e20-94ca-9635cabe0b54</edit_uuid>
<battle_set_piece_campaign_battle_scenes record_uuid="{4f9c7345-bce1-4563-ae0b-34358af12f7e}" record_timestamp="1498750371843" record_key="wh2_main_qb_final_battle_def">
<battle_set_piece>wh2_main_qb_final_battle_def</battle_set_piece>
<bmd>prefabs/campaign/isle_of_the_dead_final_battle_tyrion_mazdamundi.bmd</bmd>
<environment>terrain/campaigns/warhammer_map_1_1_wood_elves/lighting/ulthuan.environment</environment>
</battle_set_piece_campaign_battle_scenes>
<battle_set_piece_campaign_battle_scenes record_uuid="{f034b570-2c77-46e4-80e4-c6f5903a222e}" record_timestamp="1500276576009" record_key="wh2_main_qb_final_battle_def_morathi">
<battle_set_piece>wh2_main_qb_final_battle_def_morathi</battle_set_piece>
<bmd>prefabs/campaign/isle_of_the_dead_final_battle_tyrion_mazdamundi.bmd</bmd>
<environment>terrain/campaigns/warhammer_map_1_1_wood_elves/lighting/ulthuan.environment</environment>
</battle_set_piece_campaign_battle_scenes>
<battle_set_piece_campaign_battle_scenes record_uuid="{75cf854d-3da1-4d6d-ba4c-3071566469bd}" record_timestamp="1498750371772" record_key="wh2_main_qb_final_battle_hef">
<battle_set_piece>wh2_main_qb_final_battle_hef</battle_set_piece>
<bmd>prefabs/campaign/isle_of_the_dead_final_battle_malekith_mazdamundi.bmd</bmd>
<environment>terrain/campaigns/warhammer_map_1_1_wood_elves/lighting/ulthuan.environment</environment>
</battle_set_piece_campaign_battle_scenes>
<battle_set_piece_campaign_battle_scenes record_uuid="{8422bc1a-3a7c-4c25-a233-442e8e48729e}" record_timestamp="1500276576012" record_key="wh2_main_qb_final_battle_hef_teclis">
<battle_set_piece>wh2_main_qb_final_battle_hef_teclis</battle_set_piece>
<bmd>prefabs/campaign/isle_of_the_dead_final_battle_malekith_mazdamundi.bmd</bmd>
<environment>terrain/campaigns/warhammer_map_1_1_wood_elves/lighting/ulthuan.environment</environment>
</battle_set_piece_campaign_battle_scenes>
<battle_set_piece_campaign_battle_scenes record_uuid="{115ca8ce-33b1-4d8e-a0f7-074797509909}" record_timestamp="1498750371856" record_key="wh2_main_qb_final_battle_lzd">
<battle_set_piece>wh2_main_qb_final_battle_lzd</battle_set_piece>
<bmd>prefabs/campaign/isle_of_the_dead_final_battle_malekith_tyrion.bmd</bmd>
<environment>terrain/campaigns/warhammer_map_1_1_wood_elves/lighting/ulthuan.environment</environment>
</battle_set_piece_campaign_battle_scenes>
<battle_set_piece_campaign_battle_scenes record_uuid="{73eac410-3a10-464c-8022-cdc5035b7c1a}" record_timestamp="1500276576016" record_key="wh2_main_qb_final_battle_lzd_kroq_gar">
<battle_set_piece>wh2_main_qb_final_battle_lzd_kroq_gar</battle_set_piece>
<bmd>prefabs/campaign/isle_of_the_dead_final_battle_malekith_tyrion.bmd</bmd>
<environment>terrain/campaigns/warhammer_map_1_1_wood_elves/lighting/ulthuan.environment</environment>
</battle_set_piece_campaign_battle_scenes>
<battle_set_piece_campaign_battle_scenes record_uuid="{9579337f-cf04-48b7-90ee-4e1b811a6c1f}" record_timestamp="1498750371849" record_key="wh2_main_qb_final_battle_skv">
<battle_set_piece>wh2_main_qb_final_battle_skv</battle_set_piece>
<bmd>prefabs/campaign/isle_of_the_dead_final_battle_malekith_mazdamundi.bmd</bmd>
<environment>terrain/campaigns/warhammer_map_1_1_wood_elves/lighting/ulthuan.environment</environment>
</battle_set_piece_campaign_battle_scenes>
<battle_set_piece_campaign_battle_scenes record_uuid="{06b7c1b7-8600-49af-ab47-9331b16481b9}" record_timestamp="1500276576006" record_key="wh2_main_qb_final_battle_skv_lord_skrolk">
<battle_set_piece>wh2_main_qb_final_battle_skv_lord_skrolk</battle_set_piece>
<bmd>prefabs/campaign/isle_of_the_dead_final_battle_malekith_mazdamundi.bmd</bmd>
<environment>terrain/campaigns/warhammer_map_1_1_wood_elves/lighting/ulthuan.environment</environment>
</battle_set_piece_campaign_battle_scenes>
</dataroot>
