<?xml version="1.0" encoding="UTF-8"?>
<dataroot xmlns:od="urn:schemas-microsoft-com:officedata" xmlns:xsi="http://www.w3.org/2001/XMLSchema-instance" xsi:noNamespaceSchemaLocation="building_level_required_buildings.xsd" export_time="Tue Mar 14 09:55:00 2017" revision="2" export_branch="T:/branches/warhammer2/dev/warhammer/binaries.x64" export_user="bob">
<edit_uuid>44b157f4-e55e-4373-ae6d-8c5bd29657a3</edit_uuid>
<building_level_required_buildings record_uuid="{badbd1b4-e932-47be-bbfa-47a2b94566ae}" record_timestamp="1488534524963" record_key="wh_main_brt_farm_2wh_main_brt_farm_extra_1">
<building_level>wh_main_brt_farm_2</building_level>
<required>wh_main_brt_farm_extra_1</required>
</building_level_required_buildings>
<building_level_required_buildings record_uuid="{c2e64659-f59e-4909-b0d9-4ade2826f283}" record_timestamp="1488534524993" record_key="wh_main_brt_farm_3wh_main_brt_farm_extra_2">
<building_level>wh_main_brt_farm_3</building_level>
<required>wh_main_brt_farm_extra_2</required>
</building_level_required_buildings>
<building_level_required_buildings record_uuid="{82d859ce-609c-48b0-b6dc-8e15a62d658b}" record_timestamp="1488535672609" record_key="wh_main_brt_farm_extra_1wh_main_brt_farm_1">
<building_level>wh_main_brt_farm_extra_1</building_level>
<required>wh_main_brt_farm_1</required>
</building_level_required_buildings>
<building_level_required_buildings record_uuid="{da9dc38e-2049-4dca-993f-0ff9ea2c709a}" record_timestamp="1489485298263" record_key="wh_main_brt_farm_extra_2wh_main_brt_farm_2">
<building_level>wh_main_brt_farm_extra_2</building_level>
<required>wh_main_brt_farm_2</required>
</building_level_required_buildings>
<building_level_required_buildings record_uuid="{a08030dd-65d4-4efb-829a-fa3130324b89}" record_timestamp="1489485298311" record_key="wh_main_brt_industry_basic_2wh_main_brt_industry_extra_1">
<building_level>wh_main_brt_industry_basic_2</building_level>
<required>wh_main_brt_industry_extra_1</required>
</building_level_required_buildings>
<building_level_required_buildings record_uuid="{dcbba7ee-d012-44ee-9828-efd2321d15e4}" record_timestamp="1489485298358" record_key="wh_main_brt_industry_basic_3wh_main_brt_industry_extra_2">
<building_level>wh_main_brt_industry_basic_3</building_level>
<required>wh_main_brt_industry_extra_2</required>
</building_level_required_buildings>
<building_level_required_buildings record_uuid="{71e13070-8610-41cb-97e6-b9518a113725}" record_timestamp="1489485298407" record_key="wh_main_brt_industry_extra_1wh_main_brt_industry_basic_1">
<building_level>wh_main_brt_industry_extra_1</building_level>
<required>wh_main_brt_industry_basic_1</required>
</building_level_required_buildings>
<building_level_required_buildings record_uuid="{6f012b55-cc33-4689-8c21-0f61ae6af9ea}" record_timestamp="1489485298383" record_key="wh_main_brt_industry_extra_2wh_main_brt_industry_basic_2">
<building_level>wh_main_brt_industry_extra_2</building_level>
<required>wh_main_brt_industry_basic_2</required>
</building_level_required_buildings>
</dataroot>
