<?xml version="1.0" encoding="UTF-8"?>
<dataroot xmlns:od="urn:schemas-microsoft-com:officedata" xmlns:xsi="http://www.w3.org/2001/XMLSchema-instance" xsi:noNamespaceSchemaLocation="building_description_texts.xsd" export_time="Fri Sep 1 11:18:09 2017" revision="35" export_branch="T:/branches/warhammer2/dev/warhammer/binaries.x64" export_user="bob">
<edit_uuid>0cbe3f5e-1467-47b4-a6d5-5209208797ef</edit_uuid>
<building_description_texts record_uuid="{5b6690c3-cf0c-471b-b87e-84cdbe92b338}" record_timestamp="1422447865791" record_key="wh_main_PLACEHOLDER">
<key>wh_main_PLACEHOLDER</key>
<long_description state="APPROVED" last_approved_text="[PLACEHOLDER] building long" last_edit_user="bob">[PLACEHOLDER] building long</long_description>
</building_description_texts>
</dataroot>
