<?xml version="1.0" encoding="UTF-8"?>
<dataroot xmlns:od="urn:schemas-microsoft-com:officedata" xmlns:xsi="http://www.w3.org/2001/XMLSchema-instance" xsi:noNamespaceSchemaLocation="building_chain_availability_set_ids.xsd" export_time="Tue Aug 22 10:47:26 2017" revision="21" export_branch="T:/branches/warhammer2/dev/warhammer/binaries.x64" export_user="bob">
<edit_uuid>1e7309ae-b12f-48e5-8a2e-10c632cfe57a</edit_uuid>
<building_chain_availability_set_ids record_uuid="{3e7d20d7-c6c2-4603-a389-9500585d6c97}" record_timestamp="1395422220712" record_key="placeholder">
<id>placeholder</id>
</building_chain_availability_set_ids>
<building_chain_availability_set_ids record_uuid="{22437005-fd5e-4505-b97f-258644f6e54f}" record_timestamp="1503395246541" record_key="wh2_dlc09_bas_tmb">
<id>wh2_dlc09_bas_tmb</id>
</building_chain_availability_set_ids>
<building_chain_availability_set_ids record_uuid="{fd06ab6c-d0d6-463b-a5b2-1178c5d424c0}" record_timestamp="1467190917233" record_key="wh2_main_bas_def">
<id>wh2_main_bas_def</id>
</building_chain_availability_set_ids>
<building_chain_availability_set_ids record_uuid="{ea0ad4a8-a2b8-4e9c-ada6-249b6ce8c61c}" record_timestamp="1467190916012" record_key="wh2_main_bas_hef">
<id>wh2_main_bas_hef</id>
</building_chain_availability_set_ids>
<building_chain_availability_set_ids record_uuid="{1b88fa5c-e5b7-44b8-88a8-767e806bd4ca}" record_timestamp="1467711043663" record_key="wh2_main_bas_lzd">
<id>wh2_main_bas_lzd</id>
</building_chain_availability_set_ids>
<building_chain_availability_set_ids record_uuid="{8cfc805e-6598-495d-977a-61db93024c70}" record_timestamp="1485878365274" record_key="wh2_main_bas_rogue">
<id>wh2_main_bas_rogue</id>
</building_chain_availability_set_ids>
<building_chain_availability_set_ids record_uuid="{10dbac3c-43bf-4e19-b8ec-42c462ca6a66}" record_timestamp="1467190914727" record_key="wh2_main_bas_skv">
<id>wh2_main_bas_skv</id>
</building_chain_availability_set_ids>
<building_chain_availability_set_ids record_uuid="{4d3c97c1-ea18-4b47-88d3-e7597419d86a}" record_timestamp="1437478392157" record_key="wh_dlc03_bas_bst">
<id>wh_dlc03_bas_bst</id>
</building_chain_availability_set_ids>
<building_chain_availability_set_ids record_uuid="{0f718408-6290-495d-b1a2-735b9b6a93bd}" record_timestamp="1439372352840" record_key="wh_dlc05_bas_wef">
<id>wh_dlc05_bas_wef</id>
</building_chain_availability_set_ids>
<building_chain_availability_set_ids record_uuid="{5258c42c-be27-4c6f-85b5-fe399f0683e0}" record_timestamp="1423212059605" record_key="wh_main_bas_brt">
<id>wh_main_bas_brt</id>
</building_chain_availability_set_ids>
<building_chain_availability_set_ids record_uuid="{fd4bd0b6-ee10-4ccf-8ab8-1249138a06d9}" record_timestamp="1423212059558" record_key="wh_main_bas_chs">
<id>wh_main_bas_chs</id>
</building_chain_availability_set_ids>
<building_chain_availability_set_ids record_uuid="{79b62ec2-ec29-464a-9c16-247ea0124b25}" record_timestamp="1423212059527" record_key="wh_main_bas_dwf">
<id>wh_main_bas_dwf</id>
</building_chain_availability_set_ids>
<building_chain_availability_set_ids record_uuid="{822194a2-f454-4608-9938-ef71801f17dd}" record_timestamp="1423212059480" record_key="wh_main_bas_emp">
<id>wh_main_bas_emp</id>
</building_chain_availability_set_ids>
<building_chain_availability_set_ids record_uuid="{8f340b11-734d-4da8-bbeb-a28ba77087f4}" record_timestamp="1429182248396" record_key="wh_main_bas_gob">
<id>wh_main_bas_gob</id>
</building_chain_availability_set_ids>
<building_chain_availability_set_ids record_uuid="{5345f734-b572-4ab3-9a8a-eada49ea5a38}" record_timestamp="1423212059433" record_key="wh_main_bas_grn">
<id>wh_main_bas_grn</id>
</building_chain_availability_set_ids>
<building_chain_availability_set_ids record_uuid="{b225430e-9e52-4067-ab9f-3048f5502d84}" record_timestamp="1423737478484" record_key="wh_main_bas_ksl">
<id>wh_main_bas_ksl</id>
</building_chain_availability_set_ids>
<building_chain_availability_set_ids record_uuid="{632e0877-19a0-4ab1-ba36-a96f18af752e}" record_timestamp="1423212059386" record_key="wh_main_bas_nor">
<id>wh_main_bas_nor</id>
</building_chain_availability_set_ids>
<building_chain_availability_set_ids record_uuid="{35080b3e-398e-4ed1-b4cf-e8355277ac88}" record_timestamp="1429182248299" record_key="wh_main_bas_orc">
<id>wh_main_bas_orc</id>
</building_chain_availability_set_ids>
<building_chain_availability_set_ids record_uuid="{3a2aa256-7ba4-4841-b01a-06005985c5f3}" record_timestamp="1430930261414" record_key="wh_main_bas_savorc">
<id>wh_main_bas_savorc</id>
</building_chain_availability_set_ids>
<building_chain_availability_set_ids record_uuid="{b016bdfd-a464-4d3b-83e3-73f2b9a11686}" record_timestamp="1423737478468" record_key="wh_main_bas_teb">
<id>wh_main_bas_teb</id>
</building_chain_availability_set_ids>
<building_chain_availability_set_ids record_uuid="{d01419cc-ba52-468b-8d5c-ebfd7d42c744}" record_timestamp="1423212059340" record_key="wh_main_bas_vmp">
<id>wh_main_bas_vmp</id>
</building_chain_availability_set_ids>
</dataroot>
