<?xml version="1.0" encoding="UTF-8"?>
<dataroot xmlns:od="urn:schemas-microsoft-com:officedata" xmlns:xsi="http://www.w3.org/2001/XMLSchema-instance" xsi:noNamespaceSchemaLocation="building_superchains.xsd" export_time="Fri Dec 1 15:14:30 2017" revision="115" export_branch="T:/branches/warhammer2/new_tomb/warhammer/binaries.x64" export_user="bob">
<edit_uuid>8ac71792-35e3-40e5-bea3-8634f01c0948</edit_uuid>
<building_superchains record_uuid="{6676a034-6ce4-4996-9477-2a43fbfca585}" record_timestamp="1509111812167" record_key="wh2_dlc09_sch_ritual_tmb">
<key>wh2_dlc09_sch_ritual_tmb</key>
</building_superchains>
<building_superchains record_uuid="{f7f2f8dc-b0a6-4427-9d26-e5c175552e52}" record_timestamp="1506613410031" record_key="wh2_dlc09_sch_special_black_tower_of_arkhan">
<key>wh2_dlc09_sch_special_black_tower_of_arkhan</key>
</building_superchains>
<building_superchains record_uuid="{161f08dc-991d-44cc-af96-5a1ad6a365eb}" record_timestamp="1506613409979" record_key="wh2_dlc09_sch_special_pyramid_alcadizaar">
<key>wh2_dlc09_sch_special_pyramid_alcadizaar</key>
</building_superchains>
<building_superchains record_uuid="{91f6321f-354f-4096-b589-da1f1fa5f5c8}" record_timestamp="1506613410014" record_key="wh2_dlc09_sch_special_pyramid_amenemhetum">
<key>wh2_dlc09_sch_special_pyramid_amenemhetum</key>
</building_superchains>
<building_superchains record_uuid="{6ee1b57c-d1e8-4374-a67a-7696d269dd14}" record_timestamp="1506613410352" record_key="wh2_dlc09_sch_special_pyramid_khatep">
<key>wh2_dlc09_sch_special_pyramid_khatep</key>
</building_superchains>
<building_superchains record_uuid="{1f645332-682e-4e7d-b61f-9f9d0b588b86}" record_timestamp="1506613410049" record_key="wh2_dlc09_sch_special_pyramid_phar">
<key>wh2_dlc09_sch_special_pyramid_phar</key>
</building_superchains>
<building_superchains record_uuid="{6bfaf49d-fff9-45c4-8355-6c7bc92340df}" record_timestamp="1506613409996" record_key="wh2_dlc09_sch_special_pyramid_settra">
<key>wh2_dlc09_sch_special_pyramid_settra</key>
</building_superchains>
<building_superchains record_uuid="{eb7abb78-af09-4923-b632-1fcf0e536604}" record_timestamp="1506613410066" record_key="wh2_dlc09_sch_special_pyramid_tutankhanut">
<key>wh2_dlc09_sch_special_pyramid_tutankhanut</key>
</building_superchains>
<building_superchains record_uuid="{778d997e-039a-45fb-96a7-c311f5478987}" record_timestamp="1506613410085" record_key="wh2_dlc09_sch_tmb_cavalry">
<key>wh2_dlc09_sch_tmb_cavalry</key>
</building_superchains>
<building_superchains record_uuid="{0a3b7d5f-3eae-48e1-b7e3-d5c2c70bb876}" record_timestamp="1506613410103" record_key="wh2_dlc09_sch_tmb_chariots">
<key>wh2_dlc09_sch_tmb_chariots</key>
</building_superchains>
<building_superchains record_uuid="{f7dcee67-d7a6-4428-8226-e982d2f580a3}" record_timestamp="1506613410298" record_key="wh2_dlc09_sch_tmb_citadel">
<key>wh2_dlc09_sch_tmb_citadel</key>
</building_superchains>
<building_superchains record_uuid="{24a20130-23a7-4ad6-95ab-1c833a665abc}" record_timestamp="1506613410280" record_key="wh2_dlc09_sch_tmb_estate">
<key>wh2_dlc09_sch_tmb_estate</key>
</building_superchains>
<building_superchains record_uuid="{34df502c-853d-4495-bb88-5adbaf1baa5d}" record_timestamp="1506613410316" record_key="wh2_dlc09_sch_tmb_growth">
<key>wh2_dlc09_sch_tmb_growth</key>
</building_superchains>
<building_superchains record_uuid="{1804bcaa-138f-431d-aa91-c0ef7754134f}" record_timestamp="1506613410245" record_key="wh2_dlc09_sch_tmb_hierotitan">
<key>wh2_dlc09_sch_tmb_hierotitan</key>
</building_superchains>
<building_superchains record_uuid="{39b5a4fe-c6d0-4691-9953-be240f278965}" record_timestamp="1506613410334" record_key="wh2_dlc09_sch_tmb_income">
<key>wh2_dlc09_sch_tmb_income</key>
</building_superchains>
<building_superchains record_uuid="{6171615e-8f45-415c-a7c0-6427161f7e93}" record_timestamp="1506613410121" record_key="wh2_dlc09_sch_tmb_infantry">
<key>wh2_dlc09_sch_tmb_infantry</key>
</building_superchains>
<building_superchains record_uuid="{8d44fd2b-0a4c-4a53-b167-615d0df37f3d}" record_timestamp="1506613410157" record_key="wh2_dlc09_sch_tmb_necrosphinx">
<key>wh2_dlc09_sch_tmb_necrosphinx</key>
</building_superchains>
<building_superchains record_uuid="{84e78c86-d67c-4abe-8c28-367d75d67987}" record_timestamp="1506613410227" record_key="wh2_dlc09_sch_tmb_public_order">
<key>wh2_dlc09_sch_tmb_public_order</key>
</building_superchains>
<building_superchains record_uuid="{845f139c-89f1-4645-8f9d-7b632bfff6ae}" record_timestamp="1506613410174" record_key="wh2_dlc09_sch_tmb_scorpions">
<key>wh2_dlc09_sch_tmb_scorpions</key>
</building_superchains>
<building_superchains record_uuid="{2f11bc9d-c65d-4de4-a5bc-5ff7d3e968e9}" record_timestamp="1506613410192" record_key="wh2_dlc09_sch_tmb_ushabti">
<key>wh2_dlc09_sch_tmb_ushabti</key>
</building_superchains>
<building_superchains record_uuid="{a37d98f5-ca64-4c0b-9e96-de51274c6b70}" record_timestamp="1506613410139" record_key="wh2_dlc09_sch_tmb_warsphinx">
<key>wh2_dlc09_sch_tmb_warsphinx</key>
</building_superchains>
<building_superchains record_uuid="{0dce7c26-7936-476d-9833-2751d9b5b09a}" record_timestamp="1507107306175" record_key="wh2_dlc09_tmb_defence_major">
<key>wh2_dlc09_tmb_defence_major</key>
</building_superchains>
<building_superchains record_uuid="{4794ec8c-6486-4073-85f7-751af9f26460}" record_timestamp="1479233351371" record_key="wh2_main_sch_defence_major_def">
<key>wh2_main_sch_defence_major_def</key>
</building_superchains>
<building_superchains record_uuid="{66fb6652-3c0a-4329-980e-36d70bb35e75}" record_timestamp="1479233351367" record_key="wh2_main_sch_defence_major_hef">
<key>wh2_main_sch_defence_major_hef</key>
</building_superchains>
<building_superchains record_uuid="{9c638d7f-8134-4869-8acf-ce443d640126}" record_timestamp="1479233351371" record_key="wh2_main_sch_defence_major_lzd">
<key>wh2_main_sch_defence_major_lzd</key>
</building_superchains>
<building_superchains record_uuid="{0f30dd0c-6570-4b10-b122-4b8b2bfd5381}" record_timestamp="1479233351371" record_key="wh2_main_sch_defence_major_skv">
<key>wh2_main_sch_defence_major_skv</key>
</building_superchains>
<building_superchains record_uuid="{cfaef1d5-7101-49e4-91e9-ca790a3616cb}" record_timestamp="1479233351445" record_key="wh2_main_sch_defence_minor">
<key>wh2_main_sch_defence_minor</key>
</building_superchains>
<building_superchains record_uuid="{20380fee-f6dc-41c4-82c2-7170134cf5f6}" record_timestamp="1498146841134" record_key="wh2_main_sch_defence_norsca">
<key>wh2_main_sch_defence_norsca</key>
</building_superchains>
<building_superchains record_uuid="{b506da4e-207e-4562-875b-020e59245cf5}" record_timestamp="1484930507331" record_key="wh2_main_sch_fortress_gate_eagle">
<key>wh2_main_sch_fortress_gate_eagle</key>
</building_superchains>
<building_superchains record_uuid="{d60bcaf6-c037-480e-8750-4b2d16c42f83}" record_timestamp="1484930507292" record_key="wh2_main_sch_fortress_gate_griffon">
<key>wh2_main_sch_fortress_gate_griffon</key>
</building_superchains>
<building_superchains record_uuid="{84c1603f-04b5-40ea-a11e-2d3696990d8f}" record_timestamp="1484930507370" record_key="wh2_main_sch_fortress_gate_phoenix">
<key>wh2_main_sch_fortress_gate_phoenix</key>
</building_superchains>
<building_superchains record_uuid="{830ff4c1-e3be-4f5e-9cc8-8c47d288eb0e}" record_timestamp="1484930507253" record_key="wh2_main_sch_fortress_gate_unicorn">
<key>wh2_main_sch_fortress_gate_unicorn</key>
</building_superchains>
<building_superchains record_uuid="{bdc8913c-a188-4313-a8f5-458918ac4156}" record_timestamp="1477650663764" record_key="wh2_main_sch_horde_def_beasts">
<key>wh2_main_sch_horde_def_beasts</key>
</building_superchains>
<building_superchains record_uuid="{782370bf-4cc1-421d-840f-913b4152bb6f}" record_timestamp="1477650663801" record_key="wh2_main_sch_horde_def_bombardment_a">
<key>wh2_main_sch_horde_def_bombardment_a</key>
</building_superchains>
<building_superchains record_uuid="{a708f46b-62dd-4de7-9d91-c8aca66a4c4b}" record_timestamp="1477650663830" record_key="wh2_main_sch_horde_def_bombardment_b">
<key>wh2_main_sch_horde_def_bombardment_b</key>
</building_superchains>
<building_superchains record_uuid="{fc684331-faa8-44c0-85f9-8fa0fe058591}" record_timestamp="1477650663861" record_key="wh2_main_sch_horde_def_bombardment_c">
<key>wh2_main_sch_horde_def_bombardment_c</key>
</building_superchains>
<building_superchains record_uuid="{99b42509-0a9a-4091-99cb-e0de94462d5b}" record_timestamp="1477650663887" record_key="wh2_main_sch_horde_def_entertainment">
<key>wh2_main_sch_horde_def_entertainment</key>
</building_superchains>
<building_superchains record_uuid="{cce90cdf-246d-4758-82aa-a808aa86cfa9}" record_timestamp="1477650663920" record_key="wh2_main_sch_horde_def_military">
<key>wh2_main_sch_horde_def_military</key>
</building_superchains>
<building_superchains record_uuid="{945261fc-d61b-4ace-8081-ea1ede076779}" record_timestamp="1477650663973" record_key="wh2_main_sch_horde_def_settlement">
<key>wh2_main_sch_horde_def_settlement</key>
</building_superchains>
<building_superchains record_uuid="{ee46ef4c-1c9b-49e0-96e4-580f29d0f3a4}" record_timestamp="1477650664002" record_key="wh2_main_sch_horde_def_slavery">
<key>wh2_main_sch_horde_def_slavery</key>
</building_superchains>
<building_superchains record_uuid="{999e9516-3707-4fb5-b460-c253dcd3c19f}" record_timestamp="1477650664038" record_key="wh2_main_sch_horde_def_sorcery">
<key>wh2_main_sch_horde_def_sorcery</key>
</building_superchains>
<building_superchains record_uuid="{d406cd42-d83a-4429-8500-4dc3404e105b}" record_timestamp="1477650664074" record_key="wh2_main_sch_horde_def_worship">
<key>wh2_main_sch_horde_def_worship</key>
</building_superchains>
<building_superchains record_uuid="{0bc79f3e-8296-4ab6-acbd-2e8f85ef7db0}" record_timestamp="1485878342492" record_key="wh2_main_sch_horde_rogue_settlement">
<key>wh2_main_sch_horde_rogue_settlement</key>
</building_superchains>
<building_superchains record_uuid="{d3fccc04-1b83-4531-bf59-fd80b37d6529}" record_timestamp="1466069270457" record_key="wh2_main_sch_horde_skaven_assassins">
<key>wh2_main_sch_horde_skaven_assassins</key>
</building_superchains>
<building_superchains record_uuid="{638ab002-89c3-483a-9888-e6efa6750833}" record_timestamp="1466069270457" record_key="wh2_main_sch_horde_skaven_leadership">
<key>wh2_main_sch_horde_skaven_leadership</key>
</building_superchains>
<building_superchains record_uuid="{945acd31-51e9-4fe8-b5a2-6b93e8e1b4da}" record_timestamp="1466069270457" record_key="wh2_main_sch_horde_skaven_monsters">
<key>wh2_main_sch_horde_skaven_monsters</key>
</building_superchains>
<building_superchains record_uuid="{48a9041d-dba3-4f14-9480-ee6e78cb4e6a}" record_timestamp="1466069270457" record_key="wh2_main_sch_horde_skaven_plagues">
<key>wh2_main_sch_horde_skaven_plagues</key>
</building_superchains>
<building_superchains record_uuid="{a70082a2-46cc-4126-89f3-0dfcce3f62cd}" record_timestamp="1466069270457" record_key="wh2_main_sch_horde_skaven_settlement">
<key>wh2_main_sch_horde_skaven_settlement</key>
</building_superchains>
<building_superchains record_uuid="{ee34118e-8986-45a2-9200-714e255ad9a7}" record_timestamp="1466069270457" record_key="wh2_main_sch_horde_skaven_slaves">
<key>wh2_main_sch_horde_skaven_slaves</key>
</building_superchains>
<building_superchains record_uuid="{e4fc9d40-7f35-4770-8ed5-2c713c59a64c}" record_timestamp="1466069270457" record_key="wh2_main_sch_horde_skaven_stormvermin">
<key>wh2_main_sch_horde_skaven_stormvermin</key>
</building_superchains>
<building_superchains record_uuid="{0826eb1e-0bf3-4041-8277-295511152052}" record_timestamp="1466069270457" record_key="wh2_main_sch_horde_skaven_supplies">
<key>wh2_main_sch_horde_skaven_supplies</key>
</building_superchains>
<building_superchains record_uuid="{62467c21-9e01-43e4-86bc-feea2258e27a}" record_timestamp="1466069270457" record_key="wh2_main_sch_horde_skaven_warmachines">
<key>wh2_main_sch_horde_skaven_warmachines</key>
</building_superchains>
<building_superchains record_uuid="{aeff2db1-ccc4-4659-813b-fbfe0bf4552d}" record_timestamp="1466069406676" record_key="wh2_main_sch_horde_skaven_weaponteams">
<key>wh2_main_sch_horde_skaven_weaponteams</key>
</building_superchains>
<building_superchains record_uuid="{7e4dcfa7-29da-4c35-8924-3a04cc57238c}" record_timestamp="1476186530610" record_key="wh2_main_sch_human_resource_beer">
<key>wh2_main_sch_human_resource_beer</key>
</building_superchains>
<building_superchains record_uuid="{079ad34b-4555-48d7-830d-1e9a1f467937}" record_timestamp="1476186530760" record_key="wh2_main_sch_human_resource_furs_military">
<key>wh2_main_sch_human_resource_furs_military</key>
</building_superchains>
<building_superchains record_uuid="{a7c606c2-6ac1-4540-b5a3-37888cfa9d03}" record_timestamp="1467217120221" record_key="wh2_main_sch_human_resource_gems">
<key>wh2_main_sch_human_resource_gems</key>
</building_superchains>
<building_superchains record_uuid="{d26f3455-5fe4-43c4-82f1-f4c9b57ef948}" record_timestamp="1465836760903" record_key="wh2_main_sch_infrastructure1_farm">
<key>wh2_main_sch_infrastructure1_farm</key>
</building_superchains>
<building_superchains record_uuid="{e375d9d6-2656-41be-90fd-d0685d2c5def}" record_timestamp="1465836760903" record_key="wh2_main_sch_infrastructure2_industry">
<key>wh2_main_sch_infrastructure2_industry</key>
</building_superchains>
<building_superchains record_uuid="{eef8519d-6863-4df1-8a84-d06e966d0c0c}" record_timestamp="1465836760903" record_key="wh2_main_sch_infrastructure3_order">
<key>wh2_main_sch_infrastructure3_order</key>
</building_superchains>
<building_superchains record_uuid="{b1fa1190-29ad-4231-a80a-65756b55e40b}" record_timestamp="1465836760903" record_key="wh2_main_sch_infrastructure4_energy">
<key>wh2_main_sch_infrastructure4_energy</key>
</building_superchains>
<building_superchains record_uuid="{bd0d18df-26af-491a-b373-ae9fd61a6543}" record_timestamp="1465836760903" record_key="wh2_main_sch_infrastructure5_tradingspying">
<key>wh2_main_sch_infrastructure5_tradingspying</key>
</building_superchains>
<building_superchains record_uuid="{c00a8e8e-1ac7-4971-a688-5d7c66c9380d}" record_timestamp="1465836760903" record_key="wh2_main_sch_infrastructure6_other">
<key>wh2_main_sch_infrastructure6_other</key>
</building_superchains>
<building_superchains record_uuid="{17f24f65-bcfb-4ae7-bc8e-df2745022ea0}" record_timestamp="1498500153115" record_key="wh2_main_sch_infrastructure7_minor">
<key>wh2_main_sch_infrastructure7_minor</key>
</building_superchains>
<building_superchains record_uuid="{0e86a46d-4099-42f3-82cd-affe72bdeb79}" record_timestamp="1510576595186" record_key="wh2_main_sch_infrastructure8_major">
<key>wh2_main_sch_infrastructure8_major</key>
</building_superchains>
<building_superchains record_uuid="{61502913-e134-4686-8d4b-d01d4c006745}" record_timestamp="1480009421264" record_key="wh2_main_sch_karaz_a_karak_airport">
<key>wh2_main_sch_karaz_a_karak_airport</key>
</building_superchains>
<building_superchains record_uuid="{085dbd08-0781-4697-80b1-1b89807f84a9}" record_timestamp="1465836760903" record_key="wh2_main_sch_military1_barracks">
<key>wh2_main_sch_military1_barracks</key>
</building_superchains>
<building_superchains record_uuid="{c31df87e-661b-4f78-8f53-0ff36193b5e5}" record_timestamp="1465836760903" record_key="wh2_main_sch_military2_stables">
<key>wh2_main_sch_military2_stables</key>
</building_superchains>
<building_superchains record_uuid="{9091d341-5c52-426d-aaa9-7a355f3961c4}" record_timestamp="1465836760903" record_key="wh2_main_sch_military3_warmachines">
<key>wh2_main_sch_military3_warmachines</key>
</building_superchains>
<building_superchains record_uuid="{4498cc2a-47d0-4c0c-9818-ea22d4daec2a}" record_timestamp="1465836760903" record_key="wh2_main_sch_military4_monsters">
<key>wh2_main_sch_military4_monsters</key>
</building_superchains>
<building_superchains record_uuid="{59a2b1c5-801f-4edd-bf6f-d84e91018c3d}" record_timestamp="1465836760903" record_key="wh2_main_sch_military5">
<key>wh2_main_sch_military5</key>
</building_superchains>
<building_superchains record_uuid="{62fbc423-aa55-4868-a2ea-3d65a896077d}" record_timestamp="1509036101113" record_key="wh2_main_sch_military6">
<key>wh2_main_sch_military6</key>
</building_superchains>
<building_superchains record_uuid="{a4908b9a-e0a2-47b9-8d09-07514d8d6f99}" record_timestamp="1467200102652" record_key="wh2_main_sch_resource_animals">
<key>wh2_main_sch_resource_animals</key>
</building_superchains>
<building_superchains record_uuid="{275bdb4c-f5a6-4ea2-bc9e-bfd1e46a32e4}" record_timestamp="1467200102659" record_key="wh2_main_sch_resource_medicine">
<key>wh2_main_sch_resource_medicine</key>
</building_superchains>
<building_superchains record_uuid="{33e41645-29e5-42c8-98ca-5ef490dc67cf}" record_timestamp="1467200102639" record_key="wh2_main_sch_resource_obsidian">
<key>wh2_main_sch_resource_obsidian</key>
</building_superchains>
<building_superchains record_uuid="{98d355d1-01cd-47f0-bab9-676656657a7c}" record_timestamp="1467200102667" record_key="wh2_main_sch_resource_spices">
<key>wh2_main_sch_resource_spices</key>
</building_superchains>
<building_superchains record_uuid="{fe007353-6c62-4827-b2e2-762529412457}" record_timestamp="1493140223122" record_key="wh2_main_sch_ritual_def">
<key>wh2_main_sch_ritual_def</key>
</building_superchains>
<building_superchains record_uuid="{67a58c86-fd9a-44e2-8cd5-f0c597f7ac21}" record_timestamp="1493140223103" record_key="wh2_main_sch_ritual_hef">
<key>wh2_main_sch_ritual_hef</key>
</building_superchains>
<building_superchains record_uuid="{0e350591-e679-47d8-ba52-81c657746c1a}" record_timestamp="1493140223113" record_key="wh2_main_sch_ritual_lzd">
<key>wh2_main_sch_ritual_lzd</key>
</building_superchains>
<building_superchains record_uuid="{03993752-79de-468c-a216-ea6865346697}" record_timestamp="1493140223093" record_key="wh2_main_sch_ritual_skv">
<key>wh2_main_sch_ritual_skv</key>
</building_superchains>
<building_superchains record_uuid="{8290428c-bef5-4399-b872-d6c78e907811}" record_timestamp="1475770821784" record_key="wh2_main_sch_special_altar_of_ultimate_darkness">
<key>wh2_main_sch_special_altar_of_ultimate_darkness</key>
</building_superchains>
<building_superchains record_uuid="{91f29562-8bd5-4933-859e-3ef851cae26e}" record_timestamp="1479839708820" record_key="wh2_main_sch_special_altdorf_castle_reikguard">
<key>wh2_main_sch_special_altdorf_castle_reikguard</key>
</building_superchains>
<building_superchains record_uuid="{5721caf1-03cb-41fd-afb6-cda35a051d46}" record_timestamp="1479839708868" record_key="wh2_main_sch_special_altdorf_imperial_palace">
<key>wh2_main_sch_special_altdorf_imperial_palace</key>
</building_superchains>
<building_superchains record_uuid="{fa3df764-d385-4b48-b089-c11866d81c20}" record_timestamp="1475599014237" record_key="wh2_main_sch_special_anlec_citadel">
<key>wh2_main_sch_special_anlec_citadel</key>
</building_superchains>
<building_superchains record_uuid="{0bf6b166-5d2f-4b93-b088-cd1283fe6bf9}" record_timestamp="1475858260730" record_key="wh2_main_sch_special_axlotl_chameleon_shrine">
<key>wh2_main_sch_special_axlotl_chameleon_shrine</key>
</building_superchains>
<building_superchains record_uuid="{04f3838d-e642-43f9-a367-c87f06f5ca82}" record_timestamp="1487592473644" record_key="wh2_main_sch_special_big_fort">
<key>wh2_main_sch_special_big_fort</key>
</building_superchains>
<building_superchains record_uuid="{587db7ce-771d-4499-bcc5-3039e92ed7a2}" record_timestamp="1484246504253" record_key="wh2_main_sch_special_blood_keep">
<key>wh2_main_sch_special_blood_keep</key>
</building_superchains>
<building_superchains record_uuid="{6c53e6ef-5777-4bc6-9862-7f65312c9644}" record_timestamp="1498660756071" record_key="wh2_main_sch_special_brewery">
<key>wh2_main_sch_special_brewery</key>
</building_superchains>
<building_superchains record_uuid="{e102b5db-175f-40d8-a701-719986c31e9b}" record_timestamp="1475858260732" record_key="wh2_main_sch_special_chamber_of_visions">
<key>wh2_main_sch_special_chamber_of_visions</key>
</building_superchains>
<building_superchains record_uuid="{a9dd1445-2ba1-4f8e-b490-1de9b01a67a7}" record_timestamp="1475770821831" record_key="wh2_main_sch_special_clar_karond_lairs">
<key>wh2_main_sch_special_clar_karond_lairs</key>
</building_superchains>
<building_superchains record_uuid="{05620f23-29a9-4512-9ef0-2ab59f5348cc}" record_timestamp="1496404218682" record_key="wh2_main_sch_special_corrupted_spawning_pool">
<key>wh2_main_sch_special_corrupted_spawning_pool</key>
</building_superchains>
<building_superchains record_uuid="{957e9bc8-5286-4b68-9a48-78e2887da9ff}" record_timestamp="1496836346563" record_key="wh2_main_sch_special_cothique_palace">
<key>wh2_main_sch_special_cothique_palace</key>
</building_superchains>
<building_superchains record_uuid="{bd2b0007-9590-4739-b216-6ac1ec15657d}" record_timestamp="1475770821320" record_key="wh2_main_sch_special_def_vauls_anvil">
<key>wh2_main_sch_special_def_vauls_anvil</key>
</building_superchains>
<building_superchains record_uuid="{8041db63-6342-4658-bd73-89c39aa292a3}" record_timestamp="1487592473695" record_key="wh2_main_sch_special_dorks_rock">
<key>wh2_main_sch_special_dorks_rock</key>
</building_superchains>
<building_superchains record_uuid="{e417a4ec-3d63-48ed-b3a3-102854d1afd1}" record_timestamp="1479839705216" record_key="wh2_main_sch_special_drakenhof_court">
<key>wh2_main_sch_special_drakenhof_court</key>
</building_superchains>
<building_superchains record_uuid="{de84de56-8bcf-4e95-aff4-d8e68fd14489}" record_timestamp="1475599014237" record_key="wh2_main_sch_special_ellyrian_stables">
<key>wh2_main_sch_special_ellyrian_stables</key>
</building_superchains>
<building_superchains record_uuid="{360cebd5-5295-438c-a598-ea53400fadad}" record_timestamp="1475599014237" record_key="wh2_main_sch_special_everqueen_court">
<key>wh2_main_sch_special_everqueen_court</key>
</building_superchains>
<building_superchains record_uuid="{0d51a31a-5f22-4b1a-a3ec-217c2926167f}" record_timestamp="1496848755098" record_key="wh2_main_sch_special_fallen_gates">
<key>wh2_main_sch_special_fallen_gates</key>
</building_superchains>
<building_superchains record_uuid="{6da32d50-01d8-43a0-ab66-2187274097f8}" record_timestamp="1512067576826" record_key="wh2_main_sch_special_galbaraz_mourkain">
<key>wh2_main_sch_special_galbaraz_mourkain</key>
</building_superchains>
<building_superchains record_uuid="{c0ef4beb-2811-4d85-85e5-a498a7d1c203}" record_timestamp="1512141260209" record_key="wh2_main_sch_special_galbaraz_oathgold">
<key>wh2_main_sch_special_galbaraz_oathgold</key>
</building_superchains>
<building_superchains record_uuid="{b311e235-5119-492c-8dd8-11d55e5e4ffe}" record_timestamp="1475770821546" record_key="wh2_main_sch_special_ghrond_convent_of_sorcery">
<key>wh2_main_sch_special_ghrond_convent_of_sorcery</key>
</building_superchains>
<building_superchains record_uuid="{97d98dac-e18e-4a07-836a-9758c8d01192}" record_timestamp="1475599014237" record_key="wh2_main_sch_special_glittering_tower">
<key>wh2_main_sch_special_glittering_tower</key>
</building_superchains>
<building_superchains record_uuid="{a45ad55f-4e6d-4d0b-a64d-10ee177c2b01}" record_timestamp="1497971483822" record_key="wh2_main_sch_special_golden_tower_of_the_gods">
<key>wh2_main_sch_special_golden_tower_of_the_gods</key>
</building_superchains>
<building_superchains record_uuid="{66091398-39f6-4645-ab05-26386524acd9}" record_timestamp="1475770821737" record_key="wh2_main_sch_special_hag_graef_mines">
<key>wh2_main_sch_special_hag_graef_mines</key>
</building_superchains>
<building_superchains record_uuid="{6f04d397-cb42-453b-a135-5a461f189894}" record_timestamp="1475599014237" record_key="wh2_main_sch_special_hall_of_dragons">
<key>wh2_main_sch_special_hall_of_dragons</key>
</building_superchains>
<building_superchains record_uuid="{b96d1890-3e76-4828-a1d1-7630993ac8d9}" record_timestamp="1475770821592" record_key="wh2_main_sch_special_har_ganeth_hellebron_palace">
<key>wh2_main_sch_special_har_ganeth_hellebron_palace</key>
</building_superchains>
<building_superchains record_uuid="{11ca6eca-f63b-4005-a904-d437e0ac9d11}" record_timestamp="1475770821643" record_key="wh2_main_sch_special_har_ganeth_temple_of_khaine">
<key>wh2_main_sch_special_har_ganeth_temple_of_khaine</key>
</building_superchains>
<building_superchains record_uuid="{9c58fdd5-7434-4d4a-a7c6-370266fbefd8}" record_timestamp="1486571623998" record_key="wh2_main_sch_special_hellpit_pits">
<key>wh2_main_sch_special_hellpit_pits</key>
</building_superchains>
<building_superchains record_uuid="{a669f9d5-7c42-472d-abf4-a94599e9b10f}" record_timestamp="1475858260735" record_key="wh2_main_sch_special_hexoatl_incubator">
<key>wh2_main_sch_special_hexoatl_incubator</key>
</building_superchains>
<building_superchains record_uuid="{a52c115d-8083-4443-ac20-02b58f875e26}" record_timestamp="1475858260737" record_key="wh2_main_sch_special_hexoatl_stellar_pyramids">
<key>wh2_main_sch_special_hexoatl_stellar_pyramids</key>
</building_superchains>
<building_superchains record_uuid="{4c528641-ab45-42d8-9d25-6aec4d1340a8}" record_timestamp="1475858260738" record_key="wh2_main_sch_special_itza_emerald_pools">
<key>wh2_main_sch_special_itza_emerald_pools</key>
</building_superchains>
<building_superchains record_uuid="{8b811566-ed94-461c-a326-01df765cc360}" record_timestamp="1475858260740" record_key="wh2_main_sch_special_itza_vaults_of_the_old_ones">
<key>wh2_main_sch_special_itza_vaults_of_the_old_ones</key>
</building_superchains>
<building_superchains record_uuid="{10b47062-7e9c-4361-9ddc-628a1f4ebbb2}" record_timestamp="1475770821690" record_key="wh2_main_sch_special_karond_kar_slavers">
<key>wh2_main_sch_special_karond_kar_slavers</key>
</building_superchains>
<building_superchains record_uuid="{384f1ca3-2ccb-469e-b643-b0893efaa6d8}" record_timestamp="1475599014237" record_key="wh2_main_sch_special_lothern_port">
<key>wh2_main_sch_special_lothern_port</key>
</building_superchains>
<building_superchains record_uuid="{eb1c00c0-d18f-4a3c-8b17-bb1126ad3433}" record_timestamp="1496404218682" record_key="wh2_main_sch_special_mors_hq">
<key>wh2_main_sch_special_mors_hq</key>
</building_superchains>
<building_superchains record_uuid="{d3197811-f967-4565-922c-ba59fc45f8cc}" record_timestamp="1494499225014" record_key="wh2_main_sch_special_mousillon_merovech">
<key>wh2_main_sch_special_mousillon_merovech</key>
</building_superchains>
<building_superchains record_uuid="{25545aab-51e8-45a9-86eb-ca605e80bdc5}" record_timestamp="1475770821492" record_key="wh2_main_sch_special_naggarond_black_guard">
<key>wh2_main_sch_special_naggarond_black_guard</key>
</building_superchains>
<building_superchains record_uuid="{76b2e445-d532-43d9-bc69-58a5e0809a02}" record_timestamp="1475770821421" record_key="wh2_main_sch_special_naggarond_witch_king">
<key>wh2_main_sch_special_naggarond_witch_king</key>
</building_superchains>
<building_superchains record_uuid="{85bb72e1-7ea5-4fdd-95cb-a8cf9c39517f}" record_timestamp="1475858260741" record_key="wh2_main_sch_special_oyxl_shrine_of_birds">
<key>wh2_main_sch_special_oyxl_shrine_of_birds</key>
</building_superchains>
<building_superchains record_uuid="{510712f2-b746-48be-a912-1b167198ad71}" record_timestamp="1511984783543" record_key="wh2_main_sch_special_parravon_peaks">
<key>wh2_main_sch_special_parravon_peaks</key>
</building_superchains>
<building_superchains record_uuid="{b66cac7b-6fc2-4152-9424-177469533aef}" record_timestamp="1475599014237" record_key="wh2_main_sch_special_phoenix_king_court">
<key>wh2_main_sch_special_phoenix_king_court</key>
</building_superchains>
<building_superchains record_uuid="{8fa154f7-2feb-46db-8618-2ab5fb49ef7c}" record_timestamp="1494510147156" record_key="wh2_main_sch_special_pyramid_of_nagash">
<key>wh2_main_sch_special_pyramid_of_nagash</key>
</building_superchains>
<building_superchains record_uuid="{be1f8f7e-22bc-47f6-8d46-780b27042129}" record_timestamp="1475858260743" record_key="wh2_main_sch_special_quetza_serpent_lairs">
<key>wh2_main_sch_special_quetza_serpent_lairs</key>
</building_superchains>
<building_superchains record_uuid="{f56e5e06-7202-4a07-a099-caf7f6f60aca}" record_timestamp="1475770821368" record_key="wh2_main_sch_special_quintex">
<key>wh2_main_sch_special_quintex</key>
</building_superchains>
<building_superchains record_uuid="{88974468-1e1e-4601-9c6c-1b763722e558}" record_timestamp="1512067576801" record_key="wh2_main_sch_special_salzenmund_laurelorn">
<key>wh2_main_sch_special_salzenmund_laurelorn</key>
</building_superchains>
<building_superchains record_uuid="{fc6497f4-6c6e-46a9-bf3b-fbefb1377800}" record_timestamp="1487182909067" record_key="wh2_main_sch_special_settlement_elven_colony_major">
<key>wh2_main_sch_special_settlement_elven_colony_major</key>
</building_superchains>
<building_superchains record_uuid="{3a8bdb5e-9fe8-42a2-a167-e2b5de6f67f5}" record_timestamp="1487182909067" record_key="wh2_main_sch_special_settlement_elven_colony_minor">
<key>wh2_main_sch_special_settlement_elven_colony_minor</key>
</building_superchains>
<building_superchains record_uuid="{9acb79e7-5dc9-4d0b-9ce4-bafb08b2c7c5}" record_timestamp="1486571615011" record_key="wh2_main_sch_special_settlement_hellpit">
<key>wh2_main_sch_special_settlement_hellpit</key>
</building_superchains>
<building_superchains record_uuid="{3da9c795-956d-492a-908a-57a2c39737db}" record_timestamp="1480701863210" record_key="wh2_main_sch_special_settlement_hexoatl">
<key>wh2_main_sch_special_settlement_hexoatl</key>
</building_superchains>
<building_superchains record_uuid="{225f2984-fdea-4db6-a4f6-1a922c4e04e4}" record_timestamp="1480701863213" record_key="wh2_main_sch_special_settlement_itza">
<key>wh2_main_sch_special_settlement_itza</key>
</building_superchains>
<building_superchains record_uuid="{3777862a-ce20-44a8-9a26-27785abb319f}" record_timestamp="1488881776827" record_key="wh2_main_sch_special_settlement_khemri">
<key>wh2_main_sch_special_settlement_khemri</key>
</building_superchains>
<building_superchains record_uuid="{bd1fedeb-0f17-46d6-ab46-8ae49a34150f}" record_timestamp="1488881778860" record_key="wh2_main_sch_special_settlement_lahmia">
<key>wh2_main_sch_special_settlement_lahmia</key>
</building_superchains>
<building_superchains record_uuid="{81629bdb-577a-400a-98b0-c7f864cadb82}" record_timestamp="1480701863216" record_key="wh2_main_sch_special_settlement_lothern">
<key>wh2_main_sch_special_settlement_lothern</key>
</building_superchains>
<building_superchains record_uuid="{31141907-745c-49c1-b3e6-9b8cd53b7e0c}" record_timestamp="1480701863220" record_key="wh2_main_sch_special_settlement_naggarond">
<key>wh2_main_sch_special_settlement_naggarond</key>
</building_superchains>
<building_superchains record_uuid="{72dd957c-5a68-488a-a5df-154e53303c95}" record_timestamp="1509124529445" record_key="wh2_main_sch_special_settlement_pyramid_of_nagash">
<key>wh2_main_sch_special_settlement_pyramid_of_nagash</key>
</building_superchains>
<building_superchains record_uuid="{35d24736-97c4-4978-97ee-559c95539e2f}" record_timestamp="1484045112784" record_key="wh2_main_sch_special_settlement_skavenblight">
<key>wh2_main_sch_special_settlement_skavenblight</key>
</building_superchains>
<building_superchains record_uuid="{cc825824-40ed-45ea-8909-a41c40fc0e42}" record_timestamp="1475599014236" record_key="wh2_main_sch_special_shrine_of_asuryan">
<key>wh2_main_sch_special_shrine_of_asuryan</key>
</building_superchains>
<building_superchains record_uuid="{1cac90c0-9c19-4fd7-ab51-56900c7b5005}" record_timestamp="1475599014237" record_key="wh2_main_sch_special_shrine_of_khaine">
<key>wh2_main_sch_special_shrine_of_khaine</key>
</building_superchains>
<building_superchains record_uuid="{d7fbad9a-335c-4699-9b43-5fd9ec36b7f7}" record_timestamp="1486571624037" record_key="wh2_main_sch_special_skavenblight_council13">
<key>wh2_main_sch_special_skavenblight_council13</key>
</building_superchains>
<building_superchains record_uuid="{70a57859-55e6-4f0e-8513-ec4e26555657}" record_timestamp="1486571624082" record_key="wh2_main_sch_special_skavenblight_shattered_tower">
<key>wh2_main_sch_special_skavenblight_shattered_tower</key>
</building_superchains>
<building_superchains record_uuid="{3476e523-7f5e-40d6-b24b-b010a3ca14dd}" record_timestamp="1475599014237" record_key="wh2_main_sch_special_tiranoc_palace">
<key>wh2_main_sch_special_tiranoc_palace</key>
</building_superchains>
<building_superchains record_uuid="{c170316a-515d-4093-bc63-b5f34654d6da}" record_timestamp="1475858260744" record_key="wh2_main_sch_special_tlaxtlan_temple_of_the_eclipse">
<key>wh2_main_sch_special_tlaxtlan_temple_of_the_eclipse</key>
</building_superchains>
<building_superchains record_uuid="{0f5fd9bb-7ed1-4a65-ae56-3a6c013fa50a}" record_timestamp="1496836349791" record_key="wh2_main_sch_special_tor_achare_lions">
<key>wh2_main_sch_special_tor_achare_lions</key>
</building_superchains>
<building_superchains record_uuid="{299bf7c0-ae3a-4708-9d1d-dadcd20ec788}" record_timestamp="1475599014237" record_key="wh2_main_sch_special_tower_of_hoeth">
<key>wh2_main_sch_special_tower_of_hoeth</key>
</building_superchains>
<building_superchains record_uuid="{a084990d-c600-4ef2-8386-a1a95590cc52}" record_timestamp="1500394272353" record_key="wh2_main_sch_special_troll_lair">
<key>wh2_main_sch_special_troll_lair</key>
</building_superchains>
<building_superchains record_uuid="{5f4a98d5-ab72-4cd0-b3d4-ff3bbd1f7c6a}" record_timestamp="1505318205095" record_key="wh2_main_sch_special_underway_hub">
<key>wh2_main_sch_special_underway_hub</key>
</building_superchains>
<building_superchains record_uuid="{9d02c08d-e3d0-4df0-8749-9b611f851f4f}" record_timestamp="1496836346494" record_key="wh2_main_sch_special_underworld_sea_gate">
<key>wh2_main_sch_special_underworld_sea_gate</key>
</building_superchains>
<building_superchains record_uuid="{ea40d503-7e2a-4f03-b362-1a5821c3a8fd}" record_timestamp="1475858260746" record_key="wh2_main_sch_special_xlanhuapec_temple_of_mists">
<key>wh2_main_sch_special_xlanhuapec_temple_of_mists</key>
</building_superchains>
<building_superchains record_uuid="{b1008e38-88a8-4b61-8b2b-677ea5127266}" record_timestamp="1475599014237" record_key="wh2_main_sch_special_yvresse_amphitheatre">
<key>wh2_main_sch_special_yvresse_amphitheatre</key>
</building_superchains>
<building_superchains record_uuid="{2a7db169-2e53-4323-87e3-9ec011e5dbf7}" record_timestamp="1475858260747" record_key="wh2_main_sch_special_ziggurat_of_dawn_beacon">
<key>wh2_main_sch_special_ziggurat_of_dawn_beacon</key>
</building_superchains>
<building_superchains record_uuid="{7e25a7ee-ba15-4325-850d-148c1cb7c0a4}" record_timestamp="1465836760903" record_key="wh2_main_sch_support1_smith">
<key>wh2_main_sch_support1_smith</key>
</building_superchains>
<building_superchains record_uuid="{549e9a1e-e9b9-4426-a3a5-2512e7ed8d95}" record_timestamp="1465836760903" record_key="wh2_main_sch_support2_worship">
<key>wh2_main_sch_support2_worship</key>
</building_superchains>
<building_superchains record_uuid="{de296e4f-3842-4206-a7cb-d10d9259cb91}" record_timestamp="1465836760903" record_key="wh2_main_sch_support3_wizards">
<key>wh2_main_sch_support3_wizards</key>
</building_superchains>
<building_superchains record_uuid="{cb5c45e2-068b-429b-b564-80d5bc97a37f}" record_timestamp="1510576594739" record_key="wh2_main_sch_support3_wizards_tmb">
<key>wh2_main_sch_support3_wizards_tmb</key>
</building_superchains>
<building_superchains record_uuid="{8ff0d919-1ced-4ede-9b4f-8aad7c7807ce}" record_timestamp="1465836760903" record_key="wh2_main_sch_support4_other">
<key>wh2_main_sch_support4_other</key>
</building_superchains>
<building_superchains record_uuid="{72a20ac7-c3c1-4db5-8289-e111de0bb837}" record_timestamp="1508510620524" record_key="wh2_main_sch_support5_extra">
<key>wh2_main_sch_support5_extra</key>
</building_superchains>
<building_superchains record_uuid="{40395efc-e31f-4503-bfad-4755c57a5813}" record_timestamp="1479839714008" record_key="wh2_main_sch_vampires_raisedead">
<key>wh2_main_sch_vampires_raisedead</key>
</building_superchains>
<building_superchains record_uuid="{161d6a27-6961-4eb0-b6d1-bdc4a331c461}" record_timestamp="1493898475597" record_key="wh2_main_sch_wef_eco_court">
<key>wh2_main_sch_wef_eco_court</key>
</building_superchains>
<building_superchains record_uuid="{d0b9db0b-83fd-4d5c-b343-138840291dbb}" record_timestamp="1493898471901" record_key="wh2_main_sch_wef_eco_replenishment">
<key>wh2_main_sch_wef_eco_replenishment</key>
</building_superchains>
<building_superchains record_uuid="{602a47f4-da13-4ee0-a92c-72ba73ce7027}" record_timestamp="1462550587722" record_key="wh_dlc03_sch_horde_beastmen_arcane">
<key>wh_dlc03_sch_horde_beastmen_arcane</key>
</building_superchains>
<building_superchains record_uuid="{5e4fba7e-906c-4ca4-be95-d2cdd867cbbd}" record_timestamp="1455727172680" record_key="wh_dlc03_sch_horde_beastmen_centigors">
<key>wh_dlc03_sch_horde_beastmen_centigors</key>
</building_superchains>
<building_superchains record_uuid="{cccd30e7-5054-4b44-9bf0-5768ba4f9100}" record_timestamp="1462550587551" record_key="wh_dlc03_sch_horde_beastmen_creatures">
<key>wh_dlc03_sch_horde_beastmen_creatures</key>
</building_superchains>
<building_superchains record_uuid="{c7329a9a-28fc-45c2-865c-dfd53ed11785}" record_timestamp="1462550587214" record_key="wh_dlc03_sch_horde_beastmen_giants">
<key>wh_dlc03_sch_horde_beastmen_giants</key>
</building_superchains>
<building_superchains record_uuid="{659aa37e-4533-4434-b1f8-6ffdb5d32863}" record_timestamp="1462550587382" record_key="wh_dlc03_sch_horde_beastmen_gors">
<key>wh_dlc03_sch_horde_beastmen_gors</key>
</building_superchains>
<building_superchains record_uuid="{71c5a535-bd89-482f-b999-6808bd36af65}" record_timestamp="1438851290340" record_key="wh_dlc03_sch_horde_beastmen_herd">
<key>wh_dlc03_sch_horde_beastmen_herd</key>
</building_superchains>
<building_superchains record_uuid="{2a88045c-e342-4d7a-989a-9d57056bc3d8}" record_timestamp="1462550587894" record_key="wh_dlc03_sch_horde_beastmen_minotaurs">
<key>wh_dlc03_sch_horde_beastmen_minotaurs</key>
</building_superchains>
<building_superchains record_uuid="{fd626c9a-a394-447c-9b98-8131e5340f9b}" record_timestamp="1455727172656" record_key="wh_dlc03_sch_horde_beastmen_razorgors">
<key>wh_dlc03_sch_horde_beastmen_razorgors</key>
</building_superchains>
<building_superchains record_uuid="{9538a0b5-72e9-4ca0-b58e-7bfb71074ad1}" record_timestamp="1462550588068" record_key="wh_dlc03_sch_horde_beastmen_ruination">
<key>wh_dlc03_sch_horde_beastmen_ruination</key>
</building_superchains>
<building_superchains record_uuid="{860f8a43-e3cd-45dc-90fd-9c30ed824300}" record_timestamp="1438851290736" record_key="wh_dlc03_sch_horde_beastmen_weapons">
<key>wh_dlc03_sch_horde_beastmen_weapons</key>
</building_superchains>
<building_superchains record_uuid="{fdd207a7-4b4f-4840-9b3e-3c89b0281a85}" record_timestamp="1478776937760" record_key="wh_dlc05_sch_office_starlight_forge">
<key>wh_dlc05_sch_office_starlight_forge</key>
</building_superchains>
<building_superchains record_uuid="{886e1458-3dd3-4761-a3ff-c870ee40d091}" record_timestamp="1478776937759" record_key="wh_dlc05_sch_office_the_wild_heath">
<key>wh_dlc05_sch_office_the_wild_heath</key>
</building_superchains>
<building_superchains record_uuid="{e4ee5ff3-a6b5-4875-ba33-880518048697}" record_timestamp="1478776937761" record_key="wh_dlc05_sch_office_wardancer_feast_halls">
<key>wh_dlc05_sch_office_wardancer_feast_halls</key>
</building_superchains>
<building_superchains record_uuid="{dc446d34-b96b-41c2-a7ed-4fa49dfdfa49}" record_timestamp="1478776937760" record_key="wh_dlc05_sch_office_wildwood_waystones">
<key>wh_dlc05_sch_office_wildwood_waystones</key>
</building_superchains>
<building_superchains record_uuid="{b4ac3a65-619c-4813-a759-dd68ae850476}" record_timestamp="1478776937917" record_key="wh_dlc05_sch_temple_anath_raema">
<key>wh_dlc05_sch_temple_anath_raema</key>
</building_superchains>
<building_superchains record_uuid="{ba72a70e-450f-4179-b16a-2991c5ca24c2}" record_timestamp="1478776937917" record_key="wh_dlc05_sch_temple_ereth_khial">
<key>wh_dlc05_sch_temple_ereth_khial</key>
</building_superchains>
<building_superchains record_uuid="{d36130af-2570-4d17-be50-d9fb32d3e921}" record_timestamp="1478776937918" record_key="wh_dlc05_sch_temple_isha">
<key>wh_dlc05_sch_temple_isha</key>
</building_superchains>
<building_superchains record_uuid="{5b59774d-6c2a-4867-80e5-7f7ae9c097c8}" record_timestamp="1478776937916" record_key="wh_dlc05_sch_temple_kurnous">
<key>wh_dlc05_sch_temple_kurnous</key>
</building_superchains>
<building_superchains record_uuid="{58562c4c-cc37-426f-b5ba-ced5fe8030eb}" record_timestamp="1478788650236" record_key="wh_dlc05_sch_tree_delliandra">
<key>wh_dlc05_sch_tree_delliandra</key>
</building_superchains>
<building_superchains record_uuid="{ec7d6376-c41a-49ce-a7ef-12c014024cee}" record_timestamp="1478788650234" record_key="wh_dlc05_sch_tree_druthandor">
<key>wh_dlc05_sch_tree_druthandor</key>
</building_superchains>
<building_superchains record_uuid="{5f3c8df7-1cc6-4652-80b1-8c379e7371bd}" record_timestamp="1478788650236" record_key="wh_dlc05_sch_tree_talrennic">
<key>wh_dlc05_sch_tree_talrennic</key>
</building_superchains>
<building_superchains record_uuid="{8e7d8744-4cb7-4934-99cb-b1eb4beb3411}" record_timestamp="1478788650235" record_key="wh_dlc05_sch_tree_threllock">
<key>wh_dlc05_sch_tree_threllock</key>
</building_superchains>
<building_superchains record_uuid="{b1575ce9-7e23-4ada-8bd7-b928c6feef1d}" record_timestamp="1478774261582" record_key="wh_dlc05_sch_wef_eco_growth">
<key>wh_dlc05_sch_wef_eco_growth</key>
</building_superchains>
<building_superchains record_uuid="{b7d91bdd-6274-4150-bf8a-0dfcb291aa60}" record_timestamp="1478774261088" record_key="wh_dlc05_sch_wef_eco_income">
<key>wh_dlc05_sch_wef_eco_income</key>
</building_superchains>
<building_superchains record_uuid="{755db9fa-c59f-43de-a2dc-5c1e8002b183}" record_timestamp="1478776937662" record_key="wh_dlc05_sch_wef_eco_income_buff">
<key>wh_dlc05_sch_wef_eco_income_buff</key>
</building_superchains>
<building_superchains record_uuid="{96082cc7-9ba9-42c2-836d-af3183e1fdaf}" record_timestamp="1478774262167" record_key="wh_dlc05_sch_wef_eco_public_order">
<key>wh_dlc05_sch_wef_eco_public_order</key>
</building_superchains>
<building_superchains record_uuid="{4fbe0bdf-a84f-4301-a644-38c41562bc18}" record_timestamp="1482332913764" record_key="wh_dlc05_sch_wef_eco_public_order_storage">
<key>wh_dlc05_sch_wef_eco_public_order_storage</key>
</building_superchains>
<building_superchains record_uuid="{723c1cac-0313-47c9-89c1-c0670e9e49ef}" record_timestamp="1478774260936" record_key="wh_dlc05_sch_wef_mil_cavalry">
<key>wh_dlc05_sch_wef_mil_cavalry</key>
</building_superchains>
<building_superchains record_uuid="{c5ee9559-8548-4b08-9faf-6faf847cfd6a}" record_timestamp="1478776935623" record_key="wh_dlc05_sch_wef_mil_dragons">
<key>wh_dlc05_sch_wef_mil_dragons</key>
</building_superchains>
<building_superchains record_uuid="{878a8d57-94d9-4397-8b0a-502cec13430f}" record_timestamp="1478776935573" record_key="wh_dlc05_sch_wef_mil_flying">
<key>wh_dlc05_sch_wef_mil_flying</key>
</building_superchains>
<building_superchains record_uuid="{05d07ff8-bf43-4096-a526-120d823afc87}" record_timestamp="1478774259697" record_key="wh_dlc05_sch_wef_mil_melee">
<key>wh_dlc05_sch_wef_mil_melee</key>
</building_superchains>
<building_superchains record_uuid="{34f43015-648c-450d-b46f-bd31b21176ec}" record_timestamp="1478774259784" record_key="wh_dlc05_sch_wef_mil_ranged">
<key>wh_dlc05_sch_wef_mil_ranged</key>
</building_superchains>
<building_superchains record_uuid="{6c38f3dd-e027-4d5e-bde4-fe73db279af4}" record_timestamp="1478774260790" record_key="wh_dlc05_sch_wef_mil_tree_spirits">
<key>wh_dlc05_sch_wef_mil_tree_spirits</key>
</building_superchains>
<building_superchains record_uuid="{1545df49-4581-4555-885b-38bff6a3ba26}" record_timestamp="1476804490342" record_key="wh_dlc05_sch_wef_oak_of_ages">
<key>wh_dlc05_sch_wef_oak_of_ages</key>
</building_superchains>
<building_superchains record_uuid="{3f07b7d1-7321-4916-99ec-c96b1d9be590}" record_timestamp="1478784434522" record_key="wh_dlc05_sch_wef_oak_of_ages_mini">
<key>wh_dlc05_sch_wef_oak_of_ages_mini</key>
</building_superchains>
<building_superchains record_uuid="{df31d1ee-07d8-4487-af95-d30abfbc463f}" record_timestamp="1480090438297" record_key="wh_dlc05_sch_wef_outpost_foraging">
<key>wh_dlc05_sch_wef_outpost_foraging</key>
</building_superchains>
<building_superchains record_uuid="{114482cb-f05a-4831-883f-eebab3753459}" record_timestamp="1478796390216" record_key="wh_dlc05_sch_wef_outpost_recruitment">
<key>wh_dlc05_sch_wef_outpost_recruitment</key>
</building_superchains>
<building_superchains record_uuid="{f95703b6-4f88-436a-9ab9-69d36a010af4}" record_timestamp="1478796390215" record_key="wh_dlc05_sch_wef_outpost_replenishment">
<key>wh_dlc05_sch_wef_outpost_replenishment</key>
</building_superchains>
<building_superchains record_uuid="{77401986-fcea-4e6a-92bf-045e728b51f2}" record_timestamp="1480090438298" record_key="wh_dlc05_sch_wef_outpost_slaughter">
<key>wh_dlc05_sch_wef_outpost_slaughter</key>
</building_superchains>
<building_superchains record_uuid="{afeb331c-dbea-43f8-ba5a-5d862ca8d076}" record_timestamp="1478774255904" record_key="wh_dlc05_sch_wef_resource_dyes">
<key>wh_dlc05_sch_wef_resource_dyes</key>
</building_superchains>
<building_superchains record_uuid="{90fdeaf4-87bc-406b-9632-b9d45b662a86}" record_timestamp="1478774255946" record_key="wh_dlc05_sch_wef_resource_furs">
<key>wh_dlc05_sch_wef_resource_furs</key>
</building_superchains>
<building_superchains record_uuid="{5b98845f-68df-4f90-a3a1-5a1e1f389128}" record_timestamp="1478774255989" record_key="wh_dlc05_sch_wef_resource_gold">
<key>wh_dlc05_sch_wef_resource_gold</key>
</building_superchains>
<building_superchains record_uuid="{ba667490-8ee1-4ab8-8edd-cebd760202bd}" record_timestamp="1478774256258" record_key="wh_dlc05_sch_wef_resource_iron">
<key>wh_dlc05_sch_wef_resource_iron</key>
</building_superchains>
<building_superchains record_uuid="{b27bf35c-37e3-4953-940c-83193df8f8d1}" record_timestamp="1478774256301" record_key="wh_dlc05_sch_wef_resource_marble">
<key>wh_dlc05_sch_wef_resource_marble</key>
</building_superchains>
<building_superchains record_uuid="{fb6e68ba-02b3-4f08-9e18-a7d0016f823f}" record_timestamp="1478774256172" record_key="wh_dlc05_sch_wef_resource_pastures">
<key>wh_dlc05_sch_wef_resource_pastures</key>
</building_superchains>
<building_superchains record_uuid="{08655406-62c8-408a-ad3b-9eb0911ff400}" record_timestamp="1478774256215" record_key="wh_dlc05_sch_wef_resource_pottery">
<key>wh_dlc05_sch_wef_resource_pottery</key>
</building_superchains>
<building_superchains record_uuid="{a87b0ba3-8708-47eb-bd28-19dd72c4e54f}" record_timestamp="1478774256128" record_key="wh_dlc05_sch_wef_resource_salt">
<key>wh_dlc05_sch_wef_resource_salt</key>
</building_superchains>
<building_superchains record_uuid="{02690fbc-78ca-4319-9a2f-022f6693a19a}" record_timestamp="1478774256084" record_key="wh_dlc05_sch_wef_resource_timber">
<key>wh_dlc05_sch_wef_resource_timber</key>
</building_superchains>
<building_superchains record_uuid="{a5179cd7-9754-40dc-a1dc-bbbdbd4f1740}" record_timestamp="1478774256041" record_key="wh_dlc05_sch_wef_resource_wine">
<key>wh_dlc05_sch_wef_resource_wine</key>
</building_superchains>
<building_superchains record_uuid="{b3a2208e-60c0-4b90-8893-4accdfb148f7}" record_timestamp="1480087169642" record_key="wh_dlc05_sch_wef_sdf_agents">
<key>wh_dlc05_sch_wef_sdf_agents</key>
</building_superchains>
<building_superchains record_uuid="{e65e22bd-7aa3-49b7-8225-0a2c419c4bbf}" record_timestamp="1480087169603" record_key="wh_dlc05_sch_wef_sdf_garrison">
<key>wh_dlc05_sch_wef_sdf_garrison</key>
</building_superchains>
<building_superchains record_uuid="{a1302237-b5b0-4d6f-8413-53bfbd76999e}" record_timestamp="1480087169563" record_key="wh_dlc05_sch_wef_sdf_walls">
<key>wh_dlc05_sch_wef_sdf_walls</key>
</building_superchains>
<building_superchains record_uuid="{b425a936-80e4-4c1c-8fcf-2b57a2458833}" record_timestamp="1476804490580" record_key="wh_dlc05_sch_wef_settlement_major">
<key>wh_dlc05_sch_wef_settlement_major</key>
</building_superchains>
<building_superchains record_uuid="{414c2ce1-bd44-406d-8066-7a788b6d84d2}" record_timestamp="1476804490619" record_key="wh_dlc05_sch_wef_settlement_major_coast">
<key>wh_dlc05_sch_wef_settlement_major_coast</key>
</building_superchains>
<building_superchains record_uuid="{07780420-adaa-4658-ac92-fc766ee724b3}" record_timestamp="1478788650839" record_key="wh_dlc05_sch_wef_settlement_major_main">
<key>wh_dlc05_sch_wef_settlement_major_main</key>
</building_superchains>
<building_superchains record_uuid="{0dcc655e-cffa-4c59-b6d8-1371628543ec}" record_timestamp="1476804490658" record_key="wh_dlc05_sch_wef_settlement_minor">
<key>wh_dlc05_sch_wef_settlement_minor</key>
</building_superchains>
<building_superchains record_uuid="{bf76bd88-05f0-435a-bc2b-649154a2c7f5}" record_timestamp="1476804490697" record_key="wh_dlc05_sch_wef_settlement_minor_coast">
<key>wh_dlc05_sch_wef_settlement_minor_coast</key>
</building_superchains>
<building_superchains record_uuid="{eae76c07-9deb-42ff-835b-8a6f3f03b852}" record_timestamp="1476804490743" record_key="wh_dlc05_sch_wef_sup_armoury">
<key>wh_dlc05_sch_wef_sup_armoury</key>
</building_superchains>
<building_superchains record_uuid="{99f758bd-49b6-47e5-9303-1533958ec948}" record_timestamp="1476804490789" record_key="wh_dlc05_sch_wef_sup_fletcher">
<key>wh_dlc05_sch_wef_sup_fletcher</key>
</building_superchains>
<building_superchains record_uuid="{ac31ece0-5220-497d-afe1-3c0d805e1bf3}" record_timestamp="1478776937662" record_key="wh_dlc05_sch_wef_sup_spellsingers">
<key>wh_dlc05_sch_wef_sup_spellsingers</key>
</building_superchains>
<building_superchains record_uuid="{ff1a0284-b88e-45f6-987d-b77cdc4a51bf}" record_timestamp="1474903541029" record_key="wh_dlc06_sch_dwarf_ranger_hub">
<key>wh_dlc06_sch_dwarf_ranger_hub</key>
</building_superchains>
<building_superchains record_uuid="{8dd1e41a-7e93-41fe-9ed1-2137226a1ebf}" record_timestamp="1474903566081" record_key="wh_dlc06_sch_greenskin_boars_skarsnik">
<key>wh_dlc06_sch_greenskin_boars_skarsnik</key>
</building_superchains>
<building_superchains record_uuid="{38bc8729-2e84-4071-ad9c-cbe3ce0d5424}" record_timestamp="1458563876926" record_key="wh_dlc06_sch_greenskin_squigs">
<key>wh_dlc06_sch_greenskin_squigs</key>
</building_superchains>
<building_superchains record_uuid="{f7700e36-ee4e-4cf7-a693-3f39845b00a6}" record_timestamp="1474903541029" record_key="wh_dlc06_sch_special_eight_peaks">
<key>wh_dlc06_sch_special_eight_peaks</key>
</building_superchains>
<building_superchains record_uuid="{d3493024-d09a-478d-b81f-e637b58e13cf}" record_timestamp="1478783614020" record_key="wh_dlc06_sch_special_savage_orc_camp_wurrzag">
<key>wh_dlc06_sch_special_savage_orc_camp_wurrzag</key>
</building_superchains>
<building_superchains record_uuid="{01a1cca7-43a4-47e1-ac38-994be5240ccf}" record_timestamp="1488448136950" record_key="wh_main_sch_bretonnia_farm_extra">
<key>wh_main_sch_bretonnia_farm_extra</key>
</building_superchains>
<building_superchains record_uuid="{f9dcc84e-9254-4f56-b1e1-5b9130f49d2f}" record_timestamp="1488448138882" record_key="wh_main_sch_bretonnia_hospital">
<key>wh_main_sch_bretonnia_hospital</key>
</building_superchains>
<building_superchains record_uuid="{257b6e20-7599-4978-94c5-25de651b0eb7}" record_timestamp="1488448138493" record_key="wh_main_sch_bretonnia_industry_extra">
<key>wh_main_sch_bretonnia_industry_extra</key>
</building_superchains>
<building_superchains record_uuid="{5f6559f8-1330-4b81-8ed3-5cc6f2d4a667}" record_timestamp="1488480061572" record_key="wh_main_sch_bretonnia_legendary_bordeleaux">
<key>wh_main_sch_bretonnia_legendary_bordeleaux</key>
</building_superchains>
<building_superchains record_uuid="{e1ffb033-cb41-406f-bdf6-534648cdd50f}" record_timestamp="1488480061571" record_key="wh_main_sch_bretonnia_legendary_bretonnia">
<key>wh_main_sch_bretonnia_legendary_bretonnia</key>
</building_superchains>
<building_superchains record_uuid="{4f4979c0-aee3-4bb9-957f-dfc789840dd2}" record_timestamp="1488480061572" record_key="wh_main_sch_bretonnia_legendary_carcassonne">
<key>wh_main_sch_bretonnia_legendary_carcassonne</key>
</building_superchains>
<building_superchains record_uuid="{35042c99-7434-4675-80d4-163f5d1e8ae5}" record_timestamp="1459951126781" record_key="wh_main_sch_bretonnia_walls">
<key>wh_main_sch_bretonnia_walls</key>
</building_superchains>
<building_superchains record_uuid="{5f11ef37-bf67-4c21-bf2e-1f93e87813c2}" record_timestamp="1429279388503" record_key="wh_main_sch_dwarf_barracks">
<key>wh_main_sch_dwarf_barracks</key>
</building_superchains>
<building_superchains record_uuid="{99e1c796-9066-41c4-91b9-e341ea3dc9de}" record_timestamp="1429279388376" record_key="wh_main_sch_dwarf_engineer">
<key>wh_main_sch_dwarf_engineer</key>
</building_superchains>
<building_superchains record_uuid="{76c0714a-2ece-4d7f-9592-f6b0f00154dd}" record_timestamp="1429809904515" record_key="wh_main_sch_dwarf_farm">
<key>wh_main_sch_dwarf_farm</key>
</building_superchains>
<building_superchains record_uuid="{52bde42d-88f2-428a-8a7f-8a85d1ab6255}" record_timestamp="1433261926041" record_key="wh_main_sch_dwarf_greenskin_garrison">
<key>wh_main_sch_dwarf_greenskin_garrison</key>
</building_superchains>
<building_superchains record_uuid="{892a6013-8745-4026-b858-5609e4dcc748}" record_timestamp="1449173614411" record_key="wh_main_sch_dwarf_greenskin_resource_iron_military">
<key>wh_main_sch_dwarf_greenskin_resource_iron_military</key>
</building_superchains>
<building_superchains record_uuid="{a56b39e3-f8fb-4159-a174-f9a548a86b63}" record_timestamp="1433261930986" record_key="wh_main_sch_dwarf_greenskin_settlement_major">
<key>wh_main_sch_dwarf_greenskin_settlement_major</key>
</building_superchains>
<building_superchains record_uuid="{f6e9d65d-e97b-4908-b1a5-b4bd1179ed4f}" record_timestamp="1433261931937" record_key="wh_main_sch_dwarf_greenskin_settlement_major_coast">
<key>wh_main_sch_dwarf_greenskin_settlement_major_coast</key>
</building_superchains>
<building_superchains record_uuid="{e81089bd-818b-4753-84aa-f3aa7d371cb6}" record_timestamp="1433261932874" record_key="wh_main_sch_dwarf_greenskin_settlement_minor">
<key>wh_main_sch_dwarf_greenskin_settlement_minor</key>
</building_superchains>
<building_superchains record_uuid="{7348c486-42ee-4dfe-98b6-2f54d1dd94d5}" record_timestamp="1433261933823" record_key="wh_main_sch_dwarf_greenskin_settlement_minor_coast">
<key>wh_main_sch_dwarf_greenskin_settlement_minor_coast</key>
</building_superchains>
<building_superchains record_uuid="{542e73b8-3905-4253-b360-0efedf27be55}" record_timestamp="1429809904515" record_key="wh_main_sch_dwarf_industry_basic">
<key>wh_main_sch_dwarf_industry_basic</key>
</building_superchains>
<building_superchains record_uuid="{e21b9338-fb60-4ef4-ad6d-31dd1192b422}" record_timestamp="1449173616169" record_key="wh_main_sch_dwarf_oaths">
<key>wh_main_sch_dwarf_oaths</key>
</building_superchains>
<building_superchains record_uuid="{4a8857d6-a5f1-46f2-a1a0-582c8be0c2b0}" record_timestamp="1429882805096" record_key="wh_main_sch_dwarf_resource_beer">
<key>wh_main_sch_dwarf_resource_beer</key>
</building_superchains>
<building_superchains record_uuid="{ecfb4f71-3835-4ecc-bf08-fbe31f2667e0}" record_timestamp="1429882802398" record_key="wh_main_sch_dwarf_resource_dyes">
<key>wh_main_sch_dwarf_resource_dyes</key>
</building_superchains>
<building_superchains record_uuid="{2d553169-36b2-413b-bedf-ab4c75d687a1}" record_timestamp="1429882804185" record_key="wh_main_sch_dwarf_resource_furs">
<key>wh_main_sch_dwarf_resource_furs</key>
</building_superchains>
<building_superchains record_uuid="{8817f7eb-cdd6-435e-b3bc-d9817c8e8615}" record_timestamp="1429279388124" record_key="wh_main_sch_dwarf_resource_gemstones">
<key>wh_main_sch_dwarf_resource_gemstones</key>
</building_superchains>
<building_superchains record_uuid="{5cb5e310-5631-4196-86df-97352f59e989}" record_timestamp="1429279387873" record_key="wh_main_sch_dwarf_resource_gold">
<key>wh_main_sch_dwarf_resource_gold</key>
</building_superchains>
<building_superchains record_uuid="{4971f5c8-9a5e-47b1-ad5e-08c60d798438}" record_timestamp="1429279387491" record_key="wh_main_sch_dwarf_resource_iron">
<key>wh_main_sch_dwarf_resource_iron</key>
</building_superchains>
<building_superchains record_uuid="{b2f336a0-f56f-4930-8ade-58198b8e4d9f}" record_timestamp="1429279387619" record_key="wh_main_sch_dwarf_resource_marble">
<key>wh_main_sch_dwarf_resource_marble</key>
</building_superchains>
<building_superchains record_uuid="{a67be8cf-cdff-45f8-9be5-8bec2ff79f4b}" record_timestamp="1429279388881" record_key="wh_main_sch_dwarf_resource_pastures">
<key>wh_main_sch_dwarf_resource_pastures</key>
</building_superchains>
<building_superchains record_uuid="{5d06b6b6-8e21-4d06-a396-3dae34a53aec}" record_timestamp="1429882801518" record_key="wh_main_sch_dwarf_resource_salt">
<key>wh_main_sch_dwarf_resource_salt</key>
</building_superchains>
<building_superchains record_uuid="{4ea5b48e-f3c2-42c6-8f8c-d025d29101b1}" record_timestamp="1449173614207" record_key="wh_main_sch_dwarf_resource_salt_military">
<key>wh_main_sch_dwarf_resource_salt_military</key>
</building_superchains>
<building_superchains record_uuid="{7851bdf7-e996-487c-8269-049427ae3917}" record_timestamp="1429882803286" record_key="wh_main_sch_dwarf_resource_timber">
<key>wh_main_sch_dwarf_resource_timber</key>
</building_superchains>
<building_superchains record_uuid="{f94b766d-92fd-440d-824f-0dec7bd1eb93}" record_timestamp="1429279388249" record_key="wh_main_sch_dwarf_slayers">
<key>wh_main_sch_dwarf_slayers</key>
</building_superchains>
<building_superchains record_uuid="{4a60cab7-5342-4357-a437-fd1a5936f707}" record_timestamp="1429279387999" record_key="wh_main_sch_dwarf_smith">
<key>wh_main_sch_dwarf_smith</key>
</building_superchains>
<building_superchains record_uuid="{5d52697f-2994-4de7-81ea-a1333e59fbdb}" record_timestamp="1429279388756" record_key="wh_main_sch_dwarf_tavern">
<key>wh_main_sch_dwarf_tavern</key>
</building_superchains>
<building_superchains record_uuid="{ebdb6e37-52ea-4199-b6a1-16d5227c7ce9}" record_timestamp="1455901924299" record_key="wh_main_sch_dwarf_trade_depot">
<key>wh_main_sch_dwarf_trade_depot</key>
</building_superchains>
<building_superchains record_uuid="{ed901968-92ed-4245-b473-f268d8f1ec16}" record_timestamp="1459951126763" record_key="wh_main_sch_dwarf_walls">
<key>wh_main_sch_dwarf_walls</key>
</building_superchains>
<building_superchains record_uuid="{f82576b2-bde1-4fe4-a062-724bf5fea061}" record_timestamp="1429279388629" record_key="wh_main_sch_dwarf_workshops">
<key>wh_main_sch_dwarf_workshops</key>
</building_superchains>
<building_superchains record_uuid="{e975df29-03d2-4bc6-84de-ba866a10cc47}" record_timestamp="1459951126779" record_key="wh_main_sch_empire_walls">
<key>wh_main_sch_empire_walls</key>
</building_superchains>
<building_superchains record_uuid="{934845f1-1103-4e8f-bcbe-082c2a7938a5}" record_timestamp="1438785116645" record_key="wh_main_sch_greenskin_boars">
<key>wh_main_sch_greenskin_boars</key>
</building_superchains>
<building_superchains record_uuid="{962186f7-36f2-47ea-865b-a1b6ffbb9d5d}" record_timestamp="1433261940817" record_key="wh_main_sch_greenskin_boss">
<key>wh_main_sch_greenskin_boss</key>
</building_superchains>
<building_superchains record_uuid="{f9ffd1f9-4b33-4a1d-bcee-ac978d914f29}" record_timestamp="1433261947610" record_key="wh_main_sch_greenskin_farm">
<key>wh_main_sch_greenskin_farm</key>
</building_superchains>
<building_superchains record_uuid="{bfa15bc7-32eb-47ac-9431-8c5f9d548cb6}" record_timestamp="1433261993750" record_key="wh_main_sch_greenskin_forest_beasts">
<key>wh_main_sch_greenskin_forest_beasts</key>
</building_superchains>
<building_superchains record_uuid="{9ae35702-1f95-45e1-be3f-7262cf53fb5e}" record_timestamp="1433261961338" record_key="wh_main_sch_greenskin_goblin_tinker">
<key>wh_main_sch_greenskin_goblin_tinker</key>
</building_superchains>
<building_superchains record_uuid="{f12ee33b-0069-47f2-a118-a4903b8402f3}" record_timestamp="1433261954441" record_key="wh_main_sch_greenskin_industry">
<key>wh_main_sch_greenskin_industry</key>
</building_superchains>
<building_superchains record_uuid="{250ea7dc-4823-48aa-b41f-415921fead25}" record_timestamp="1433261975635" record_key="wh_main_sch_greenskin_military">
<key>wh_main_sch_greenskin_military</key>
</building_superchains>
<building_superchains record_uuid="{75b54fa5-fb0a-4c42-8a63-af8508534895}" record_timestamp="1433261968301" record_key="wh_main_sch_greenskin_monsters">
<key>wh_main_sch_greenskin_monsters</key>
</building_superchains>
<building_superchains record_uuid="{efb1b6a3-581d-44f9-b18e-cf89c8e67968}" record_timestamp="1449173614462" record_key="wh_main_sch_greenskin_resource_pastures_furs_military">
<key>wh_main_sch_greenskin_resource_pastures_furs_military</key>
</building_superchains>
<building_superchains record_uuid="{23da7f64-3ece-4bd0-ba59-641d111c4e75}" record_timestamp="1449173638099" record_key="wh_main_sch_greenskin_resource_timber_military">
<key>wh_main_sch_greenskin_resource_timber_military</key>
</building_superchains>
<building_superchains record_uuid="{2cfcce5e-bcaa-4ff2-8c22-09da0aba5638}" record_timestamp="1433261986569" record_key="wh_main_sch_greenskin_shaman">
<key>wh_main_sch_greenskin_shaman</key>
</building_superchains>
<building_superchains record_uuid="{27ba9172-0f0f-4b5a-b5d7-db288fe697a9}" record_timestamp="1459951126780" record_key="wh_main_sch_greenskin_walls">
<key>wh_main_sch_greenskin_walls</key>
</building_superchains>
<building_superchains record_uuid="{274fc7d2-19c6-4bef-bed1-200c31ed73aa}" record_timestamp="1445621728689" record_key="wh_main_sch_horde_chaos_dragon_ogres">
<key>wh_main_sch_horde_chaos_dragon_ogres</key>
</building_superchains>
<building_superchains record_uuid="{97bb5915-3881-493f-b7af-840f7da81210}" record_timestamp="1431013899130" record_key="wh_main_sch_horde_chaos_forge">
<key>wh_main_sch_horde_chaos_forge</key>
</building_superchains>
<building_superchains record_uuid="{55c0ed92-7535-408a-8dc8-1f572e781346}" record_timestamp="1431013899308" record_key="wh_main_sch_horde_chaos_giants">
<key>wh_main_sch_horde_chaos_giants</key>
</building_superchains>
<building_superchains record_uuid="{0cf16cdd-c431-4807-8b69-10d016761d92}" record_timestamp="1431013901427" record_key="wh_main_sch_horde_chaos_knights">
<key>wh_main_sch_horde_chaos_knights</key>
</building_superchains>
<building_superchains record_uuid="{398e40f4-2c0a-4ad6-b165-3e8bc6bf7c02}" record_timestamp="1431013899484" record_key="wh_main_sch_horde_chaos_magic">
<key>wh_main_sch_horde_chaos_magic</key>
</building_superchains>
<building_superchains record_uuid="{02af26ee-be69-400e-9a9a-a767ab4e15b0}" record_timestamp="1431013901697" record_key="wh_main_sch_horde_chaos_marauders">
<key>wh_main_sch_horde_chaos_marauders</key>
</building_superchains>
<building_superchains record_uuid="{f4c89b3e-b6e8-4afc-a2e2-df4a5cb0c534}" record_timestamp="1430930276500" record_key="wh_main_sch_horde_chaos_settlement">
<key>wh_main_sch_horde_chaos_settlement</key>
</building_superchains>
<building_superchains record_uuid="{a649bed3-0ed8-4f42-bdc6-f65a39885260}" record_timestamp="1445621728665" record_key="wh_main_sch_horde_chaos_trolls">
<key>wh_main_sch_horde_chaos_trolls</key>
</building_superchains>
<building_superchains record_uuid="{3233502f-ae69-4eb1-a970-43e58a02a658}" record_timestamp="1431013901969" record_key="wh_main_sch_horde_chaos_warriors">
<key>wh_main_sch_horde_chaos_warriors</key>
</building_superchains>
<building_superchains record_uuid="{cfe456e5-48e9-4313-8420-f2a48625e54c}" record_timestamp="1431013899219" record_key="wh_main_sch_horde_chaos_weapons">
<key>wh_main_sch_horde_chaos_weapons</key>
</building_superchains>
<building_superchains record_uuid="{6abbaa02-c3ad-4881-b5e1-53bf90c6b0c7}" record_timestamp="1459936868082" record_key="wh_main_sch_horde_savage_boars">
<key>wh_main_sch_horde_savage_boars</key>
</building_superchains>
<building_superchains record_uuid="{2ea4bf32-e1d3-4bf2-a91d-c4cdd15da418}" record_timestamp="1452533042151" record_key="wh_main_sch_horde_savage_boss">
<key>wh_main_sch_horde_savage_boss</key>
</building_superchains>
<building_superchains record_uuid="{7aa30e6c-7df0-4fa0-818e-7c77d5c6f8ce}" record_timestamp="1441729473848" record_key="wh_main_sch_horde_savage_farm">
<key>wh_main_sch_horde_savage_farm</key>
</building_superchains>
<building_superchains record_uuid="{17f819c4-6040-4407-abb3-51cf339104f1}" record_timestamp="1441729474311" record_key="wh_main_sch_horde_savage_industry">
<key>wh_main_sch_horde_savage_industry</key>
</building_superchains>
<building_superchains record_uuid="{5ac65904-f26f-4b3f-8552-2b5fa4e5e396}" record_timestamp="1459936868083" record_key="wh_main_sch_horde_savage_military">
<key>wh_main_sch_horde_savage_military</key>
</building_superchains>
<building_superchains record_uuid="{980eb1c1-cb08-4d12-b183-dbff7c2b6b1e}" record_timestamp="1459936868083" record_key="wh_main_sch_horde_savage_monsters">
<key>wh_main_sch_horde_savage_monsters</key>
</building_superchains>
<building_superchains record_uuid="{677a757a-a164-4b00-a18a-954e3c62f659}" record_timestamp="1441729473848" record_key="wh_main_sch_horde_savage_settlement">
<key>wh_main_sch_horde_savage_settlement</key>
</building_superchains>
<building_superchains record_uuid="{1b11b7c6-3563-40ed-9e0a-6225f0e8d876}" record_timestamp="1426699652047" record_key="wh_main_sch_human_barracks">
<key>wh_main_sch_human_barracks</key>
</building_superchains>
<building_superchains record_uuid="{508ec821-6608-4fe2-9d32-874dc2c9505e}" record_timestamp="1426699652641" record_key="wh_main_sch_human_farm_basic">
<key>wh_main_sch_human_farm_basic</key>
</building_superchains>
<building_superchains record_uuid="{f9ed5ebd-b7c1-4f3a-a54a-33d8b52cf691}" record_timestamp="1426699653533" record_key="wh_main_sch_human_forges">
<key>wh_main_sch_human_forges</key>
</building_superchains>
<building_superchains record_uuid="{a203334a-cf7f-4b02-8cdd-77576a73c46e}" record_timestamp="1430147232290" record_key="wh_main_sch_human_garrison">
<key>wh_main_sch_human_garrison</key>
</building_superchains>
<building_superchains record_uuid="{a8fa1a7e-c2e7-4bcd-be13-52377eb6b031}" record_timestamp="1426699652790" record_key="wh_main_sch_human_industry_basic">
<key>wh_main_sch_human_industry_basic</key>
</building_superchains>
<building_superchains record_uuid="{dfa9d589-392c-4787-98d4-84b5ecc5bd4c}" record_timestamp="1429882806577" record_key="wh_main_sch_human_resource_dyes">
<key>wh_main_sch_human_resource_dyes</key>
</building_superchains>
<building_superchains record_uuid="{9c88240e-0750-4626-a3de-ca7fb969413f}" record_timestamp="1429882805245" record_key="wh_main_sch_human_resource_furs">
<key>wh_main_sch_human_resource_furs</key>
</building_superchains>
<building_superchains record_uuid="{69c1b1d7-f6c1-4edc-94af-1060c66c4b1f}" record_timestamp="1429882805394" record_key="wh_main_sch_human_resource_gold">
<key>wh_main_sch_human_resource_gold</key>
</building_superchains>
<building_superchains record_uuid="{e9623204-0cc5-4ae9-9c45-735f89a72b30}" record_timestamp="1429882805542" record_key="wh_main_sch_human_resource_iron">
<key>wh_main_sch_human_resource_iron</key>
</building_superchains>
<building_superchains record_uuid="{abcc750c-7acb-4ef1-90b7-213cd466851a}" record_timestamp="1449173614259" record_key="wh_main_sch_human_resource_iron_military">
<key>wh_main_sch_human_resource_iron_military</key>
</building_superchains>
<building_superchains record_uuid="{efc626f9-f7ad-4ba4-bf34-5bcda25930f2}" record_timestamp="1429882805689" record_key="wh_main_sch_human_resource_marble">
<key>wh_main_sch_human_resource_marble</key>
</building_superchains>
<building_superchains record_uuid="{32a1a392-4118-465a-a41a-2c5db4546f59}" record_timestamp="1429882806280" record_key="wh_main_sch_human_resource_pastures">
<key>wh_main_sch_human_resource_pastures</key>
</building_superchains>
<building_superchains record_uuid="{4fd960e4-1eeb-4f99-b1ca-92382a40a9ce}" record_timestamp="1449173614310" record_key="wh_main_sch_human_resource_pastures_military">
<key>wh_main_sch_human_resource_pastures_military</key>
</building_superchains>
<building_superchains record_uuid="{aee3231a-0880-47b0-b2b8-11f81241ad99}" record_timestamp="1429882806429" record_key="wh_main_sch_human_resource_pottery">
<key>wh_main_sch_human_resource_pottery</key>
</building_superchains>
<building_superchains record_uuid="{ef650dba-4997-49c5-a839-3a4a995033e1}" record_timestamp="1429882805838" record_key="wh_main_sch_human_resource_salt">
<key>wh_main_sch_human_resource_salt</key>
</building_superchains>
<building_superchains record_uuid="{c1e6dc9a-fa67-4b8e-adca-9958cdbdb179}" record_timestamp="1476186522273" record_key="wh_main_sch_human_resource_salt_military">
<key>wh_main_sch_human_resource_salt_military</key>
</building_superchains>
<building_superchains record_uuid="{dd81fe32-95ba-44a6-b3ed-1c4de016b791}" record_timestamp="1429882805985" record_key="wh_main_sch_human_resource_timber">
<key>wh_main_sch_human_resource_timber</key>
</building_superchains>
<building_superchains record_uuid="{cb58e075-ebe9-4b11-9cce-ea633f1584b7}" record_timestamp="1449173614513" record_key="wh_main_sch_human_resource_timber_military">
<key>wh_main_sch_human_resource_timber_military</key>
</building_superchains>
<building_superchains record_uuid="{6713ea0a-2d76-4f04-93fd-5ded062a0db7}" record_timestamp="1429882806132" record_key="wh_main_sch_human_resource_wine">
<key>wh_main_sch_human_resource_wine</key>
</building_superchains>
<building_superchains record_uuid="{998a1d0c-a73a-4e72-8170-ec50d8f15664}" record_timestamp="1426699653682" record_key="wh_main_sch_human_smiths">
<key>wh_main_sch_human_smiths</key>
</building_superchains>
<building_superchains record_uuid="{50bb0725-5808-48eb-a73b-80bf47cbaceb}" record_timestamp="1426699651899" record_key="wh_main_sch_human_stables">
<key>wh_main_sch_human_stables</key>
</building_superchains>
<building_superchains record_uuid="{8132f21f-3e8a-412e-922e-a83d455dcfbe}" record_timestamp="1436894949321" record_key="wh_main_sch_human_tavern">
<key>wh_main_sch_human_tavern</key>
</building_superchains>
<building_superchains record_uuid="{e3ffb731-df2e-46a8-9900-59f919b1c2c1}" record_timestamp="1426699653383" record_key="wh_main_sch_human_wizards">
<key>wh_main_sch_human_wizards</key>
</building_superchains>
<building_superchains record_uuid="{24e39465-fad7-4972-a3ab-e196d6a5f3fd}" record_timestamp="1426699653235" record_key="wh_main_sch_human_worship">
<key>wh_main_sch_human_worship</key>
</building_superchains>
<building_superchains record_uuid="{ad6da6c9-78b5-47b9-9af9-d03c7c71097b}" record_timestamp="1459951126780" record_key="wh_main_sch_kislev_walls">
<key>wh_main_sch_kislev_walls</key>
</building_superchains>
<building_superchains record_uuid="{e2aba43e-c93a-428d-a205-0e14a4f8d227}" record_timestamp="1429288705377" record_key="wh_main_sch_norsca_garrison">
<key>wh_main_sch_norsca_garrison</key>
</building_superchains>
<building_superchains record_uuid="{0568d529-ba34-499a-8c2b-ac9626845b90}" record_timestamp="1429288705308" record_key="wh_main_sch_norsca_military">
<key>wh_main_sch_norsca_military</key>
</building_superchains>
<building_superchains record_uuid="{e7bdd6d2-d7d7-4b68-97b6-72f81240993c}" record_timestamp="1491578484299" record_key="wh_main_sch_norsca_settlement_major">
<key>wh_main_sch_norsca_settlement_major</key>
</building_superchains>
<building_superchains record_uuid="{32974678-8fea-4b0e-96fd-77359c1b74a4}" record_timestamp="1491578484299" record_key="wh_main_sch_norsca_settlement_major_coast">
<key>wh_main_sch_norsca_settlement_major_coast</key>
</building_superchains>
<building_superchains record_uuid="{abd802b1-5c78-465f-9ba2-f5892655c2b2}" record_timestamp="1491578484299" record_key="wh_main_sch_norsca_settlement_minor">
<key>wh_main_sch_norsca_settlement_minor</key>
</building_superchains>
<building_superchains record_uuid="{a1d8510e-a09f-4e6a-a57d-ef737b749019}" record_timestamp="1491578484299" record_key="wh_main_sch_norsca_settlement_minor_coast">
<key>wh_main_sch_norsca_settlement_minor_coast</key>
</building_superchains>
<building_superchains record_uuid="{f84c95bb-10b7-4fbf-ba2a-c34bf6a47aa3}" record_timestamp="1429288705167" record_key="wh_main_sch_norsca_smith">
<key>wh_main_sch_norsca_smith</key>
</building_superchains>
<building_superchains record_uuid="{68bbcf2b-eddf-4d83-8d32-1ce41612b7dc}" record_timestamp="1429288705097" record_key="wh_main_sch_norsca_stables">
<key>wh_main_sch_norsca_stables</key>
</building_superchains>
<building_superchains record_uuid="{9082deda-8e9f-44e8-a83b-135a01afc75c}" record_timestamp="1429288705447" record_key="wh_main_sch_norsca_worship">
<key>wh_main_sch_norsca_worship</key>
</building_superchains>
<building_superchains record_uuid="{1ca5ea6b-c51a-4b68-bd06-92e895353cf0}" record_timestamp="1426699652196" record_key="wh_main_sch_port">
<key>wh_main_sch_port</key>
</building_superchains>
<building_superchains record_uuid="{4cea69e1-7a70-4024-853c-18985df0b939}" record_timestamp="1426699652345" record_key="wh_main_sch_settlement_major">
<key>wh_main_sch_settlement_major</key>
</building_superchains>
<building_superchains record_uuid="{bc37380b-0be0-4484-a436-d4bb1052f3ea}" record_timestamp="1429890845566" record_key="wh_main_sch_settlement_major_coast">
<key>wh_main_sch_settlement_major_coast</key>
</building_superchains>
<building_superchains record_uuid="{67d74e67-7280-4ffb-af3f-524d9aa3b7ae}" record_timestamp="1426699652493" record_key="wh_main_sch_settlement_minor">
<key>wh_main_sch_settlement_minor</key>
</building_superchains>
<building_superchains record_uuid="{4de77ec1-7d5a-4f2b-bdd1-98d5060fb79e}" record_timestamp="1429890844933" record_key="wh_main_sch_settlement_minor_coast">
<key>wh_main_sch_settlement_minor_coast</key>
</building_superchains>
<building_superchains record_uuid="{ff1d9397-5578-4d0d-8a6c-03ef615b3c07}" record_timestamp="1433869665655" record_key="wh_main_sch_special_archecclesiatium">
<key>wh_main_sch_special_archecclesiatium</key>
</building_superchains>
<building_superchains record_uuid="{ed2dbd90-2504-4251-8565-d95e2f9038f0}" record_timestamp="1433869665380" record_key="wh_main_sch_special_blazing_sun_chapterhouse">
<key>wh_main_sch_special_blazing_sun_chapterhouse</key>
</building_superchains>
<building_superchains record_uuid="{b3dacba6-0ed1-4145-af72-960f7a2085fa}" record_timestamp="1433869665491" record_key="wh_main_sch_special_bokha_palace">
<key>wh_main_sch_special_bokha_palace</key>
</building_superchains>
<building_superchains record_uuid="{6e2b43a2-14ac-4e55-8644-63878e1ee84a}" record_timestamp="1436894964981" record_key="wh_main_sch_special_bordeleaux_vineyards">
<key>wh_main_sch_special_bordeleaux_vineyards</key>
</building_superchains>
<building_superchains record_uuid="{4ad29a02-ff32-486b-8572-67a72d3ffc4d}" record_timestamp="1433869665765" record_key="wh_main_sch_special_brightstone_mine">
<key>wh_main_sch_special_brightstone_mine</key>
</building_superchains>
<building_superchains record_uuid="{ed9687b0-f462-4313-97cb-d560210f6c54}" record_timestamp="1433869665546" record_key="wh_main_sch_special_college_of_magic">
<key>wh_main_sch_special_college_of_magic</key>
</building_superchains>
<building_superchains record_uuid="{8d2e10b6-efe0-40d7-a545-f76e389580e0}" record_timestamp="1433869665268" record_key="wh_main_sch_special_erengrad_port">
<key>wh_main_sch_special_erengrad_port</key>
</building_superchains>
<building_superchains record_uuid="{45dc3173-85ba-4e46-b174-0888071425f1}" record_timestamp="1433869665710" record_key="wh_main_sch_special_great_slayer_shrine">
<key>wh_main_sch_special_great_slayer_shrine</key>
</building_superchains>
<building_superchains record_uuid="{17238e33-73f5-40c5-86cb-dc6258a3c42f}" record_timestamp="1433869665437" record_key="wh_main_sch_special_great_temple_of_ulric">
<key>wh_main_sch_special_great_temple_of_ulric</key>
</building_superchains>
<building_superchains record_uuid="{95864824-feba-4582-8710-0c9fa1a4296b}" record_timestamp="1433869665157" record_key="wh_main_sch_special_high_king_throne_hall">
<key>wh_main_sch_special_high_king_throne_hall</key>
</building_superchains>
<building_superchains record_uuid="{122e5280-1740-4e20-b58e-a73775bf09ae}" record_timestamp="1433869665213" record_key="wh_main_sch_special_knights_panther_chapterhouse">
<key>wh_main_sch_special_knights_panther_chapterhouse</key>
</building_superchains>
<building_superchains record_uuid="{179bceab-1eeb-4c51-9fba-e70a63b5ee59}" record_timestamp="1433869665324" record_key="wh_main_sch_special_marienburg_port">
<key>wh_main_sch_special_marienburg_port</key>
</building_superchains>
<building_superchains record_uuid="{d36080a8-f8c0-4d09-9682-36a3baea968b}" record_timestamp="1433869665600" record_key="wh_main_sch_special_nuln_gunnery_school">
<key>wh_main_sch_special_nuln_gunnery_school</key>
</building_superchains>
<building_superchains record_uuid="{676a94c3-1ca3-4e74-870a-5561d6befaff}" record_timestamp="1455901924344" record_key="wh_main_sch_special_reiksfort">
<key>wh_main_sch_special_reiksfort</key>
</building_superchains>
<building_superchains record_uuid="{e7790320-3acc-423d-9db5-421bd6f16dd3}" record_timestamp="1438785139321" record_key="wh_main_sch_special_savage_orc_camp">
<key>wh_main_sch_special_savage_orc_camp</key>
</building_superchains>
<building_superchains record_uuid="{f0331f40-a9ad-4eb0-a699-160e15a91f80}" record_timestamp="1480701863180" record_key="wh_main_sch_special_settlement_altdorf">
<key>wh_main_sch_special_settlement_altdorf</key>
</building_superchains>
<building_superchains record_uuid="{c6a23fd3-a992-4776-a568-4a46f6a13e09}" record_timestamp="1480701863185" record_key="wh_main_sch_special_settlement_black_crag">
<key>wh_main_sch_special_settlement_black_crag</key>
</building_superchains>
<building_superchains record_uuid="{c7dccb21-68b1-4641-a9bb-8c262ff439e6}" record_timestamp="1480701863189" record_key="wh_main_sch_special_settlement_castle_drakenhof">
<key>wh_main_sch_special_settlement_castle_drakenhof</key>
</building_superchains>
<building_superchains record_uuid="{d3152d09-019f-47ce-b79f-b63c24403d76}" record_timestamp="1480701863193" record_key="wh_main_sch_special_settlement_couronne">
<key>wh_main_sch_special_settlement_couronne</key>
</building_superchains>
<building_superchains record_uuid="{597a4be6-8e38-4030-8726-d7970cce1078}" record_timestamp="1480701863196" record_key="wh_main_sch_special_settlement_eight_peaks">
<key>wh_main_sch_special_settlement_eight_peaks</key>
</building_superchains>
<building_superchains record_uuid="{5334c150-920b-4da0-ab31-676d4aeb9db5}" record_timestamp="1480701863200" record_key="wh_main_sch_special_settlement_karaz_a_karak">
<key>wh_main_sch_special_settlement_karaz_a_karak</key>
</building_superchains>
<building_superchains record_uuid="{280d61fd-ded8-48d1-bb7b-08b23ef700a3}" record_timestamp="1480701863203" record_key="wh_main_sch_special_settlement_kislev">
<key>wh_main_sch_special_settlement_kislev</key>
</building_superchains>
<building_superchains record_uuid="{aa157ef3-1bc2-4f8e-8358-98a88b8cbfb6}" record_timestamp="1480701863207" record_key="wh_main_sch_special_settlement_miragliano">
<key>wh_main_sch_special_settlement_miragliano</key>
</building_superchains>
<building_superchains record_uuid="{97b05b4a-3518-4fc2-a03f-120537405662}" record_timestamp="1433869665101" record_key="wh_main_sch_special_tournament_grounds">
<key>wh_main_sch_special_tournament_grounds</key>
</building_superchains>
<building_superchains record_uuid="{f5c0ae50-a429-42ac-bcba-4905f5b7a0a6}" record_timestamp="1459951126780" record_key="wh_main_sch_teb_walls">
<key>wh_main_sch_teb_walls</key>
</building_superchains>
<building_superchains record_uuid="{c3002feb-3faa-4bca-bec5-e1b4c6450199}" record_timestamp="1438874808102" record_key="wh_main_sch_vampires_balefire">
<key>wh_main_sch_vampires_balefire</key>
</building_superchains>
<building_superchains record_uuid="{42ce435d-225c-451c-91fc-174a03a17791}" record_timestamp="1433779339114" record_key="wh_main_sch_vampires_forest">
<key>wh_main_sch_vampires_forest</key>
</building_superchains>
<building_superchains record_uuid="{c623f3ae-47fe-4a9b-a1b9-44f8e2865edb}" record_timestamp="1438874808025" record_key="wh_main_sch_vampires_ossuary">
<key>wh_main_sch_vampires_ossuary</key>
</building_superchains>
<building_superchains record_uuid="{6202716b-7711-436c-8726-9ac561c1ee63}" record_timestamp="1449173614564" record_key="wh_main_sch_vampires_resource_furs_timber_military">
<key>wh_main_sch_vampires_resource_furs_timber_military</key>
</building_superchains>
<building_superchains record_uuid="{570e1126-e98c-47c3-b38a-f403e7176d84}" record_timestamp="1433779339125" record_key="wh_main_sch_vampires_vampires">
<key>wh_main_sch_vampires_vampires</key>
</building_superchains>
<building_superchains record_uuid="{2cfbe506-b3c7-4179-8188-3723375590e3}" record_timestamp="1459951126781" record_key="wh_main_sch_vampires_walls">
<key>wh_main_sch_vampires_walls</key>
</building_superchains>
<building_superchains record_uuid="{c42c0659-95d3-4948-879b-552abadee7ad}" record_timestamp="1444127720527" record_key="wh_main_sch_vandalization">
<key>wh_main_sch_vandalization</key>
</building_superchains>
<building_superchains record_uuid="{db5b4181-4cf4-4b9f-8ed2-62f895099236}" record_timestamp="1488447817471" record_key="wh_pro02_isabella_unique">
<key>wh_pro02_isabella_unique</key>
</building_superchains>
</dataroot>
