<?xml version="1.0" encoding="UTF-8"?>
<dataroot xmlns:od="urn:schemas-microsoft-com:officedata" xmlns:xsi="http://www.w3.org/2001/XMLSchema-instance" xsi:noNamespaceSchemaLocation="building_chain_availabilities.xsd" export_time="Thu Sep 28 16:45:12 2017" revision="86" export_branch="T:/branches/warhammer2/new_tomb/warhammer/binaries.x64" export_user="bob">
<edit_uuid>38f01410-5c5c-4849-93d6-2b0eb34254ea</edit_uuid>
<building_chain_availabilities record_uuid="{74dbdf38-c7f9-4329-9fda-db687b605d39}" record_timestamp="1506613410390" record_key="1661913110">
<campaign>main_warhammer</campaign>
<culture>wh2_dlc09_tmb_tomb_kings</culture>
<faction></faction>
<id>1661913110</id>
<set_id>wh2_dlc09_bas_tmb</set_id>
<sub_culture>wh2_dlc09_sc_tmb_tomb_kings</sub_culture>
</building_chain_availabilities>
<building_chain_availabilities record_uuid="{81382124-986f-41d1-94af-3bac01c138d7}" record_timestamp="1459787852768" record_key="5866">
<campaign>main_warhammer</campaign>
<culture>wh_main_grn_greenskins</culture>
<faction></faction>
<id>5866</id>
<set_id>wh_main_bas_grn</set_id>
<sub_culture>wh_main_sc_grn_greenskins</sub_culture>
</building_chain_availabilities>
<building_chain_availabilities record_uuid="{f6616d7c-b4e4-4892-b592-5bfcc23f657f}" record_timestamp="1423212059449" record_key="5889">
<campaign>main_warhammer</campaign>
<culture>wh_main_emp_empire</culture>
<faction></faction>
<id>5889</id>
<set_id>wh_main_bas_emp</set_id>
<sub_culture>wh_main_sc_emp_empire</sub_culture>
</building_chain_availabilities>
<building_chain_availabilities record_uuid="{982b4340-77ad-4749-bca4-1628b3ed9c39}" record_timestamp="1423212059496" record_key="5918">
<campaign>main_warhammer</campaign>
<culture>wh_main_dwf_dwarfs</culture>
<faction></faction>
<id>5918</id>
<set_id>wh_main_bas_dwf</set_id>
<sub_culture>wh_main_sc_dwf_dwarfs</sub_culture>
</building_chain_availabilities>
<building_chain_availabilities record_uuid="{4cde1d42-e38c-45de-97eb-c81b4666f906}" record_timestamp="1423212059527" record_key="5949">
<campaign>main_warhammer</campaign>
<culture>wh_main_chs_chaos</culture>
<faction></faction>
<id>5949</id>
<set_id>wh_main_bas_chs</set_id>
<sub_culture>wh_main_sc_chs_chaos</sub_culture>
</building_chain_availabilities>
<building_chain_availabilities record_uuid="{fd990183-d8fe-4622-9bfa-684cbbaa8ed6}" record_timestamp="1459787852766" record_key="5980">
<campaign>main_warhammer</campaign>
<culture>wh_main_vmp_vampire_counts</culture>
<faction></faction>
<id>5980</id>
<set_id>wh_main_bas_vmp</set_id>
<sub_culture>wh_main_sc_vmp_vampire_counts</sub_culture>
</building_chain_availabilities>
<building_chain_availabilities record_uuid="{ba8d3faf-02a2-4487-b9d9-c5b0d9a91dac}" record_timestamp="1423212059355" record_key="6014">
<campaign>main_warhammer</campaign>
<culture>wh_main_chs_chaos</culture>
<faction></faction>
<id>6014</id>
<set_id>wh_main_bas_nor</set_id>
<sub_culture>wh_main_sc_nor_norsca</sub_culture>
</building_chain_availabilities>
<building_chain_availabilities record_uuid="{af599e69-4a89-4244-a188-d7f9dd7c67b6}" record_timestamp="1423737478468" record_key="6042">
<campaign>main_warhammer</campaign>
<culture>wh_main_emp_empire</culture>
<faction></faction>
<id>6042</id>
<set_id>wh_main_bas_teb</set_id>
<sub_culture>wh_main_sc_teb_teb</sub_culture>
</building_chain_availabilities>
<building_chain_availabilities record_uuid="{6919a60e-4857-48c9-bd4c-0cf72759ed13}" record_timestamp="1423212059574" record_key="6066">
<campaign>main_warhammer</campaign>
<culture>wh_main_brt_bretonnia</culture>
<faction></faction>
<id>6066</id>
<set_id>wh_main_bas_brt</set_id>
<sub_culture>wh_main_sc_brt_bretonnia</sub_culture>
</building_chain_availabilities>
<building_chain_availabilities record_uuid="{580aaf2a-d7b3-48f2-9898-a9572b91535f}" record_timestamp="1423737478484" record_key="6067">
<campaign>main_warhammer</campaign>
<culture>wh_main_emp_empire</culture>
<faction></faction>
<id>6067</id>
<set_id>wh_main_bas_ksl</set_id>
<sub_culture>wh_main_sc_ksl_kislev</sub_culture>
</building_chain_availabilities>
<building_chain_availabilities record_uuid="{00ddecc2-629b-4114-b458-45221a8823dd}" record_timestamp="1429182293557" record_key="6072">
<campaign>main_warhammer</campaign>
<culture>wh_main_grn_greenskins</culture>
<faction></faction>
<id>6072</id>
<set_id>wh_main_bas_orc</set_id>
<sub_culture>wh_main_sc_grn_greenskins</sub_culture>
</building_chain_availabilities>
<building_chain_availabilities record_uuid="{da643362-75c2-4a9b-90a2-ab68df3e00e1}" record_timestamp="1429182293657" record_key="6077">
<campaign>main_warhammer</campaign>
<culture>wh_main_grn_greenskins</culture>
<faction></faction>
<id>6077</id>
<set_id>wh_main_bas_gob</set_id>
<sub_culture>wh_main_sc_grn_greenskins</sub_culture>
</building_chain_availabilities>
<building_chain_availabilities record_uuid="{b14521f0-7284-4ece-b42d-0ef708fad24b}" record_timestamp="1430938602519" record_key="6081">
<campaign>main_warhammer</campaign>
<culture>wh_main_grn_greenskins</culture>
<faction></faction>
<id>6081</id>
<set_id>wh_main_bas_savorc</set_id>
<sub_culture>wh_main_sc_grn_savage_orcs</sub_culture>
</building_chain_availabilities>
<building_chain_availabilities record_uuid="{9fbb0828-451d-4f43-8ab1-2c041abfa4dc}" record_timestamp="1437478392154" record_key="6091">
<campaign>main_warhammer</campaign>
<culture>wh_dlc03_bst_beastmen</culture>
<faction></faction>
<id>6091</id>
<set_id>wh_dlc03_bas_bst</set_id>
<sub_culture>wh_dlc03_sc_bst_beastmen</sub_culture>
</building_chain_availabilities>
<building_chain_availabilities record_uuid="{86d3e7af-636f-4582-ab00-792e0be8f31d}" record_timestamp="1460029363228" record_key="6175">
<campaign>main_warhammer</campaign>
<culture>wh_dlc05_wef_wood_elves</culture>
<faction></faction>
<id>6175</id>
<set_id>wh_dlc05_bas_wef</set_id>
<sub_culture>wh_dlc05_sc_wef_wood_elves</sub_culture>
</building_chain_availabilities>
<building_chain_availabilities record_uuid="{70eea4c2-7e32-425d-a994-2a1e18f7647c}" record_timestamp="1467117669521" record_key="6177">
<campaign>wh2_main_great_vortex</campaign>
<culture>wh_main_grn_greenskins</culture>
<faction></faction>
<id>6177</id>
<set_id>wh_main_bas_grn</set_id>
<sub_culture>wh_main_sc_grn_greenskins</sub_culture>
</building_chain_availabilities>
<building_chain_availabilities record_uuid="{d16647c4-f9ce-4e85-81fd-937e8627544d}" record_timestamp="1467117669521" record_key="6178">
<campaign>wh2_main_great_vortex</campaign>
<culture>wh_main_emp_empire</culture>
<faction></faction>
<id>6178</id>
<set_id>wh_main_bas_emp</set_id>
<sub_culture>wh_main_sc_emp_empire</sub_culture>
</building_chain_availabilities>
<building_chain_availabilities record_uuid="{f3c1772f-87a8-4d80-865e-3e397f3afab1}" record_timestamp="1467117669521" record_key="6183">
<campaign>wh2_main_great_vortex</campaign>
<culture>wh_main_dwf_dwarfs</culture>
<faction></faction>
<id>6183</id>
<set_id>wh_main_bas_dwf</set_id>
<sub_culture>wh_main_sc_dwf_dwarfs</sub_culture>
</building_chain_availabilities>
<building_chain_availabilities record_uuid="{62564119-0a07-4d8b-875b-ffb0fbb16b8c}" record_timestamp="1467117669521" record_key="6188">
<campaign>wh2_main_great_vortex</campaign>
<culture>wh_main_chs_chaos</culture>
<faction></faction>
<id>6188</id>
<set_id>wh_main_bas_chs</set_id>
<sub_culture>wh_main_sc_chs_chaos</sub_culture>
</building_chain_availabilities>
<building_chain_availabilities record_uuid="{9c0a9f91-06b4-43b2-9d47-d709acae47e8}" record_timestamp="1467117669521" record_key="6196">
<campaign>wh2_main_great_vortex</campaign>
<culture>wh_main_vmp_vampire_counts</culture>
<faction></faction>
<id>6196</id>
<set_id>wh_main_bas_vmp</set_id>
<sub_culture>wh_main_sc_vmp_vampire_counts</sub_culture>
</building_chain_availabilities>
<building_chain_availabilities record_uuid="{e9a07e35-f93d-4e87-9e6b-a18a9bfbad4d}" record_timestamp="1467117669521" record_key="6206">
<campaign>wh2_main_great_vortex</campaign>
<culture>wh_main_chs_chaos</culture>
<faction></faction>
<id>6206</id>
<set_id>wh_main_bas_nor</set_id>
<sub_culture>wh_main_sc_nor_norsca</sub_culture>
</building_chain_availabilities>
<building_chain_availabilities record_uuid="{7d0bf615-c6c2-4946-b69a-a8f5a248ff8e}" record_timestamp="1467117669521" record_key="6215">
<campaign>wh2_main_great_vortex</campaign>
<culture>wh_main_emp_empire</culture>
<faction></faction>
<id>6215</id>
<set_id>wh_main_bas_teb</set_id>
<sub_culture>wh_main_sc_teb_teb</sub_culture>
</building_chain_availabilities>
<building_chain_availabilities record_uuid="{613e0025-0b3a-4030-b2b4-3459a8837886}" record_timestamp="1467117669521" record_key="6221">
<campaign>wh2_main_great_vortex</campaign>
<culture>wh_main_brt_bretonnia</culture>
<faction></faction>
<id>6221</id>
<set_id>wh_main_bas_brt</set_id>
<sub_culture>wh_main_sc_brt_bretonnia</sub_culture>
</building_chain_availabilities>
<building_chain_availabilities record_uuid="{a9620943-e391-485f-bcc3-57bfafb98850}" record_timestamp="1467117669521" record_key="6224">
<campaign>wh2_main_great_vortex</campaign>
<culture>wh_main_emp_empire</culture>
<faction></faction>
<id>6224</id>
<set_id>wh_main_bas_ksl</set_id>
<sub_culture>wh_main_sc_ksl_kislev</sub_culture>
</building_chain_availabilities>
<building_chain_availabilities record_uuid="{0494e0d6-c8e8-4766-9644-432e691da4a5}" record_timestamp="1467117669521" record_key="6228">
<campaign>wh2_main_great_vortex</campaign>
<culture>wh_main_grn_greenskins</culture>
<faction></faction>
<id>6228</id>
<set_id>wh_main_bas_orc</set_id>
<sub_culture>wh_main_sc_grn_greenskins</sub_culture>
</building_chain_availabilities>
<building_chain_availabilities record_uuid="{cb316a35-a770-4742-8240-18af45e5de6b}" record_timestamp="1467117669521" record_key="6230">
<campaign>wh2_main_great_vortex</campaign>
<culture>wh_main_grn_greenskins</culture>
<faction></faction>
<id>6230</id>
<set_id>wh_main_bas_gob</set_id>
<sub_culture>wh_main_sc_grn_greenskins</sub_culture>
</building_chain_availabilities>
<building_chain_availabilities record_uuid="{c1c5c15f-20fd-4cbc-81c2-cce454632a2e}" record_timestamp="1467117669521" record_key="6237">
<campaign>wh2_main_great_vortex</campaign>
<culture>wh_main_grn_greenskins</culture>
<faction></faction>
<id>6237</id>
<set_id>wh_main_bas_savorc</set_id>
<sub_culture>wh_main_sc_grn_savage_orcs</sub_culture>
</building_chain_availabilities>
<building_chain_availabilities record_uuid="{969ad943-9df5-459a-8024-93bc271e90a6}" record_timestamp="1467117669521" record_key="6240">
<campaign>wh2_main_great_vortex</campaign>
<culture>wh_dlc03_bst_beastmen</culture>
<faction></faction>
<id>6240</id>
<set_id>wh_dlc03_bas_bst</set_id>
<sub_culture>wh_dlc03_sc_bst_beastmen</sub_culture>
</building_chain_availabilities>
<building_chain_availabilities record_uuid="{141ac635-a643-4115-a20a-b2fc6a1466a4}" record_timestamp="1467117669521" record_key="6247">
<campaign>wh2_main_great_vortex</campaign>
<culture>wh_dlc05_wef_wood_elves</culture>
<faction></faction>
<id>6247</id>
<set_id>wh_dlc05_bas_wef</set_id>
<sub_culture>wh_dlc05_sc_wef_wood_elves</sub_culture>
</building_chain_availabilities>
<building_chain_availabilities record_uuid="{04700d24-c969-4b7a-af52-f7a3127eebd6}" record_timestamp="1467190914846" record_key="6252">
<campaign>wh2_main_great_vortex</campaign>
<culture>wh2_main_hef_high_elves</culture>
<faction></faction>
<id>6252</id>
<set_id>wh2_main_bas_hef</set_id>
<sub_culture>wh2_main_sc_hef_high_elves</sub_culture>
</building_chain_availabilities>
<building_chain_availabilities record_uuid="{fa00f079-8f1e-46bd-b420-ebb871c11fb4}" record_timestamp="1467190914787" record_key="6256">
<campaign>main_warhammer</campaign>
<culture>wh2_main_hef_high_elves</culture>
<faction></faction>
<id>6256</id>
<set_id>wh2_main_bas_hef</set_id>
<sub_culture>wh2_main_sc_hef_high_elves</sub_culture>
</building_chain_availabilities>
<building_chain_availabilities record_uuid="{dbd39de6-6134-4d68-af07-84d496aad55d}" record_timestamp="1467190916070" record_key="6261">
<campaign>wh2_main_great_vortex</campaign>
<culture>wh2_main_def_dark_elves</culture>
<faction></faction>
<id>6261</id>
<set_id>wh2_main_bas_def</set_id>
<sub_culture>wh2_main_sc_def_dark_elves</sub_culture>
</building_chain_availabilities>
<building_chain_availabilities record_uuid="{498f6c29-6b98-4df8-ba45-4fc7287f30e3}" record_timestamp="1467190916128" record_key="6268">
<campaign>main_warhammer</campaign>
<culture>wh2_main_def_dark_elves</culture>
<faction></faction>
<id>6268</id>
<set_id>wh2_main_bas_def</set_id>
<sub_culture>wh2_main_sc_def_dark_elves</sub_culture>
</building_chain_availabilities>
<building_chain_availabilities record_uuid="{00a57d7a-7aa0-48dd-ab65-64cac92ccecd}" record_timestamp="1467711043334" record_key="6271">
<campaign>wh2_main_great_vortex</campaign>
<culture>wh2_main_lzd_lizardmen</culture>
<faction></faction>
<id>6271</id>
<set_id>wh2_main_bas_lzd</set_id>
<sub_culture>wh2_main_sc_lzd_lizardmen</sub_culture>
</building_chain_availabilities>
<building_chain_availabilities record_uuid="{edd8bb38-3514-405e-876b-fba9df3d0ff5}" record_timestamp="1467711043345" record_key="6274">
<campaign>main_warhammer</campaign>
<culture>wh2_main_lzd_lizardmen</culture>
<faction></faction>
<id>6274</id>
<set_id>wh2_main_bas_lzd</set_id>
<sub_culture>wh2_main_sc_lzd_lizardmen</sub_culture>
</building_chain_availabilities>
<building_chain_availabilities record_uuid="{ca1c8c15-c767-42ae-8f33-1685ca80cb49}" record_timestamp="1467190912983" record_key="6275">
<campaign>wh2_main_great_vortex</campaign>
<culture>wh2_main_skv_skaven</culture>
<faction></faction>
<id>6275</id>
<set_id>wh2_main_bas_skv</set_id>
<sub_culture>wh2_main_sc_skv_skaven</sub_culture>
</building_chain_availabilities>
<building_chain_availabilities record_uuid="{12e40120-7b3a-437e-9bc5-3c1e556daf97}" record_timestamp="1467190912921" record_key="6276">
<campaign>main_warhammer</campaign>
<culture>wh2_main_skv_skaven</culture>
<faction></faction>
<id>6276</id>
<set_id>wh2_main_bas_skv</set_id>
<sub_culture>wh2_main_sc_skv_skaven</sub_culture>
</building_chain_availabilities>
<building_chain_availabilities record_uuid="{bbb19d05-6e6a-4609-b113-bd1333129b26}" record_timestamp="1486141440721" record_key="6390">
<campaign>wh2_main_great_vortex</campaign>
<culture>wh2_main_rogue</culture>
<faction></faction>
<id>6390</id>
<set_id>wh2_main_bas_rogue</set_id>
<sub_culture></sub_culture>
</building_chain_availabilities>
<building_chain_availabilities record_uuid="{677dacf9-8403-416c-93dc-ca3b415524b3}" record_timestamp="1486141440729" record_key="6420">
<campaign>main_warhammer</campaign>
<culture>wh2_main_rogue</culture>
<faction></faction>
<id>6420</id>
<set_id>wh2_main_bas_rogue</set_id>
<sub_culture></sub_culture>
</building_chain_availabilities>
<building_chain_availabilities record_uuid="{08e3b7ff-4b96-4ccd-803c-00813fccb301}" record_timestamp="1506613410371" record_key="902304628">
<campaign>wh2_main_great_vortex</campaign>
<culture>wh2_dlc09_tmb_tomb_kings</culture>
<faction></faction>
<id>902304628</id>
<set_id>wh2_dlc09_bas_tmb</set_id>
<sub_culture>wh2_dlc09_sc_tmb_tomb_kings</sub_culture>
</building_chain_availabilities>
</dataroot>
