<?xml version="1.0" encoding="UTF-8"?>
<dataroot xmlns:od="urn:schemas-microsoft-com:officedata" xmlns:xsi="http://www.w3.org/2001/XMLSchema-instance" xsi:noNamespaceSchemaLocation="building_sets.xsd" export_time="Wed Nov 29 19:46:34 2017" revision="117" export_branch="T:/branches/warhammer2/new_tomb/warhammer/binaries.x64" export_user="bob">
<edit_uuid>db024d94-0ec0-497d-8bcb-631041d1b1bc</edit_uuid>
<building_sets record_uuid="{9ce9e315-e85c-4a0f-9935-ad4773333cd9}" record_timestamp="1511554692105" record_key="wh2_dlc09_set_brt_dyes_pottery">
<colour_b>255</colour_b>
<colour_g>255</colour_g>
<colour_r>255</colour_r>
<icon>placeholder</icon>
<key>wh2_dlc09_set_brt_dyes_pottery</key>
<onscreen_description state="HIDDEN" last_approved_text="" last_edit_user="bob">[HIDDEN]</onscreen_description>
<onscreen_name state="HIDDEN" last_approved_text="" last_edit_user="bob">[HIDDEN]</onscreen_name>
<sort_order>0</sort_order>
</building_sets>
<building_sets record_uuid="{883e258c-002e-4ac1-a0d2-a19818759455}" record_timestamp="1511554692105" record_key="wh2_dlc09_set_brt_iron_gold_mines">
<colour_b>255</colour_b>
<colour_g>255</colour_g>
<colour_r>255</colour_r>
<icon>placeholder</icon>
<key>wh2_dlc09_set_brt_iron_gold_mines</key>
<onscreen_description state="HIDDEN" last_approved_text="" last_edit_user="bob">[HIDDEN]</onscreen_description>
<onscreen_name state="HIDDEN" last_approved_text="" last_edit_user="bob">[HIDDEN]</onscreen_name>
<sort_order>0</sort_order>
</building_sets>
<building_sets record_uuid="{805d4737-db5f-4942-8d23-2b377416827f}" record_timestamp="1511554692105" record_key="wh2_dlc09_set_brt_stables_pastures">
<colour_b>255</colour_b>
<colour_g>255</colour_g>
<colour_r>255</colour_r>
<icon>placeholder</icon>
<key>wh2_dlc09_set_brt_stables_pastures</key>
<onscreen_description state="HIDDEN" last_approved_text="" last_edit_user="bob">[HIDDEN]</onscreen_description>
<onscreen_name state="HIDDEN" last_approved_text="" last_edit_user="bob">[HIDDEN]</onscreen_name>
<sort_order>0</sort_order>
</building_sets>
<building_sets record_uuid="{121c296a-c4aa-49dd-a501-7b645610864e}" record_timestamp="1511554692105" record_key="wh2_dlc09_set_brt_timber">
<colour_b>255</colour_b>
<colour_g>255</colour_g>
<colour_r>255</colour_r>
<icon>placeholder</icon>
<key>wh2_dlc09_set_brt_timber</key>
<onscreen_description state="HIDDEN" last_approved_text="" last_edit_user="bob">[HIDDEN]</onscreen_description>
<onscreen_name state="HIDDEN" last_approved_text="" last_edit_user="bob">[HIDDEN]</onscreen_name>
<sort_order>0</sort_order>
</building_sets>
<building_sets record_uuid="{85b1be5a-4db4-4d14-b7f1-d4a317505582}" record_timestamp="1511984781415" record_key="wh2_dlc09_set_tomb_kings_basic_infra">
<colour_b>255</colour_b>
<colour_g>255</colour_g>
<colour_r>255</colour_r>
<icon>placeholder</icon>
<key>wh2_dlc09_set_tomb_kings_basic_infra</key>
<onscreen_description state="PLACEHOLDER" last_approved_text="" last_edit_user="bob">[HIDDEN]</onscreen_description>
<onscreen_name state="PLACEHOLDER" last_approved_text="" last_edit_user="bob">[HIDDEN]</onscreen_name>
<sort_order>0</sort_order>
</building_sets>
<building_sets record_uuid="{c46bc0d9-67eb-45d5-b822-2929e839759c}" record_timestamp="1511984781377" record_key="wh2_dlc09_set_tomb_kings_cavalry">
<colour_b>255</colour_b>
<colour_g>255</colour_g>
<colour_r>255</colour_r>
<icon>placeholder</icon>
<key>wh2_dlc09_set_tomb_kings_cavalry</key>
<onscreen_description state="PLACEHOLDER" last_approved_text="" last_edit_user="bob">[HIDDEN]</onscreen_description>
<onscreen_name state="PLACEHOLDER" last_approved_text="" last_edit_user="bob">[HIDDEN]</onscreen_name>
<sort_order>0</sort_order>
</building_sets>
<building_sets record_uuid="{5dc0cfe1-1c1d-4541-b311-798e99807150}" record_timestamp="1511984781338" record_key="wh2_dlc09_set_tomb_kings_chariots">
<colour_b>255</colour_b>
<colour_g>255</colour_g>
<colour_r>255</colour_r>
<icon>placeholder</icon>
<key>wh2_dlc09_set_tomb_kings_chariots</key>
<onscreen_description state="PLACEHOLDER" last_approved_text="" last_edit_user="bob">[HIDDEN]</onscreen_description>
<onscreen_name state="PLACEHOLDER" last_approved_text="" last_edit_user="bob">[HIDDEN]</onscreen_name>
<sort_order>0</sort_order>
</building_sets>
<building_sets record_uuid="{522d0391-7f4f-4a47-8b97-d8bf4af42373}" record_timestamp="1507655040071" record_key="wh2_dlc09_set_tomb_kings_constructs">
<colour_b>255</colour_b>
<colour_g>255</colour_g>
<colour_r>255</colour_r>
<icon>placeholder</icon>
<key>wh2_dlc09_set_tomb_kings_constructs</key>
<onscreen_description state="APPROVED" last_approved_text="[HIDDEN]" last_edit_user="bob">[HIDDEN]</onscreen_description>
<onscreen_name state="APPROVED" last_approved_text="[HIDDEN]" last_edit_user="bob">[HIDDEN]</onscreen_name>
<sort_order>0</sort_order>
</building_sets>
<building_sets record_uuid="{db14785b-6223-4e83-8a88-e3b388c27bd8}" record_timestamp="1508405432581" record_key="wh2_dlc09_set_tomb_kings_defence">
<colour_b>47</colour_b>
<colour_g>73</colour_g>
<colour_r>91</colour_r>
<icon>UI/Buildings/Icons/tomb_kings_cat_defence.png</icon>
<key>wh2_dlc09_set_tomb_kings_defence</key>
<onscreen_description state="APPROVED" last_approved_text="The dead will rise to assail anyone foolish enough to invade these lands." last_edit_user="bob">The dead will rise to assail anyone foolish enough to invade these lands.</onscreen_description>
<onscreen_name state="APPROVED" last_approved_text="Defence" last_edit_user="bob">Defence</onscreen_name>
<sort_order>6</sort_order>
</building_sets>
<building_sets record_uuid="{60c494e6-eb9c-41cb-8019-29b4f4a5cea5}" record_timestamp="1507655040347" record_key="wh2_dlc09_set_tomb_kings_economy">
<colour_b>255</colour_b>
<colour_g>255</colour_g>
<colour_r>255</colour_r>
<icon>placeholder</icon>
<key>wh2_dlc09_set_tomb_kings_economy</key>
<onscreen_description state="APPROVED" last_approved_text="[HIDDEN]" last_edit_user="bob">[HIDDEN]</onscreen_description>
<onscreen_name state="APPROVED" last_approved_text="[HIDDEN]" last_edit_user="bob">[HIDDEN]</onscreen_name>
<sort_order>0</sort_order>
</building_sets>
<building_sets record_uuid="{4fb4b61d-3499-4cb1-a78e-6cc07842a2c5}" record_timestamp="1511984781260" record_key="wh2_dlc09_set_tomb_kings_estate_citadel">
<colour_b>255</colour_b>
<colour_g>255</colour_g>
<colour_r>255</colour_r>
<icon>placeholder</icon>
<key>wh2_dlc09_set_tomb_kings_estate_citadel</key>
<onscreen_description state="PLACEHOLDER" last_approved_text="" last_edit_user="bob">[HIDDEN]</onscreen_description>
<onscreen_name state="PLACEHOLDER" last_approved_text="" last_edit_user="bob">[HIDDEN]</onscreen_name>
<sort_order>0</sort_order>
</building_sets>
<building_sets record_uuid="{f2329fa9-444d-4d41-ad23-fd09d88891d3}" record_timestamp="1507655040416" record_key="wh2_dlc09_set_tomb_kings_garrison">
<colour_b>255</colour_b>
<colour_g>255</colour_g>
<colour_r>255</colour_r>
<icon>placeholder</icon>
<key>wh2_dlc09_set_tomb_kings_garrison</key>
<onscreen_description state="APPROVED" last_approved_text="[HIDDEN]" last_edit_user="bob">[HIDDEN]</onscreen_description>
<onscreen_name state="APPROVED" last_approved_text="[HIDDEN]" last_edit_user="bob">[HIDDEN]</onscreen_name>
<sort_order>0</sort_order>
</building_sets>
<building_sets record_uuid="{4a7b3ddb-fe9f-493f-8636-c479327b07fd}" record_timestamp="1511984781299" record_key="wh2_dlc09_set_tomb_kings_infantry">
<colour_b>255</colour_b>
<colour_g>255</colour_g>
<colour_r>255</colour_r>
<icon>placeholder</icon>
<key>wh2_dlc09_set_tomb_kings_infantry</key>
<onscreen_description state="PLACEHOLDER" last_approved_text="" last_edit_user="bob">[HIDDEN]</onscreen_description>
<onscreen_name state="PLACEHOLDER" last_approved_text="" last_edit_user="bob">[HIDDEN]</onscreen_name>
<sort_order>0</sort_order>
</building_sets>
<building_sets record_uuid="{9f362c6e-a83e-4134-998d-99b94d68fbf2}" record_timestamp="1508405432575" record_key="wh2_dlc09_set_tomb_kings_infrastructure">
<colour_b>57</colour_b>
<colour_g>71</colour_g>
<colour_r>62</colour_r>
<icon>UI/Buildings/Icons/tomb_kings_cat_infrastructure.png</icon>
<key>wh2_dlc09_set_tomb_kings_infrastructure</key>
<onscreen_description state="APPROVED" last_approved_text="Construct imposing monuments to honour Nehekhara's ever-expanding borders." last_edit_user="bob">Construct imposing monuments to honour Nehekhara's ever-expanding borders.</onscreen_description>
<onscreen_name state="APPROVED" last_approved_text="Infrastructure" last_edit_user="bob">Infrastructure</onscreen_name>
<sort_order>7</sort_order>
</building_sets>
<building_sets record_uuid="{756d84f0-5455-418e-b077-5d4f44e680c7}" record_timestamp="1508405432569" record_key="wh2_dlc09_set_tomb_kings_military_recruitment">
<colour_b>20</colour_b>
<colour_g>20</colour_g>
<colour_r>120</colour_r>
<icon>UI/Buildings/Icons/tomb_kings_cat_basic_military.png</icon>
<key>wh2_dlc09_set_tomb_kings_military_recruitment</key>
<onscreen_description state="APPROVED" last_approved_text="Awaken ancient and eternally loyal warriors, they followed their mighty rulers willingly unto death." last_edit_user="bob">Awaken ancient and eternally loyal warriors, they followed their mighty rulers willingly unto death.</onscreen_description>
<onscreen_name state="APPROVED" last_approved_text="Basic Military" last_edit_user="bob">Basic Military</onscreen_name>
<sort_order>4</sort_order>
</building_sets>
<building_sets record_uuid="{1ae77ddb-843f-4649-a666-c071d75c8d57}" record_timestamp="1508405432560" record_key="wh2_dlc09_set_tomb_kings_military_support">
<colour_b>88</colour_b>
<colour_g>65</colour_g>
<colour_r>75</colour_r>
<icon>UI/Buildings/Icons/tomb_kings_cat_advanced_military.png</icon>
<key>wh2_dlc09_set_tomb_kings_military_support</key>
<onscreen_description state="APPROVED" last_approved_text="Recruit monstrous units, representative of the Nehekharan pantheon." last_edit_user="bob">Recruit monstrous units, representative of the Nehekharan pantheon.</onscreen_description>
<onscreen_name state="APPROVED" last_approved_text="Advanced Military" last_edit_user="bob">Advanced Military</onscreen_name>
<sort_order>5</sort_order>
</building_sets>
<building_sets record_uuid="{743541cb-21ce-40c6-8174-f8e30f2f9520}" record_timestamp="1507655040277" record_key="wh2_dlc09_set_tomb_kings_monuments">
<colour_b>255</colour_b>
<colour_g>255</colour_g>
<colour_r>255</colour_r>
<icon>placeholder</icon>
<key>wh2_dlc09_set_tomb_kings_monuments</key>
<onscreen_description state="APPROVED" last_approved_text="[HIDDEN]" last_edit_user="bob">[HIDDEN]</onscreen_description>
<onscreen_name state="APPROVED" last_approved_text="[HIDDEN]" last_edit_user="bob">[HIDDEN]</onscreen_name>
<sort_order>0</sort_order>
</building_sets>
<building_sets record_uuid="{6a2d6249-723d-449b-bd50-903fb2d77066}" record_timestamp="1507655040208" record_key="wh2_dlc09_set_tomb_kings_recruitment">
<colour_b>255</colour_b>
<colour_g>255</colour_g>
<colour_r>255</colour_r>
<icon>placeholder</icon>
<key>wh2_dlc09_set_tomb_kings_recruitment</key>
<onscreen_description state="APPROVED" last_approved_text="[HIDDEN]" last_edit_user="bob">[HIDDEN]</onscreen_description>
<onscreen_name state="APPROVED" last_approved_text="[HIDDEN]" last_edit_user="bob">[HIDDEN]</onscreen_name>
<sort_order>0</sort_order>
</building_sets>
<building_sets record_uuid="{dd9245f1-12ef-48e7-99eb-70b5f439f999}" record_timestamp="1498720724596" record_key="wh2_main_set_black_ark">
<colour_b>56</colour_b>
<colour_g>61</colour_g>
<colour_r>62</colour_r>
<icon>placeholder</icon>
<key>wh2_main_set_black_ark</key>
<onscreen_description state="APPROVED" last_approved_text="A floating naval stronghold." last_edit_user="bob">A floating naval stronghold.</onscreen_description>
<onscreen_name state="APPROVED" last_approved_text="Black Ark" last_edit_user="bob">Black Ark</onscreen_name>
<sort_order>0</sort_order>
</building_sets>
<building_sets record_uuid="{968a29d0-107f-4dad-976b-d67514f46857}" record_timestamp="1511810518044" record_key="wh2_main_set_brt_barracks">
<colour_b>255</colour_b>
<colour_g>255</colour_g>
<colour_r>255</colour_r>
<icon>placeholder</icon>
<key>wh2_main_set_brt_barracks</key>
<onscreen_description state="PLACEHOLDER" last_approved_text="" last_edit_user="bob">[HIDDEN]</onscreen_description>
<onscreen_name state="PLACEHOLDER" last_approved_text="" last_edit_user="bob">[HIDDEN]</onscreen_name>
<sort_order>0</sort_order>
</building_sets>
<building_sets record_uuid="{400cd9e8-627d-4f4a-91eb-7d748c805636}" record_timestamp="1511810516905" record_key="wh2_main_set_brt_coastal">
<colour_b>255</colour_b>
<colour_g>255</colour_g>
<colour_r>255</colour_r>
<icon>placeholder</icon>
<key>wh2_main_set_brt_coastal</key>
<onscreen_description state="PLACEHOLDER" last_approved_text="" last_edit_user="bob">[HIDDEN]</onscreen_description>
<onscreen_name state="PLACEHOLDER" last_approved_text="" last_edit_user="bob">[HIDDEN]</onscreen_name>
<sort_order>0</sort_order>
</building_sets>
<building_sets record_uuid="{8eff3404-6094-413f-a8c4-4243a0ec0fde}" record_timestamp="1511810518044" record_key="wh2_main_set_brt_grail">
<colour_b>255</colour_b>
<colour_g>255</colour_g>
<colour_r>255</colour_r>
<icon>placeholder</icon>
<key>wh2_main_set_brt_grail</key>
<onscreen_description state="PLACEHOLDER" last_approved_text="" last_edit_user="bob">[HIDDEN]</onscreen_description>
<onscreen_name state="PLACEHOLDER" last_approved_text="" last_edit_user="bob">[HIDDEN]</onscreen_name>
<sort_order>0</sort_order>
</building_sets>
<building_sets record_uuid="{705a9038-bb1f-476c-908f-37ff1d3860b6}" record_timestamp="1499351845249" record_key="wh2_main_set_darkelf_defence">
<colour_b>47</colour_b>
<colour_g>73</colour_g>
<colour_r>91</colour_r>
<icon>UI/Buildings/Icons/dark_elves_cat_defence.png</icon>
<key>wh2_main_set_darkelf_defence</key>
<onscreen_description state="APPROVED" last_approved_text="Sorcerous black-stone defences to keep out intruders. " last_edit_user="bob">Sorcerous black-stone defences to keep out intruders. </onscreen_description>
<onscreen_name state="APPROVED" last_approved_text="Defence" last_edit_user="bob">Defence</onscreen_name>
<sort_order>6</sort_order>
</building_sets>
<building_sets record_uuid="{bd6e4e16-684b-49cf-b7f4-a9d4503c9185}" record_timestamp="1499351845287" record_key="wh2_main_set_darkelf_infrastructure">
<colour_b>57</colour_b>
<colour_g>71</colour_g>
<colour_r>62</colour_r>
<icon>UI/Buildings/Icons/dark_elves_cat_civic.png</icon>
<key>wh2_main_set_darkelf_infrastructure</key>
<onscreen_description state="APPROVED" last_approved_text="Trade in slaves, trinkets and sensations to bolster and build the economy." last_edit_user="bob">Trade in slaves, trinkets and sensations to bolster and build the economy.</onscreen_description>
<onscreen_name state="APPROVED" last_approved_text="Infrastructure" last_edit_user="bob">Infrastructure</onscreen_name>
<sort_order>7</sort_order>
</building_sets>
<building_sets record_uuid="{cbc61e3a-d7d8-4e6b-a921-104eda7056e4}" record_timestamp="1499351845172" record_key="wh2_main_set_darkelf_military_recruitment">
<colour_b>20</colour_b>
<colour_g>20</colour_g>
<colour_r>120</colour_r>
<icon>UI/Buildings/Icons/dark_elves_cat_recruitment.png</icon>
<key>wh2_main_set_darkelf_military_recruitment</key>
<onscreen_description state="APPROVED" last_approved_text="Recruit or force Druchii warriors to obey your commands." last_edit_user="bob">Recruit or force Druchii warriors to obey your commands.</onscreen_description>
<onscreen_name state="APPROVED" last_approved_text="Basic Military" last_edit_user="bob">Basic Military</onscreen_name>
<sort_order>4</sort_order>
</building_sets>
<building_sets record_uuid="{d6aa022b-6d9f-4d7a-b76d-5a8a3ed45a20}" record_timestamp="1499351845211" record_key="wh2_main_set_darkelf_military_support">
<colour_b>88</colour_b>
<colour_g>65</colour_g>
<colour_r>75</colour_r>
<icon>UI/Buildings/Icons/dark_elves_cat_support.png</icon>
<key>wh2_main_set_darkelf_military_support</key>
<onscreen_description state="APPROVED" last_approved_text="Entice puissant followers and enhance Druchii military might." last_edit_user="bob">Entice puissant followers and enhance Druchii military might.</onscreen_description>
<onscreen_name state="APPROVED" last_approved_text="Advanced Military" last_edit_user="bob">Advanced Military</onscreen_name>
<sort_order>5</sort_order>
</building_sets>
<building_sets record_uuid="{f44601f3-1759-46f9-8436-34aca3ce997c}" record_timestamp="1499351845710" record_key="wh2_main_set_darkelf_port">
<colour_b>81</colour_b>
<colour_g>69</colour_g>
<colour_r>53</colour_r>
<icon>placeholder</icon>
<key>wh2_main_set_darkelf_port</key>
<onscreen_description state="APPROVED" last_approved_text="Where the dread ships return from raids across the seas, bringing stolen wealth and labour." last_edit_user="bob">Where the dread ships return from raids across the seas, bringing stolen wealth and labour.</onscreen_description>
<onscreen_name state="APPROVED" last_approved_text="Port" last_edit_user="bob">Port</onscreen_name>
<sort_order>1</sort_order>
</building_sets>
<building_sets record_uuid="{d231c759-e121-4b84-9415-3dba2ad65fe0}" record_timestamp="1507892837934" record_key="wh2_main_set_darkelf_sorcery">
<colour_b>255</colour_b>
<colour_g>255</colour_g>
<colour_r>255</colour_r>
<icon>placeholder</icon>
<key>wh2_main_set_darkelf_sorcery</key>
<onscreen_description state="APPROVED" last_approved_text="[HIDDEN]" last_edit_user="bob">[HIDDEN]</onscreen_description>
<onscreen_name state="APPROVED" last_approved_text="[HIDDEN]" last_edit_user="bob">[HIDDEN]</onscreen_name>
<sort_order>0</sort_order>
</building_sets>
<building_sets record_uuid="{678abdf8-32ab-449b-aa44-63aefb8cacde}" record_timestamp="1496153595307" record_key="wh2_main_set_darkelf_temples">
<colour_b>255</colour_b>
<colour_g>255</colour_g>
<colour_r>255</colour_r>
<icon>placeholder</icon>
<key>wh2_main_set_darkelf_temples</key>
<onscreen_description state="APPROVED" last_approved_text="[HIDDEN]" last_edit_user="bob">[HIDDEN]</onscreen_description>
<onscreen_name state="APPROVED" last_approved_text="[HIDDEN]" last_edit_user="bob">[HIDDEN]</onscreen_name>
<sort_order>0</sort_order>
</building_sets>
<building_sets record_uuid="{f1d91476-c230-4d3d-8db7-8fd56b0e3b52}" record_timestamp="1498660759040" record_key="wh2_main_set_dwf_rangers_drinking">
<colour_b>255</colour_b>
<colour_g>255</colour_g>
<colour_r>255</colour_r>
<icon>placeholder</icon>
<key>wh2_main_set_dwf_rangers_drinking</key>
<onscreen_description state="APPROVED" last_approved_text="[HIDDEN]" last_edit_user="bob">[HIDDEN]</onscreen_description>
<onscreen_name state="APPROVED" last_approved_text="[HIDDEN]" last_edit_user="bob">[HIDDEN]</onscreen_name>
<sort_order>0</sort_order>
</building_sets>
<building_sets record_uuid="{852856a8-9e45-4d04-a2d5-186f1ae97e8d}" record_timestamp="1488881776451" record_key="wh2_main_set_hef_cultural">
<colour_b>255</colour_b>
<colour_g>255</colour_g>
<colour_r>255</colour_r>
<icon>placeholder</icon>
<key>wh2_main_set_hef_cultural</key>
<onscreen_description state="APPROVED" last_approved_text="[HIDDEN]" last_edit_user="bob">[HIDDEN]</onscreen_description>
<onscreen_name state="APPROVED" last_approved_text="[HIDDEN]" last_edit_user="bob">[HIDDEN]</onscreen_name>
<sort_order>0</sort_order>
</building_sets>
<building_sets record_uuid="{74716e92-457c-4a78-8ca9-5bba352f73e7}" record_timestamp="1488881776512" record_key="wh2_main_set_hef_industry">
<colour_b>255</colour_b>
<colour_g>255</colour_g>
<colour_r>255</colour_r>
<icon>placeholder</icon>
<key>wh2_main_set_hef_industry</key>
<onscreen_description state="APPROVED" last_approved_text="[HIDDEN]" last_edit_user="bob">[HIDDEN]</onscreen_description>
<onscreen_name state="APPROVED" last_approved_text="[HIDDEN]" last_edit_user="bob">[HIDDEN]</onscreen_name>
<sort_order>0</sort_order>
</building_sets>
<building_sets record_uuid="{9dba60ea-4d83-4823-be89-3a9e2d9903aa}" record_timestamp="1497974518206" record_key="wh2_main_set_hef_worship">
<colour_b>255</colour_b>
<colour_g>255</colour_g>
<colour_r>255</colour_r>
<icon>placeholder</icon>
<key>wh2_main_set_hef_worship</key>
<onscreen_description state="APPROVED" last_approved_text="[HIDDEN]" last_edit_user="bob">[HIDDEN]</onscreen_description>
<onscreen_name state="APPROVED" last_approved_text="[HIDDEN]" last_edit_user="bob">[HIDDEN]</onscreen_name>
<sort_order>0</sort_order>
</building_sets>
<building_sets record_uuid="{fe61f27b-bac6-428c-bda0-17361da68cf8}" record_timestamp="1499351845095" record_key="wh2_main_set_highelf_defence">
<colour_b>47</colour_b>
<colour_g>73</colour_g>
<colour_r>91</colour_r>
<icon>UI/Buildings/Icons/high_elves_cat_defence.png</icon>
<key>wh2_main_set_highelf_defence</key>
<onscreen_description state="APPROVED" last_approved_text="Defensive spires, towers, and warded walls to repel any who dare invade." last_edit_user="bob">Defensive spires, towers, and warded walls to repel any who dare invade.</onscreen_description>
<onscreen_name state="APPROVED" last_approved_text="Defence" last_edit_user="bob">Defence</onscreen_name>
<sort_order>6</sort_order>
</building_sets>
<building_sets record_uuid="{5c7a3eff-0569-4c00-aa5d-74c39cc2b480}" record_timestamp="1499351845134" record_key="wh2_main_set_highelf_infrastructure">
<colour_b>57</colour_b>
<colour_g>71</colour_g>
<colour_r>62</colour_r>
<icon>UI/Buildings/Icons/high_elves_cat_civic.png</icon>
<key>wh2_main_set_highelf_infrastructure</key>
<onscreen_description state="APPROVED" last_approved_text="The economic and diplomatic power of the Asur is legendary; ensure it remains so." last_edit_user="bob">The economic and diplomatic power of the Asur is legendary; ensure it remains so.</onscreen_description>
<onscreen_name state="APPROVED" last_approved_text="Infrastructure" last_edit_user="bob">Infrastructure</onscreen_name>
<sort_order>7</sort_order>
</building_sets>
<building_sets record_uuid="{d96b49e8-213c-4aca-95cd-e2432592f996}" record_timestamp="1499351845017" record_key="wh2_main_set_highelf_military_recruitment">
<colour_b>20</colour_b>
<colour_g>20</colour_g>
<colour_r>120</colour_r>
<icon>UI/Buildings/Icons/high_elves_cat_recruitment.png</icon>
<key>wh2_main_set_highelf_military_recruitment</key>
<onscreen_description state="APPROVED" last_approved_text="Muster the citizen-militia and petition the dedicated warriors of the Asur to action." last_edit_user="bob">Muster the citizen-militia and petition the dedicated warriors of the Asur to action.</onscreen_description>
<onscreen_name state="APPROVED" last_approved_text="Basic Military" last_edit_user="bob">Basic Military</onscreen_name>
<sort_order>4</sort_order>
</building_sets>
<building_sets record_uuid="{383943e4-ca2c-4c34-89f7-4697f299da14}" record_timestamp="1499351845055" record_key="wh2_main_set_highelf_military_support">
<colour_b>88</colour_b>
<colour_g>65</colour_g>
<colour_r>75</colour_r>
<icon>UI/Buildings/Icons/high_elves_cat_support.png</icon>
<key>wh2_main_set_highelf_military_support</key>
<onscreen_description state="APPROVED" last_approved_text="Enhance Asur warriors and bring the full might of Ulthuan to bear." last_edit_user="bob">Enhance Asur warriors and bring the full might of Ulthuan to bear.</onscreen_description>
<onscreen_name state="APPROVED" last_approved_text="Advanced Military" last_edit_user="bob">Advanced Military</onscreen_name>
<sort_order>5</sort_order>
</building_sets>
<building_sets record_uuid="{98d3117c-ebc9-459d-944f-750130712fe4}" record_timestamp="1499351845786" record_key="wh2_main_set_highelf_port">
<colour_b>81</colour_b>
<colour_g>69</colour_g>
<colour_r>53</colour_r>
<icon>placeholder</icon>
<key>wh2_main_set_highelf_port</key>
<onscreen_description state="APPROVED" last_approved_text="The home berths of the famous Asur navies, from which their maritime power is projected." last_edit_user="bob">The home berths of the famous Asur navies, from which their maritime power is projected.</onscreen_description>
<onscreen_name state="APPROVED" last_approved_text="Port" last_edit_user="bob">Port</onscreen_name>
<sort_order>1</sort_order>
</building_sets>
<building_sets record_uuid="{85eac865-29ff-4cd3-abc4-513543e02b98}" record_timestamp="1499351846039" record_key="wh2_main_set_landmark">
<colour_b>60</colour_b>
<colour_g>20</colour_g>
<colour_r>100</colour_r>
<icon>UI/Buildings/Icons/empire_cat_landmark.png</icon>
<key>wh2_main_set_landmark</key>
<onscreen_description state="APPROVED" last_approved_text="Easily recognised from a distance, and unique to their home regions, landmarks enable travellers – and armies – to get their bearings." last_edit_user="bob">Easily recognised from a distance, and unique to their home regions, landmarks enable travellers – and armies – to get their bearings.</onscreen_description>
<onscreen_name state="APPROVED" last_approved_text="Landmark" last_edit_user="bob">Landmark</onscreen_name>
<sort_order>2</sort_order>
</building_sets>
<building_sets record_uuid="{78b149f0-e553-4ca7-9628-1eb94bc988d2}" record_timestamp="1499351844892" record_key="wh2_main_set_lizardmen_defence">
<colour_b>47</colour_b>
<colour_g>73</colour_g>
<colour_r>91</colour_r>
<icon>UI/Buildings/Icons/lizardmen_cat_defence.png</icon>
<key>wh2_main_set_lizardmen_defence</key>
<onscreen_description state="APPROVED" last_approved_text="Use powerful arcane wardings to defend settlements against foolish trespassers." last_edit_user="bob">Use powerful arcane wardings to defend settlements against foolish trespassers.</onscreen_description>
<onscreen_name state="APPROVED" last_approved_text="Defence" last_edit_user="bob">Defence</onscreen_name>
<sort_order>6</sort_order>
</building_sets>
<building_sets record_uuid="{bb539f74-0924-4b78-98b8-64f63b9639c4}" record_timestamp="1499351844930" record_key="wh2_main_set_lizardmen_infrastructure">
<colour_b>57</colour_b>
<colour_g>71</colour_g>
<colour_r>62</colour_r>
<icon>UI/Buildings/Icons/lizardmen_cat_civic.png</icon>
<key>wh2_main_set_lizardmen_infrastructure</key>
<onscreen_description state="APPROVED" last_approved_text="Temple-cities thrive when economic and industrial factors are improved." last_edit_user="bob">Temple-cities thrive when economic and industrial factors are improved.</onscreen_description>
<onscreen_name state="APPROVED" last_approved_text="Infrastructure" last_edit_user="bob">Infrastructure</onscreen_name>
<sort_order>7</sort_order>
</building_sets>
<building_sets record_uuid="{388090e1-b959-46af-a6fc-71205314ddc8}" record_timestamp="1499351844815" record_key="wh2_main_set_lizardmen_military_recruitment">
<colour_b>20</colour_b>
<colour_g>20</colour_g>
<colour_r>120</colour_r>
<icon>UI/Buildings/Icons/lizardmen_cat_recruitment.png</icon>
<key>wh2_main_set_lizardmen_military_recruitment</key>
<onscreen_description state="APPROVED" last_approved_text="Increase the temperature in the spawning pools, agitate primordial ooze, and grow fresh warriors." last_edit_user="bob">Increase the temperature in the spawning pools, agitate primordial ooze, and grow fresh warriors.</onscreen_description>
<onscreen_name state="APPROVED" last_approved_text="Basic Military" last_edit_user="bob">Basic Military</onscreen_name>
<sort_order>4</sort_order>
</building_sets>
<building_sets record_uuid="{0a01ec05-2662-4757-9e8c-344a7c2d44a2}" record_timestamp="1499351844854" record_key="wh2_main_set_lizardmen_military_support">
<colour_b>88</colour_b>
<colour_g>65</colour_g>
<colour_r>75</colour_r>
<icon>UI/Buildings/Icons/lizardmen_cat_support.png</icon>
<key>wh2_main_set_lizardmen_military_support</key>
<onscreen_description state="APPROVED" last_approved_text="Gain support of the Old One Cults to enhance the potency of your warrior cohorts." last_edit_user="bob">Gain support of the Old One Cults to enhance the potency of your warrior cohorts.</onscreen_description>
<onscreen_name state="APPROVED" last_approved_text="Advanced Military" last_edit_user="bob">Advanced Military</onscreen_name>
<sort_order>5</sort_order>
</building_sets>
<building_sets record_uuid="{266df1f0-ab62-4343-a4d2-ecab30cdb355}" record_timestamp="1499351845748" record_key="wh2_main_set_lizardmen_port">
<colour_b>81</colour_b>
<colour_g>69</colour_g>
<colour_r>53</colour_r>
<icon>placeholder</icon>
<key>wh2_main_set_lizardmen_port</key>
<onscreen_description state="APPROVED" last_approved_text="Where rarely-seen Saurian vessels may dock, facilitating trade with faraway factions." last_edit_user="bob">Where rarely-seen Saurian vessels may dock, facilitating trade with faraway factions.</onscreen_description>
<onscreen_name state="APPROVED" last_approved_text="Port" last_edit_user="bob">Port</onscreen_name>
<sort_order>1</sort_order>
</building_sets>
<building_sets record_uuid="{3ba9fbbe-49e3-4514-8786-2ad7f5977613}" record_timestamp="1499351844978" record_key="wh2_main_set_lizardmen_star_chamber">
<colour_b>255</colour_b>
<colour_g>255</colour_g>
<colour_r>255</colour_r>
<icon>placeholder</icon>
<key>wh2_main_set_lizardmen_star_chamber</key>
<onscreen_description state="APPROVED" last_approved_text="[HIDDEN]" last_edit_user="bob">[HIDDEN]</onscreen_description>
<onscreen_name state="APPROVED" last_approved_text="[HIDDEN]" last_edit_user="bob">[HIDDEN]</onscreen_name>
<sort_order>0</sort_order>
</building_sets>
<building_sets record_uuid="{7a6c03c5-3d9b-424a-9ede-f1eb850ba943}" record_timestamp="1488881776451" record_key="wh2_main_set_lizardmen_temples">
<colour_b>255</colour_b>
<colour_g>255</colour_g>
<colour_r>255</colour_r>
<icon>placeholder</icon>
<key>wh2_main_set_lizardmen_temples</key>
<onscreen_description state="APPROVED" last_approved_text="[HIDDEN]" last_edit_user="bob">[HIDDEN]</onscreen_description>
<onscreen_name state="APPROVED" last_approved_text="[HIDDEN]" last_edit_user="bob">[HIDDEN]</onscreen_name>
<sort_order>0</sort_order>
</building_sets>
<building_sets record_uuid="{b6318390-e975-4279-8046-a82186bcd60b}" record_timestamp="1499351845519" record_key="wh2_main_set_newhorde_def">
<colour_b>255</colour_b>
<colour_g>255</colour_g>
<colour_r>255</colour_r>
<icon>placeholder</icon>
<key>wh2_main_set_newhorde_def</key>
<onscreen_description state="APPROVED" last_approved_text="[HIDDEN]" last_edit_user="bob">[HIDDEN]</onscreen_description>
<onscreen_name state="APPROVED" last_approved_text="[HIDDEN]" last_edit_user="bob">[HIDDEN]</onscreen_name>
<sort_order>0</sort_order>
</building_sets>
<building_sets record_uuid="{891dbfaa-f6fa-4f34-a400-a8a5d1a42f2d}" record_timestamp="1499351845557" record_key="wh2_main_set_newhorde_rogue">
<colour_b>255</colour_b>
<colour_g>255</colour_g>
<colour_r>255</colour_r>
<icon>placeholder</icon>
<key>wh2_main_set_newhorde_rogue</key>
<onscreen_description state="APPROVED" last_approved_text="[HIDDEN]" last_edit_user="bob">[HIDDEN]</onscreen_description>
<onscreen_name state="APPROVED" last_approved_text="[HIDDEN]" last_edit_user="bob">[HIDDEN]</onscreen_name>
<sort_order>0</sort_order>
</building_sets>
<building_sets record_uuid="{beb7e4be-d002-4613-aaa7-537fe7307219}" record_timestamp="1499356857190" record_key="wh2_main_set_resource">
<colour_b>0</colour_b>
<colour_g>30</colour_g>
<colour_r>85</colour_r>
<icon>UI/Buildings/Icons/empire_cat_resource.png</icon>
<key>wh2_main_set_resource</key>
<onscreen_description state="APPROVED" last_approved_text="A region’s natural resources can be harnessed and put to good use by its controlling faction, for the benefit of… well, the few, mainly." last_edit_user="bob">A region’s natural resources can be harnessed and put to good use by its controlling faction, for the benefit of… well, the few, mainly.</onscreen_description>
<onscreen_name state="APPROVED" last_approved_text="Resource" last_edit_user="bob">Resource</onscreen_name>
<sort_order>3</sort_order>
</building_sets>
<building_sets record_uuid="{2bc18ca1-9998-4438-83d8-ced0a9cd6b9e}" record_timestamp="1499356857236" record_key="wh2_main_set_rogue_settlement_horde">
<colour_b>56</colour_b>
<colour_g>61</colour_g>
<colour_r>62</colour_r>
<icon>placeholder</icon>
<key>wh2_main_set_rogue_settlement_horde</key>
<onscreen_description state="APPROVED" last_approved_text="A travelling band of soldiers, in thrall to no-one. Coin is their liege." last_edit_user="bob">A travelling band of soldiers, in thrall to no-one. Coin is their liege.</onscreen_description>
<onscreen_name state="APPROVED" last_approved_text="Horde Encampment" last_edit_user="bob">Horde Encampment</onscreen_name>
<sort_order>0</sort_order>
</building_sets>
<building_sets record_uuid="{6c7b9832-25a8-4963-8b8c-b0fbe3b5dd88}" record_timestamp="1499351845404" record_key="wh2_main_set_skaven_defence">
<colour_b>47</colour_b>
<colour_g>73</colour_g>
<colour_r>91</colour_r>
<icon>UI/Buildings/Icons/skaven_cat_defence.png</icon>
<key>wh2_main_set_skaven_defence</key>
<onscreen_description state="APPROVED" last_approved_text="Protect the warrens from enemy clans and over-grounders alike." last_edit_user="bob">Protect the warrens from enemy clans and over-grounders alike.</onscreen_description>
<onscreen_name state="APPROVED" last_approved_text="Defence" last_edit_user="bob">Defence</onscreen_name>
<sort_order>6</sort_order>
</building_sets>
<building_sets record_uuid="{69a2b58a-4a8c-4782-b500-d3a70e4a659f}" record_timestamp="1499351845442" record_key="wh2_main_set_skaven_infrastructure">
<colour_b>57</colour_b>
<colour_g>71</colour_g>
<colour_r>62</colour_r>
<icon>UI/Buildings/Icons/skaven_cat_civic.png</icon>
<key>wh2_main_set_skaven_infrastructure</key>
<onscreen_description state="APPROVED" last_approved_text="The economy of the Under-Empire is burgeoning with winners and losers - ensure you are a winner." last_edit_user="bob">The economy of the Under-Empire is burgeoning with winners and losers - ensure you are a winner.</onscreen_description>
<onscreen_name state="APPROVED" last_approved_text="Infrastructure" last_edit_user="bob">Infrastructure</onscreen_name>
<sort_order>7</sort_order>
</building_sets>
<building_sets record_uuid="{04dd85cc-457f-4286-9734-e1ab4abb1cb9}" record_timestamp="1499356857283" record_key="wh2_main_set_skaven_military_recruitment">
<colour_b>20</colour_b>
<colour_g>20</colour_g>
<colour_r>120</colour_r>
<icon>UI/Buildings/Icons/skaven_cat_recruitment.png</icon>
<key>wh2_main_set_skaven_military_recruitment</key>
<onscreen_description state="APPROVED" last_approved_text="Subjugate and cajole the clan’s warriors into your own hordes." last_edit_user="bob">Subjugate and cajole the clan’s warriors into your own hordes.</onscreen_description>
<onscreen_name state="APPROVED" last_approved_text="Basic Military" last_edit_user="bob">Basic Military</onscreen_name>
<sort_order>4</sort_order>
</building_sets>
<building_sets record_uuid="{d0aca6d1-a5e8-465c-a4b6-17b37e93cf0c}" record_timestamp="1499351845365" record_key="wh2_main_set_skaven_military_support">
<colour_b>88</colour_b>
<colour_g>65</colour_g>
<colour_r>75</colour_r>
<icon>UI/Buildings/Icons/skaven_cat_support.png</icon>
<key>wh2_main_set_skaven_military_support</key>
<onscreen_description state="APPROVED" last_approved_text="Lure and barter with the Greater Clans to make use of the Under-Empire’s many threats." last_edit_user="bob">Lure and barter with the Greater Clans to make use of the Under-Empire’s many threats.</onscreen_description>
<onscreen_name state="APPROVED" last_approved_text="Advanced Military" last_edit_user="bob">Advanced Military</onscreen_name>
<sort_order>5</sort_order>
</building_sets>
<building_sets record_uuid="{b113d56a-457f-4b7c-ba0c-ab8264585622}" record_timestamp="1499351845481" record_key="wh2_main_set_skaven_plague">
<colour_b>255</colour_b>
<colour_g>255</colour_g>
<colour_r>255</colour_r>
<icon>placeholder</icon>
<key>wh2_main_set_skaven_plague</key>
<onscreen_description state="APPROVED" last_approved_text="[HIDDEN]" last_edit_user="bob">[HIDDEN]</onscreen_description>
<onscreen_name state="APPROVED" last_approved_text="[HIDDEN]" last_edit_user="bob">[HIDDEN]</onscreen_name>
<sort_order>0</sort_order>
</building_sets>
<building_sets record_uuid="{35037678-924a-4d7d-bdd1-c231452777b9}" record_timestamp="1499351845672" record_key="wh2_main_set_skaven_port">
<colour_b>81</colour_b>
<colour_g>69</colour_g>
<colour_r>53</colour_r>
<icon>placeholder</icon>
<key>wh2_main_set_skaven_port</key>
<onscreen_description state="APPROVED" last_approved_text="The hidden nest-ports are berths for slave hulks - bringing in trade and wealth - and the sea-clans’ deadly vessels." last_edit_user="bob">The hidden nest-ports are berths for slave hulks - bringing in trade and wealth - and the sea-clans’ deadly vessels.</onscreen_description>
<onscreen_name state="APPROVED" last_approved_text="Port" last_edit_user="bob">Port</onscreen_name>
<sort_order>1</sort_order>
</building_sets>
<building_sets record_uuid="{8f338281-49dc-4c99-9583-d091d234afd0}" record_timestamp="1475858259567" record_key="wh_dlc03_set_beastmen_economy">
<colour_b>47</colour_b>
<colour_g>73</colour_g>
<colour_r>91</colour_r>
<icon>UI/Buildings/Icons/beastmen_cat_civic.png</icon>
<key>wh_dlc03_set_beastmen_economy</key>
<onscreen_description state="APPROVED" last_approved_text="Supportive structures for your warherd." last_edit_user="bob">Supportive structures for your warherd.</onscreen_description>
<onscreen_name state="APPROVED" last_approved_text="Support" last_edit_user="bob">Support</onscreen_name>
<sort_order>5</sort_order>
</building_sets>
<building_sets record_uuid="{b5427959-1e67-4cfe-8b86-fdb4466f0344}" record_timestamp="1475858259567" record_key="wh_dlc03_set_beastmen_military_recruitment">
<colour_b>52</colour_b>
<colour_g>57</colour_g>
<colour_r>101</colour_r>
<icon>UI/Buildings/Icons/beastmen_cat_recruitment.png</icon>
<key>wh_dlc03_set_beastmen_military_recruitment</key>
<onscreen_description state="APPROVED" last_approved_text="Facilitates the recruitment of basic troops essential to any Beastmen warherd." last_edit_user="bob">Facilitates the recruitment of basic troops essential to any Beastmen warherd.</onscreen_description>
<onscreen_name state="APPROVED" last_approved_text="Basic Military Recruitment" last_edit_user="bob">Basic Military Recruitment</onscreen_name>
<sort_order>2</sort_order>
</building_sets>
<building_sets record_uuid="{016951b4-5a6f-4e8b-8f93-1b7916d51c6b}" record_timestamp="1475858259567" record_key="wh_dlc03_set_beastmen_military_support">
<colour_b>88</colour_b>
<colour_g>65</colour_g>
<colour_r>75</colour_r>
<icon>UI/Buildings/Icons/beastmen_cat_support.png</icon>
<key>wh_dlc03_set_beastmen_military_support</key>
<onscreen_description state="APPROVED" last_approved_text="Recruit advanced units to join your warherd." last_edit_user="bob">Recruit advanced units to join your warherd.</onscreen_description>
<onscreen_name state="APPROVED" last_approved_text="Advanced Military Recruitment" last_edit_user="bob">Advanced Military Recruitment</onscreen_name>
<sort_order>3</sort_order>
</building_sets>
<building_sets record_uuid="{fa7f132f-96af-4c30-9371-9c09dd1dae15}" record_timestamp="1463132543511" record_key="wh_dlc03_set_beastmen_settlement_horde">
<colour_b>56</colour_b>
<colour_g>61</colour_g>
<colour_r>62</colour_r>
<icon>placeholder</icon>
<key>wh_dlc03_set_beastmen_settlement_horde</key>
<onscreen_description state="APPROVED" last_approved_text="A travelling warherd's camp." last_edit_user="bob">A travelling warherd's camp.</onscreen_description>
<onscreen_name state="APPROVED" last_approved_text="Horde Encampment" last_edit_user="bob">Horde Encampment</onscreen_name>
<sort_order>0</sort_order>
</building_sets>
<building_sets record_uuid="{17f80063-2335-4ead-8b54-9558f862e404}" record_timestamp="1482333699321" record_key="wh_dlc03_set_newhorde_beastmen">
<colour_b>255</colour_b>
<colour_g>255</colour_g>
<colour_r>255</colour_r>
<icon>placeholder</icon>
<key>wh_dlc03_set_newhorde_beastmen</key>
<onscreen_description state="APPROVED" last_approved_text=" " last_edit_user="bob"> </onscreen_description>
<onscreen_name state="APPROVED" last_approved_text="[HIDDEN]" last_edit_user="bob">[HIDDEN]</onscreen_name>
<sort_order>0</sort_order>
</building_sets>
<building_sets record_uuid="{f924688e-628c-4574-b031-33c8821854ce}" record_timestamp="1482333699317" record_key="wh_dlc05_set_woodelves_defence">
<colour_b>47</colour_b>
<colour_g>73</colour_g>
<colour_r>91</colour_r>
<icon>UI/Buildings/Icons/wood_elves_cat_defence.png</icon>
<key>wh_dlc05_set_woodelves_defence</key>
<onscreen_description state="APPROVED" last_approved_text=" " last_edit_user="bob"> </onscreen_description>
<onscreen_name state="APPROVED" last_approved_text="Defence" last_edit_user="bob">Defence</onscreen_name>
<sort_order>4</sort_order>
</building_sets>
<building_sets record_uuid="{ee354e68-12f4-4364-98c4-e30efa3be3d1}" record_timestamp="1482333699318" record_key="wh_dlc05_set_woodelves_economy">
<colour_b>57</colour_b>
<colour_g>71</colour_g>
<colour_r>62</colour_r>
<icon>UI/Buildings/Icons/wood_elves_cat_civic.png</icon>
<key>wh_dlc05_set_woodelves_economy</key>
<onscreen_description state="APPROVED" last_approved_text=" " last_edit_user="bob"> </onscreen_description>
<onscreen_name state="APPROVED" last_approved_text="Infrastructure" last_edit_user="bob">Infrastructure</onscreen_name>
<sort_order>5</sort_order>
</building_sets>
<building_sets record_uuid="{decc61d4-b1e3-4061-819d-2167af0181b8}" record_timestamp="1482333699319" record_key="wh_dlc05_set_woodelves_military_recruitment">
<colour_b>52</colour_b>
<colour_g>57</colour_g>
<colour_r>101</colour_r>
<icon>UI/Buildings/Icons/wood_elves_cat_recruitment.png</icon>
<key>wh_dlc05_set_woodelves_military_recruitment</key>
<onscreen_description state="APPROVED" last_approved_text=" " last_edit_user="bob"> </onscreen_description>
<onscreen_name state="APPROVED" last_approved_text="Military Recruitment" last_edit_user="bob">Military Recruitment</onscreen_name>
<sort_order>2</sort_order>
</building_sets>
<building_sets record_uuid="{063d08db-b718-4fbc-8e6a-07fa402f5aa9}" record_timestamp="1482333699319" record_key="wh_dlc05_set_woodelves_military_support">
<colour_b>88</colour_b>
<colour_g>65</colour_g>
<colour_r>75</colour_r>
<icon>UI/Buildings/Icons/wood_elves_cat_support.png</icon>
<key>wh_dlc05_set_woodelves_military_support</key>
<onscreen_description state="APPROVED" last_approved_text=" " last_edit_user="bob"> </onscreen_description>
<onscreen_name state="APPROVED" last_approved_text="Military Support" last_edit_user="bob">Military Support</onscreen_name>
<sort_order>3</sort_order>
</building_sets>
<building_sets record_uuid="{97b3ed2d-fd97-4851-ac0f-388c3db51609}" record_timestamp="1493898472874" record_key="wh_dlc05_set_woodelves_offices">
<colour_b>100</colour_b>
<colour_g>160</colour_g>
<colour_r>100</colour_r>
<icon>UI/Buildings/Icons/wood_elves_cat_office.png</icon>
<key>wh_dlc05_set_woodelves_offices</key>
<onscreen_description state="APPROVED" last_approved_text=" " last_edit_user="bob"> </onscreen_description>
<onscreen_name state="APPROVED" last_approved_text="Athel Loren" last_edit_user="bob">Athel Loren</onscreen_name>
<sort_order>1</sort_order>
</building_sets>
<building_sets record_uuid="{21f3e642-b02a-45b5-9219-3377bee1e2e8}" record_timestamp="1493898474740" record_key="wh_dlc05_set_woodelves_temples">
<colour_b>180</colour_b>
<colour_g>180</colour_g>
<colour_r>180</colour_r>
<icon>UI/Buildings/Icons/wood_elves_cat_temple.png</icon>
<key>wh_dlc05_set_woodelves_temples</key>
<onscreen_description state="APPROVED" last_approved_text=" " last_edit_user="bob"> </onscreen_description>
<onscreen_name state="APPROVED" last_approved_text="Temples" last_edit_user="bob">Temples</onscreen_name>
<sort_order>6</sort_order>
</building_sets>
<building_sets record_uuid="{b5321f04-f8cb-4e01-b3bb-c068eda3395f}" record_timestamp="1488516529400" record_key="wh_main_set_bretonnia_legendary">
<colour_b>180</colour_b>
<colour_g>180</colour_g>
<colour_r>180</colour_r>
<icon>UI/Buildings/Icons/bretonnia_cat_legendary.png</icon>
<key>wh_main_set_bretonnia_legendary</key>
<onscreen_description state="APPROVED" last_approved_text=" " last_edit_user="bob"> </onscreen_description>
<onscreen_name state="APPROVED" last_approved_text="Legendary" last_edit_user="bob">Legendary</onscreen_name>
<sort_order>9</sort_order>
</building_sets>
<building_sets record_uuid="{58fc3e62-72c4-4a60-b12c-4354cf5a26d2}" record_timestamp="1482333699322" record_key="wh_main_set_chaos_defence">
<colour_b>47</colour_b>
<colour_g>73</colour_g>
<colour_r>91</colour_r>
<icon>UI/Buildings/Icons/empire_cat_defence.png</icon>
<key>wh_main_set_chaos_defence</key>
<onscreen_description state="APPROVED" last_approved_text=" " last_edit_user="bob"> </onscreen_description>
<onscreen_name state="APPROVED" last_approved_text="Defence" last_edit_user="bob">Defence</onscreen_name>
<sort_order>4</sort_order>
</building_sets>
<building_sets record_uuid="{b8eceec0-94b4-46e3-b9fa-a278bf341c0e}" record_timestamp="1482333699322" record_key="wh_main_set_chaos_economy">
<colour_b>57</colour_b>
<colour_g>71</colour_g>
<colour_r>62</colour_r>
<icon>UI/Buildings/Icons/empire_cat_civic.png</icon>
<key>wh_main_set_chaos_economy</key>
<onscreen_description state="APPROVED" last_approved_text=" " last_edit_user="bob"> </onscreen_description>
<onscreen_name state="APPROVED" last_approved_text="Economy" last_edit_user="bob">Economy</onscreen_name>
<sort_order>5</sort_order>
</building_sets>
<building_sets record_uuid="{fc04cecd-fd93-4e39-85ff-0681d01c7caf}" record_timestamp="1475858259567" record_key="wh_main_set_chaos_military_recuitment">
<colour_b>52</colour_b>
<colour_g>57</colour_g>
<colour_r>101</colour_r>
<icon>UI/Buildings/Icons/chaos_cat_recruitment.png</icon>
<key>wh_main_set_chaos_military_recuitment</key>
<onscreen_description state="APPROVED" last_approved_text="Facilitates the recruitment of basic troops essential to any Chaos host." last_edit_user="bob">Facilitates the recruitment of basic troops essential to any Chaos host.</onscreen_description>
<onscreen_name state="APPROVED" last_approved_text="Basic Military Recruitment" last_edit_user="bob">Basic Military Recruitment</onscreen_name>
<sort_order>2</sort_order>
</building_sets>
<building_sets record_uuid="{30fe9e95-5b66-488e-9a71-f84844289930}" record_timestamp="1475858259567" record_key="wh_main_set_chaos_military_support">
<colour_b>88</colour_b>
<colour_g>65</colour_g>
<colour_r>75</colour_r>
<icon>UI/Buildings/Icons/chaos_cat_support.png</icon>
<key>wh_main_set_chaos_military_support</key>
<onscreen_description state="APPROVED" last_approved_text="Recruit advanced units to join your host." last_edit_user="bob">Recruit advanced units to join your host.</onscreen_description>
<onscreen_name state="APPROVED" last_approved_text="Advanced Military Recruitment" last_edit_user="bob">Advanced Military Recruitment</onscreen_name>
<sort_order>3</sort_order>
</building_sets>
<building_sets record_uuid="{654274b7-424b-43f2-96a9-cb808d4fa7f1}" record_timestamp="1482333699323" record_key="wh_main_set_defence">
<colour_b>47</colour_b>
<colour_g>73</colour_g>
<colour_r>91</colour_r>
<icon>UI/Buildings/Icons/empire_cat_defence.png</icon>
<key>wh_main_set_defence</key>
<onscreen_description state="APPROVED" last_approved_text=" " last_edit_user="bob"> </onscreen_description>
<onscreen_name state="APPROVED" last_approved_text="Defence" last_edit_user="bob">Defence</onscreen_name>
<sort_order>6</sort_order>
</building_sets>
<building_sets record_uuid="{478f47d4-758e-4177-b3b1-39834b035e2b}" record_timestamp="1484670779826" record_key="wh_main_set_dwarf_defence">
<colour_b>47</colour_b>
<colour_g>73</colour_g>
<colour_r>91</colour_r>
<icon>UI/Buildings/Icons/dwarf_cat_defence.png</icon>
<key>wh_main_set_dwarf_defence</key>
<onscreen_description state="APPROVED" last_approved_text="A solid gate or stout garrison keeps the invaders out." last_edit_user="bob">A solid gate or stout garrison keeps the invaders out.</onscreen_description>
<onscreen_name state="APPROVED" last_approved_text="Defence" last_edit_user="bob">Defence</onscreen_name>
<sort_order>6</sort_order>
</building_sets>
<building_sets record_uuid="{524d36fc-f55f-4a71-93ef-7cdb2a112b07}" record_timestamp="1484670779873" record_key="wh_main_set_dwarf_economy">
<colour_b>57</colour_b>
<colour_g>71</colour_g>
<colour_r>62</colour_r>
<icon>UI/Buildings/Icons/dwarf_cat_civic.png</icon>
<key>wh_main_set_dwarf_economy</key>
<onscreen_description state="APPROVED" last_approved_text="Industry and infrastructure are the backbone of every successful Dwarfhold." last_edit_user="bob">Industry and infrastructure are the backbone of every successful Dwarfhold.</onscreen_description>
<onscreen_name state="APPROVED" last_approved_text="Infrastructure" last_edit_user="bob">Infrastructure</onscreen_name>
<sort_order>7</sort_order>
</building_sets>
<building_sets record_uuid="{9b338ce3-bdfe-4dc3-8f0f-520dd453b9f4}" record_timestamp="1484762426594" record_key="wh_main_set_dwarf_military_recruitment">
<colour_b>20</colour_b>
<colour_g>20</colour_g>
<colour_r>120</colour_r>
<icon>UI/Buildings/Icons/dwarf_cat_recruitment.png</icon>
<key>wh_main_set_dwarf_military_recruitment</key>
<onscreen_description state="APPROVED" last_approved_text="Recruit Dwarf infantry and forge powerful artillery." last_edit_user="bob">Recruit Dwarf infantry and forge powerful artillery.</onscreen_description>
<onscreen_name state="APPROVED" last_approved_text="Military Recruitment" last_edit_user="bob">Military Recruitment</onscreen_name>
<sort_order>4</sort_order>
</building_sets>
<building_sets record_uuid="{14bc0913-0ac7-4b80-b844-43523e6e36c6}" record_timestamp="1484670779778" record_key="wh_main_set_dwarf_military_support">
<colour_b>88</colour_b>
<colour_g>65</colour_g>
<colour_r>75</colour_r>
<icon>UI/Buildings/Icons/dwarf_cat_support.png</icon>
<key>wh_main_set_dwarf_military_support</key>
<onscreen_description state="APPROVED" last_approved_text="Halls belonging to various organisations that bolster the throngs." last_edit_user="bob">Halls belonging to various organisations that bolster the throngs.</onscreen_description>
<onscreen_name state="APPROVED" last_approved_text="Military Support" last_edit_user="bob">Military Support</onscreen_name>
<sort_order>5</sort_order>
</building_sets>
<building_sets record_uuid="{79b2bab8-8ec5-495a-b878-cc11c099954d}" record_timestamp="1482333699308" record_key="wh_main_set_economy">
<colour_b>57</colour_b>
<colour_g>71</colour_g>
<colour_r>62</colour_r>
<icon>UI/Buildings/Icons/empire_cat_civic.png</icon>
<key>wh_main_set_economy</key>
<onscreen_description state="APPROVED" last_approved_text=" " last_edit_user="bob"> </onscreen_description>
<onscreen_name state="APPROVED" last_approved_text="Economy" last_edit_user="bob">Economy</onscreen_name>
<sort_order>7</sort_order>
</building_sets>
<building_sets record_uuid="{bbed8cef-3ebe-475a-a08f-5af683bf6737}" record_timestamp="1475858259568" record_key="wh_main_set_empire_defence">
<colour_b>47</colour_b>
<colour_g>73</colour_g>
<colour_r>91</colour_r>
<icon>UI/Buildings/Icons/empire_cat_defence.png</icon>
<key>wh_main_set_empire_defence</key>
<onscreen_description state="APPROVED" last_approved_text="Towers and garrisons to defend the city against invaders." last_edit_user="bob">Towers and garrisons to defend the city against invaders.</onscreen_description>
<onscreen_name state="APPROVED" last_approved_text="Defence" last_edit_user="bob">Defence</onscreen_name>
<sort_order>6</sort_order>
</building_sets>
<building_sets record_uuid="{3b36250c-9cf6-43b5-9931-4c7ad74c2683}" record_timestamp="1475858259568" record_key="wh_main_set_empire_economy">
<colour_b>57</colour_b>
<colour_g>71</colour_g>
<colour_r>62</colour_r>
<icon>UI/Buildings/Icons/empire_cat_civic.png</icon>
<key>wh_main_set_empire_economy</key>
<onscreen_description state="APPROVED" last_approved_text="Even in times of war, industry and infrastructure will always be required." last_edit_user="bob">Even in times of war, industry and infrastructure will always be required.</onscreen_description>
<onscreen_name state="APPROVED" last_approved_text="Infrastructure" last_edit_user="bob">Infrastructure</onscreen_name>
<sort_order>7</sort_order>
</building_sets>
<building_sets record_uuid="{ec3c422f-d5c5-4b57-8b81-e6d4395f8e7d}" record_timestamp="1488574865559" record_key="wh_main_set_empire_military_recruitment">
<colour_b>20</colour_b>
<colour_g>20</colour_g>
<colour_r>120</colour_r>
<icon>UI/Buildings/Icons/empire_cat_recruitment.png</icon>
<key>wh_main_set_empire_military_recruitment</key>
<onscreen_description state="APPROVED" last_approved_text="{{tr:building_set_military_recruitment}}" last_edit_user="bob">{{tr:building_set_military_recruitment}}</onscreen_description>
<onscreen_name state="APPROVED" last_approved_text="Military Recruitment" last_edit_user="bob">Military Recruitment</onscreen_name>
<sort_order>4</sort_order>
</building_sets>
<building_sets record_uuid="{02a5f26a-d346-4d29-9b26-9dbef5b538d7}" record_timestamp="1475858259568" record_key="wh_main_set_empire_military_support">
<colour_b>88</colour_b>
<colour_g>65</colour_g>
<colour_r>75</colour_r>
<icon>UI/Buildings/Icons/empire_cat_support.png</icon>
<key>wh_main_set_empire_military_support</key>
<onscreen_description state="APPROVED" last_approved_text="Improve the quality of your units and recruit mighty [[img:icon_hero]][[/img]]Heroes to bolster your armies." last_edit_user="bob">Improve the quality of your units and recruit mighty [[img:icon_hero]][[/img]]Heroes to bolster your armies.</onscreen_description>
<onscreen_name state="APPROVED" last_approved_text="Military Support" last_edit_user="bob">Military Support</onscreen_name>
<sort_order>5</sort_order>
</building_sets>
<building_sets record_uuid="{d9af2aeb-edc8-4b93-97ce-5c106cc84218}" record_timestamp="1482333699323" record_key="wh_main_set_empire_wizards">
<colour_b>255</colour_b>
<colour_g>255</colour_g>
<colour_r>255</colour_r>
<icon>placeholder</icon>
<key>wh_main_set_empire_wizards</key>
<onscreen_description state="APPROVED" last_approved_text=" " last_edit_user="bob"> </onscreen_description>
<onscreen_name state="APPROVED" last_approved_text="[HIDDEN]" last_edit_user="bob">[HIDDEN]</onscreen_name>
<sort_order>0</sort_order>
</building_sets>
<building_sets record_uuid="{4e33a1d6-1ea2-42cb-8a25-4ccd7142191b}" record_timestamp="1484670780023" record_key="wh_main_set_greenskin_defence">
<colour_b>47</colour_b>
<colour_g>73</colour_g>
<colour_r>91</colour_r>
<icon>UI/Buildings/Icons/greenskins_cat_defence.png</icon>
<key>wh_main_set_greenskin_defence</key>
<onscreen_description state="APPROVED" last_approved_text="Good for keepin' da enemy gits off our turf!" last_edit_user="bob">Good for keepin' da enemy gits off our turf!</onscreen_description>
<onscreen_name state="APPROVED" last_approved_text="Defence" last_edit_user="bob">Defence</onscreen_name>
<sort_order>6</sort_order>
</building_sets>
<building_sets record_uuid="{4dea3c5a-f82e-4f1c-bcc0-910d074cf602}" record_timestamp="1484670780071" record_key="wh_main_set_greenskin_economy">
<colour_b>57</colour_b>
<colour_g>71</colour_g>
<colour_r>62</colour_r>
<icon>UI/Buildings/Icons/greenskins_cat_civic.png</icon>
<key>wh_main_set_greenskin_economy</key>
<onscreen_description state="APPROVED" last_approved_text="Da thingz dat generate shiny stuff 'n keep da grubs under control." last_edit_user="bob">Da thingz dat generate shiny stuff 'n keep da grubs under control.</onscreen_description>
<onscreen_name state="APPROVED" last_approved_text="Infrastructure" last_edit_user="bob">Infrastructure</onscreen_name>
<sort_order>7</sort_order>
</building_sets>
<building_sets record_uuid="{57322270-3f22-4171-84f7-d1e2093640be}" record_timestamp="1484762426837" record_key="wh_main_set_greenskin_military_recruitment">
<colour_b>20</colour_b>
<colour_g>20</colour_g>
<colour_r>120</colour_r>
<icon>UI/Buildings/Icons/greenskins_cat_recruitment.png</icon>
<key>wh_main_set_greenskin_military_recruitment</key>
<onscreen_description state="APPROVED" last_approved_text="Get yer Orc and Goblin units 'ere!" last_edit_user="bob">Get yer Orc and Goblin units 'ere!</onscreen_description>
<onscreen_name state="APPROVED" last_approved_text="Military Recruitment" last_edit_user="bob">Military Recruitment</onscreen_name>
<sort_order>4</sort_order>
</building_sets>
<building_sets record_uuid="{90a9c84a-b54e-46d3-9166-5ac3660500d2}" record_timestamp="1484670779973" record_key="wh_main_set_greenskin_military_support">
<colour_b>88</colour_b>
<colour_g>65</colour_g>
<colour_r>75</colour_r>
<icon>UI/Buildings/Icons/greenskins_cat_support.png</icon>
<key>wh_main_set_greenskin_military_support</key>
<onscreen_description state="APPROVED" last_approved_text="All da borin' stuff dat makes our boyz betta!" last_edit_user="bob">All da borin' stuff dat makes our boyz betta!</onscreen_description>
<onscreen_name state="APPROVED" last_approved_text="Military Support" last_edit_user="bob">Military Support</onscreen_name>
<sort_order>5</sort_order>
</building_sets>
<building_sets record_uuid="{45583a72-f52f-42a6-8d0d-a77af44783a1}" record_timestamp="1482333699325" record_key="wh_main_set_military_recruitment">
<colour_b>52</colour_b>
<colour_g>57</colour_g>
<colour_r>101</colour_r>
<icon>UI/Buildings/Icons/empire_cat_recruitment.png</icon>
<key>wh_main_set_military_recruitment</key>
<onscreen_description state="APPROVED" last_approved_text=" " last_edit_user="bob"> </onscreen_description>
<onscreen_name state="APPROVED" last_approved_text="Military Recruitment" last_edit_user="bob">Military Recruitment</onscreen_name>
<sort_order>4</sort_order>
</building_sets>
<building_sets record_uuid="{abc5e0d7-2d97-4985-a186-5fa8326c1e01}" record_timestamp="1482333699325" record_key="wh_main_set_military_support">
<colour_b>88</colour_b>
<colour_g>65</colour_g>
<colour_r>75</colour_r>
<icon>UI/Buildings/Icons/empire_cat_support.png</icon>
<key>wh_main_set_military_support</key>
<onscreen_description state="APPROVED" last_approved_text=" " last_edit_user="bob"> </onscreen_description>
<onscreen_name state="APPROVED" last_approved_text="Military Support" last_edit_user="bob">Military Support</onscreen_name>
<sort_order>5</sort_order>
</building_sets>
<building_sets record_uuid="{58389d3a-e6e1-456b-9f14-7fad7f908ccc}" record_timestamp="1499351845633" record_key="wh_main_set_newhorde_chaos">
<colour_b>255</colour_b>
<colour_g>255</colour_g>
<colour_r>255</colour_r>
<icon>placeholder</icon>
<key>wh_main_set_newhorde_chaos</key>
<onscreen_description state="APPROVED" last_approved_text="[HIDDEN]" last_edit_user="bob">[HIDDEN]</onscreen_description>
<onscreen_name state="APPROVED" last_approved_text="[HIDDEN]" last_edit_user="bob">[HIDDEN]</onscreen_name>
<sort_order>0</sort_order>
</building_sets>
<building_sets record_uuid="{356d201a-562a-45c0-8740-5916e1644d28}" record_timestamp="1499351845595" record_key="wh_main_set_newhorde_savage_orcs">
<colour_b>255</colour_b>
<colour_g>255</colour_g>
<colour_r>255</colour_r>
<icon>placeholder</icon>
<key>wh_main_set_newhorde_savage_orcs</key>
<onscreen_description state="APPROVED" last_approved_text="[HIDDEN]" last_edit_user="bob">[HIDDEN]</onscreen_description>
<onscreen_name state="APPROVED" last_approved_text="[HIDDEN]" last_edit_user="bob">[HIDDEN]</onscreen_name>
<sort_order>0</sort_order>
</building_sets>
<building_sets record_uuid="{d94a5375-bbe6-494f-8452-e0511a475c0f}" record_timestamp="1459935069700" record_key="wh_main_set_port">
<colour_b>81</colour_b>
<colour_g>69</colour_g>
<colour_r>53</colour_r>
<icon>placeholder</icon>
<key>wh_main_set_port</key>
<onscreen_description state="APPROVED" last_approved_text="Ports can generate income and growth, along with facilitating trade with factions from afar." last_edit_user="bob">Ports can generate income and growth, along with facilitating trade with factions from afar.</onscreen_description>
<onscreen_name state="APPROVED" last_approved_text="Port" last_edit_user="bob">Port</onscreen_name>
<sort_order>1</sort_order>
</building_sets>
<building_sets record_uuid="{032ef341-99d8-4984-bd48-2c781b4ff7e8}" record_timestamp="1461152264028" record_key="wh_main_set_settlement_horde">
<colour_b>56</colour_b>
<colour_g>61</colour_g>
<colour_r>62</colour_r>
<icon>placeholder</icon>
<key>wh_main_set_settlement_horde</key>
<onscreen_description state="APPROVED" last_approved_text="An encampment of a travelling Warhost." last_edit_user="bob">An encampment of a travelling Warhost.</onscreen_description>
<onscreen_name state="APPROVED" last_approved_text="Horde Encampment" last_edit_user="bob">Horde Encampment</onscreen_name>
<sort_order>0</sort_order>
</building_sets>
<building_sets record_uuid="{67c83b85-d65b-4c84-9565-d507dcda3917}" record_timestamp="1448530321591" record_key="wh_main_set_settlement_major">
<colour_b>56</colour_b>
<colour_g>61</colour_g>
<colour_r>62</colour_r>
<icon>placeholder</icon>
<key>wh_main_set_settlement_major</key>
<onscreen_description state="APPROVED" last_approved_text="A city or stronghold with the potential to grow larger than others in the province." last_edit_user="bob">A city or stronghold with the potential to grow larger than others in the province.</onscreen_description>
<onscreen_name state="APPROVED" last_approved_text="Province Capital" last_edit_user="bob">Province Capital</onscreen_name>
<sort_order>0</sort_order>
</building_sets>
<building_sets record_uuid="{63d18e0b-58b4-4449-a079-f9d4aecdf767}" record_timestamp="1448530321601" record_key="wh_main_set_settlement_minor">
<colour_b>56</colour_b>
<colour_g>61</colour_g>
<colour_r>62</colour_r>
<icon>placeholder</icon>
<key>wh_main_set_settlement_minor</key>
<onscreen_description state="APPROVED" last_approved_text="A minor settlement." last_edit_user="bob">A minor settlement.</onscreen_description>
<onscreen_name state="APPROVED" last_approved_text="Settlement" last_edit_user="bob">Settlement</onscreen_name>
<sort_order>0</sort_order>
</building_sets>
<building_sets record_uuid="{a945ded1-f09e-444b-bdbf-ea7d0e0c0aa9}" record_timestamp="1475858259568" record_key="wh_main_set_vampire_defence">
<colour_b>47</colour_b>
<colour_g>73</colour_g>
<colour_r>91</colour_r>
<icon>UI/Buildings/Icons/vampire_cat_defence.png</icon>
<key>wh_main_set_vampire_defence</key>
<onscreen_description state="APPROVED" last_approved_text="The dead will rise to assail anyone foolish enough to invade these lands." last_edit_user="bob">The dead will rise to assail anyone foolish enough to invade these lands.</onscreen_description>
<onscreen_name state="APPROVED" last_approved_text="Defence" last_edit_user="bob">Defence</onscreen_name>
<sort_order>6</sort_order>
</building_sets>
<building_sets record_uuid="{671094c7-6b48-4c6d-9ce1-608ea6ada030}" record_timestamp="1475858259568" record_key="wh_main_set_vampire_economy">
<colour_b>57</colour_b>
<colour_g>71</colour_g>
<colour_r>62</colour_r>
<icon>UI/Buildings/Icons/vampire_cat_civic.png</icon>
<key>wh_main_set_vampire_economy</key>
<onscreen_description state="APPROVED" last_approved_text="Although in a state of decay, some structures can still be exploited economically." last_edit_user="bob">Although in a state of decay, some structures can still be exploited economically.</onscreen_description>
<onscreen_name state="APPROVED" last_approved_text="Infrastructure" last_edit_user="bob">Infrastructure</onscreen_name>
<sort_order>7</sort_order>
</building_sets>
<building_sets record_uuid="{8dbd7359-6a50-4666-880f-f736ec1a7e12}" record_timestamp="1484762426992" record_key="wh_main_set_vampire_military_recruitment">
<colour_b>20</colour_b>
<colour_g>20</colour_g>
<colour_r>120</colour_r>
<icon>UI/Buildings/Icons/vampire_cat_recruitment.png</icon>
<key>wh_main_set_vampire_military_recruitment</key>
<onscreen_description state="APPROVED" last_approved_text="Accursed places where Undead minions can be pressed into service." last_edit_user="bob">Accursed places where Undead minions can be pressed into service.</onscreen_description>
<onscreen_name state="APPROVED" last_approved_text="Military Recruitment" last_edit_user="bob">Military Recruitment</onscreen_name>
<sort_order>4</sort_order>
</building_sets>
<building_sets record_uuid="{4e0817a5-0338-405c-88fb-fb147100ea45}" record_timestamp="1475858259568" record_key="wh_main_set_vampire_military_support">
<colour_b>88</colour_b>
<colour_g>65</colour_g>
<colour_r>75</colour_r>
<icon>UI/Buildings/Icons/vampire_cat_support.png</icon>
<key>wh_main_set_vampire_military_support</key>
<onscreen_description state="APPROVED" last_approved_text="Supportive structures maintained by mortal underlings and vampires." last_edit_user="bob">Supportive structures maintained by mortal underlings and vampires.</onscreen_description>
<onscreen_name state="APPROVED" last_approved_text="Military Support" last_edit_user="bob">Military Support</onscreen_name>
<sort_order>5</sort_order>
</building_sets>
</dataroot>
