<?xml version="1.0" encoding="UTF-8"?>
<dataroot xmlns:od="urn:schemas-microsoft-com:officedata" xmlns:xsi="http://www.w3.org/2001/XMLSchema-instance" xsi:noNamespaceSchemaLocation="cai_personality_strategic_components.xsd" export_time="Tue Aug 1 11:40:06 2017" revision="59" export_branch="T:/branches/warhammer2/dev/warhammer/binaries.x64" export_user="bob">
<edit_uuid>cee2c0e0-989a-4727-a46d-c2c8973d1124</edit_uuid>
<cai_personality_strategic_components record_uuid="{96238b07-4ba1-4b2e-87af-8b19eeea2c0e}" record_timestamp="1495200695677" record_key="aggressive">
<enemy_strength_modifier>0.6499999761581421</enemy_strength_modifier>
<enemy_threat_strength_modifier>0.6499999761581421</enemy_threat_strength_modifier>
<fortified_settlement_assault_strength_modifier>1</fortified_settlement_assault_strength_modifier>
<fortified_settlement_defend_strength_modifier>2</fortified_settlement_defend_strength_modifier>
<friendly_towards_enemy_multiplier>-0.5</friendly_towards_enemy_multiplier>
<friendly_towards_friend_multiplier>0.20000000298023224</friendly_towards_friend_multiplier>
<hostile_towards_enemy_multiplier>0.5</hostile_towards_enemy_multiplier>
<hostile_towards_friend_multiplier>-0.20000000298023224</hostile_towards_friend_multiplier>
<id>aggressive</id>
<last_settlement_modifier>5</last_settlement_modifier>
<long_description></long_description>
<max_friendly_attitude>100</max_friendly_attitude>
<max_hostile_attitude>-100</max_hostile_attitude>
<max_merc_proportion>0.5</max_merc_proportion>
<min_merc_cap>0</min_merc_cap>
<min_refuse_tunneling_intercept_ratio>1</min_refuse_tunneling_intercept_ratio>
<min_retreat_ratio>0.44999998807907104</min_retreat_ratio>
<min_retreat_to_settlement_ratio>0.550000011920929</min_retreat_to_settlement_ratio>
<short_description></short_description>
<strategic_balance_opportunism_factor>0.550000011920929</strategic_balance_opportunism_factor>
<unknown_faction_multiplier>0.30000001192092896</unknown_faction_multiplier>
<use_classic_stance_generation_mechanics>0</use_classic_stance_generation_mechanics>
</cai_personality_strategic_components>
<cai_personality_strategic_components record_uuid="{79e0b758-6603-4bf9-b89e-517a34476ed7}" record_timestamp="1495635166413" record_key="aggressive_darkelf">
<enemy_strength_modifier>0.6499999761581421</enemy_strength_modifier>
<enemy_threat_strength_modifier>0.6499999761581421</enemy_threat_strength_modifier>
<fortified_settlement_assault_strength_modifier>1</fortified_settlement_assault_strength_modifier>
<fortified_settlement_defend_strength_modifier>2</fortified_settlement_defend_strength_modifier>
<friendly_towards_enemy_multiplier>-0.5</friendly_towards_enemy_multiplier>
<friendly_towards_friend_multiplier>0.20000000298023224</friendly_towards_friend_multiplier>
<hostile_towards_enemy_multiplier>0.5</hostile_towards_enemy_multiplier>
<hostile_towards_friend_multiplier>-0.20000000298023224</hostile_towards_friend_multiplier>
<id>aggressive_darkelf</id>
<last_settlement_modifier>5</last_settlement_modifier>
<long_description>personality_desc_long_master_of_lands</long_description>
<max_friendly_attitude>100</max_friendly_attitude>
<max_hostile_attitude>-100</max_hostile_attitude>
<max_merc_proportion>0.5</max_merc_proportion>
<min_merc_cap>0</min_merc_cap>
<min_refuse_tunneling_intercept_ratio>1</min_refuse_tunneling_intercept_ratio>
<min_retreat_ratio>0.44999998807907104</min_retreat_ratio>
<min_retreat_to_settlement_ratio>0.550000011920929</min_retreat_to_settlement_ratio>
<short_description>personality_desc_short_master_of_lands</short_description>
<strategic_balance_opportunism_factor>0.550000011920929</strategic_balance_opportunism_factor>
<unknown_faction_multiplier>0.30000001192092896</unknown_faction_multiplier>
<use_classic_stance_generation_mechanics>0</use_classic_stance_generation_mechanics>
</cai_personality_strategic_components>
<cai_personality_strategic_components record_uuid="{7fa9fb48-a614-4b32-8983-ba3a3aeeac16}" record_timestamp="1495200695677" record_key="aggressive_frenzied">
<enemy_strength_modifier>0.30000001192092896</enemy_strength_modifier>
<enemy_threat_strength_modifier>0.30000001192092896</enemy_threat_strength_modifier>
<fortified_settlement_assault_strength_modifier>1</fortified_settlement_assault_strength_modifier>
<fortified_settlement_defend_strength_modifier>2</fortified_settlement_defend_strength_modifier>
<friendly_towards_enemy_multiplier>-0.5</friendly_towards_enemy_multiplier>
<friendly_towards_friend_multiplier>0.20000000298023224</friendly_towards_friend_multiplier>
<hostile_towards_enemy_multiplier>0.5</hostile_towards_enemy_multiplier>
<hostile_towards_friend_multiplier>-0.20000000298023224</hostile_towards_friend_multiplier>
<id>aggressive_frenzied</id>
<last_settlement_modifier>5</last_settlement_modifier>
<long_description></long_description>
<max_friendly_attitude>100</max_friendly_attitude>
<max_hostile_attitude>-100</max_hostile_attitude>
<max_merc_proportion>0.5</max_merc_proportion>
<min_merc_cap>0</min_merc_cap>
<min_refuse_tunneling_intercept_ratio>0.30000001192092896</min_refuse_tunneling_intercept_ratio>
<min_retreat_ratio>0.10000000149011612</min_retreat_ratio>
<min_retreat_to_settlement_ratio>0.10000000149011612</min_retreat_to_settlement_ratio>
<short_description></short_description>
<strategic_balance_opportunism_factor>0.550000011920929</strategic_balance_opportunism_factor>
<unknown_faction_multiplier>0.30000001192092896</unknown_faction_multiplier>
<use_classic_stance_generation_mechanics>0</use_classic_stance_generation_mechanics>
</cai_personality_strategic_components>
<cai_personality_strategic_components record_uuid="{f0c6af9c-b5e5-4179-b104-4f94e8d034be}" record_timestamp="1495200695678" record_key="aggressive_holds_grudges">
<enemy_strength_modifier>0.6499999761581421</enemy_strength_modifier>
<enemy_threat_strength_modifier>0.6499999761581421</enemy_threat_strength_modifier>
<fortified_settlement_assault_strength_modifier>1</fortified_settlement_assault_strength_modifier>
<fortified_settlement_defend_strength_modifier>2</fortified_settlement_defend_strength_modifier>
<friendly_towards_enemy_multiplier>-1</friendly_towards_enemy_multiplier>
<friendly_towards_friend_multiplier>0.20000000298023224</friendly_towards_friend_multiplier>
<hostile_towards_enemy_multiplier>0.5</hostile_towards_enemy_multiplier>
<hostile_towards_friend_multiplier>-0.550000011920929</hostile_towards_friend_multiplier>
<id>aggressive_holds_grudges</id>
<last_settlement_modifier>5</last_settlement_modifier>
<long_description></long_description>
<max_friendly_attitude>100</max_friendly_attitude>
<max_hostile_attitude>-100</max_hostile_attitude>
<max_merc_proportion>0.5</max_merc_proportion>
<min_merc_cap>0</min_merc_cap>
<min_refuse_tunneling_intercept_ratio>1</min_refuse_tunneling_intercept_ratio>
<min_retreat_ratio>0.44999998807907104</min_retreat_ratio>
<min_retreat_to_settlement_ratio>0.550000011920929</min_retreat_to_settlement_ratio>
<short_description></short_description>
<strategic_balance_opportunism_factor>0.550000011920929</strategic_balance_opportunism_factor>
<unknown_faction_multiplier>0.30000001192092896</unknown_faction_multiplier>
<use_classic_stance_generation_mechanics>0</use_classic_stance_generation_mechanics>
</cai_personality_strategic_components>
<cai_personality_strategic_components record_uuid="{55fb8ac8-2ec9-41bb-9a72-0729eb8e39bb}" record_timestamp="1495200695678" record_key="aggressive_holds_grudges_late_game">
<enemy_strength_modifier>0.6499999761581421</enemy_strength_modifier>
<enemy_threat_strength_modifier>0.6499999761581421</enemy_threat_strength_modifier>
<fortified_settlement_assault_strength_modifier>1</fortified_settlement_assault_strength_modifier>
<fortified_settlement_defend_strength_modifier>2</fortified_settlement_defend_strength_modifier>
<friendly_towards_enemy_multiplier>-1</friendly_towards_enemy_multiplier>
<friendly_towards_friend_multiplier>0.05000000074505806</friendly_towards_friend_multiplier>
<hostile_towards_enemy_multiplier>0.05000000074505806</hostile_towards_enemy_multiplier>
<hostile_towards_friend_multiplier>-0.550000011920929</hostile_towards_friend_multiplier>
<id>aggressive_holds_grudges_late_game</id>
<last_settlement_modifier>5</last_settlement_modifier>
<long_description></long_description>
<max_friendly_attitude>100</max_friendly_attitude>
<max_hostile_attitude>-100</max_hostile_attitude>
<max_merc_proportion>0.5</max_merc_proportion>
<min_merc_cap>0</min_merc_cap>
<min_refuse_tunneling_intercept_ratio>1</min_refuse_tunneling_intercept_ratio>
<min_retreat_ratio>0.44999998807907104</min_retreat_ratio>
<min_retreat_to_settlement_ratio>0.550000011920929</min_retreat_to_settlement_ratio>
<short_description></short_description>
<strategic_balance_opportunism_factor>0.550000011920929</strategic_balance_opportunism_factor>
<unknown_faction_multiplier>0.30000001192092896</unknown_faction_multiplier>
<use_classic_stance_generation_mechanics>0</use_classic_stance_generation_mechanics>
</cai_personality_strategic_components>
<cai_personality_strategic_components record_uuid="{5a4634d3-4d57-4af6-821b-610d0fb5a0c0}" record_timestamp="1499179683740" record_key="aggressive_home_defender">
<enemy_strength_modifier>0.6499999761581421</enemy_strength_modifier>
<enemy_threat_strength_modifier>0.6499999761581421</enemy_threat_strength_modifier>
<fortified_settlement_assault_strength_modifier>1</fortified_settlement_assault_strength_modifier>
<fortified_settlement_defend_strength_modifier>2</fortified_settlement_defend_strength_modifier>
<friendly_towards_enemy_multiplier>-0.25</friendly_towards_enemy_multiplier>
<friendly_towards_friend_multiplier>0.10000000149011612</friendly_towards_friend_multiplier>
<hostile_towards_enemy_multiplier>0.25</hostile_towards_enemy_multiplier>
<hostile_towards_friend_multiplier>-0.10000000149011612</hostile_towards_friend_multiplier>
<id>aggressive_home_defender</id>
<last_settlement_modifier>5</last_settlement_modifier>
<long_description>personality_desc_long_home_defender</long_description>
<max_friendly_attitude>100</max_friendly_attitude>
<max_hostile_attitude>-100</max_hostile_attitude>
<max_merc_proportion>0.5</max_merc_proportion>
<min_merc_cap>0</min_merc_cap>
<min_refuse_tunneling_intercept_ratio>1</min_refuse_tunneling_intercept_ratio>
<min_retreat_ratio>0.44999998807907104</min_retreat_ratio>
<min_retreat_to_settlement_ratio>0.550000011920929</min_retreat_to_settlement_ratio>
<short_description>personality_desc_short_home_defender</short_description>
<strategic_balance_opportunism_factor>0.550000011920929</strategic_balance_opportunism_factor>
<unknown_faction_multiplier>0.30000001192092896</unknown_faction_multiplier>
<use_classic_stance_generation_mechanics>0</use_classic_stance_generation_mechanics>
</cai_personality_strategic_components>
<cai_personality_strategic_components record_uuid="{dae3b6b4-61b4-41e2-81f8-be25c91c3e4d}" record_timestamp="1495200695678" record_key="aggressive_horde">
<enemy_strength_modifier>0.6499999761581421</enemy_strength_modifier>
<enemy_threat_strength_modifier>0.6499999761581421</enemy_threat_strength_modifier>
<fortified_settlement_assault_strength_modifier>1</fortified_settlement_assault_strength_modifier>
<fortified_settlement_defend_strength_modifier>2</fortified_settlement_defend_strength_modifier>
<friendly_towards_enemy_multiplier>-0.5</friendly_towards_enemy_multiplier>
<friendly_towards_friend_multiplier>0.20000000298023224</friendly_towards_friend_multiplier>
<hostile_towards_enemy_multiplier>0.5</hostile_towards_enemy_multiplier>
<hostile_towards_friend_multiplier>-0.20000000298023224</hostile_towards_friend_multiplier>
<id>aggressive_horde</id>
<last_settlement_modifier>5</last_settlement_modifier>
<long_description></long_description>
<max_friendly_attitude>100</max_friendly_attitude>
<max_hostile_attitude>-100</max_hostile_attitude>
<max_merc_proportion>0.5</max_merc_proportion>
<min_merc_cap>0</min_merc_cap>
<min_refuse_tunneling_intercept_ratio>1</min_refuse_tunneling_intercept_ratio>
<min_retreat_ratio>0.44999998807907104</min_retreat_ratio>
<min_retreat_to_settlement_ratio>0.550000011920929</min_retreat_to_settlement_ratio>
<short_description></short_description>
<strategic_balance_opportunism_factor>0.550000011920929</strategic_balance_opportunism_factor>
<unknown_faction_multiplier>0.30000001192092896</unknown_faction_multiplier>
<use_classic_stance_generation_mechanics>0</use_classic_stance_generation_mechanics>
</cai_personality_strategic_components>
<cai_personality_strategic_components record_uuid="{ad40687a-7951-4328-abf2-0f2da09d39f1}" record_timestamp="1495200695678" record_key="aggressive_late_game">
<enemy_strength_modifier>0.6499999761581421</enemy_strength_modifier>
<enemy_threat_strength_modifier>0.6499999761581421</enemy_threat_strength_modifier>
<fortified_settlement_assault_strength_modifier>1</fortified_settlement_assault_strength_modifier>
<fortified_settlement_defend_strength_modifier>2</fortified_settlement_defend_strength_modifier>
<friendly_towards_enemy_multiplier>-0.5</friendly_towards_enemy_multiplier>
<friendly_towards_friend_multiplier>0.05000000074505806</friendly_towards_friend_multiplier>
<hostile_towards_enemy_multiplier>0.05000000074505806</hostile_towards_enemy_multiplier>
<hostile_towards_friend_multiplier>-0.20000000298023224</hostile_towards_friend_multiplier>
<id>aggressive_late_game</id>
<last_settlement_modifier>5</last_settlement_modifier>
<long_description></long_description>
<max_friendly_attitude>100</max_friendly_attitude>
<max_hostile_attitude>-100</max_hostile_attitude>
<max_merc_proportion>0.5</max_merc_proportion>
<min_merc_cap>0</min_merc_cap>
<min_refuse_tunneling_intercept_ratio>1</min_refuse_tunneling_intercept_ratio>
<min_retreat_ratio>0.44999998807907104</min_retreat_ratio>
<min_retreat_to_settlement_ratio>0.550000011920929</min_retreat_to_settlement_ratio>
<short_description></short_description>
<strategic_balance_opportunism_factor>0.550000011920929</strategic_balance_opportunism_factor>
<unknown_faction_multiplier>0.30000001192092896</unknown_faction_multiplier>
<use_classic_stance_generation_mechanics>0</use_classic_stance_generation_mechanics>
</cai_personality_strategic_components>
<cai_personality_strategic_components record_uuid="{b348c39f-6ff2-4c67-ba0d-b294a6b1efed}" record_timestamp="1495200695678" record_key="aggressive_opportunist">
<enemy_strength_modifier>0.6499999761581421</enemy_strength_modifier>
<enemy_threat_strength_modifier>0.6499999761581421</enemy_threat_strength_modifier>
<fortified_settlement_assault_strength_modifier>1</fortified_settlement_assault_strength_modifier>
<fortified_settlement_defend_strength_modifier>2</fortified_settlement_defend_strength_modifier>
<friendly_towards_enemy_multiplier>-0.5</friendly_towards_enemy_multiplier>
<friendly_towards_friend_multiplier>0.20000000298023224</friendly_towards_friend_multiplier>
<hostile_towards_enemy_multiplier>0.5</hostile_towards_enemy_multiplier>
<hostile_towards_friend_multiplier>-0.20000000298023224</hostile_towards_friend_multiplier>
<id>aggressive_opportunist</id>
<last_settlement_modifier>5</last_settlement_modifier>
<long_description></long_description>
<max_friendly_attitude>100</max_friendly_attitude>
<max_hostile_attitude>-100</max_hostile_attitude>
<max_merc_proportion>0.5</max_merc_proportion>
<min_merc_cap>0</min_merc_cap>
<min_refuse_tunneling_intercept_ratio>1</min_refuse_tunneling_intercept_ratio>
<min_retreat_ratio>0.44999998807907104</min_retreat_ratio>
<min_retreat_to_settlement_ratio>0.550000011920929</min_retreat_to_settlement_ratio>
<short_description></short_description>
<strategic_balance_opportunism_factor>1</strategic_balance_opportunism_factor>
<unknown_faction_multiplier>0.30000001192092896</unknown_faction_multiplier>
<use_classic_stance_generation_mechanics>0</use_classic_stance_generation_mechanics>
</cai_personality_strategic_components>
<cai_personality_strategic_components record_uuid="{6d4d41a8-5837-4c07-a428-c4cd2d5c154d}" record_timestamp="1495200695678" record_key="aggressive_opportunist_late_game">
<enemy_strength_modifier>0.6499999761581421</enemy_strength_modifier>
<enemy_threat_strength_modifier>0.6499999761581421</enemy_threat_strength_modifier>
<fortified_settlement_assault_strength_modifier>1</fortified_settlement_assault_strength_modifier>
<fortified_settlement_defend_strength_modifier>2</fortified_settlement_defend_strength_modifier>
<friendly_towards_enemy_multiplier>-0.5</friendly_towards_enemy_multiplier>
<friendly_towards_friend_multiplier>0.05000000074505806</friendly_towards_friend_multiplier>
<hostile_towards_enemy_multiplier>0.05000000074505806</hostile_towards_enemy_multiplier>
<hostile_towards_friend_multiplier>-0.20000000298023224</hostile_towards_friend_multiplier>
<id>aggressive_opportunist_late_game</id>
<last_settlement_modifier>5</last_settlement_modifier>
<long_description></long_description>
<max_friendly_attitude>100</max_friendly_attitude>
<max_hostile_attitude>-100</max_hostile_attitude>
<max_merc_proportion>0.5</max_merc_proportion>
<min_merc_cap>0</min_merc_cap>
<min_refuse_tunneling_intercept_ratio>1</min_refuse_tunneling_intercept_ratio>
<min_retreat_ratio>0.44999998807907104</min_retreat_ratio>
<min_retreat_to_settlement_ratio>0.550000011920929</min_retreat_to_settlement_ratio>
<short_description></short_description>
<strategic_balance_opportunism_factor>1</strategic_balance_opportunism_factor>
<unknown_faction_multiplier>0.30000001192092896</unknown_faction_multiplier>
<use_classic_stance_generation_mechanics>0</use_classic_stance_generation_mechanics>
</cai_personality_strategic_components>
<cai_personality_strategic_components record_uuid="{02ce5fb7-6169-4d9e-a9c5-53e66997072c}" record_timestamp="1495200695678" record_key="aggressive_opportunist_vamp">
<enemy_strength_modifier>0.6499999761581421</enemy_strength_modifier>
<enemy_threat_strength_modifier>0.6499999761581421</enemy_threat_strength_modifier>
<fortified_settlement_assault_strength_modifier>1</fortified_settlement_assault_strength_modifier>
<fortified_settlement_defend_strength_modifier>2</fortified_settlement_defend_strength_modifier>
<friendly_towards_enemy_multiplier>-0.5</friendly_towards_enemy_multiplier>
<friendly_towards_friend_multiplier>0.20000000298023224</friendly_towards_friend_multiplier>
<hostile_towards_enemy_multiplier>0.5</hostile_towards_enemy_multiplier>
<hostile_towards_friend_multiplier>-0.20000000298023224</hostile_towards_friend_multiplier>
<id>aggressive_opportunist_vamp</id>
<last_settlement_modifier>5</last_settlement_modifier>
<long_description></long_description>
<max_friendly_attitude>100</max_friendly_attitude>
<max_hostile_attitude>-100</max_hostile_attitude>
<max_merc_proportion>1</max_merc_proportion>
<min_merc_cap>0</min_merc_cap>
<min_refuse_tunneling_intercept_ratio>1</min_refuse_tunneling_intercept_ratio>
<min_retreat_ratio>0.44999998807907104</min_retreat_ratio>
<min_retreat_to_settlement_ratio>0.550000011920929</min_retreat_to_settlement_ratio>
<short_description></short_description>
<strategic_balance_opportunism_factor>1</strategic_balance_opportunism_factor>
<unknown_faction_multiplier>0.30000001192092896</unknown_faction_multiplier>
<use_classic_stance_generation_mechanics>0</use_classic_stance_generation_mechanics>
</cai_personality_strategic_components>
<cai_personality_strategic_components record_uuid="{9ed7b705-39ac-46dd-b3ff-98fe97b6eb85}" record_timestamp="1495200695678" record_key="aggressive_opportunist_vamp_late_game">
<enemy_strength_modifier>0.6499999761581421</enemy_strength_modifier>
<enemy_threat_strength_modifier>0.6499999761581421</enemy_threat_strength_modifier>
<fortified_settlement_assault_strength_modifier>1</fortified_settlement_assault_strength_modifier>
<fortified_settlement_defend_strength_modifier>2</fortified_settlement_defend_strength_modifier>
<friendly_towards_enemy_multiplier>-0.5</friendly_towards_enemy_multiplier>
<friendly_towards_friend_multiplier>0.05000000074505806</friendly_towards_friend_multiplier>
<hostile_towards_enemy_multiplier>0.05000000074505806</hostile_towards_enemy_multiplier>
<hostile_towards_friend_multiplier>-0.20000000298023224</hostile_towards_friend_multiplier>
<id>aggressive_opportunist_vamp_late_game</id>
<last_settlement_modifier>5</last_settlement_modifier>
<long_description></long_description>
<max_friendly_attitude>100</max_friendly_attitude>
<max_hostile_attitude>-100</max_hostile_attitude>
<max_merc_proportion>1</max_merc_proportion>
<min_merc_cap>0</min_merc_cap>
<min_refuse_tunneling_intercept_ratio>1</min_refuse_tunneling_intercept_ratio>
<min_retreat_ratio>0.44999998807907104</min_retreat_ratio>
<min_retreat_to_settlement_ratio>0.550000011920929</min_retreat_to_settlement_ratio>
<short_description></short_description>
<strategic_balance_opportunism_factor>1</strategic_balance_opportunism_factor>
<unknown_faction_multiplier>0.30000001192092896</unknown_faction_multiplier>
<use_classic_stance_generation_mechanics>0</use_classic_stance_generation_mechanics>
</cai_personality_strategic_components>
<cai_personality_strategic_components record_uuid="{d4c0422d-14c0-4949-8dea-48c6a1fcdfa9}" record_timestamp="1495721217888" record_key="aggressive_straightforward">
<enemy_strength_modifier>0.6499999761581421</enemy_strength_modifier>
<enemy_threat_strength_modifier>0.6499999761581421</enemy_threat_strength_modifier>
<fortified_settlement_assault_strength_modifier>1</fortified_settlement_assault_strength_modifier>
<fortified_settlement_defend_strength_modifier>2</fortified_settlement_defend_strength_modifier>
<friendly_towards_enemy_multiplier>-0.5</friendly_towards_enemy_multiplier>
<friendly_towards_friend_multiplier>0.20000000298023224</friendly_towards_friend_multiplier>
<hostile_towards_enemy_multiplier>0.5</hostile_towards_enemy_multiplier>
<hostile_towards_friend_multiplier>-0.20000000298023224</hostile_towards_friend_multiplier>
<id>aggressive_straightforward</id>
<last_settlement_modifier>5</last_settlement_modifier>
<long_description></long_description>
<max_friendly_attitude>100</max_friendly_attitude>
<max_hostile_attitude>-100</max_hostile_attitude>
<max_merc_proportion>0.5</max_merc_proportion>
<min_merc_cap>0</min_merc_cap>
<min_refuse_tunneling_intercept_ratio>1</min_refuse_tunneling_intercept_ratio>
<min_retreat_ratio>0.44999998807907104</min_retreat_ratio>
<min_retreat_to_settlement_ratio>0.550000011920929</min_retreat_to_settlement_ratio>
<short_description></short_description>
<strategic_balance_opportunism_factor>0.550000011920929</strategic_balance_opportunism_factor>
<unknown_faction_multiplier>0.30000001192092896</unknown_faction_multiplier>
<use_classic_stance_generation_mechanics>0</use_classic_stance_generation_mechanics>
</cai_personality_strategic_components>
<cai_personality_strategic_components record_uuid="{122f7254-c32e-4434-9e7d-2ac7fb2e087d}" record_timestamp="1496409489137" record_key="cowardly">
<enemy_strength_modifier>0.8999999761581421</enemy_strength_modifier>
<enemy_threat_strength_modifier>0.8999999761581421</enemy_threat_strength_modifier>
<fortified_settlement_assault_strength_modifier>0.800000011920929</fortified_settlement_assault_strength_modifier>
<fortified_settlement_defend_strength_modifier>2</fortified_settlement_defend_strength_modifier>
<friendly_towards_enemy_multiplier>-0.5</friendly_towards_enemy_multiplier>
<friendly_towards_friend_multiplier>0.20000000298023224</friendly_towards_friend_multiplier>
<hostile_towards_enemy_multiplier>0.5</hostile_towards_enemy_multiplier>
<hostile_towards_friend_multiplier>-0.20000000298023224</hostile_towards_friend_multiplier>
<id>cowardly</id>
<last_settlement_modifier>5</last_settlement_modifier>
<long_description>personality_desc_long_cowardly</long_description>
<max_friendly_attitude>100</max_friendly_attitude>
<max_hostile_attitude>-100</max_hostile_attitude>
<max_merc_proportion>0.5</max_merc_proportion>
<min_merc_cap>0</min_merc_cap>
<min_refuse_tunneling_intercept_ratio>0.8999999761581421</min_refuse_tunneling_intercept_ratio>
<min_retreat_ratio>0.8500000238418579</min_retreat_ratio>
<min_retreat_to_settlement_ratio>0.8500000238418579</min_retreat_to_settlement_ratio>
<short_description>personality_desc_short_cowardly</short_description>
<strategic_balance_opportunism_factor>0.550000011920929</strategic_balance_opportunism_factor>
<unknown_faction_multiplier>0.30000001192092896</unknown_faction_multiplier>
<use_classic_stance_generation_mechanics>0</use_classic_stance_generation_mechanics>
</cai_personality_strategic_components>
<cai_personality_strategic_components record_uuid="{49d99b28-6e25-4dea-87ec-50a89ae2cbb0}" record_timestamp="1495635166501" record_key="darkelf">
<enemy_strength_modifier>0.8500000238418579</enemy_strength_modifier>
<enemy_threat_strength_modifier>0.8500000238418579</enemy_threat_strength_modifier>
<fortified_settlement_assault_strength_modifier>1</fortified_settlement_assault_strength_modifier>
<fortified_settlement_defend_strength_modifier>2</fortified_settlement_defend_strength_modifier>
<friendly_towards_enemy_multiplier>-0.5</friendly_towards_enemy_multiplier>
<friendly_towards_friend_multiplier>0.20000000298023224</friendly_towards_friend_multiplier>
<hostile_towards_enemy_multiplier>0.5</hostile_towards_enemy_multiplier>
<hostile_towards_friend_multiplier>-0.20000000298023224</hostile_towards_friend_multiplier>
<id>darkelf</id>
<last_settlement_modifier>5</last_settlement_modifier>
<long_description>personality_desc_long_master_of_lands</long_description>
<max_friendly_attitude>100</max_friendly_attitude>
<max_hostile_attitude>-100</max_hostile_attitude>
<max_merc_proportion>0.5</max_merc_proportion>
<min_merc_cap>0</min_merc_cap>
<min_refuse_tunneling_intercept_ratio>1</min_refuse_tunneling_intercept_ratio>
<min_retreat_ratio>0.6000000238418579</min_retreat_ratio>
<min_retreat_to_settlement_ratio>0.699999988079071</min_retreat_to_settlement_ratio>
<short_description>personality_desc_short_master_of_lands</short_description>
<strategic_balance_opportunism_factor>0.550000011920929</strategic_balance_opportunism_factor>
<unknown_faction_multiplier>0.30000001192092896</unknown_faction_multiplier>
<use_classic_stance_generation_mechanics>0</use_classic_stance_generation_mechanics>
</cai_personality_strategic_components>
<cai_personality_strategic_components record_uuid="{ff711b33-f1d7-4226-b2ef-82965b7fa48d}" record_timestamp="1495200695678" record_key="default">
<enemy_strength_modifier>0.8500000238418579</enemy_strength_modifier>
<enemy_threat_strength_modifier>0.8500000238418579</enemy_threat_strength_modifier>
<fortified_settlement_assault_strength_modifier>1</fortified_settlement_assault_strength_modifier>
<fortified_settlement_defend_strength_modifier>2</fortified_settlement_defend_strength_modifier>
<friendly_towards_enemy_multiplier>-0.5</friendly_towards_enemy_multiplier>
<friendly_towards_friend_multiplier>0.20000000298023224</friendly_towards_friend_multiplier>
<hostile_towards_enemy_multiplier>0.5</hostile_towards_enemy_multiplier>
<hostile_towards_friend_multiplier>-0.20000000298023224</hostile_towards_friend_multiplier>
<id>default</id>
<last_settlement_modifier>5</last_settlement_modifier>
<long_description></long_description>
<max_friendly_attitude>100</max_friendly_attitude>
<max_hostile_attitude>-100</max_hostile_attitude>
<max_merc_proportion>0.5</max_merc_proportion>
<min_merc_cap>0</min_merc_cap>
<min_refuse_tunneling_intercept_ratio>1</min_refuse_tunneling_intercept_ratio>
<min_retreat_ratio>0.6000000238418579</min_retreat_ratio>
<min_retreat_to_settlement_ratio>0.699999988079071</min_retreat_to_settlement_ratio>
<short_description></short_description>
<strategic_balance_opportunism_factor>0.550000011920929</strategic_balance_opportunism_factor>
<unknown_faction_multiplier>0.30000001192092896</unknown_faction_multiplier>
<use_classic_stance_generation_mechanics>0</use_classic_stance_generation_mechanics>
</cai_personality_strategic_components>
<cai_personality_strategic_components record_uuid="{9f9877fe-8831-48a1-9953-7cfb35a60616}" record_timestamp="1495200695678" record_key="default_late_game">
<enemy_strength_modifier>0.8500000238418579</enemy_strength_modifier>
<enemy_threat_strength_modifier>0.8500000238418579</enemy_threat_strength_modifier>
<fortified_settlement_assault_strength_modifier>1</fortified_settlement_assault_strength_modifier>
<fortified_settlement_defend_strength_modifier>2</fortified_settlement_defend_strength_modifier>
<friendly_towards_enemy_multiplier>-0.5</friendly_towards_enemy_multiplier>
<friendly_towards_friend_multiplier>0.05000000074505806</friendly_towards_friend_multiplier>
<hostile_towards_enemy_multiplier>0.05000000074505806</hostile_towards_enemy_multiplier>
<hostile_towards_friend_multiplier>-0.20000000298023224</hostile_towards_friend_multiplier>
<id>default_late_game</id>
<last_settlement_modifier>5</last_settlement_modifier>
<long_description></long_description>
<max_friendly_attitude>100</max_friendly_attitude>
<max_hostile_attitude>-100</max_hostile_attitude>
<max_merc_proportion>0.5</max_merc_proportion>
<min_merc_cap>0</min_merc_cap>
<min_refuse_tunneling_intercept_ratio>1</min_refuse_tunneling_intercept_ratio>
<min_retreat_ratio>0.6000000238418579</min_retreat_ratio>
<min_retreat_to_settlement_ratio>0.699999988079071</min_retreat_to_settlement_ratio>
<short_description></short_description>
<strategic_balance_opportunism_factor>0.550000011920929</strategic_balance_opportunism_factor>
<unknown_faction_multiplier>0.30000001192092896</unknown_faction_multiplier>
<use_classic_stance_generation_mechanics>0</use_classic_stance_generation_mechanics>
</cai_personality_strategic_components>
<cai_personality_strategic_components record_uuid="{2536100c-00c7-448d-9f97-4023fc1cdeff}" record_timestamp="1495200695678" record_key="defensive">
<enemy_strength_modifier>1</enemy_strength_modifier>
<enemy_threat_strength_modifier>1</enemy_threat_strength_modifier>
<fortified_settlement_assault_strength_modifier>0.800000011920929</fortified_settlement_assault_strength_modifier>
<fortified_settlement_defend_strength_modifier>2</fortified_settlement_defend_strength_modifier>
<friendly_towards_enemy_multiplier>-0.5</friendly_towards_enemy_multiplier>
<friendly_towards_friend_multiplier>0.20000000298023224</friendly_towards_friend_multiplier>
<hostile_towards_enemy_multiplier>0.5</hostile_towards_enemy_multiplier>
<hostile_towards_friend_multiplier>-0.20000000298023224</hostile_towards_friend_multiplier>
<id>defensive</id>
<last_settlement_modifier>5</last_settlement_modifier>
<long_description></long_description>
<max_friendly_attitude>100</max_friendly_attitude>
<max_hostile_attitude>-100</max_hostile_attitude>
<max_merc_proportion>0.5</max_merc_proportion>
<min_merc_cap>0</min_merc_cap>
<min_refuse_tunneling_intercept_ratio>1.100000023841858</min_refuse_tunneling_intercept_ratio>
<min_retreat_ratio>0.800000011920929</min_retreat_ratio>
<min_retreat_to_settlement_ratio>0.8999999761581421</min_retreat_to_settlement_ratio>
<short_description></short_description>
<strategic_balance_opportunism_factor>0.550000011920929</strategic_balance_opportunism_factor>
<unknown_faction_multiplier>0.30000001192092896</unknown_faction_multiplier>
<use_classic_stance_generation_mechanics>0</use_classic_stance_generation_mechanics>
</cai_personality_strategic_components>
<cai_personality_strategic_components record_uuid="{1fb9ea42-3d1b-41a4-9e61-8a42b722eb85}" record_timestamp="1495200695678" record_key="defensive_holds_grudges">
<enemy_strength_modifier>1</enemy_strength_modifier>
<enemy_threat_strength_modifier>1</enemy_threat_strength_modifier>
<fortified_settlement_assault_strength_modifier>0.800000011920929</fortified_settlement_assault_strength_modifier>
<fortified_settlement_defend_strength_modifier>2</fortified_settlement_defend_strength_modifier>
<friendly_towards_enemy_multiplier>-1</friendly_towards_enemy_multiplier>
<friendly_towards_friend_multiplier>0.20000000298023224</friendly_towards_friend_multiplier>
<hostile_towards_enemy_multiplier>0.5</hostile_towards_enemy_multiplier>
<hostile_towards_friend_multiplier>-0.550000011920929</hostile_towards_friend_multiplier>
<id>defensive_holds_grudges</id>
<last_settlement_modifier>5</last_settlement_modifier>
<long_description></long_description>
<max_friendly_attitude>100</max_friendly_attitude>
<max_hostile_attitude>-100</max_hostile_attitude>
<max_merc_proportion>0.5</max_merc_proportion>
<min_merc_cap>0</min_merc_cap>
<min_refuse_tunneling_intercept_ratio>1.100000023841858</min_refuse_tunneling_intercept_ratio>
<min_retreat_ratio>0.800000011920929</min_retreat_ratio>
<min_retreat_to_settlement_ratio>0.8999999761581421</min_retreat_to_settlement_ratio>
<short_description></short_description>
<strategic_balance_opportunism_factor>0.550000011920929</strategic_balance_opportunism_factor>
<unknown_faction_multiplier>0.30000001192092896</unknown_faction_multiplier>
<use_classic_stance_generation_mechanics>0</use_classic_stance_generation_mechanics>
</cai_personality_strategic_components>
<cai_personality_strategic_components record_uuid="{c1da799f-9228-48aa-845c-2977f809fd4d}" record_timestamp="1495200695678" record_key="defensive_holds_grudges_late_game">
<enemy_strength_modifier>1</enemy_strength_modifier>
<enemy_threat_strength_modifier>1</enemy_threat_strength_modifier>
<fortified_settlement_assault_strength_modifier>0.800000011920929</fortified_settlement_assault_strength_modifier>
<fortified_settlement_defend_strength_modifier>2</fortified_settlement_defend_strength_modifier>
<friendly_towards_enemy_multiplier>-1</friendly_towards_enemy_multiplier>
<friendly_towards_friend_multiplier>0.05000000074505806</friendly_towards_friend_multiplier>
<hostile_towards_enemy_multiplier>0.05000000074505806</hostile_towards_enemy_multiplier>
<hostile_towards_friend_multiplier>-0.550000011920929</hostile_towards_friend_multiplier>
<id>defensive_holds_grudges_late_game</id>
<last_settlement_modifier>5</last_settlement_modifier>
<long_description></long_description>
<max_friendly_attitude>100</max_friendly_attitude>
<max_hostile_attitude>-100</max_hostile_attitude>
<max_merc_proportion>0.5</max_merc_proportion>
<min_merc_cap>0</min_merc_cap>
<min_refuse_tunneling_intercept_ratio>1.100000023841858</min_refuse_tunneling_intercept_ratio>
<min_retreat_ratio>0.800000011920929</min_retreat_ratio>
<min_retreat_to_settlement_ratio>0.8999999761581421</min_retreat_to_settlement_ratio>
<short_description></short_description>
<strategic_balance_opportunism_factor>0.550000011920929</strategic_balance_opportunism_factor>
<unknown_faction_multiplier>0.30000001192092896</unknown_faction_multiplier>
<use_classic_stance_generation_mechanics>0</use_classic_stance_generation_mechanics>
</cai_personality_strategic_components>
<cai_personality_strategic_components record_uuid="{08ab4726-30a1-4830-b5e0-6dde2f8be0b8}" record_timestamp="1495200695678" record_key="defensive_late_game">
<enemy_strength_modifier>1</enemy_strength_modifier>
<enemy_threat_strength_modifier>1</enemy_threat_strength_modifier>
<fortified_settlement_assault_strength_modifier>0.800000011920929</fortified_settlement_assault_strength_modifier>
<fortified_settlement_defend_strength_modifier>2</fortified_settlement_defend_strength_modifier>
<friendly_towards_enemy_multiplier>-0.5</friendly_towards_enemy_multiplier>
<friendly_towards_friend_multiplier>0.05000000074505806</friendly_towards_friend_multiplier>
<hostile_towards_enemy_multiplier>0.05000000074505806</hostile_towards_enemy_multiplier>
<hostile_towards_friend_multiplier>-0.20000000298023224</hostile_towards_friend_multiplier>
<id>defensive_late_game</id>
<last_settlement_modifier>5</last_settlement_modifier>
<long_description></long_description>
<max_friendly_attitude>100</max_friendly_attitude>
<max_hostile_attitude>-100</max_hostile_attitude>
<max_merc_proportion>0.5</max_merc_proportion>
<min_merc_cap>0</min_merc_cap>
<min_refuse_tunneling_intercept_ratio>1.100000023841858</min_refuse_tunneling_intercept_ratio>
<min_retreat_ratio>0.800000011920929</min_retreat_ratio>
<min_retreat_to_settlement_ratio>0.8999999761581421</min_retreat_to_settlement_ratio>
<short_description></short_description>
<strategic_balance_opportunism_factor>0.550000011920929</strategic_balance_opportunism_factor>
<unknown_faction_multiplier>0.30000001192092896</unknown_faction_multiplier>
<use_classic_stance_generation_mechanics>0</use_classic_stance_generation_mechanics>
</cai_personality_strategic_components>
<cai_personality_strategic_components record_uuid="{9941137e-ef6b-43ec-b59a-7069d7de05d3}" record_timestamp="1495200695678" record_key="foolishly_brave">
<enemy_strength_modifier>0.6499999761581421</enemy_strength_modifier>
<enemy_threat_strength_modifier>0.10000000149011612</enemy_threat_strength_modifier>
<fortified_settlement_assault_strength_modifier>1</fortified_settlement_assault_strength_modifier>
<fortified_settlement_defend_strength_modifier>2</fortified_settlement_defend_strength_modifier>
<friendly_towards_enemy_multiplier>-0.5</friendly_towards_enemy_multiplier>
<friendly_towards_friend_multiplier>0.20000000298023224</friendly_towards_friend_multiplier>
<hostile_towards_enemy_multiplier>0.5</hostile_towards_enemy_multiplier>
<hostile_towards_friend_multiplier>-0.20000000298023224</hostile_towards_friend_multiplier>
<id>foolishly_brave</id>
<last_settlement_modifier>5</last_settlement_modifier>
<long_description></long_description>
<max_friendly_attitude>100</max_friendly_attitude>
<max_hostile_attitude>-100</max_hostile_attitude>
<max_merc_proportion>0.5</max_merc_proportion>
<min_merc_cap>0</min_merc_cap>
<min_refuse_tunneling_intercept_ratio>1</min_refuse_tunneling_intercept_ratio>
<min_retreat_ratio>0.10000000149011612</min_retreat_ratio>
<min_retreat_to_settlement_ratio>0.10000000149011612</min_retreat_to_settlement_ratio>
<short_description></short_description>
<strategic_balance_opportunism_factor>0.550000011920929</strategic_balance_opportunism_factor>
<unknown_faction_multiplier>0.30000001192092896</unknown_faction_multiplier>
<use_classic_stance_generation_mechanics>0</use_classic_stance_generation_mechanics>
</cai_personality_strategic_components>
<cai_personality_strategic_components record_uuid="{4af861a1-6d17-49e8-b33b-7a0fd6efa1ca}" record_timestamp="1495200695678" record_key="holds_grudges">
<enemy_strength_modifier>0.8500000238418579</enemy_strength_modifier>
<enemy_threat_strength_modifier>0.8500000238418579</enemy_threat_strength_modifier>
<fortified_settlement_assault_strength_modifier>1</fortified_settlement_assault_strength_modifier>
<fortified_settlement_defend_strength_modifier>2</fortified_settlement_defend_strength_modifier>
<friendly_towards_enemy_multiplier>-1</friendly_towards_enemy_multiplier>
<friendly_towards_friend_multiplier>0.20000000298023224</friendly_towards_friend_multiplier>
<hostile_towards_enemy_multiplier>0.5</hostile_towards_enemy_multiplier>
<hostile_towards_friend_multiplier>-0.550000011920929</hostile_towards_friend_multiplier>
<id>holds_grudges</id>
<last_settlement_modifier>5</last_settlement_modifier>
<long_description></long_description>
<max_friendly_attitude>100</max_friendly_attitude>
<max_hostile_attitude>-100</max_hostile_attitude>
<max_merc_proportion>0.5</max_merc_proportion>
<min_merc_cap>0</min_merc_cap>
<min_refuse_tunneling_intercept_ratio>1</min_refuse_tunneling_intercept_ratio>
<min_retreat_ratio>0.6000000238418579</min_retreat_ratio>
<min_retreat_to_settlement_ratio>0.699999988079071</min_retreat_to_settlement_ratio>
<short_description></short_description>
<strategic_balance_opportunism_factor>0.550000011920929</strategic_balance_opportunism_factor>
<unknown_faction_multiplier>0.30000001192092896</unknown_faction_multiplier>
<use_classic_stance_generation_mechanics>0</use_classic_stance_generation_mechanics>
</cai_personality_strategic_components>
<cai_personality_strategic_components record_uuid="{78b36441-3837-4951-93a4-7b9110ac1d9f}" record_timestamp="1499179683752" record_key="home_defender">
<enemy_strength_modifier>0.8500000238418579</enemy_strength_modifier>
<enemy_threat_strength_modifier>0.8500000238418579</enemy_threat_strength_modifier>
<fortified_settlement_assault_strength_modifier>1</fortified_settlement_assault_strength_modifier>
<fortified_settlement_defend_strength_modifier>2</fortified_settlement_defend_strength_modifier>
<friendly_towards_enemy_multiplier>-0.25</friendly_towards_enemy_multiplier>
<friendly_towards_friend_multiplier>0.10000000149011612</friendly_towards_friend_multiplier>
<hostile_towards_enemy_multiplier>0.25</hostile_towards_enemy_multiplier>
<hostile_towards_friend_multiplier>-0.10000000149011612</hostile_towards_friend_multiplier>
<id>home_defender</id>
<last_settlement_modifier>5</last_settlement_modifier>
<long_description>personality_desc_long_home_defender</long_description>
<max_friendly_attitude>100</max_friendly_attitude>
<max_hostile_attitude>-100</max_hostile_attitude>
<max_merc_proportion>0.5</max_merc_proportion>
<min_merc_cap>0</min_merc_cap>
<min_refuse_tunneling_intercept_ratio>1</min_refuse_tunneling_intercept_ratio>
<min_retreat_ratio>0.6000000238418579</min_retreat_ratio>
<min_retreat_to_settlement_ratio>0.699999988079071</min_retreat_to_settlement_ratio>
<short_description>personality_desc_short_home_defender</short_description>
<strategic_balance_opportunism_factor>0.550000011920929</strategic_balance_opportunism_factor>
<unknown_faction_multiplier>0.30000001192092896</unknown_faction_multiplier>
<use_classic_stance_generation_mechanics>0</use_classic_stance_generation_mechanics>
</cai_personality_strategic_components>
<cai_personality_strategic_components record_uuid="{61c8b3f0-ae58-43f9-9347-0ad7b22832f4}" record_timestamp="1501584006337" record_key="ignore_threat">
<enemy_strength_modifier>0.6499999761581421</enemy_strength_modifier>
<enemy_threat_strength_modifier>0.10000000149011612</enemy_threat_strength_modifier>
<fortified_settlement_assault_strength_modifier>1</fortified_settlement_assault_strength_modifier>
<fortified_settlement_defend_strength_modifier>2</fortified_settlement_defend_strength_modifier>
<friendly_towards_enemy_multiplier>-0.5</friendly_towards_enemy_multiplier>
<friendly_towards_friend_multiplier>0.20000000298023224</friendly_towards_friend_multiplier>
<hostile_towards_enemy_multiplier>0.5</hostile_towards_enemy_multiplier>
<hostile_towards_friend_multiplier>-0.20000000298023224</hostile_towards_friend_multiplier>
<id>ignore_threat</id>
<last_settlement_modifier>5</last_settlement_modifier>
<long_description></long_description>
<max_friendly_attitude>100</max_friendly_attitude>
<max_hostile_attitude>-100</max_hostile_attitude>
<max_merc_proportion>0.5</max_merc_proportion>
<min_merc_cap>0</min_merc_cap>
<min_refuse_tunneling_intercept_ratio>1</min_refuse_tunneling_intercept_ratio>
<min_retreat_ratio>0.44999998807907104</min_retreat_ratio>
<min_retreat_to_settlement_ratio>0.550000011920929</min_retreat_to_settlement_ratio>
<short_description></short_description>
<strategic_balance_opportunism_factor>0.550000011920929</strategic_balance_opportunism_factor>
<unknown_faction_multiplier>0.30000001192092896</unknown_faction_multiplier>
<use_classic_stance_generation_mechanics>0</use_classic_stance_generation_mechanics>
</cai_personality_strategic_components>
<cai_personality_strategic_components record_uuid="{aca89710-948c-49c7-82f5-d9861a2150c6}" record_timestamp="1495200695678" record_key="opportunist">
<enemy_strength_modifier>0.8500000238418579</enemy_strength_modifier>
<enemy_threat_strength_modifier>0.8500000238418579</enemy_threat_strength_modifier>
<fortified_settlement_assault_strength_modifier>1</fortified_settlement_assault_strength_modifier>
<fortified_settlement_defend_strength_modifier>2</fortified_settlement_defend_strength_modifier>
<friendly_towards_enemy_multiplier>-0.5</friendly_towards_enemy_multiplier>
<friendly_towards_friend_multiplier>0.20000000298023224</friendly_towards_friend_multiplier>
<hostile_towards_enemy_multiplier>0.5</hostile_towards_enemy_multiplier>
<hostile_towards_friend_multiplier>-0.20000000298023224</hostile_towards_friend_multiplier>
<id>opportunist</id>
<last_settlement_modifier>5</last_settlement_modifier>
<long_description></long_description>
<max_friendly_attitude>100</max_friendly_attitude>
<max_hostile_attitude>-100</max_hostile_attitude>
<max_merc_proportion>0.5</max_merc_proportion>
<min_merc_cap>0</min_merc_cap>
<min_refuse_tunneling_intercept_ratio>1</min_refuse_tunneling_intercept_ratio>
<min_retreat_ratio>0.6000000238418579</min_retreat_ratio>
<min_retreat_to_settlement_ratio>0.699999988079071</min_retreat_to_settlement_ratio>
<short_description></short_description>
<strategic_balance_opportunism_factor>1</strategic_balance_opportunism_factor>
<unknown_faction_multiplier>0.30000001192092896</unknown_faction_multiplier>
<use_classic_stance_generation_mechanics>0</use_classic_stance_generation_mechanics>
</cai_personality_strategic_components>
<cai_personality_strategic_components record_uuid="{76ff50a7-ec78-41fd-9c33-e8fa143295ef}" record_timestamp="1495200695678" record_key="opportunist_vamp">
<enemy_strength_modifier>0.8500000238418579</enemy_strength_modifier>
<enemy_threat_strength_modifier>0.8500000238418579</enemy_threat_strength_modifier>
<fortified_settlement_assault_strength_modifier>1</fortified_settlement_assault_strength_modifier>
<fortified_settlement_defend_strength_modifier>2</fortified_settlement_defend_strength_modifier>
<friendly_towards_enemy_multiplier>-0.5</friendly_towards_enemy_multiplier>
<friendly_towards_friend_multiplier>0.20000000298023224</friendly_towards_friend_multiplier>
<hostile_towards_enemy_multiplier>0.5</hostile_towards_enemy_multiplier>
<hostile_towards_friend_multiplier>-0.20000000298023224</hostile_towards_friend_multiplier>
<id>opportunist_vamp</id>
<last_settlement_modifier>5</last_settlement_modifier>
<long_description></long_description>
<max_friendly_attitude>100</max_friendly_attitude>
<max_hostile_attitude>-100</max_hostile_attitude>
<max_merc_proportion>1</max_merc_proportion>
<min_merc_cap>0</min_merc_cap>
<min_refuse_tunneling_intercept_ratio>1</min_refuse_tunneling_intercept_ratio>
<min_retreat_ratio>0.6000000238418579</min_retreat_ratio>
<min_retreat_to_settlement_ratio>0.699999988079071</min_retreat_to_settlement_ratio>
<short_description></short_description>
<strategic_balance_opportunism_factor>1</strategic_balance_opportunism_factor>
<unknown_faction_multiplier>0.30000001192092896</unknown_faction_multiplier>
<use_classic_stance_generation_mechanics>0</use_classic_stance_generation_mechanics>
</cai_personality_strategic_components>
<cai_personality_strategic_components record_uuid="{48affeab-a71f-4c67-9567-f321607417ec}" record_timestamp="1495200695678" record_key="opportunist_vamp_late_game">
<enemy_strength_modifier>0.8500000238418579</enemy_strength_modifier>
<enemy_threat_strength_modifier>0.8500000238418579</enemy_threat_strength_modifier>
<fortified_settlement_assault_strength_modifier>1</fortified_settlement_assault_strength_modifier>
<fortified_settlement_defend_strength_modifier>2</fortified_settlement_defend_strength_modifier>
<friendly_towards_enemy_multiplier>-0.5</friendly_towards_enemy_multiplier>
<friendly_towards_friend_multiplier>0.05000000074505806</friendly_towards_friend_multiplier>
<hostile_towards_enemy_multiplier>0.05000000074505806</hostile_towards_enemy_multiplier>
<hostile_towards_friend_multiplier>-0.20000000298023224</hostile_towards_friend_multiplier>
<id>opportunist_vamp_late_game</id>
<last_settlement_modifier>5</last_settlement_modifier>
<long_description></long_description>
<max_friendly_attitude>100</max_friendly_attitude>
<max_hostile_attitude>-100</max_hostile_attitude>
<max_merc_proportion>1</max_merc_proportion>
<min_merc_cap>0</min_merc_cap>
<min_refuse_tunneling_intercept_ratio>1</min_refuse_tunneling_intercept_ratio>
<min_retreat_ratio>0.6000000238418579</min_retreat_ratio>
<min_retreat_to_settlement_ratio>0.699999988079071</min_retreat_to_settlement_ratio>
<short_description></short_description>
<strategic_balance_opportunism_factor>1</strategic_balance_opportunism_factor>
<unknown_faction_multiplier>0.30000001192092896</unknown_faction_multiplier>
<use_classic_stance_generation_mechanics>0</use_classic_stance_generation_mechanics>
</cai_personality_strategic_components>
<cai_personality_strategic_components record_uuid="{85c4bde1-365e-4193-b513-225126ffc2e1}" record_timestamp="1495721217930" record_key="straightforward">
<enemy_strength_modifier>0.8500000238418579</enemy_strength_modifier>
<enemy_threat_strength_modifier>0.8500000238418579</enemy_threat_strength_modifier>
<fortified_settlement_assault_strength_modifier>1</fortified_settlement_assault_strength_modifier>
<fortified_settlement_defend_strength_modifier>2</fortified_settlement_defend_strength_modifier>
<friendly_towards_enemy_multiplier>-0.5</friendly_towards_enemy_multiplier>
<friendly_towards_friend_multiplier>0.20000000298023224</friendly_towards_friend_multiplier>
<hostile_towards_enemy_multiplier>0.5</hostile_towards_enemy_multiplier>
<hostile_towards_friend_multiplier>-0.20000000298023224</hostile_towards_friend_multiplier>
<id>straightforward</id>
<last_settlement_modifier>5</last_settlement_modifier>
<long_description></long_description>
<max_friendly_attitude>100</max_friendly_attitude>
<max_hostile_attitude>-100</max_hostile_attitude>
<max_merc_proportion>0.5</max_merc_proportion>
<min_merc_cap>0</min_merc_cap>
<min_refuse_tunneling_intercept_ratio>1</min_refuse_tunneling_intercept_ratio>
<min_retreat_ratio>0.6000000238418579</min_retreat_ratio>
<min_retreat_to_settlement_ratio>0.699999988079071</min_retreat_to_settlement_ratio>
<short_description></short_description>
<strategic_balance_opportunism_factor>0.550000011920929</strategic_balance_opportunism_factor>
<unknown_faction_multiplier>0.30000001192092896</unknown_faction_multiplier>
<use_classic_stance_generation_mechanics>0</use_classic_stance_generation_mechanics>
</cai_personality_strategic_components>
<cai_personality_strategic_components record_uuid="{0735bfd2-9078-4d53-a733-6a1bfcce44ed}" record_timestamp="1495635174556" record_key="survivor">
<enemy_strength_modifier>1</enemy_strength_modifier>
<enemy_threat_strength_modifier>1</enemy_threat_strength_modifier>
<fortified_settlement_assault_strength_modifier>0.800000011920929</fortified_settlement_assault_strength_modifier>
<fortified_settlement_defend_strength_modifier>2</fortified_settlement_defend_strength_modifier>
<friendly_towards_enemy_multiplier>-0.5</friendly_towards_enemy_multiplier>
<friendly_towards_friend_multiplier>0.20000000298023224</friendly_towards_friend_multiplier>
<hostile_towards_enemy_multiplier>0.5</hostile_towards_enemy_multiplier>
<hostile_towards_friend_multiplier>-0.20000000298023224</hostile_towards_friend_multiplier>
<id>survivor</id>
<last_settlement_modifier>5</last_settlement_modifier>
<long_description>personality_desc_long_survivor</long_description>
<max_friendly_attitude>100</max_friendly_attitude>
<max_hostile_attitude>-100</max_hostile_attitude>
<max_merc_proportion>0.5</max_merc_proportion>
<min_merc_cap>0</min_merc_cap>
<min_refuse_tunneling_intercept_ratio>1.100000023841858</min_refuse_tunneling_intercept_ratio>
<min_retreat_ratio>0.800000011920929</min_retreat_ratio>
<min_retreat_to_settlement_ratio>0.8999999761581421</min_retreat_to_settlement_ratio>
<short_description>personality_desc_short_survivor</short_description>
<strategic_balance_opportunism_factor>0.550000011920929</strategic_balance_opportunism_factor>
<unknown_faction_multiplier>0.30000001192092896</unknown_faction_multiplier>
<use_classic_stance_generation_mechanics>0</use_classic_stance_generation_mechanics>
</cai_personality_strategic_components>
</dataroot>
