<?xml version="1.0" encoding="UTF-8"?>
<dataroot xmlns:od="urn:schemas-microsoft-com:officedata" xmlns:xsi="http://www.w3.org/2001/XMLSchema-instance" xsi:noNamespaceSchemaLocation="cai_personality_religious_components.xsd" export_time="Fri Nov 17 10:07:29 2017" revision="13" export_branch="T:/branches/warhammer2/new_tomb/warhammer/binaries.x64" export_user="bob">
<edit_uuid>cea726cd-1d0d-45f5-bc3e-2b0aed0004a9</edit_uuid>
<cai_personality_religious_components record_uuid="{8ce7301c-31bb-426c-809a-9b9c3cf8fd11}" record_timestamp="1402059652790" record_key="default">
<base_bonus_multiplier>1</base_bonus_multiplier>
<base_penalty_multiplier>1</base_penalty_multiplier>
<event_bonus_multiplier>1</event_bonus_multiplier>
<event_penalty_multiplier>1</event_penalty_multiplier>
<id>default</id>
<long_description></long_description>
<short_description></short_description>
</cai_personality_religious_components>
<cai_personality_religious_components record_uuid="{8ab7098a-0ffb-4959-a153-31a8dde08154}" record_timestamp="1509468209976" record_key="dlc09_tomb_kings_adjustable_climates">
<base_bonus_multiplier>1</base_bonus_multiplier>
<base_penalty_multiplier>1</base_penalty_multiplier>
<event_bonus_multiplier>1</event_bonus_multiplier>
<event_penalty_multiplier>1</event_penalty_multiplier>
<id>dlc09_tomb_kings_adjustable_climates</id>
<long_description>dlc09_personality_desc_long_tmb_adjustable_climates</long_description>
<short_description>dlc09_personality_desc_short_tmb_adjustable_climates</short_description>
</cai_personality_religious_components>
<cai_personality_religious_components record_uuid="{b55eb807-1a1c-41ab-a00e-dd4b801d8933}" record_timestamp="1509468210226" record_key="dlc09_tomb_kings_desert">
<base_bonus_multiplier>1</base_bonus_multiplier>
<base_penalty_multiplier>1</base_penalty_multiplier>
<event_bonus_multiplier>1</event_bonus_multiplier>
<event_penalty_multiplier>1</event_penalty_multiplier>
<id>dlc09_tomb_kings_desert</id>
<long_description>dlc09_personality_desc_long_tmb_likes_deserts</long_description>
<short_description>dlc09_personality_desc_short_tmb_likes_deserts</short_description>
</cai_personality_religious_components>
</dataroot>
