<?xml version="1.0" encoding="UTF-8"?>
<dataroot xmlns:od="urn:schemas-microsoft-com:officedata" xmlns:xsi="http://www.w3.org/2001/XMLSchema-instance" xsi:noNamespaceSchemaLocation="cai_task_management_system_task_generators.xsd" export_time="Thu Sep 7 09:02:00 2017" revision="46" export_branch="T:/branches/warhammer2/dev/common/TWeak" export_user="bob">
<edit_uuid>e3f0022b-bde5-4588-9898-53de404c17cf</edit_uuid>
<cai_task_management_system_task_generators record_uuid="{5e522894-94c9-4a2f-932d-a13751b3e4ff}" record_timestamp="1389702986756" record_key="CAI_TMS_TASK_GENERATOR_ACTIVELY_DEFEND_CAPITAL">
<key>CAI_TMS_TASK_GENERATOR_ACTIVELY_DEFEND_CAPITAL</key>
</cai_task_management_system_task_generators>
<cai_task_management_system_task_generators record_uuid="{5e4caf50-c379-4d2d-a55d-d6bda6e8f8e1}" record_timestamp="1425903068204" record_key="CAI_TMS_TASK_GENERATOR_ACTIVELY_DEFEND_RECENTLY_CAPTURED_TERRITORY">
<key>CAI_TMS_TASK_GENERATOR_ACTIVELY_DEFEND_RECENTLY_CAPTURED_TERRITORY</key>
</cai_task_management_system_task_generators>
<cai_task_management_system_task_generators record_uuid="{203ad1e6-2ddd-4862-a5dc-054e62d7ebd8}" record_timestamp="1440584432504" record_key="CAI_TMS_TASK_GENERATOR_ACTIVELY_DEFEND_RECENTLY_CAPTURED_TERRITORY_FOR_PUBLIC_ORDER_CONTROL">
<key>CAI_TMS_TASK_GENERATOR_ACTIVELY_DEFEND_RECENTLY_CAPTURED_TERRITORY_FOR_PUBLIC_ORDER_CONTROL</key>
</cai_task_management_system_task_generators>
<cai_task_management_system_task_generators record_uuid="{4bdfed45-54d0-4efc-aaef-dec7bb0a926d}" record_timestamp="1449576612925" record_key="CAI_TMS_TASK_GENERATOR_ACTIVELY_DEFEND_REGIONS_NEIGHBOURING_ENEMY_HUMAN">
<key>CAI_TMS_TASK_GENERATOR_ACTIVELY_DEFEND_REGIONS_NEIGHBOURING_ENEMY_HUMAN</key>
</cai_task_management_system_task_generators>
<cai_task_management_system_task_generators record_uuid="{4e12d064-bea8-48ae-8c2f-532297fbb390}" record_timestamp="1449571461658" record_key="CAI_TMS_TASK_GENERATOR_ACTIVELY_DEFEND_REGIONS_NEIGHBOURING_HUMAN">
<key>CAI_TMS_TASK_GENERATOR_ACTIVELY_DEFEND_REGIONS_NEIGHBOURING_HUMAN</key>
</cai_task_management_system_task_generators>
<cai_task_management_system_task_generators record_uuid="{5c16fdd7-4a64-44ba-9d00-ddac14944727}" record_timestamp="1389702986810" record_key="CAI_TMS_TASK_GENERATOR_ACTIVELY_DEFEND_THREATENED_REGIONS">
<key>CAI_TMS_TASK_GENERATOR_ACTIVELY_DEFEND_THREATENED_REGIONS</key>
</cai_task_management_system_task_generators>
<cai_task_management_system_task_generators record_uuid="{29cde1c5-7c1a-4e57-b7e4-1b57e36673f4}" record_timestamp="1492702039964" record_key="CAI_TMS_TASK_GENERATOR_AGENT_ATTACK_HIDDEN_ENEMY_SETTLEMENTS_HUMAN_OWNED">
<key>CAI_TMS_TASK_GENERATOR_AGENT_ATTACK_HIDDEN_ENEMY_SETTLEMENTS_HUMAN_OWNED</key>
</cai_task_management_system_task_generators>
<cai_task_management_system_task_generators record_uuid="{6fd1b821-6b26-491b-88cd-741fb7e407d7}" record_timestamp="1492702039976" record_key="CAI_TMS_TASK_GENERATOR_AGENT_ATTACK_HIDDEN_ENEMY_SETTLEMENTS_NON_HUMAN_OWNED">
<key>CAI_TMS_TASK_GENERATOR_AGENT_ATTACK_HIDDEN_ENEMY_SETTLEMENTS_NON_HUMAN_OWNED</key>
</cai_task_management_system_task_generators>
<cai_task_management_system_task_generators record_uuid="{59aa21e5-d61e-4623-90ab-4857fb0add61}" record_timestamp="1490178962375" record_key="CAI_TMS_TASK_GENERATOR_ATTACK_ABANDONED_UNSUITABLE_CLIMATE_REGIONS">
<key>CAI_TMS_TASK_GENERATOR_ATTACK_ABANDONED_UNSUITABLE_CLIMATE_REGIONS</key>
</cai_task_management_system_task_generators>
<cai_task_management_system_task_generators record_uuid="{6cde0672-5515-401f-81b9-df0cd1792149}" record_timestamp="1364298499487" record_key="CAI_TMS_TASK_GENERATOR_ATTACK_AGENTS_IN_OWNED_REGIONS">
<key>CAI_TMS_TASK_GENERATOR_ATTACK_AGENTS_IN_OWNED_REGIONS</key>
</cai_task_management_system_task_generators>
<cai_task_management_system_task_generators record_uuid="{9a0137b4-7656-438d-9c49-b4ddf507e36c}" record_timestamp="1375691804602" record_key="CAI_TMS_TASK_GENERATOR_ATTACK_ALL_ENEMY_FORCES">
<key>CAI_TMS_TASK_GENERATOR_ATTACK_ALL_ENEMY_FORCES</key>
</cai_task_management_system_task_generators>
<cai_task_management_system_task_generators record_uuid="{f33f555c-0ab5-484e-a0fa-a31d18fba433}" record_timestamp="1440172671529" record_key="CAI_TMS_TASK_GENERATOR_ATTACK_ALL_ENEMY_HUMAN_FORCES">
<key>CAI_TMS_TASK_GENERATOR_ATTACK_ALL_ENEMY_HUMAN_FORCES</key>
</cai_task_management_system_task_generators>
<cai_task_management_system_task_generators record_uuid="{bcd7eeed-2dc7-4d51-921d-05ea611c3c1b}" record_timestamp="1440172671491" record_key="CAI_TMS_TASK_GENERATOR_ATTACK_ALL_ENEMY_HUMAN_SETTLEMENTS">
<key>CAI_TMS_TASK_GENERATOR_ATTACK_ALL_ENEMY_HUMAN_SETTLEMENTS</key>
</cai_task_management_system_task_generators>
<cai_task_management_system_task_generators record_uuid="{6d9d4752-bf76-4a71-92ef-07fce17eab6a}" record_timestamp="1375691804539" record_key="CAI_TMS_TASK_GENERATOR_ATTACK_ALL_ENEMY_SETTLEMENTS">
<key>CAI_TMS_TASK_GENERATOR_ATTACK_ALL_ENEMY_SETTLEMENTS</key>
</cai_task_management_system_task_generators>
<cai_task_management_system_task_generators record_uuid="{c1362a15-4799-4d21-8b0d-6f2cf01efaf5}" record_timestamp="1491918985698" record_key="CAI_TMS_TASK_GENERATOR_ATTACK_ALL_ENEMY_SETTLEMENTS_IF_HAVENT_EXPANDED_RECENTLY">
<key>CAI_TMS_TASK_GENERATOR_ATTACK_ALL_ENEMY_SETTLEMENTS_IF_HAVENT_EXPANDED_RECENTLY</key>
</cai_task_management_system_task_generators>
<cai_task_management_system_task_generators record_uuid="{61313ec0-fb71-4f7e-a259-139442e4b052}" record_timestamp="1497524631372" record_key="CAI_TMS_TASK_GENERATOR_ATTACK_ALL_FLAGGED_REGIONS_OWNED_BY_ANOTHER_SUBCULTURED_ENEMY">
<key>CAI_TMS_TASK_GENERATOR_ATTACK_ALL_FLAGGED_REGIONS_OWNED_BY_ANOTHER_SUBCULTURED_ENEMY</key>
</cai_task_management_system_task_generators>
<cai_task_management_system_task_generators record_uuid="{22776129-0566-41d7-a126-6ae4f045bd2e}" record_timestamp="1421935757893" record_key="CAI_TMS_TASK_GENERATOR_ATTACK_ALL_FLAGGED_VICTORY_CONDITION_REGIONS">
<key>CAI_TMS_TASK_GENERATOR_ATTACK_ALL_FLAGGED_VICTORY_CONDITION_REGIONS</key>
</cai_task_management_system_task_generators>
<cai_task_management_system_task_generators record_uuid="{b83ae56e-55c0-4e88-9813-fe1df2f6c068}" record_timestamp="1376668548297" record_key="CAI_TMS_TASK_GENERATOR_ATTACK_ALL_LOCAL_AGENTS_LEVEL_SCALED">
<key>CAI_TMS_TASK_GENERATOR_ATTACK_ALL_LOCAL_AGENTS_LEVEL_SCALED</key>
</cai_task_management_system_task_generators>
<cai_task_management_system_task_generators record_uuid="{b853ac50-a1b8-439c-9d3d-24b99f5e305e}" record_timestamp="1376668548235" record_key="CAI_TMS_TASK_GENERATOR_ATTACK_ALL_LOCAL_FORCES_SIZE_SCALED">
<key>CAI_TMS_TASK_GENERATOR_ATTACK_ALL_LOCAL_FORCES_SIZE_SCALED</key>
</cai_task_management_system_task_generators>
<cai_task_management_system_task_generators record_uuid="{4c4b5c9d-4ad8-4eb8-a8a6-0708cc4dd749}" record_timestamp="1376668548328" record_key="CAI_TMS_TASK_GENERATOR_ATTACK_ALL_LOCAL_HUMAN_AGENTS_LEVEL_SCALED">
<key>CAI_TMS_TASK_GENERATOR_ATTACK_ALL_LOCAL_HUMAN_AGENTS_LEVEL_SCALED</key>
</cai_task_management_system_task_generators>
<cai_task_management_system_task_generators record_uuid="{6ce3a2ae-14c9-4663-94ed-db4b3d72202a}" record_timestamp="1376668548269" record_key="CAI_TMS_TASK_GENERATOR_ATTACK_ALL_LOCAL_HUMAN_FORCES_SIZE_SCALED">
<key>CAI_TMS_TASK_GENERATOR_ATTACK_ALL_LOCAL_HUMAN_FORCES_SIZE_SCALED</key>
</cai_task_management_system_task_generators>
<cai_task_management_system_task_generators record_uuid="{a1b54c8c-4e2c-4ab5-8f3c-a5e8437f0cbe}" record_timestamp="1376927062144" record_key="CAI_TMS_TASK_GENERATOR_ATTACK_ALL_LOCAL_HUMAN_SETTLEMENTS">
<key>CAI_TMS_TASK_GENERATOR_ATTACK_ALL_LOCAL_HUMAN_SETTLEMENTS</key>
</cai_task_management_system_task_generators>
<cai_task_management_system_task_generators record_uuid="{a86f38a6-e738-41fa-bb33-76f865144f03}" record_timestamp="1376837935319" record_key="CAI_TMS_TASK_GENERATOR_ATTACK_ALL_OUT_CULTURE_CONVERTING_AGENTS_IN_OWNED_TERRITORY">
<key>CAI_TMS_TASK_GENERATOR_ATTACK_ALL_OUT_CULTURE_CONVERTING_AGENTS_IN_OWNED_TERRITORY</key>
</cai_task_management_system_task_generators>
<cai_task_management_system_task_generators record_uuid="{d3ee2bed-5b84-4c4f-bc2e-189bf9c0ff5f}" record_timestamp="1487257038190" record_key="CAI_TMS_TASK_GENERATOR_ATTACK_ENEMY_PORT_SETTLEMENTS">
<key>CAI_TMS_TASK_GENERATOR_ATTACK_ENEMY_PORT_SETTLEMENTS</key>
</cai_task_management_system_task_generators>
<cai_task_management_system_task_generators record_uuid="{d9613a4c-0da2-434c-b542-7f164885705a}" record_timestamp="1375691804695" record_key="CAI_TMS_TASK_GENERATOR_ATTACK_FOOD_PRODUCING_REGIONS">
<key>CAI_TMS_TASK_GENERATOR_ATTACK_FOOD_PRODUCING_REGIONS</key>
</cai_task_management_system_task_generators>
<cai_task_management_system_task_generators record_uuid="{817c1bef-f0a4-4472-9691-b7f64b06a665}" record_timestamp="1492702039989" record_key="CAI_TMS_TASK_GENERATOR_ATTACK_HIDDEN_ENEMY_SETTLEMENTS_HUMAN_OWNED">
<key>CAI_TMS_TASK_GENERATOR_ATTACK_HIDDEN_ENEMY_SETTLEMENTS_HUMAN_OWNED</key>
</cai_task_management_system_task_generators>
<cai_task_management_system_task_generators record_uuid="{489718c9-8a0c-4c37-88f1-e35b1561e950}" record_timestamp="1492702040002" record_key="CAI_TMS_TASK_GENERATOR_ATTACK_HIDDEN_ENEMY_SETTLEMENTS_NON_HUMAN_OWNED">
<key>CAI_TMS_TASK_GENERATOR_ATTACK_HIDDEN_ENEMY_SETTLEMENTS_NON_HUMAN_OWNED</key>
</cai_task_management_system_task_generators>
<cai_task_management_system_task_generators record_uuid="{ad0261a1-5cac-4607-867a-b3f689a69ae2}" record_timestamp="1425903068239" record_key="CAI_TMS_TASK_GENERATOR_ATTACK_HORDE_ARMIES_HUMAN_AT_WAR_NOT_SETTLED">
<key>CAI_TMS_TASK_GENERATOR_ATTACK_HORDE_ARMIES_HUMAN_AT_WAR_NOT_SETTLED</key>
</cai_task_management_system_task_generators>
<cai_task_management_system_task_generators record_uuid="{65db4104-2419-4088-a9e9-9c49fd6facf6}" record_timestamp="1425903068275" record_key="CAI_TMS_TASK_GENERATOR_ATTACK_HORDE_ARMIES_HUMAN_AT_WAR_SETTLED">
<key>CAI_TMS_TASK_GENERATOR_ATTACK_HORDE_ARMIES_HUMAN_AT_WAR_SETTLED</key>
</cai_task_management_system_task_generators>
<cai_task_management_system_task_generators record_uuid="{f55fe194-0711-4d40-b31a-d5fc0b2235de}" record_timestamp="1425903068120" record_key="CAI_TMS_TASK_GENERATOR_ATTACK_HORDE_ARMIES_NON_HUMAN_AT_WAR_NOT_SETTLED">
<key>CAI_TMS_TASK_GENERATOR_ATTACK_HORDE_ARMIES_NON_HUMAN_AT_WAR_NOT_SETTLED</key>
</cai_task_management_system_task_generators>
<cai_task_management_system_task_generators record_uuid="{abc525ac-b9b9-4543-9494-6c8c3267fff7}" record_timestamp="1425903068159" record_key="CAI_TMS_TASK_GENERATOR_ATTACK_HORDE_ARMIES_NON_HUMAN_AT_WAR_SETTLED">
<key>CAI_TMS_TASK_GENERATOR_ATTACK_HORDE_ARMIES_NON_HUMAN_AT_WAR_SETTLED</key>
</cai_task_management_system_task_generators>
<cai_task_management_system_task_generators record_uuid="{b94ef91d-9532-47ea-9902-aac589b1dd19}" record_timestamp="1421935757918" record_key="CAI_TMS_TASK_GENERATOR_ATTACK_LOCAL_FLAGGED_VICTORY_CONDITION_REGIONS">
<key>CAI_TMS_TASK_GENERATOR_ATTACK_LOCAL_FLAGGED_VICTORY_CONDITION_REGIONS</key>
</cai_task_management_system_task_generators>
<cai_task_management_system_task_generators record_uuid="{fd36de46-01a8-4190-9e8a-0c4c1d1eff01}" record_timestamp="1425903068307" record_key="CAI_TMS_TASK_GENERATOR_ATTACK_LOW_FERTILITY_REGIONS">
<key>CAI_TMS_TASK_GENERATOR_ATTACK_LOW_FERTILITY_REGIONS</key>
</cai_task_management_system_task_generators>
<cai_task_management_system_task_generators record_uuid="{151d818f-37cf-4d46-863e-7b18470aefdc}" record_timestamp="1364298499305" record_key="CAI_TMS_TASK_GENERATOR_ATTACK_NEIGHBOURING_WAR_REGIONS">
<key>CAI_TMS_TASK_GENERATOR_ATTACK_NEIGHBOURING_WAR_REGIONS</key>
</cai_task_management_system_task_generators>
<cai_task_management_system_task_generators record_uuid="{d52a68c8-c0ef-44f7-9419-db37642cfe7b}" record_timestamp="1425903068344" record_key="CAI_TMS_TASK_GENERATOR_ATTACK_PROVINCES_NEIGHBOURNIG_OWN_PROVINCES_ABANDONED">
<key>CAI_TMS_TASK_GENERATOR_ATTACK_PROVINCES_NEIGHBOURNIG_OWN_PROVINCES_ABANDONED</key>
</cai_task_management_system_task_generators>
<cai_task_management_system_task_generators record_uuid="{7eaf2e72-47f8-41ce-8eda-e81e5fdea4af}" record_timestamp="1425903068379" record_key="CAI_TMS_TASK_GENERATOR_ATTACK_PROVINCES_NEIGHBOURNIG_OWN_PROVINCES_ENEMY">
<key>CAI_TMS_TASK_GENERATOR_ATTACK_PROVINCES_NEIGHBOURNIG_OWN_PROVINCES_ENEMY</key>
</cai_task_management_system_task_generators>
<cai_task_management_system_task_generators record_uuid="{dcd4edf4-84d0-4956-9ba2-43a7bf42f21c}" record_timestamp="1425903068420" record_key="CAI_TMS_TASK_GENERATOR_ATTACK_PROVINCES_NEIGHBOURNIG_OWN_REGIONS_ABANDONED">
<key>CAI_TMS_TASK_GENERATOR_ATTACK_PROVINCES_NEIGHBOURNIG_OWN_REGIONS_ABANDONED</key>
</cai_task_management_system_task_generators>
<cai_task_management_system_task_generators record_uuid="{1a311f33-e0da-4c8a-89d0-bfe58aa4bcc8}" record_timestamp="1425903068457" record_key="CAI_TMS_TASK_GENERATOR_ATTACK_PROVINCES_NEIGHBOURNIG_OWN_REGIONS_ENEMY">
<key>CAI_TMS_TASK_GENERATOR_ATTACK_PROVINCES_NEIGHBOURNIG_OWN_REGIONS_ENEMY</key>
</cai_task_management_system_task_generators>
<cai_task_management_system_task_generators record_uuid="{2adf43d6-1e35-4641-876a-a8334077db89}" record_timestamp="1421923136825" record_key="CAI_TMS_TASK_GENERATOR_ATTACK_RECENTLY_SACKED_SETTLEMENTS">
<key>CAI_TMS_TASK_GENERATOR_ATTACK_RECENTLY_SACKED_SETTLEMENTS</key>
</cai_task_management_system_task_generators>
<cai_task_management_system_task_generators record_uuid="{6a07b4d0-a785-4397-a410-51d7acc3e996}" record_timestamp="1425903068497" record_key="CAI_TMS_TASK_GENERATOR_ATTACK_REGIONS_NEIGHBOURNIG_OWN_REGIONS_ABANDONED">
<key>CAI_TMS_TASK_GENERATOR_ATTACK_REGIONS_NEIGHBOURNIG_OWN_REGIONS_ABANDONED</key>
</cai_task_management_system_task_generators>
<cai_task_management_system_task_generators record_uuid="{a66cdd39-0ac1-4592-9361-01c09edaca29}" record_timestamp="1425903068537" record_key="CAI_TMS_TASK_GENERATOR_ATTACK_REGIONS_NEIGHBOURNIG_OWN_REGIONS_ENEMY">
<key>CAI_TMS_TASK_GENERATOR_ATTACK_REGIONS_NEIGHBOURNIG_OWN_REGIONS_ENEMY</key>
</cai_task_management_system_task_generators>
<cai_task_management_system_task_generators record_uuid="{c3b64e09-b45b-4f2e-9ffa-d413a425ef57}" record_timestamp="1482228451300" record_key="CAI_TMS_TASK_GENERATOR_ATTACK_RITUAL_LOCATIONS">
<key>CAI_TMS_TASK_GENERATOR_ATTACK_RITUAL_LOCATIONS</key>
</cai_task_management_system_task_generators>
<cai_task_management_system_task_generators record_uuid="{5ce1d779-ede4-4dd9-aa52-e4301610fed1}" record_timestamp="1375691804761" record_key="CAI_TMS_TASK_GENERATOR_ATTACK_SETTLEMENTS_NEAR_OUR_FORCES">
<key>CAI_TMS_TASK_GENERATOR_ATTACK_SETTLEMENTS_NEAR_OUR_FORCES</key>
</cai_task_management_system_task_generators>
<cai_task_management_system_task_generators record_uuid="{180e9bcb-54ff-465d-bc9f-1bf2f0b482f0}" record_timestamp="1490116240966" record_key="CAI_TMS_TASK_GENERATOR_ATTACK_SETTLEMENT_TO_SPREAD_PLAGUE">
<key>CAI_TMS_TASK_GENERATOR_ATTACK_SETTLEMENT_TO_SPREAD_PLAGUE</key>
</cai_task_management_system_task_generators>
<cai_task_management_system_task_generators record_uuid="{01f98c3e-20ee-4510-b59d-19f8ac7fd8d2}" record_timestamp="1490116352062" record_key="CAI_TMS_TASK_GENERATOR_ATTACK_SETTLEMENT_TO_TRIGGER_EARTHQUAKE">
<key>CAI_TMS_TASK_GENERATOR_ATTACK_SETTLEMENT_TO_TRIGGER_EARTHQUAKE</key>
</cai_task_management_system_task_generators>
<cai_task_management_system_task_generators record_uuid="{ca0ef5e5-a61d-4a9e-8c0f-3e222cacafdc}" record_timestamp="1449834994602" record_key="CAI_TMS_TASK_GENERATOR_ATTACK_UNDEFENDED_ENEMY_HUMAN_SETTLEMENTS">
<key>CAI_TMS_TASK_GENERATOR_ATTACK_UNDEFENDED_ENEMY_HUMAN_SETTLEMENTS</key>
</cai_task_management_system_task_generators>
<cai_task_management_system_task_generators record_uuid="{291e3882-77a4-4f13-b7d2-f1677d1f1331}" record_timestamp="1449834994577" record_key="CAI_TMS_TASK_GENERATOR_ATTACK_UNDEFENDED_ENEMY_SETTLEMENTS">
<key>CAI_TMS_TASK_GENERATOR_ATTACK_UNDEFENDED_ENEMY_SETTLEMENTS</key>
</cai_task_management_system_task_generators>
<cai_task_management_system_task_generators record_uuid="{816800f0-beb7-4817-b944-b2bbb53acca1}" record_timestamp="1489745004501" record_key="CAI_TMS_TASK_GENERATOR_ATTACK_UNSUITABLE_CLIMATE_REGIONS">
<key>CAI_TMS_TASK_GENERATOR_ATTACK_UNSUITABLE_CLIMATE_REGIONS</key>
</cai_task_management_system_task_generators>
<cai_task_management_system_task_generators record_uuid="{737a560c-f3fa-4efe-b796-59c55b6ba7c6}" record_timestamp="1504771320499" record_key="CAI_TMS_TASK_GENERATOR_BUILD_UP_NAVIES">
<key>CAI_TMS_TASK_GENERATOR_BUILD_UP_NAVIES</key>
</cai_task_management_system_task_generators>
<cai_task_management_system_task_generators record_uuid="{3031ad1d-be74-4e95-9b7f-8aa89f28950c}" record_timestamp="1364298499353" record_key="CAI_TMS_TASK_GENERATOR_COMPLETE_PROVINCE">
<key>CAI_TMS_TASK_GENERATOR_COMPLETE_PROVINCE</key>
</cai_task_management_system_task_generators>
<cai_task_management_system_task_generators record_uuid="{cbec9987-cbee-4a12-a784-6cd80d79d481}" record_timestamp="1364298499459" record_key="CAI_TMS_TASK_GENERATOR_COMPLETE_SEA_REGION_CONTROL">
<key>CAI_TMS_TASK_GENERATOR_COMPLETE_SEA_REGION_CONTROL</key>
</cai_task_management_system_task_generators>
<cai_task_management_system_task_generators record_uuid="{139dee1a-2fe5-4598-8aaf-d7565deed22f}" record_timestamp="1364298499335" record_key="CAI_TMS_TASK_GENERATOR_CONSOLIDATE_BORDERS">
<key>CAI_TMS_TASK_GENERATOR_CONSOLIDATE_BORDERS</key>
</cai_task_management_system_task_generators>
<cai_task_management_system_task_generators record_uuid="{41271311-ea3b-4874-8559-7fd4a1eaf223}" record_timestamp="1455114815566" record_key="CAI_TMS_TASK_GENERATOR_CONTINUE_RAID_REGIONS_TO_IMPROVE_MORALE">
<key>CAI_TMS_TASK_GENERATOR_CONTINUE_RAID_REGIONS_TO_IMPROVE_MORALE</key>
</cai_task_management_system_task_generators>
<cai_task_management_system_task_generators record_uuid="{03fd220a-e730-4aa2-aa73-7d7a91a32a5b}" record_timestamp="1375691804833" record_key="CAI_TMS_TASK_GENERATOR_DEFEND_ALLIED_TERRITORY">
<key>CAI_TMS_TASK_GENERATOR_DEFEND_ALLIED_TERRITORY</key>
</cai_task_management_system_task_generators>
<cai_task_management_system_task_generators record_uuid="{7279e931-410b-4193-91c0-9efbc421cd40}" record_timestamp="1435910435857" record_key="CAI_TMS_TASK_GENERATOR_DEFEND_BESIEGED_SETTLEMENT">
<key>CAI_TMS_TASK_GENERATOR_DEFEND_BESIEGED_SETTLEMENT</key>
</cai_task_management_system_task_generators>
<cai_task_management_system_task_generators record_uuid="{b875c514-5a51-4a92-a452-d2116bee7b1c}" record_timestamp="1421935757928" record_key="CAI_TMS_TASK_GENERATOR_DEFEND_FLAGGED_VICTORY_CONDITION_REGIONS">
<key>CAI_TMS_TASK_GENERATOR_DEFEND_FLAGGED_VICTORY_CONDITION_REGIONS</key>
</cai_task_management_system_task_generators>
<cai_task_management_system_task_generators record_uuid="{dbd5161c-cfbd-45e5-86eb-65517b0f6079}" record_timestamp="1364298499410" record_key="CAI_TMS_TASK_GENERATOR_DEFEND_OWNED_REGIONS">
<key>CAI_TMS_TASK_GENERATOR_DEFEND_OWNED_REGIONS</key>
</cai_task_management_system_task_generators>
<cai_task_management_system_task_generators record_uuid="{6a9f97c8-9456-4798-b72d-26542da4b300}" record_timestamp="1368713707513" record_key="CAI_TMS_TASK_GENERATOR_DEFEND_REGIONS_AMBIENT">
<key>CAI_TMS_TASK_GENERATOR_DEFEND_REGIONS_AMBIENT</key>
</cai_task_management_system_task_generators>
<cai_task_management_system_task_generators record_uuid="{fcf8b387-681a-4c0f-ba35-2ef909ee3264}" record_timestamp="1425903068815" record_key="CAI_TMS_TASK_GENERATOR_DEFEND_REGIONS_NEIGHBOURING_ENEMY">
<key>CAI_TMS_TASK_GENERATOR_DEFEND_REGIONS_NEIGHBOURING_ENEMY</key>
</cai_task_management_system_task_generators>
<cai_task_management_system_task_generators record_uuid="{313d4ee0-b1a7-40fd-be3c-5ca591c55d31}" record_timestamp="1484840759141" record_key="CAI_TMS_TASK_GENERATOR_DEFEND_RITUAL_LOCATIONS">
<key>CAI_TMS_TASK_GENERATOR_DEFEND_RITUAL_LOCATIONS</key>
</cai_task_management_system_task_generators>
<cai_task_management_system_task_generators record_uuid="{a91c60a6-7ac4-40c7-bc1a-551c393a8e54}" record_timestamp="1364298499433" record_key="CAI_TMS_TASK_GENERATOR_DEFEND_SEA_REGIONS">
<key>CAI_TMS_TASK_GENERATOR_DEFEND_SEA_REGIONS</key>
</cai_task_management_system_task_generators>
<cai_task_management_system_task_generators record_uuid="{7bec611e-0dce-4457-99ac-4c27e61319d1}" record_timestamp="1491408815689" record_key="CAI_TMS_TASK_GENERATOR_DEFEND_UNDEFENDED_RITUAL_LOCATIONS">
<key>CAI_TMS_TASK_GENERATOR_DEFEND_UNDEFENDED_RITUAL_LOCATIONS</key>
</cai_task_management_system_task_generators>
<cai_task_management_system_task_generators record_uuid="{a61d580f-be87-4adb-8e06-71f144eb8b12}" record_timestamp="1452169848969" record_key="CAI_TMS_TASK_GENERATOR_DEPLOY_AGAINST_DIFFERENT_CULTURED_NEIGHBOURING_REGION">
<key>CAI_TMS_TASK_GENERATOR_DEPLOY_AGAINST_DIFFERENT_CULTURED_NEIGHBOURING_REGION</key>
</cai_task_management_system_task_generators>
<cai_task_management_system_task_generators record_uuid="{8fbfd302-147a-46ac-858e-9adfb2a5755f}" record_timestamp="1492702040014" record_key="CAI_TMS_TASK_GENERATOR_DEPLOY_AGAINST_HIDDEN_ENEMY_SETTLEMENTS_HUMAN_OWNED">
<key>CAI_TMS_TASK_GENERATOR_DEPLOY_AGAINST_HIDDEN_ENEMY_SETTLEMENTS_HUMAN_OWNED</key>
</cai_task_management_system_task_generators>
<cai_task_management_system_task_generators record_uuid="{02224229-d96e-42d7-b0d3-5d202c46df55}" record_timestamp="1492702040027" record_key="CAI_TMS_TASK_GENERATOR_DEPLOY_AGAINST_HIDDEN_ENEMY_SETTLEMENTS_NON_HUMAN_OWNED">
<key>CAI_TMS_TASK_GENERATOR_DEPLOY_AGAINST_HIDDEN_ENEMY_SETTLEMENTS_NON_HUMAN_OWNED</key>
</cai_task_management_system_task_generators>
<cai_task_management_system_task_generators record_uuid="{683405fc-177e-4411-92c4-898551bc9880}" record_timestamp="1455817244896" record_key="CAI_TMS_TASK_GENERATOR_DEPLOY_TO_OWN_REGION_TO_DEFEND_AGAINST_DIFFERENT_CULTURES">
<key>CAI_TMS_TASK_GENERATOR_DEPLOY_TO_OWN_REGION_TO_DEFEND_AGAINST_DIFFERENT_CULTURES</key>
</cai_task_management_system_task_generators>
<cai_task_management_system_task_generators record_uuid="{7c48cfcb-44d1-4828-bbfb-f53c63b1bf51}" record_timestamp="1425903068857" record_key="CAI_TMS_TASK_GENERATOR_EMBED_AGENT_TO_IMPROVE_MORALE">
<key>CAI_TMS_TASK_GENERATOR_EMBED_AGENT_TO_IMPROVE_MORALE</key>
</cai_task_management_system_task_generators>
<cai_task_management_system_task_generators record_uuid="{37fa08f2-db82-42b4-adf6-f7bbc1072911}" record_timestamp="1477037110933" record_key="CAI_TMS_TASK_GENERATOR_FOLLOW_ARMY">
<key>CAI_TMS_TASK_GENERATOR_FOLLOW_ARMY</key>
</cai_task_management_system_task_generators>
<cai_task_management_system_task_generators record_uuid="{280616ed-4bb5-4b82-b0c1-3be2f8dfc660}" record_timestamp="1425903068895" record_key="CAI_TMS_TASK_GENERATOR_HORDE_ATTACK_FERTILE_REGIONS">
<key>CAI_TMS_TASK_GENERATOR_HORDE_ATTACK_FERTILE_REGIONS</key>
</cai_task_management_system_task_generators>
<cai_task_management_system_task_generators record_uuid="{0041f387-4fe2-46ff-a099-a676be362f3a}" record_timestamp="1425903068939" record_key="CAI_TMS_TASK_GENERATOR_HORDE_ENCAMP_IN_FERTILE_REGION">
<key>CAI_TMS_TASK_GENERATOR_HORDE_ENCAMP_IN_FERTILE_REGION</key>
</cai_task_management_system_task_generators>
<cai_task_management_system_task_generators record_uuid="{9b123f6f-bd69-4b9e-939d-3a6c8e3ba4cd}" record_timestamp="1425903068977" record_key="CAI_TMS_TASK_GENERATOR_HORDE_ENCAMP_IN_SAFE_REGION">
<key>CAI_TMS_TASK_GENERATOR_HORDE_ENCAMP_IN_SAFE_REGION</key>
</cai_task_management_system_task_generators>
<cai_task_management_system_task_generators record_uuid="{e42dc1b2-13e8-453a-8309-78ca53b268fa}" record_timestamp="1425903069019" record_key="CAI_TMS_TASK_GENERATOR_HORDE_FOLLOW_LEAD_ARMY">
<key>CAI_TMS_TASK_GENERATOR_HORDE_FOLLOW_LEAD_ARMY</key>
</cai_task_management_system_task_generators>
<cai_task_management_system_task_generators record_uuid="{698347ee-d00a-4ea7-8e1c-834fbd0d04d1}" record_timestamp="1425903069061" record_key="CAI_TMS_TASK_GENERATOR_MOVE_TOWARDS_PLAYER_HORDE">
<key>CAI_TMS_TASK_GENERATOR_MOVE_TOWARDS_PLAYER_HORDE</key>
</cai_task_management_system_task_generators>
<cai_task_management_system_task_generators record_uuid="{f17eb6c2-8a92-49f1-b954-ffd56b05ae48}" record_timestamp="1425903069103" record_key="CAI_TMS_TASK_GENERATOR_MOVE_TOWARDS_PLAYER_SETTLED">
<key>CAI_TMS_TASK_GENERATOR_MOVE_TOWARDS_PLAYER_SETTLED</key>
</cai_task_management_system_task_generators>
<cai_task_management_system_task_generators record_uuid="{87a92fd9-6ad6-44ee-a3fe-cbd5a3e2d484}" record_timestamp="1425903068577" record_key="CAI_TMS_TASK_GENERATOR_MOVE_TOWARDS_VICTORY_CONDITION_REGIONS_HORDE">
<key>CAI_TMS_TASK_GENERATOR_MOVE_TOWARDS_VICTORY_CONDITION_REGIONS_HORDE</key>
</cai_task_management_system_task_generators>
<cai_task_management_system_task_generators record_uuid="{a1f2c3da-37f1-4ee7-bd33-dd89eb0f97e8}" record_timestamp="1425903068615" record_key="CAI_TMS_TASK_GENERATOR_MOVE_TOWARDS_VICTORY_CONDITION_REGIONS_SETTLED">
<key>CAI_TMS_TASK_GENERATOR_MOVE_TOWARDS_VICTORY_CONDITION_REGIONS_SETTLED</key>
</cai_task_management_system_task_generators>
<cai_task_management_system_task_generators record_uuid="{25a96c7b-802c-4bc6-a69d-f80cc80735fa}" record_timestamp="1492702040040" record_key="CAI_TMS_TASK_GENERATOR_RAID_HIDDEN_ENEMY_SETTLEMENTS_HUMAN_OWNED">
<key>CAI_TMS_TASK_GENERATOR_RAID_HIDDEN_ENEMY_SETTLEMENTS_HUMAN_OWNED</key>
</cai_task_management_system_task_generators>
<cai_task_management_system_task_generators record_uuid="{d6433730-1255-4125-a442-1c9e2a71c165}" record_timestamp="1492702040054" record_key="CAI_TMS_TASK_GENERATOR_RAID_HIDDEN_ENEMY_SETTLEMENTS_NON_HUMAN_OWNED">
<key>CAI_TMS_TASK_GENERATOR_RAID_HIDDEN_ENEMY_SETTLEMENTS_NON_HUMAN_OWNED</key>
</cai_task_management_system_task_generators>
<cai_task_management_system_task_generators record_uuid="{b3468407-5664-4734-af0b-4901796e62bd}" record_timestamp="1455641563531" record_key="CAI_TMS_TASK_GENERATOR_RAID_OWN_SETTLEMENT_NEIGHBOURING_ENEMY_REGIONS_TO_IMPROVE_MORALE">
<key>CAI_TMS_TASK_GENERATOR_RAID_OWN_SETTLEMENT_NEIGHBOURING_ENEMY_REGIONS_TO_IMPROVE_MORALE</key>
</cai_task_management_system_task_generators>
<cai_task_management_system_task_generators record_uuid="{7dbcaa69-d0f0-4712-aad1-b90fe24446f4}" record_timestamp="1421923496418" record_key="CAI_TMS_TASK_GENERATOR_RAID_RECENTLY_SACKED_SETTLEMENTS">
<key>CAI_TMS_TASK_GENERATOR_RAID_RECENTLY_SACKED_SETTLEMENTS</key>
</cai_task_management_system_task_generators>
<cai_task_management_system_task_generators record_uuid="{02d0d61c-5c29-4dab-a396-ba51ca70d5e1}" record_timestamp="1439220511306" record_key="CAI_TMS_TASK_GENERATOR_RAID_SETTLEMENTS_NEAR_OUR_FORCES">
<key>CAI_TMS_TASK_GENERATOR_RAID_SETTLEMENTS_NEAR_OUR_FORCES</key>
</cai_task_management_system_task_generators>
<cai_task_management_system_task_generators record_uuid="{91aba3d2-7190-47ab-8afb-528100a2ed1f}" record_timestamp="1455114815567" record_key="CAI_TMS_TASK_GENERATOR_RAID_UNDEFENDED_REGIONS_TO_IMPROVE_MORALE">
<key>CAI_TMS_TASK_GENERATOR_RAID_UNDEFENDED_REGIONS_TO_IMPROVE_MORALE</key>
</cai_task_management_system_task_generators>
<cai_task_management_system_task_generators record_uuid="{58d9086a-863e-4601-a2e2-6cc75a99666d}" record_timestamp="1389702986863" record_key="CAI_TMS_TASK_GENERATOR_RAID_UNSTABLE_REGIONS">
<key>CAI_TMS_TASK_GENERATOR_RAID_UNSTABLE_REGIONS</key>
</cai_task_management_system_task_generators>
<cai_task_management_system_task_generators record_uuid="{92fcaf19-086b-406c-9829-52d062aafa7e}" record_timestamp="1425903068652" record_key="CAI_TMS_TASK_GENERATOR_RECAPTURE_RECENTLY_LOST_TERRITORY">
<key>CAI_TMS_TASK_GENERATOR_RECAPTURE_RECENTLY_LOST_TERRITORY</key>
</cai_task_management_system_task_generators>
<cai_task_management_system_task_generators record_uuid="{8529e30b-76fc-480c-ab1d-7e8a0b84372a}" record_timestamp="1484927772789" record_key="CAI_TMS_TASK_GENERATOR_RECAPTURE_RITUAL_LOCATIONS">
<key>CAI_TMS_TASK_GENERATOR_RECAPTURE_RITUAL_LOCATIONS</key>
</cai_task_management_system_task_generators>
<cai_task_management_system_task_generators record_uuid="{fbfe04fe-6a5f-45d6-bbe2-5b013080e7a6}" record_timestamp="1496412508325" record_key="CAI_TMS_TASK_GENERATOR_RECRUIT_AVAILABLE_NAVY">
<key>CAI_TMS_TASK_GENERATOR_RECRUIT_AVAILABLE_NAVY</key>
</cai_task_management_system_task_generators>
<cai_task_management_system_task_generators record_uuid="{2f55dbf8-6b7d-4101-a95d-71511e006ce9}" record_timestamp="1431941327403" record_key="CAI_TMS_TASK_GENERATOR_RECRUIT_FROM_SPECIALISED_MERCENARY_POOLS">
<key>CAI_TMS_TASK_GENERATOR_RECRUIT_FROM_SPECIALISED_MERCENARY_POOLS</key>
</cai_task_management_system_task_generators>
<cai_task_management_system_task_generators record_uuid="{2a1be7fa-bf4f-40b0-ac01-2f4611604b1b}" record_timestamp="1462358726911" record_key="CAI_TMS_TASK_GENERATOR_RECRUIT_HIGHER_QUALITY_UNITS">
<key>CAI_TMS_TASK_GENERATOR_RECRUIT_HIGHER_QUALITY_UNITS</key>
</cai_task_management_system_task_generators>
<cai_task_management_system_task_generators record_uuid="{c80e15fb-8135-4cbc-94f7-59d51a256b5e}" record_timestamp="1370431615235" record_key="CAI_TMS_TASK_GENERATOR_REGIONLESS_FACTION_FORCES_SHOULD_ATTACK_LOCAL_REGIONS">
<key>CAI_TMS_TASK_GENERATOR_REGIONLESS_FACTION_FORCES_SHOULD_ATTACK_LOCAL_REGIONS</key>
</cai_task_management_system_task_generators>
<cai_task_management_system_task_generators record_uuid="{256ec77d-84de-4cad-a7a4-6ebbd0e85fff}" record_timestamp="1425903068692" record_key="CAI_TMS_TASK_GENERATOR_SACK_SETTLEMENT_TO_IMPROVE_MORALE">
<key>CAI_TMS_TASK_GENERATOR_SACK_SETTLEMENT_TO_IMPROVE_MORALE</key>
</cai_task_management_system_task_generators>
<cai_task_management_system_task_generators record_uuid="{1dcc8b47-9fcb-4155-a51c-c1149694d5cd}" record_timestamp="1368781013152" record_key="CAI_TMS_TASK_GENERATOR_SALLY_OUT_BEFORE_SETTLEMENT_LOSS">
<key>CAI_TMS_TASK_GENERATOR_SALLY_OUT_BEFORE_SETTLEMENT_LOSS</key>
</cai_task_management_system_task_generators>
<cai_task_management_system_task_generators record_uuid="{a65e20e3-545d-429a-9ad9-938345bac7eb}" record_timestamp="1427370472551" record_key="CAI_TMS_TASK_GENERATOR_TARGET_CULTURE_BRETONNIA_ATTACK_AGENTS">
<key>CAI_TMS_TASK_GENERATOR_TARGET_CULTURE_BRETONNIA_ATTACK_AGENTS</key>
</cai_task_management_system_task_generators>
<cai_task_management_system_task_generators record_uuid="{36ec6fda-3cfd-441e-90d6-0f2ccafb04a4}" record_timestamp="1427370472551" record_key="CAI_TMS_TASK_GENERATOR_TARGET_CULTURE_BRETONNIA_ATTACK_FORCES">
<key>CAI_TMS_TASK_GENERATOR_TARGET_CULTURE_BRETONNIA_ATTACK_FORCES</key>
</cai_task_management_system_task_generators>
<cai_task_management_system_task_generators record_uuid="{66319681-2459-49b3-a0b3-feabc5e10f2a}" record_timestamp="1427370472552" record_key="CAI_TMS_TASK_GENERATOR_TARGET_CULTURE_BRETONNIA_ATTACK_REGIONS">
<key>CAI_TMS_TASK_GENERATOR_TARGET_CULTURE_BRETONNIA_ATTACK_REGIONS</key>
</cai_task_management_system_task_generators>
<cai_task_management_system_task_generators record_uuid="{cbfb32d7-c2d2-4547-99b5-ee0e9250d03d}" record_timestamp="1427370472552" record_key="CAI_TMS_TASK_GENERATOR_TARGET_CULTURE_BRETONNIA_RAID_REGIONS">
<key>CAI_TMS_TASK_GENERATOR_TARGET_CULTURE_BRETONNIA_RAID_REGIONS</key>
</cai_task_management_system_task_generators>
<cai_task_management_system_task_generators record_uuid="{f31e74ed-1c54-4665-8cdd-e1680e91e486}" record_timestamp="1427370472552" record_key="CAI_TMS_TASK_GENERATOR_TARGET_CULTURE_CHAOS_ATTACK_AGENTS">
<key>CAI_TMS_TASK_GENERATOR_TARGET_CULTURE_CHAOS_ATTACK_AGENTS</key>
</cai_task_management_system_task_generators>
<cai_task_management_system_task_generators record_uuid="{53e8f75c-8010-4394-a066-55c55e5dbdbb}" record_timestamp="1427370472552" record_key="CAI_TMS_TASK_GENERATOR_TARGET_CULTURE_CHAOS_ATTACK_FORCES">
<key>CAI_TMS_TASK_GENERATOR_TARGET_CULTURE_CHAOS_ATTACK_FORCES</key>
</cai_task_management_system_task_generators>
<cai_task_management_system_task_generators record_uuid="{d7573f6f-44e3-4faa-a97b-a119c7c9fed9}" record_timestamp="1427370472552" record_key="CAI_TMS_TASK_GENERATOR_TARGET_CULTURE_CHAOS_ATTACK_REGIONS">
<key>CAI_TMS_TASK_GENERATOR_TARGET_CULTURE_CHAOS_ATTACK_REGIONS</key>
</cai_task_management_system_task_generators>
<cai_task_management_system_task_generators record_uuid="{5187bac2-ee90-46ff-89b1-6e46f45e9f10}" record_timestamp="1427370472552" record_key="CAI_TMS_TASK_GENERATOR_TARGET_CULTURE_CHAOS_RAID_REGIONS">
<key>CAI_TMS_TASK_GENERATOR_TARGET_CULTURE_CHAOS_RAID_REGIONS</key>
</cai_task_management_system_task_generators>
<cai_task_management_system_task_generators record_uuid="{d948b001-31a2-4176-8be9-e89a08232eac}" record_timestamp="1427370472553" record_key="CAI_TMS_TASK_GENERATOR_TARGET_CULTURE_DWARF_ATTACK_AGENTS">
<key>CAI_TMS_TASK_GENERATOR_TARGET_CULTURE_DWARF_ATTACK_AGENTS</key>
</cai_task_management_system_task_generators>
<cai_task_management_system_task_generators record_uuid="{9e91d12a-0f32-4d22-8f8b-b9c746b3ab8e}" record_timestamp="1427370472553" record_key="CAI_TMS_TASK_GENERATOR_TARGET_CULTURE_DWARF_ATTACK_FORCES">
<key>CAI_TMS_TASK_GENERATOR_TARGET_CULTURE_DWARF_ATTACK_FORCES</key>
</cai_task_management_system_task_generators>
<cai_task_management_system_task_generators record_uuid="{559b9c66-89fa-4616-95dc-87ecaebeee6f}" record_timestamp="1427370472553" record_key="CAI_TMS_TASK_GENERATOR_TARGET_CULTURE_DWARF_ATTACK_REGIONS">
<key>CAI_TMS_TASK_GENERATOR_TARGET_CULTURE_DWARF_ATTACK_REGIONS</key>
</cai_task_management_system_task_generators>
<cai_task_management_system_task_generators record_uuid="{624bc5e1-5d91-45f4-8479-05b16b62ecc2}" record_timestamp="1427370472553" record_key="CAI_TMS_TASK_GENERATOR_TARGET_CULTURE_DWARF_RAID_REGIONS">
<key>CAI_TMS_TASK_GENERATOR_TARGET_CULTURE_DWARF_RAID_REGIONS</key>
</cai_task_management_system_task_generators>
<cai_task_management_system_task_generators record_uuid="{a61d7c48-a847-48f6-9b77-c83f88358495}" record_timestamp="1427370472553" record_key="CAI_TMS_TASK_GENERATOR_TARGET_CULTURE_EMPIRE_ATTACK_AGENTS">
<key>CAI_TMS_TASK_GENERATOR_TARGET_CULTURE_EMPIRE_ATTACK_AGENTS</key>
</cai_task_management_system_task_generators>
<cai_task_management_system_task_generators record_uuid="{ef8f516c-8cf6-401e-93bf-297929dd6e7a}" record_timestamp="1427370472554" record_key="CAI_TMS_TASK_GENERATOR_TARGET_CULTURE_EMPIRE_ATTACK_FORCES">
<key>CAI_TMS_TASK_GENERATOR_TARGET_CULTURE_EMPIRE_ATTACK_FORCES</key>
</cai_task_management_system_task_generators>
<cai_task_management_system_task_generators record_uuid="{63021aae-dcbc-4c5c-8845-31156078268d}" record_timestamp="1427370472554" record_key="CAI_TMS_TASK_GENERATOR_TARGET_CULTURE_EMPIRE_ATTACK_REGIONS">
<key>CAI_TMS_TASK_GENERATOR_TARGET_CULTURE_EMPIRE_ATTACK_REGIONS</key>
</cai_task_management_system_task_generators>
<cai_task_management_system_task_generators record_uuid="{c2b34538-da19-4415-b672-2eda7554828f}" record_timestamp="1427370472554" record_key="CAI_TMS_TASK_GENERATOR_TARGET_CULTURE_EMPIRE_RAID_REGIONS">
<key>CAI_TMS_TASK_GENERATOR_TARGET_CULTURE_EMPIRE_RAID_REGIONS</key>
</cai_task_management_system_task_generators>
<cai_task_management_system_task_generators record_uuid="{d65afe26-4c54-4b19-be8c-9ea6f0e9d8f0}" record_timestamp="1427370472554" record_key="CAI_TMS_TASK_GENERATOR_TARGET_CULTURE_GREENSKIN_ATTACK_AGENTS">
<key>CAI_TMS_TASK_GENERATOR_TARGET_CULTURE_GREENSKIN_ATTACK_AGENTS</key>
</cai_task_management_system_task_generators>
<cai_task_management_system_task_generators record_uuid="{78fff791-52bf-46c5-ad92-194e654fb995}" record_timestamp="1427370472550" record_key="CAI_TMS_TASK_GENERATOR_TARGET_CULTURE_GREENSKIN_ATTACK_FORCES">
<key>CAI_TMS_TASK_GENERATOR_TARGET_CULTURE_GREENSKIN_ATTACK_FORCES</key>
</cai_task_management_system_task_generators>
<cai_task_management_system_task_generators record_uuid="{870e826d-25d3-464f-912c-971de520949e}" record_timestamp="1427370472550" record_key="CAI_TMS_TASK_GENERATOR_TARGET_CULTURE_GREENSKIN_ATTACK_REGIONS">
<key>CAI_TMS_TASK_GENERATOR_TARGET_CULTURE_GREENSKIN_ATTACK_REGIONS</key>
</cai_task_management_system_task_generators>
<cai_task_management_system_task_generators record_uuid="{6ee65410-fbd7-4c02-8836-4e9df0a50484}" record_timestamp="1427370472550" record_key="CAI_TMS_TASK_GENERATOR_TARGET_CULTURE_GREENSKIN_RAID_REGIONS">
<key>CAI_TMS_TASK_GENERATOR_TARGET_CULTURE_GREENSKIN_RAID_REGIONS</key>
</cai_task_management_system_task_generators>
<cai_task_management_system_task_generators record_uuid="{14914669-9922-42cf-a0bd-f8aef8bda975}" record_timestamp="1427370472551" record_key="CAI_TMS_TASK_GENERATOR_TARGET_CULTURE_VAMPIRE_ATTACK_AGENTS">
<key>CAI_TMS_TASK_GENERATOR_TARGET_CULTURE_VAMPIRE_ATTACK_AGENTS</key>
</cai_task_management_system_task_generators>
<cai_task_management_system_task_generators record_uuid="{ba596f31-891d-46da-ac87-7bf6df7d5496}" record_timestamp="1427370472551" record_key="CAI_TMS_TASK_GENERATOR_TARGET_CULTURE_VAMPIRE_ATTACK_FORCES">
<key>CAI_TMS_TASK_GENERATOR_TARGET_CULTURE_VAMPIRE_ATTACK_FORCES</key>
</cai_task_management_system_task_generators>
<cai_task_management_system_task_generators record_uuid="{0e1c27dd-f764-405f-8c8c-ad344c92ce2b}" record_timestamp="1427370472551" record_key="CAI_TMS_TASK_GENERATOR_TARGET_CULTURE_VAMPIRE_ATTACK_REGIONS">
<key>CAI_TMS_TASK_GENERATOR_TARGET_CULTURE_VAMPIRE_ATTACK_REGIONS</key>
</cai_task_management_system_task_generators>
<cai_task_management_system_task_generators record_uuid="{04a4c927-e9b9-494b-a396-b5b5c0338bd9}" record_timestamp="1427370472551" record_key="CAI_TMS_TASK_GENERATOR_TARGET_CULTURE_VAMPIRE_RAID_REGIONS">
<key>CAI_TMS_TASK_GENERATOR_TARGET_CULTURE_VAMPIRE_RAID_REGIONS</key>
</cai_task_management_system_task_generators>
<cai_task_management_system_task_generators record_uuid="{d482e8a6-b363-4a4c-84e9-d0c1b1af41b6}" record_timestamp="1427470853159" record_key="CAI_TMS_TASK_GENERATOR_WAAGH_AGAINST_EMPIRE_ATTACK_FORCES">
<key>CAI_TMS_TASK_GENERATOR_WAAGH_AGAINST_EMPIRE_ATTACK_FORCES</key>
</cai_task_management_system_task_generators>
<cai_task_management_system_task_generators record_uuid="{3211fc14-83a3-45c0-9ef6-b1e9c3d225cd}" record_timestamp="1427470853170" record_key="CAI_TMS_TASK_GENERATOR_WAAGH_AGAINST_EMPIRE_ATTACK_REGIONS">
<key>CAI_TMS_TASK_GENERATOR_WAAGH_AGAINST_EMPIRE_ATTACK_REGIONS</key>
</cai_task_management_system_task_generators>
<cai_task_management_system_task_generators record_uuid="{f63b9369-82b1-4f38-863d-b5c2f6d08e54}" record_timestamp="1427470853182" record_key="CAI_TMS_TASK_GENERATOR_WAAGH_AGAINST_EMPIRE_RAID_REGIONS">
<key>CAI_TMS_TASK_GENERATOR_WAAGH_AGAINST_EMPIRE_RAID_REGIONS</key>
</cai_task_management_system_task_generators>
<cai_task_management_system_task_generators record_uuid="{dabf59dc-c2ad-4a5f-8401-74109a90293f}" record_timestamp="1436773858401" record_key="CAI_TMS_TASK_GENERATOR_WAAGH_ARMY_FOLLOW_LEADER">
<key>CAI_TMS_TASK_GENERATOR_WAAGH_ARMY_FOLLOW_LEADER</key>
</cai_task_management_system_task_generators>
<cai_task_management_system_task_generators record_uuid="{a91244b1-0881-4801-ab46-2119b43c5d41}" record_timestamp="1364298499388" record_key="CAI_TMS_TASK_GENERATOR_WAR_COORDINATION_ATTACK_FORCES">
<key>CAI_TMS_TASK_GENERATOR_WAR_COORDINATION_ATTACK_FORCES</key>
</cai_task_management_system_task_generators>
<cai_task_management_system_task_generators record_uuid="{ee7e72f5-dc0d-4b42-b971-78fa71fff527}" record_timestamp="1364298499369" record_key="CAI_TMS_TASK_GENERATOR_WAR_COORDINATION_ATTACK_REGIONS">
<key>CAI_TMS_TASK_GENERATOR_WAR_COORDINATION_ATTACK_REGIONS</key>
</cai_task_management_system_task_generators>
<cai_task_management_system_task_generators record_uuid="{52a5754b-f6c9-4b2a-81b3-26e10002a3eb}" record_timestamp="1425903068735" record_key="CAI_TMS_TASK_GENERATOR_WITHDRAW_DAMAGED_ARMIES">
<key>CAI_TMS_TASK_GENERATOR_WITHDRAW_DAMAGED_ARMIES</key>
</cai_task_management_system_task_generators>
<cai_task_management_system_task_generators record_uuid="{0c90a94a-a809-4b81-b76f-608b88dc14cf}" record_timestamp="1477037110933" record_key="CAI_TMS_TASK_GENERATOR_WITHDRAW_DAMAGED_ARMIES_TO_FORCE">
<key>CAI_TMS_TASK_GENERATOR_WITHDRAW_DAMAGED_ARMIES_TO_FORCE</key>
</cai_task_management_system_task_generators>
<cai_task_management_system_task_generators record_uuid="{47627a80-a198-4df9-8874-4bb83af61f8c}" record_timestamp="1425903068774" record_key="CAI_TMS_TASK_GENERATOR_WITHDRAW_LOW_MORALE_ARMIES">
<key>CAI_TMS_TASK_GENERATOR_WITHDRAW_LOW_MORALE_ARMIES</key>
</cai_task_management_system_task_generators>
</dataroot>
