<?xml version="1.0" encoding="UTF-8"?>
<dataroot xmlns:od="urn:schemas-microsoft-com:officedata" xmlns:xsi="http://www.w3.org/2001/XMLSchema-instance" xsi:noNamespaceSchemaLocation="cai_personality_diplomatic_components.xsd" export_time="Tue Oct 31 08:57:40 2017" revision="16" export_branch="T:/branches/warhammer2/new_tomb/warhammer/binaries.x64" export_user="bob">
<edit_uuid>28b10536-ca65-4e0d-ba8a-96afd4a3a041</edit_uuid>
<cai_personality_diplomatic_components record_uuid="{f0557d51-4564-4505-b7fc-369da659bd65}" record_timestamp="1499078641828" record_key="default">
<id>default</id>
<long_description></long_description>
<short_description></short_description>
</cai_personality_diplomatic_components>
<cai_personality_diplomatic_components record_uuid="{d9b510eb-6944-44ba-ae2b-154613060fe4}" record_timestamp="1509440246537" record_key="dlc09_tomb_kings">
<id>dlc09_tomb_kings</id>
<long_description></long_description>
<short_description></short_description>
</cai_personality_diplomatic_components>
<cai_personality_diplomatic_components record_uuid="{3d07bca7-6f8b-4396-bff0-1354340e7fb7}" record_timestamp="1439824442883" record_key="holds_grudges">
<id>holds_grudges</id>
<long_description>personality_desc_long_holds_grudges</long_description>
<short_description>personality_desc_short_holds_grudges</short_description>
</cai_personality_diplomatic_components>
</dataroot>
