<?xml version="1.0" encoding="UTF-8"?>
<dataroot xmlns:od="urn:schemas-microsoft-com:officedata" xmlns:xsi="http://www.w3.org/2001/XMLSchema-instance" xsi:noNamespaceSchemaLocation="cai_construction_system_unblocking_buildings.xsd" export_time="Fri Nov 3 14:25:36 2017" revision="9" export_branch="T:/branches/warhammer2/new_tomb/warhammer/binaries.x64" export_user="bob">
<edit_uuid>ea9dffcd-7dc3-4281-8c8f-08da0f9a7347</edit_uuid>
<cai_construction_system_unblocking_buildings record_uuid="{b106a9f5-7084-47b9-93ae-a72e895ee4f8}" record_timestamp="1509719130778" record_key="basic_recruitment_unlockswh2_dlc09_special_settlement_khemri_tmb_1wh2_dlc09_special_settlement_khemri_tmb_5">
<building_end>wh2_dlc09_special_settlement_khemri_tmb_5</building_end>
<building_start>wh2_dlc09_special_settlement_khemri_tmb_1</building_start>
<category>basic_recruitment_unlocks</category>
</cai_construction_system_unblocking_buildings>
<cai_construction_system_unblocking_buildings record_uuid="{a5246dc3-0ec1-4595-b44e-d15f2702b7b7}" record_timestamp="1509719130806" record_key="basic_recruitment_unlockswh2_dlc09_special_settlement_lahmia_tmb_1wh2_dlc09_special_settlement_lahmia_tmb_5">
<building_end>wh2_dlc09_special_settlement_lahmia_tmb_5</building_end>
<building_start>wh2_dlc09_special_settlement_lahmia_tmb_1</building_start>
<category>basic_recruitment_unlocks</category>
</cai_construction_system_unblocking_buildings>
<cai_construction_system_unblocking_buildings record_uuid="{7b192cb1-bec3-4fae-b366-b873041eb2f1}" record_timestamp="1509719130813" record_key="basic_recruitment_unlockswh2_dlc09_special_settlement_pyramid_of_nagash_tmb_1wh2_dlc09_special_settlement_pyramid_of_nagash_tmb_5">
<building_end>wh2_dlc09_special_settlement_pyramid_of_nagash_tmb_5</building_end>
<building_start>wh2_dlc09_special_settlement_pyramid_of_nagash_tmb_1</building_start>
<category>basic_recruitment_unlocks</category>
</cai_construction_system_unblocking_buildings>
<cai_construction_system_unblocking_buildings record_uuid="{a72e83fc-662f-4099-a0a4-de3aed91a376}" record_timestamp="1509719130802" record_key="basic_recruitment_unlockswh2_dlc09_tmb_infantry_1wh2_dlc09_tmb_infantry_3">
<building_end>wh2_dlc09_tmb_infantry_3</building_end>
<building_start>wh2_dlc09_tmb_infantry_1</building_start>
<category>basic_recruitment_unlocks</category>
</cai_construction_system_unblocking_buildings>
<cai_construction_system_unblocking_buildings record_uuid="{5b6a9017-3290-4e39-9018-46733b79de67}" record_timestamp="1509719130794" record_key="basic_recruitment_unlockswh2_dlc09_tmb_settlement_major_1wh2_dlc09_tmb_settlement_major_5">
<building_end>wh2_dlc09_tmb_settlement_major_5</building_end>
<building_start>wh2_dlc09_tmb_settlement_major_1</building_start>
<category>basic_recruitment_unlocks</category>
</cai_construction_system_unblocking_buildings>
<cai_construction_system_unblocking_buildings record_uuid="{fe7a8b71-eb3d-434c-a5bb-90b3ca2b3378}" record_timestamp="1509719130790" record_key="basic_recruitment_unlockswh2_dlc09_tmb_settlement_major_coast_1wh2_dlc09_tmb_settlement_major_coast_5">
<building_end>wh2_dlc09_tmb_settlement_major_coast_5</building_end>
<building_start>wh2_dlc09_tmb_settlement_major_coast_1</building_start>
<category>basic_recruitment_unlocks</category>
</cai_construction_system_unblocking_buildings>
<cai_construction_system_unblocking_buildings record_uuid="{cd282dc5-7050-4af9-98bf-a48bced02ea8}" record_timestamp="1509719130785" record_key="basic_recruitment_unlockswh2_dlc09_tmb_settlement_minor_1wh2_dlc09_tmb_settlement_minor_3">
<building_end>wh2_dlc09_tmb_settlement_minor_3</building_end>
<building_start>wh2_dlc09_tmb_settlement_minor_1</building_start>
<category>basic_recruitment_unlocks</category>
</cai_construction_system_unblocking_buildings>
<cai_construction_system_unblocking_buildings record_uuid="{c2a81c75-8f0c-4cdd-b816-edd5dcf185f5}" record_timestamp="1468913650262" record_key="basic_recruitment_unlockswh2_main_def_barracks_1wh2_main_def_barracks_3">
<building_end>wh2_main_def_barracks_3</building_end>
<building_start>wh2_main_def_barracks_1</building_start>
<category>basic_recruitment_unlocks</category>
</cai_construction_system_unblocking_buildings>
<cai_construction_system_unblocking_buildings record_uuid="{1d8a617a-64a1-4771-ab73-7e04106cd24b}" record_timestamp="1468913649471" record_key="basic_recruitment_unlockswh2_main_hef_barracks_1wh2_main_hef_barracks_3">
<building_end>wh2_main_hef_barracks_3</building_end>
<building_start>wh2_main_hef_barracks_1</building_start>
<category>basic_recruitment_unlocks</category>
</cai_construction_system_unblocking_buildings>
<cai_construction_system_unblocking_buildings record_uuid="{ca3b7bbc-f1b1-4833-a9d7-ad22867dd0d9}" record_timestamp="1468913650261" record_key="basic_recruitment_unlockswh2_main_horde_skv_slaves_1wh2_main_horde_skv_slaves_2">
<building_end>wh2_main_horde_skv_slaves_2</building_end>
<building_start>wh2_main_horde_skv_slaves_1</building_start>
<category>basic_recruitment_unlocks</category>
</cai_construction_system_unblocking_buildings>
<cai_construction_system_unblocking_buildings record_uuid="{ea27ce68-5318-42ff-9262-df55e921e995}" record_timestamp="1468913650263" record_key="basic_recruitment_unlockswh2_main_lzd_saurus_1wh2_main_lzd_saurus_3">
<building_end>wh2_main_lzd_saurus_3</building_end>
<building_start>wh2_main_lzd_saurus_1</building_start>
<category>basic_recruitment_unlocks</category>
</cai_construction_system_unblocking_buildings>
<cai_construction_system_unblocking_buildings record_uuid="{24eb42c4-bcdf-4792-9b68-29fef2b9b91d}" record_timestamp="1468913650262" record_key="basic_recruitment_unlockswh2_main_lzd_skinks_1wh2_main_lzd_skinks_3">
<building_end>wh2_main_lzd_skinks_3</building_end>
<building_start>wh2_main_lzd_skinks_1</building_start>
<category>basic_recruitment_unlocks</category>
</cai_construction_system_unblocking_buildings>
<cai_construction_system_unblocking_buildings record_uuid="{e21b7708-cca9-4477-8e45-74d2ffb1d65a}" record_timestamp="1477933372185" record_key="basic_recruitment_unlockswh2_main_skv_clanrats_1wh2_main_skv_clanrats_2">
<building_end>wh2_main_skv_clanrats_2</building_end>
<building_start>wh2_main_skv_clanrats_1</building_start>
<category>basic_recruitment_unlocks</category>
</cai_construction_system_unblocking_buildings>
<cai_construction_system_unblocking_buildings record_uuid="{ea504451-8557-46ac-ad7f-921cecadade0}" record_timestamp="1478784520493" record_key="basic_recruitment_unlockswh_dlc05_wef_melee_1wh_dlc05_wef_melee_3">
<building_end>wh_dlc05_wef_melee_3</building_end>
<building_start>wh_dlc05_wef_melee_1</building_start>
<category>basic_recruitment_unlocks</category>
</cai_construction_system_unblocking_buildings>
<cai_construction_system_unblocking_buildings record_uuid="{dce51c3c-ce75-468d-8717-d8c3d39b5261}" record_timestamp="1478784520491" record_key="basic_recruitment_unlockswh_dlc05_wef_ranged_1wh_dlc05_wef_ranged_3">
<building_end>wh_dlc05_wef_ranged_3</building_end>
<building_start>wh_dlc05_wef_ranged_1</building_start>
<category>basic_recruitment_unlocks</category>
</cai_construction_system_unblocking_buildings>
<cai_construction_system_unblocking_buildings record_uuid="{d0fb5c0c-cc5b-49c7-869a-861c36acb210}" record_timestamp="1478784520492" record_key="basic_recruitment_unlockswh_dlc05_wef_tree_spirits_1wh_dlc05_wef_tree_spirits_3">
<building_end>wh_dlc05_wef_tree_spirits_3</building_end>
<building_start>wh_dlc05_wef_tree_spirits_1</building_start>
<category>basic_recruitment_unlocks</category>
</cai_construction_system_unblocking_buildings>
<cai_construction_system_unblocking_buildings record_uuid="{d81bdc01-3837-42ac-8eca-0933daa999a4}" record_timestamp="1476802543708" record_key="basic_recruitment_unlockswh_dlc06_grn_military_1_skarsnikwh_dlc06_grn_military_4_skarsnik">
<building_end>wh_dlc06_grn_military_4_skarsnik</building_end>
<building_start>wh_dlc06_grn_military_1_skarsnik</building_start>
<category>basic_recruitment_unlocks</category>
</cai_construction_system_unblocking_buildings>
<cai_construction_system_unblocking_buildings record_uuid="{62b70f3a-d66e-4acd-931d-e66636f7ee3d}" record_timestamp="1488448147732" record_key="basic_recruitment_unlockswh_main_brt_barracks_1wh_main_brt_barracks_4">
<building_end>wh_main_brt_barracks_4</building_end>
<building_start>wh_main_brt_barracks_1</building_start>
<category>basic_recruitment_unlocks</category>
</cai_construction_system_unblocking_buildings>
<cai_construction_system_unblocking_buildings record_uuid="{ac2f403a-3607-4442-b6f4-86ac2e03eda7}" record_timestamp="1462358734271" record_key="basic_recruitment_unlockswh_main_dwf_barracks_1wh_main_dwf_barracks_3">
<building_end>wh_main_dwf_barracks_3</building_end>
<building_start>wh_main_dwf_barracks_1</building_start>
<category>basic_recruitment_unlocks</category>
</cai_construction_system_unblocking_buildings>
<cai_construction_system_unblocking_buildings record_uuid="{fb196b37-977b-437b-95cd-56a74b688fff}" record_timestamp="1454681820439" record_key="basic_recruitment_unlockswh_main_emp_barracks_1wh_main_emp_barracks_3">
<building_end>wh_main_emp_barracks_3</building_end>
<building_start>wh_main_emp_barracks_1</building_start>
<category>basic_recruitment_unlocks</category>
</cai_construction_system_unblocking_buildings>
<cai_construction_system_unblocking_buildings record_uuid="{571b6da6-7342-45fb-90a9-05ca02e9b864}" record_timestamp="1454681819966" record_key="basic_recruitment_unlockswh_main_grn_military_1wh_main_grn_military_4">
<building_end>wh_main_grn_military_4</building_end>
<building_start>wh_main_grn_military_1</building_start>
<category>basic_recruitment_unlocks</category>
</cai_construction_system_unblocking_buildings>
<cai_construction_system_unblocking_buildings record_uuid="{b8abab20-5527-4088-b71c-e110ee301798}" record_timestamp="1462358734275" record_key="basic_recruitment_unlockswh_main_horde_chaos_marauders_1wh_main_horde_chaos_marauders_2">
<building_end>wh_main_horde_chaos_marauders_2</building_end>
<building_start>wh_main_horde_chaos_marauders_1</building_start>
<category>basic_recruitment_unlocks</category>
</cai_construction_system_unblocking_buildings>
<cai_construction_system_unblocking_buildings record_uuid="{a2cf655c-b45e-4f62-a37a-300bd00ce9d7}" record_timestamp="1462358734274" record_key="basic_recruitment_unlockswh_main_horde_chaos_warriors_1wh_main_horde_chaos_warriors_3">
<building_end>wh_main_horde_chaos_warriors_3</building_end>
<building_start>wh_main_horde_chaos_warriors_1</building_start>
<category>basic_recruitment_unlocks</category>
</cai_construction_system_unblocking_buildings>
<cai_construction_system_unblocking_buildings record_uuid="{f411b33e-3d58-4e02-aef8-00a108f9135c}" record_timestamp="1462358734277" record_key="basic_recruitment_unlockswh_main_horde_savage_military_1wh_main_horde_savage_military_3">
<building_end>wh_main_horde_savage_military_3</building_end>
<building_start>wh_main_horde_savage_military_1</building_start>
<category>basic_recruitment_unlocks</category>
</cai_construction_system_unblocking_buildings>
<cai_construction_system_unblocking_buildings record_uuid="{1cc3f47f-4e4c-4564-bf18-53a7af4a82aa}" record_timestamp="1454681820038" record_key="basic_recruitment_unlockswh_main_nor_military_1wh_main_nor_military_3">
<building_end>wh_main_nor_military_3</building_end>
<building_start>wh_main_nor_military_1</building_start>
<category>basic_recruitment_unlocks</category>
</cai_construction_system_unblocking_buildings>
<cai_construction_system_unblocking_buildings record_uuid="{302f5a08-ccc5-4183-ae0d-daebce8bb248}" record_timestamp="1462358734278" record_key="basic_recruitment_unlockswh_main_savage_military_1wh_main_savage_military_3">
<building_end>wh_main_savage_military_3</building_end>
<building_start>wh_main_savage_military_1</building_start>
<category>basic_recruitment_unlocks</category>
</cai_construction_system_unblocking_buildings>
<cai_construction_system_unblocking_buildings record_uuid="{6ae98399-9d0f-4303-a8ad-e3bffece428b}" record_timestamp="1454681820111" record_key="basic_recruitment_unlockswh_main_vmp_cemetary_1wh_main_vmp_cemetary_3">
<building_end>wh_main_vmp_cemetary_3</building_end>
<building_start>wh_main_vmp_cemetary_1</building_start>
<category>basic_recruitment_unlocks</category>
</cai_construction_system_unblocking_buildings>
</dataroot>
