<?xml version="1.0" encoding="UTF-8"?>
<dataroot xmlns:od="urn:schemas-microsoft-com:officedata" xmlns:xsi="http://www.w3.org/2001/XMLSchema-instance" xsi:noNamespaceSchemaLocation="cai_hint_profile_groups.xsd" export_time="Tue Oct 31 17:57:01 2017" revision="5" export_branch="T:/branches/warhammer2/new_tomb/warhammer/binaries.x64" export_user="bob">
<edit_uuid>9bc99bc6-f980-4393-b9ad-80c1cc1fefd1</edit_uuid>
<cai_hint_profile_groups record_uuid="{8e5a0e28-55b1-435d-b715-6cc247d8e66b}" record_timestamp="1497524631868" record_key="CAPTURE_OWNED_BY_ANOTHER_SUBCULTURED_ENEMY_HEF">
<key>CAPTURE_OWNED_BY_ANOTHER_SUBCULTURED_ENEMY_HEF</key>
<region_hint_profile_key>REGION_CAPTURE_OWNED_BY_ANOTHER_SUBCULTURED_ENEMY_HEF</region_hint_profile_key>
</cai_hint_profile_groups>
<cai_hint_profile_groups record_uuid="{97ed6db5-58fc-4167-bac0-47ce5b791740}" record_timestamp="1500992110238" record_key="CAPTURE_OWNED_BY_ANOTHER_SUBCULTURED_ENEMY_HEF_GRAND_CAMPAIGN">
<key>CAPTURE_OWNED_BY_ANOTHER_SUBCULTURED_ENEMY_HEF_GRAND_CAMPAIGN</key>
<region_hint_profile_key>REGION_CAPTURE_OWNED_BY_ANOTHER_SUBCULTURED_ENEMY_HEF_GRAND_CAMPAIGN</region_hint_profile_key>
</cai_hint_profile_groups>
<cai_hint_profile_groups record_uuid="{1f716963-a8d4-44d4-91c1-449f63726085}" record_timestamp="1497524629450" record_key="HINT_PROFILE_BRT">
<key>HINT_PROFILE_BRT</key>
<region_hint_profile_key>REGION_HINT_PROFILE_BRT</region_hint_profile_key>
</cai_hint_profile_groups>
<cai_hint_profile_groups record_uuid="{a38af245-be24-435b-b39a-df205df14272}" record_timestamp="1497524629388" record_key="HINT_PROFILE_BST">
<key>HINT_PROFILE_BST</key>
<region_hint_profile_key>REGION_HINT_PROFILE_BST</region_hint_profile_key>
</cai_hint_profile_groups>
<cai_hint_profile_groups record_uuid="{2779dd7e-5c34-45bd-bd3b-e87f53317b11}" record_timestamp="1497524629325" record_key="HINT_PROFILE_BST_ALLY">
<key>HINT_PROFILE_BST_ALLY</key>
<region_hint_profile_key>REGION_HINT_PROFILE_BST_ALLY</region_hint_profile_key>
</cai_hint_profile_groups>
<cai_hint_profile_groups record_uuid="{260938a8-5731-4dd1-87ab-17d743d398a2}" record_timestamp="1497524629262" record_key="HINT_PROFILE_BST_CHAOS">
<key>HINT_PROFILE_BST_CHAOS</key>
<region_hint_profile_key>REGION_HINT_PROFILE_BST_CHAOS</region_hint_profile_key>
</cai_hint_profile_groups>
<cai_hint_profile_groups record_uuid="{2165fcf8-18b4-40ee-8039-d352695d372b}" record_timestamp="1497524630163" record_key="HINT_PROFILE_COMMON_OAK">
<key>HINT_PROFILE_COMMON_OAK</key>
<region_hint_profile_key>REGION_HINT_PROFILE_SKV_COMMON_OAK</region_hint_profile_key>
</cai_hint_profile_groups>
<cai_hint_profile_groups record_uuid="{50cf7ef0-45e0-4359-aa98-21caca790d60}" record_timestamp="1497524625682" record_key="HINT_PROFILE_DEF">
<key>HINT_PROFILE_DEF</key>
<region_hint_profile_key>REGION_HINT_PROFILE_DEF</region_hint_profile_key>
</cai_hint_profile_groups>
<cai_hint_profile_groups record_uuid="{55f95775-7561-467c-a08e-7ca1956dca11}" record_timestamp="1497524629197" record_key="HINT_PROFILE_DWF">
<key>HINT_PROFILE_DWF</key>
<region_hint_profile_key>REGION_HINT_PROFILE_DWF</region_hint_profile_key>
</cai_hint_profile_groups>
<cai_hint_profile_groups record_uuid="{2d450b61-aadc-4459-9479-f09cf4dc7015}" record_timestamp="1497524625992" record_key="HINT_PROFILE_HEF">
<key>HINT_PROFILE_HEF</key>
<region_hint_profile_key>REGION_HINT_PROFILE_HEF</region_hint_profile_key>
</cai_hint_profile_groups>
<cai_hint_profile_groups record_uuid="{4ed4da7d-ed0f-410a-86f0-d10defcfe21c}" record_timestamp="1498066738270" record_key="HINT_PROFILE_HEF_NONGUARDIAN">
<key>HINT_PROFILE_HEF_NONGUARDIAN</key>
<region_hint_profile_key>REGION_HINT_PROFILE_HEF_NONGUARDIAN</region_hint_profile_key>
</cai_hint_profile_groups>
<cai_hint_profile_groups record_uuid="{528985c9-1c8b-4da1-9f0f-d4fe2c42ce5d}" record_timestamp="1509472618246" record_key="HINT_PROFILE_KHALIDA">
<key>HINT_PROFILE_KHALIDA</key>
<region_hint_profile_key>REGION_HINT_PROFILE_KHALIDA</region_hint_profile_key>
</cai_hint_profile_groups>
<cai_hint_profile_groups record_uuid="{35f1318b-5491-44bf-9717-fd00288edc10}" record_timestamp="1497524625831" record_key="HINT_PROFILE_LZD">
<key>HINT_PROFILE_LZD</key>
<region_hint_profile_key>REGION_HINT_PROFILE_LZD</region_hint_profile_key>
</cai_hint_profile_groups>
<cai_hint_profile_groups record_uuid="{d1814d08-3dd3-48c5-b4ab-a95c735d5412}" record_timestamp="1497524626152" record_key="HINT_PROFILE_SKV">
<key>HINT_PROFILE_SKV</key>
<region_hint_profile_key>REGION_HINT_PROFILE_SKV</region_hint_profile_key>
</cai_hint_profile_groups>
<cai_hint_profile_groups record_uuid="{156ef58d-6420-4ee8-9346-6876b59f9e54}" record_timestamp="1509472618187" record_key="HINT_PROFILE_TMB">
<key>HINT_PROFILE_TMB</key>
<region_hint_profile_key>REGION_HINT_PROFILE_TMB</region_hint_profile_key>
</cai_hint_profile_groups>
</dataroot>
