<?xml version="1.0" encoding="UTF-8"?>
<dataroot xmlns:od="urn:schemas-microsoft-com:officedata" xmlns:xsi="http://www.w3.org/2001/XMLSchema-instance" xsi:noNamespaceSchemaLocation="cai_personalities_technology_researches.xsd" export_time="Tue Oct 31 08:57:40 2017" revision="3" export_branch="T:/branches/warhammer2/new_tomb/warhammer/binaries.x64" export_user="bob">
<edit_uuid>4355ef13-ca44-482d-b8d3-5772d279ca9a</edit_uuid>
<cai_personalities_technology_researches record_uuid="{a8fa91ab-3e84-4e13-b63c-12c570b6b231}" record_timestamp="1509440242948" record_key="dlc09_tmb_default">
<key>dlc09_tmb_default</key>
</cai_personalities_technology_researches>
<cai_personalities_technology_researches record_uuid="{eaae9c37-2c44-474b-b841-bea77b8f16cb}" record_timestamp="1509440243052" record_key="dlc09_tmb_exiles_of_nehek">
<key>dlc09_tmb_exiles_of_nehek</key>
</cai_personalities_technology_researches>
<cai_personalities_technology_researches record_uuid="{afb61def-2637-4dfb-9351-3fba9853668b}" record_timestamp="1509440242999" record_key="dlc09_tmb_followers_of_nagash">
<key>dlc09_tmb_followers_of_nagash</key>
</cai_personalities_technology_researches>
<cai_personalities_technology_researches record_uuid="{fb3b8a17-57aa-4743-9dfd-b1fc87004ae6}" record_timestamp="1509440243156" record_key="dlc09_tmb_khemri">
<key>dlc09_tmb_khemri</key>
</cai_personalities_technology_researches>
<cai_personalities_technology_researches record_uuid="{ac800ee4-3ff7-46a4-857e-ca405c6e46fa}" record_timestamp="1509440243104" record_key="dlc09_tmb_lybaras">
<key>dlc09_tmb_lybaras</key>
</cai_personalities_technology_researches>
<cai_personalities_technology_researches record_uuid="{ffe8df19-eed3-4bf5-87b1-9463e142ac02}" record_timestamp="1453287631667" record_key="research_default">
<key>research_default</key>
</cai_personalities_technology_researches>
<cai_personalities_technology_researches record_uuid="{63fe6e8a-6842-4023-bb55-9bd1e5daca8f}" record_timestamp="1453287631667" record_key="research_high_manager">
<key>research_high_manager</key>
</cai_personalities_technology_researches>
<cai_personalities_technology_researches record_uuid="{a69611ae-8e2b-404b-b26d-a3335444b572}" record_timestamp="1453459318783" record_key="research_war">
<key>research_war</key>
</cai_personalities_technology_researches>
</dataroot>
