<?xml version="1.0" encoding="UTF-8"?>
<dataroot xmlns:od="urn:schemas-microsoft-com:officedata" xmlns:xsi="http://www.w3.org/2001/XMLSchema-instance" xsi:noNamespaceSchemaLocation="cai_personality_diplomatic_treaty_values.xsd" export_time="Tue Oct 31 16:43:38 2017" revision="28" export_branch="T:/branches/warhammer2/new_tomb/warhammer/binaries.x64" export_user="bob">
<edit_uuid>a2b0c32f-ecf3-4666-8130-2f76a4702840</edit_uuid>
<cai_personality_diplomatic_treaty_values record_uuid="{bcf21d91-2beb-4a07-b2b7-1fd2b65b13ad}" record_timestamp="1427126117551" record_key="defaultCLIENT_STATE_CLIENT">
<component_id>default</component_id>
<initial_value>40</initial_value>
<treaty>CLIENT_STATE_CLIENT</treaty>
<turn1>1</turn1>
<turn2>50</turn2>
<value1>40</value1>
<value2>25</value2>
</cai_personality_diplomatic_treaty_values>
<cai_personality_diplomatic_treaty_values record_uuid="{c9743af7-a7ff-495b-a135-c1c2520218fa}" record_timestamp="1427126117571" record_key="defaultCLIENT_STATE_PROTECTOR">
<component_id>default</component_id>
<initial_value>40</initial_value>
<treaty>CLIENT_STATE_PROTECTOR</treaty>
<turn1>1</turn1>
<turn2>50</turn2>
<value1>40</value1>
<value2>25</value2>
</cai_personality_diplomatic_treaty_values>
<cai_personality_diplomatic_treaty_values record_uuid="{55eeb142-98f7-47e5-89e9-336900f71a9d}" record_timestamp="1494337479252" record_key="defaultDEFENSIVE_ALLIANCE">
<component_id>default</component_id>
<initial_value>30</initial_value>
<treaty>DEFENSIVE_ALLIANCE</treaty>
<turn1>50</turn1>
<turn2>50</turn2>
<value1>50</value1>
<value2>50</value2>
</cai_personality_diplomatic_treaty_values>
<cai_personality_diplomatic_treaty_values record_uuid="{7a48e6c4-999a-4914-b9ab-66b2efc30956}" record_timestamp="1494337479285" record_key="defaultMILITARY_ACCESS">
<component_id>default</component_id>
<initial_value>10</initial_value>
<treaty>MILITARY_ACCESS</treaty>
<turn1>50</turn1>
<turn2>50</turn2>
<value1>15</value1>
<value2>15</value2>
</cai_personality_diplomatic_treaty_values>
<cai_personality_diplomatic_treaty_values record_uuid="{7d268a67-7f04-418c-a9c1-acdc96d4e019}" record_timestamp="1494337479319" record_key="defaultMILITARY_ALLIANCE">
<component_id>default</component_id>
<initial_value>45</initial_value>
<treaty>MILITARY_ALLIANCE</treaty>
<turn1>50</turn1>
<turn2>50</turn2>
<value1>60</value1>
<value2>60</value2>
</cai_personality_diplomatic_treaty_values>
<cai_personality_diplomatic_treaty_values record_uuid="{c6b815f6-ebc2-4505-a641-2423cef23e16}" record_timestamp="1494337479365" record_key="defaultNON_AGGRESSION_PACT">
<component_id>default</component_id>
<initial_value>15</initial_value>
<treaty>NON_AGGRESSION_PACT</treaty>
<turn1>50</turn1>
<turn2>50</turn2>
<value1>30</value1>
<value2>30</value2>
</cai_personality_diplomatic_treaty_values>
<cai_personality_diplomatic_treaty_values record_uuid="{364a84c8-85ea-4c60-bf47-693cf5e17689}" record_timestamp="1494337479400" record_key="defaultTRADE_AGREEMENT">
<component_id>default</component_id>
<initial_value>10</initial_value>
<treaty>TRADE_AGREEMENT</treaty>
<turn1>50</turn1>
<turn2>50</turn2>
<value1>20</value1>
<value2>20</value2>
</cai_personality_diplomatic_treaty_values>
<cai_personality_diplomatic_treaty_values record_uuid="{aad2c96f-18f4-46b2-a32a-d5d4ada09d41}" record_timestamp="1455799680629" record_key="defaultVASSALAGE_MASTER">
<component_id>default</component_id>
<initial_value>100</initial_value>
<treaty>VASSALAGE_MASTER</treaty>
<turn1>1</turn1>
<turn2>50</turn2>
<value1>100</value1>
<value2>25</value2>
</cai_personality_diplomatic_treaty_values>
<cai_personality_diplomatic_treaty_values record_uuid="{6ea93cd5-719b-4246-b34b-ee6c2fd48924}" record_timestamp="1455799680629" record_key="defaultVASSALAGE_VASSAL">
<component_id>default</component_id>
<initial_value>100</initial_value>
<treaty>VASSALAGE_VASSAL</treaty>
<turn1>1</turn1>
<turn2>50</turn2>
<value1>100</value1>
<value2>15</value2>
</cai_personality_diplomatic_treaty_values>
<cai_personality_diplomatic_treaty_values record_uuid="{bac392f3-37dc-439d-87c2-3b584df5f4ab}" record_timestamp="1439305067585" record_key="defaultWAR">
<component_id>default</component_id>
<initial_value>-30</initial_value>
<treaty>WAR</treaty>
<turn1>1</turn1>
<turn2>50</turn2>
<value1>-30</value1>
<value2>-10</value2>
</cai_personality_diplomatic_treaty_values>
<cai_personality_diplomatic_treaty_values record_uuid="{7b0d4848-34ad-4d27-94de-e49bd551c5f6}" record_timestamp="1509445857047" record_key="dlc09_tomb_kingsCLIENT_STATE_CLIENT">
<component_id>dlc09_tomb_kings</component_id>
<initial_value>20</initial_value>
<treaty>CLIENT_STATE_CLIENT</treaty>
<turn1>20</turn1>
<turn2>50</turn2>
<value1>40</value1>
<value2>10</value2>
</cai_personality_diplomatic_treaty_values>
<cai_personality_diplomatic_treaty_values record_uuid="{fea4d4b8-827a-408b-94d5-b00c635f5aff}" record_timestamp="1509445856994" record_key="dlc09_tomb_kingsCLIENT_STATE_PROTECTOR">
<component_id>dlc09_tomb_kings</component_id>
<initial_value>20</initial_value>
<treaty>CLIENT_STATE_PROTECTOR</treaty>
<turn1>20</turn1>
<turn2>50</turn2>
<value1>40</value1>
<value2>10</value2>
</cai_personality_diplomatic_treaty_values>
<cai_personality_diplomatic_treaty_values record_uuid="{7b28af1f-6bbf-49cf-8cd5-f80f53a964a3}" record_timestamp="1509468214428" record_key="dlc09_tomb_kingsDEFENSIVE_ALLIANCE">
<component_id>dlc09_tomb_kings</component_id>
<initial_value>10</initial_value>
<treaty>DEFENSIVE_ALLIANCE</treaty>
<turn1>10</turn1>
<turn2>20</turn2>
<value1>20</value1>
<value2>0</value2>
</cai_personality_diplomatic_treaty_values>
<cai_personality_diplomatic_treaty_values record_uuid="{b0fd23bd-ddef-42d4-b910-954bbb3f8051}" record_timestamp="1509445857100" record_key="dlc09_tomb_kingsMILITARY_ACCESS">
<component_id>dlc09_tomb_kings</component_id>
<initial_value>5</initial_value>
<treaty>MILITARY_ACCESS</treaty>
<turn1>10</turn1>
<turn2>20</turn2>
<value1>10</value1>
<value2>5</value2>
</cai_personality_diplomatic_treaty_values>
<cai_personality_diplomatic_treaty_values record_uuid="{75d3768e-2714-4ddf-b9ff-320436f35024}" record_timestamp="1509468214552" record_key="dlc09_tomb_kingsMILITARY_ALLIANCE">
<component_id>dlc09_tomb_kings</component_id>
<initial_value>20</initial_value>
<treaty>MILITARY_ALLIANCE</treaty>
<turn1>10</turn1>
<turn2>50</turn2>
<value1>30</value1>
<value2>50</value2>
</cai_personality_diplomatic_treaty_values>
<cai_personality_diplomatic_treaty_values record_uuid="{d4fc12b0-26f6-4453-b8ff-a40cbbb90d70}" record_timestamp="1509445856664" record_key="dlc09_tomb_kingsNON_AGGRESSION_PACT">
<component_id>dlc09_tomb_kings</component_id>
<initial_value>5</initial_value>
<treaty>NON_AGGRESSION_PACT</treaty>
<turn1>10</turn1>
<turn2>20</turn2>
<value1>10</value1>
<value2>0</value2>
</cai_personality_diplomatic_treaty_values>
<cai_personality_diplomatic_treaty_values record_uuid="{a9c8ee7c-4371-4337-9d85-8acb2ce26a2b}" record_timestamp="1509468214370" record_key="dlc09_tomb_kingsTRADE_AGREEMENT">
<component_id>dlc09_tomb_kings</component_id>
<initial_value>10</initial_value>
<treaty>TRADE_AGREEMENT</treaty>
<turn1>10</turn1>
<turn2>50</turn2>
<value1>15</value1>
<value2>40</value2>
</cai_personality_diplomatic_treaty_values>
<cai_personality_diplomatic_treaty_values record_uuid="{611b126c-b3cf-4e40-9879-88d45a165221}" record_timestamp="1509445856772" record_key="dlc09_tomb_kingsVASSALAGE_MASTER">
<component_id>dlc09_tomb_kings</component_id>
<initial_value>50</initial_value>
<treaty>VASSALAGE_MASTER</treaty>
<turn1>1</turn1>
<turn2>50</turn2>
<value1>100</value1>
<value2>25</value2>
</cai_personality_diplomatic_treaty_values>
<cai_personality_diplomatic_treaty_values record_uuid="{52dd04f6-148f-4f86-a92e-24e8b1ab0c0a}" record_timestamp="1509445856939" record_key="dlc09_tomb_kingsVASSALAGE_VASSAL">
<component_id>dlc09_tomb_kings</component_id>
<initial_value>50</initial_value>
<treaty>VASSALAGE_VASSAL</treaty>
<turn1>1</turn1>
<turn2>50</turn2>
<value1>100</value1>
<value2>15</value2>
</cai_personality_diplomatic_treaty_values>
<cai_personality_diplomatic_treaty_values record_uuid="{47869b31-aafb-4476-8619-b74904b59c0c}" record_timestamp="1509445856883" record_key="dlc09_tomb_kingsWAR">
<component_id>dlc09_tomb_kings</component_id>
<initial_value>-15</initial_value>
<treaty>WAR</treaty>
<turn1>5</turn1>
<turn2>50</turn2>
<value1>-50</value1>
<value2>0</value2>
</cai_personality_diplomatic_treaty_values>
</dataroot>
