<?xml version="1.0" encoding="UTF-8"?>
<dataroot xmlns:od="urn:schemas-microsoft-com:officedata" xmlns:xsi="http://www.w3.org/2001/XMLSchema-instance" xsi:noNamespaceSchemaLocation="cai_personalities_budget_policies.xsd" export_time="Tue Oct 31 08:57:40 2017" revision="19" export_branch="T:/branches/warhammer2/new_tomb/warhammer/binaries.x64" export_user="bob">
<edit_uuid>4a5855e4-5f6d-4d43-ae01-e9a3d8366488</edit_uuid>
<cai_personalities_budget_policies record_uuid="{58e84819-f412-4cf9-add8-1767527851a9}" record_timestamp="1427456873942" record_key="balanced">
<default_budget_allocation_key>default</default_budget_allocation_key>
<key>balanced</key>
<long_description></long_description>
<short_description></short_description>
</cai_personalities_budget_policies>
<cai_personalities_budget_policies record_uuid="{30bec066-4b77-4d6c-a5f4-cf1c7647abc8}" record_timestamp="1427456874022" record_key="balanced_naval">
<default_budget_allocation_key>default</default_budget_allocation_key>
<key>balanced_naval</key>
<long_description></long_description>
<short_description></short_description>
</cai_personalities_budget_policies>
<cai_personalities_budget_policies record_uuid="{af551c6b-e6e5-4e1d-8e6e-5c27b491e8e2}" record_timestamp="1439891688092" record_key="balanced_schemer">
<default_budget_allocation_key>default</default_budget_allocation_key>
<key>balanced_schemer</key>
<long_description></long_description>
<short_description></short_description>
</cai_personalities_budget_policies>
<cai_personalities_budget_policies record_uuid="{570dab4d-3c2d-4b81-b4ea-5c5c0b89d6ee}" record_timestamp="1427456871942" record_key="default_budget_policy">
<default_budget_allocation_key>default</default_budget_allocation_key>
<key>default_budget_policy</key>
<long_description></long_description>
<short_description></short_description>
</cai_personalities_budget_policies>
<cai_personalities_budget_policies record_uuid="{a93928b4-0711-4f2e-b4ad-3e54b802401f}" record_timestamp="1509440245968" record_key="dlc09_tomb_kings">
<default_budget_allocation_key>dlc09_tomb_kings</default_budget_allocation_key>
<key>dlc09_tomb_kings</key>
<long_description></long_description>
<short_description></short_description>
</cai_personalities_budget_policies>
<cai_personalities_budget_policies record_uuid="{d791ae0e-5985-48fe-b517-8a93e94c575f}" record_timestamp="1427456873912" record_key="economist">
<default_budget_allocation_key>default</default_budget_allocation_key>
<key>economist</key>
<long_description></long_description>
<short_description></short_description>
</cai_personalities_budget_policies>
<cai_personalities_budget_policies record_uuid="{f9a8ace0-d61e-4c38-ab72-4ebdcccbd415}" record_timestamp="1427456873992" record_key="economist_naval">
<default_budget_allocation_key>default</default_budget_allocation_key>
<key>economist_naval</key>
<long_description></long_description>
<short_description></short_description>
</cai_personalities_budget_policies>
<cai_personalities_budget_policies record_uuid="{41ad3952-2a12-4ea6-8744-47437b6b378c}" record_timestamp="1439891688092" record_key="economist_schemer">
<default_budget_allocation_key>default</default_budget_allocation_key>
<key>economist_schemer</key>
<long_description></long_description>
<short_description></short_description>
</cai_personalities_budget_policies>
<cai_personalities_budget_policies record_uuid="{d043cbd5-7d9f-4aa6-b853-e33af2411226}" record_timestamp="1440776935165" record_key="horde_tech">
<default_budget_allocation_key>default</default_budget_allocation_key>
<key>horde_tech</key>
<long_description></long_description>
<short_description></short_description>
</cai_personalities_budget_policies>
<cai_personalities_budget_policies record_uuid="{13f11bee-d0be-4c3f-867a-a01dc492895b}" record_timestamp="1427456873972" record_key="militarist">
<default_budget_allocation_key>default</default_budget_allocation_key>
<key>militarist</key>
<long_description></long_description>
<short_description></short_description>
</cai_personalities_budget_policies>
<cai_personalities_budget_policies record_uuid="{00373843-9252-46e6-8b1b-5cce21b52ebb}" record_timestamp="1427456874052" record_key="militarist_naval">
<default_budget_allocation_key>default</default_budget_allocation_key>
<key>militarist_naval</key>
<long_description></long_description>
<short_description></short_description>
</cai_personalities_budget_policies>
<cai_personalities_budget_policies record_uuid="{8a1628e8-8d74-4339-ab80-40140dc3ce02}" record_timestamp="1439891688092" record_key="militarist_schemer">
<default_budget_allocation_key>default</default_budget_allocation_key>
<key>militarist_schemer</key>
<long_description></long_description>
<short_description></short_description>
</cai_personalities_budget_policies>
</dataroot>
