<?xml version="1.0" encoding="UTF-8"?>
<dataroot xmlns:od="urn:schemas-microsoft-com:officedata" xmlns:xsi="http://www.w3.org/2001/XMLSchema-instance" xsi:noNamespaceSchemaLocation="cai_region_hint_profiles.xsd" export_time="Tue Oct 31 17:57:01 2017" revision="5" export_branch="T:/branches/warhammer2/new_tomb/warhammer/binaries.x64" export_user="bob">
<edit_uuid>4f21fee3-15a2-4fbe-bfde-25c6858de1bc</edit_uuid>
<cai_region_hint_profiles record_uuid="{a8d8e08e-eb3d-4f14-85e5-89d5d155356a}" record_timestamp="1497524631795" record_key="REGION_CAPTURE_OWNED_BY_ANOTHER_SUBCULTURED_ENEMY_HEF">
<key>REGION_CAPTURE_OWNED_BY_ANOTHER_SUBCULTURED_ENEMY_HEF</key>
</cai_region_hint_profiles>
<cai_region_hint_profiles record_uuid="{c62659e8-e0c2-4cbf-bbb5-b30f9d3c04da}" record_timestamp="1500992110227" record_key="REGION_CAPTURE_OWNED_BY_ANOTHER_SUBCULTURED_ENEMY_HEF_GRAND_CAMPAIGN">
<key>REGION_CAPTURE_OWNED_BY_ANOTHER_SUBCULTURED_ENEMY_HEF_GRAND_CAMPAIGN</key>
</cai_region_hint_profiles>
<cai_region_hint_profiles record_uuid="{6bdf01de-e9ce-4756-98a9-f4508b21e58f}" record_timestamp="1497524628492" record_key="REGION_HINT_PROFILE_BRT">
<key>REGION_HINT_PROFILE_BRT</key>
</cai_region_hint_profiles>
<cai_region_hint_profiles record_uuid="{35c51800-3c7e-4b27-b4ee-4cdce5515181}" record_timestamp="1497524628433" record_key="REGION_HINT_PROFILE_BST">
<key>REGION_HINT_PROFILE_BST</key>
</cai_region_hint_profiles>
<cai_region_hint_profiles record_uuid="{d3748bf0-a5ec-4a98-a340-1c0a9bed876e}" record_timestamp="1497524628667" record_key="REGION_HINT_PROFILE_BST_ALLY">
<key>REGION_HINT_PROFILE_BST_ALLY</key>
</cai_region_hint_profiles>
<cai_region_hint_profiles record_uuid="{ed4f5f69-fac9-4d59-b69c-9fdfe9fce870}" record_timestamp="1497524628608" record_key="REGION_HINT_PROFILE_BST_CHAOS">
<key>REGION_HINT_PROFILE_BST_CHAOS</key>
</cai_region_hint_profiles>
<cai_region_hint_profiles record_uuid="{abad9055-7479-4581-9919-27ce11e9895c}" record_timestamp="1497524625780" record_key="REGION_HINT_PROFILE_DEF">
<key>REGION_HINT_PROFILE_DEF</key>
</cai_region_hint_profiles>
<cai_region_hint_profiles record_uuid="{e45cae67-28a6-4d2a-9064-007c6bee2513}" record_timestamp="1497524628550" record_key="REGION_HINT_PROFILE_DWF">
<key>REGION_HINT_PROFILE_DWF</key>
</cai_region_hint_profiles>
<cai_region_hint_profiles record_uuid="{137c3fe9-6d9d-48fb-af49-37e56a3c1fc4}" record_timestamp="1497524626099" record_key="REGION_HINT_PROFILE_HEF">
<key>REGION_HINT_PROFILE_HEF</key>
</cai_region_hint_profiles>
<cai_region_hint_profiles record_uuid="{2be134df-fe6d-4e14-aff5-463d96487a6c}" record_timestamp="1498066738220" record_key="REGION_HINT_PROFILE_HEF_NONGUARDIAN">
<key>REGION_HINT_PROFILE_HEF_NONGUARDIAN</key>
</cai_region_hint_profiles>
<cai_region_hint_profiles record_uuid="{efd81430-1a66-40c3-a417-f70e1ea051e5}" record_timestamp="1509472618123" record_key="REGION_HINT_PROFILE_KHALIDA">
<key>REGION_HINT_PROFILE_KHALIDA</key>
</cai_region_hint_profiles>
<cai_region_hint_profiles record_uuid="{65d690ce-a2ca-410e-96c9-1c9d116607f3}" record_timestamp="1497524625941" record_key="REGION_HINT_PROFILE_LZD">
<key>REGION_HINT_PROFILE_LZD</key>
</cai_region_hint_profiles>
<cai_region_hint_profiles record_uuid="{1ffa1913-3981-42a4-a8c6-ad82a2f9638a}" record_timestamp="1497524626259" record_key="REGION_HINT_PROFILE_SKV">
<key>REGION_HINT_PROFILE_SKV</key>
</cai_region_hint_profiles>
<cai_region_hint_profiles record_uuid="{9aa1641e-1c94-4afc-a2cb-57b0a9b81bca}" record_timestamp="1497524630030" record_key="REGION_HINT_PROFILE_SKV_COMMON_OAK">
<key>REGION_HINT_PROFILE_SKV_COMMON_OAK</key>
</cai_region_hint_profiles>
<cai_region_hint_profiles record_uuid="{93889b88-023d-43af-a4b4-6481e56a6577}" record_timestamp="1509472618061" record_key="REGION_HINT_PROFILE_TMB">
<key>REGION_HINT_PROFILE_TMB</key>
</cai_region_hint_profiles>
</dataroot>
