<?xml version="1.0" encoding="UTF-8"?>
<dataroot xmlns:od="urn:schemas-microsoft-com:officedata" xmlns:xsi="http://www.w3.org/2001/XMLSchema-instance" xsi:noNamespaceSchemaLocation="cai_personality_cultural_relations_overrides.xsd" export_time="Wed Nov 22 14:51:02 2017" revision="25" export_branch="T:/branches/warhammer2/new_tomb/warhammer/binaries.x64" export_user="bob">
<edit_uuid>c45fb9b7-73c7-4303-9ba0-f448c2358adb</edit_uuid>
<cai_personality_cultural_relations_overrides record_uuid="{35751689-7b21-491c-84bd-b29b1fe6b7fe}" record_timestamp="1509546006864" record_key="anti_chaoswh2_main_sc_hef_high_elveswh2_main_sc_hef_high_elves">
<attitude_base>50</attitude_base>
<component_id>anti_chaos</component_id>
<negative_attitude_multiplier>0.75</negative_attitude_multiplier>
<positive_attitude_multiplier>1.5</positive_attitude_multiplier>
<source>wh2_main_sc_hef_high_elves</source>
<target>wh2_main_sc_hef_high_elves</target>
</cai_personality_cultural_relations_overrides>
<cai_personality_cultural_relations_overrides record_uuid="{6e24b30e-9278-45c5-8c39-9525b26d86c5}" record_timestamp="1509546006835" record_key="anti_chaoswh2_main_sc_hef_high_elveswh2_main_sc_lzd_lizardmen">
<attitude_base>50</attitude_base>
<component_id>anti_chaos</component_id>
<negative_attitude_multiplier>0.75</negative_attitude_multiplier>
<positive_attitude_multiplier>1.5</positive_attitude_multiplier>
<source>wh2_main_sc_hef_high_elves</source>
<target>wh2_main_sc_lzd_lizardmen</target>
</cai_personality_cultural_relations_overrides>
<cai_personality_cultural_relations_overrides record_uuid="{9cfcd075-b267-4d7f-8dd6-44ebc26fa228}" record_timestamp="1509546006893" record_key="anti_chaoswh2_main_sc_hef_high_elveswh_main_sc_brt_bretonnia">
<attitude_base>50</attitude_base>
<component_id>anti_chaos</component_id>
<negative_attitude_multiplier>0.75</negative_attitude_multiplier>
<positive_attitude_multiplier>1.5</positive_attitude_multiplier>
<source>wh2_main_sc_hef_high_elves</source>
<target>wh_main_sc_brt_bretonnia</target>
</cai_personality_cultural_relations_overrides>
<cai_personality_cultural_relations_overrides record_uuid="{1b0c30bb-044d-469e-86a1-408134587c56}" record_timestamp="1509546006920" record_key="anti_chaoswh2_main_sc_hef_high_elveswh_main_sc_dwf_dwarfs">
<attitude_base>50</attitude_base>
<component_id>anti_chaos</component_id>
<negative_attitude_multiplier>0.75</negative_attitude_multiplier>
<positive_attitude_multiplier>1.5</positive_attitude_multiplier>
<source>wh2_main_sc_hef_high_elves</source>
<target>wh_main_sc_dwf_dwarfs</target>
</cai_personality_cultural_relations_overrides>
<cai_personality_cultural_relations_overrides record_uuid="{073c34e2-14ca-47b6-9d74-1a79bdcae828}" record_timestamp="1509546006948" record_key="anti_chaoswh2_main_sc_hef_high_elveswh_main_sc_emp_empire">
<attitude_base>50</attitude_base>
<component_id>anti_chaos</component_id>
<negative_attitude_multiplier>0.75</negative_attitude_multiplier>
<positive_attitude_multiplier>1.5</positive_attitude_multiplier>
<source>wh2_main_sc_hef_high_elves</source>
<target>wh_main_sc_emp_empire</target>
</cai_personality_cultural_relations_overrides>
<cai_personality_cultural_relations_overrides record_uuid="{c08b4e15-6814-483f-a1d6-aff8648a9da2}" record_timestamp="1510315560495" record_key="anti_chaoswh2_main_sc_hef_high_elveswh_main_sc_ksl_kislev">
<attitude_base>50</attitude_base>
<component_id>anti_chaos</component_id>
<negative_attitude_multiplier>0.75</negative_attitude_multiplier>
<positive_attitude_multiplier>1.5</positive_attitude_multiplier>
<source>wh2_main_sc_hef_high_elves</source>
<target>wh_main_sc_ksl_kislev</target>
</cai_personality_cultural_relations_overrides>
<cai_personality_cultural_relations_overrides record_uuid="{adc9a299-56dd-4bc0-8d23-c198e38bbb26}" record_timestamp="1510315560239" record_key="anti_chaoswh2_main_sc_hef_high_elveswh_main_sc_teb_teb">
<attitude_base>50</attitude_base>
<component_id>anti_chaos</component_id>
<negative_attitude_multiplier>0.75</negative_attitude_multiplier>
<positive_attitude_multiplier>1.5</positive_attitude_multiplier>
<source>wh2_main_sc_hef_high_elves</source>
<target>wh_main_sc_teb_teb</target>
</cai_personality_cultural_relations_overrides>
<cai_personality_cultural_relations_overrides record_uuid="{aad89f17-1826-4999-9df2-948e3629c206}" record_timestamp="1509546006641" record_key="anti_chaoswh2_main_sc_lzd_lizardmenwh2_main_sc_hef_high_elves">
<attitude_base>50</attitude_base>
<component_id>anti_chaos</component_id>
<negative_attitude_multiplier>0.75</negative_attitude_multiplier>
<positive_attitude_multiplier>1.5</positive_attitude_multiplier>
<source>wh2_main_sc_lzd_lizardmen</source>
<target>wh2_main_sc_hef_high_elves</target>
</cai_personality_cultural_relations_overrides>
<cai_personality_cultural_relations_overrides record_uuid="{0bf580f1-b76f-4332-88e4-f927cb01c265}" record_timestamp="1509546006614" record_key="anti_chaoswh2_main_sc_lzd_lizardmenwh2_main_sc_lzd_lizardmen">
<attitude_base>50</attitude_base>
<component_id>anti_chaos</component_id>
<negative_attitude_multiplier>0.75</negative_attitude_multiplier>
<positive_attitude_multiplier>1.5</positive_attitude_multiplier>
<source>wh2_main_sc_lzd_lizardmen</source>
<target>wh2_main_sc_lzd_lizardmen</target>
</cai_personality_cultural_relations_overrides>
<cai_personality_cultural_relations_overrides record_uuid="{75fb78cc-1ab0-416a-9871-5844d3ea0fe6}" record_timestamp="1509546006977" record_key="anti_chaoswh2_main_sc_lzd_lizardmenwh_main_sc_brt_bretonnia">
<attitude_base>50</attitude_base>
<component_id>anti_chaos</component_id>
<negative_attitude_multiplier>0.75</negative_attitude_multiplier>
<positive_attitude_multiplier>1.5</positive_attitude_multiplier>
<source>wh2_main_sc_lzd_lizardmen</source>
<target>wh_main_sc_brt_bretonnia</target>
</cai_personality_cultural_relations_overrides>
<cai_personality_cultural_relations_overrides record_uuid="{a8054890-0725-4335-92ef-9fd015f61f92}" record_timestamp="1509546006561" record_key="anti_chaoswh2_main_sc_lzd_lizardmenwh_main_sc_dwf_dwarfs">
<attitude_base>50</attitude_base>
<component_id>anti_chaos</component_id>
<negative_attitude_multiplier>0.75</negative_attitude_multiplier>
<positive_attitude_multiplier>1.5</positive_attitude_multiplier>
<source>wh2_main_sc_lzd_lizardmen</source>
<target>wh_main_sc_dwf_dwarfs</target>
</cai_personality_cultural_relations_overrides>
<cai_personality_cultural_relations_overrides record_uuid="{8c5523e6-625d-460d-bc55-016e5a01f958}" record_timestamp="1509546006587" record_key="anti_chaoswh2_main_sc_lzd_lizardmenwh_main_sc_emp_empire">
<attitude_base>50</attitude_base>
<component_id>anti_chaos</component_id>
<negative_attitude_multiplier>0.75</negative_attitude_multiplier>
<positive_attitude_multiplier>1.5</positive_attitude_multiplier>
<source>wh2_main_sc_lzd_lizardmen</source>
<target>wh_main_sc_emp_empire</target>
</cai_personality_cultural_relations_overrides>
<cai_personality_cultural_relations_overrides record_uuid="{ba7ddefa-a22d-4a09-b321-aa3125600d3f}" record_timestamp="1510315560477" record_key="anti_chaoswh2_main_sc_lzd_lizardmenwh_main_sc_ksl_kislev">
<attitude_base>50</attitude_base>
<component_id>anti_chaos</component_id>
<negative_attitude_multiplier>0.75</negative_attitude_multiplier>
<positive_attitude_multiplier>1.5</positive_attitude_multiplier>
<source>wh2_main_sc_lzd_lizardmen</source>
<target>wh_main_sc_ksl_kislev</target>
</cai_personality_cultural_relations_overrides>
<cai_personality_cultural_relations_overrides record_uuid="{84ea8a04-5077-4441-9540-cbded08d4089}" record_timestamp="1510315560352" record_key="anti_chaoswh2_main_sc_lzd_lizardmenwh_main_sc_teb_teb">
<attitude_base>50</attitude_base>
<component_id>anti_chaos</component_id>
<negative_attitude_multiplier>0.75</negative_attitude_multiplier>
<positive_attitude_multiplier>1.5</positive_attitude_multiplier>
<source>wh2_main_sc_lzd_lizardmen</source>
<target>wh_main_sc_teb_teb</target>
</cai_personality_cultural_relations_overrides>
<cai_personality_cultural_relations_overrides record_uuid="{289689d3-d484-48ad-9f61-7f7ebca126a5}" record_timestamp="1509546006695" record_key="anti_chaoswh_main_sc_brt_bretonniawh2_main_sc_hef_high_elves">
<attitude_base>50</attitude_base>
<component_id>anti_chaos</component_id>
<negative_attitude_multiplier>0.75</negative_attitude_multiplier>
<positive_attitude_multiplier>1.5</positive_attitude_multiplier>
<source>wh_main_sc_brt_bretonnia</source>
<target>wh2_main_sc_hef_high_elves</target>
</cai_personality_cultural_relations_overrides>
<cai_personality_cultural_relations_overrides record_uuid="{7c0a2bff-9590-4cbb-b21f-83659edf3162}" record_timestamp="1509546006668" record_key="anti_chaoswh_main_sc_brt_bretonniawh2_main_sc_lzd_lizardmen">
<attitude_base>50</attitude_base>
<component_id>anti_chaos</component_id>
<negative_attitude_multiplier>0.75</negative_attitude_multiplier>
<positive_attitude_multiplier>1.5</positive_attitude_multiplier>
<source>wh_main_sc_brt_bretonnia</source>
<target>wh2_main_sc_lzd_lizardmen</target>
</cai_personality_cultural_relations_overrides>
<cai_personality_cultural_relations_overrides record_uuid="{3fdae2d9-19ac-4e11-845f-df1fbc036b42}" record_timestamp="1449069303052" record_key="anti_chaoswh_main_sc_brt_bretonniawh_main_sc_brt_bretonnia">
<attitude_base>50</attitude_base>
<component_id>anti_chaos</component_id>
<negative_attitude_multiplier>0.75</negative_attitude_multiplier>
<positive_attitude_multiplier>1.5</positive_attitude_multiplier>
<source>wh_main_sc_brt_bretonnia</source>
<target>wh_main_sc_brt_bretonnia</target>
</cai_personality_cultural_relations_overrides>
<cai_personality_cultural_relations_overrides record_uuid="{5f4aa37f-8509-421a-b3d8-d2f19b26954a}" record_timestamp="1449069303161" record_key="anti_chaoswh_main_sc_brt_bretonniawh_main_sc_dwf_dwarfs">
<attitude_base>50</attitude_base>
<component_id>anti_chaos</component_id>
<negative_attitude_multiplier>0.75</negative_attitude_multiplier>
<positive_attitude_multiplier>1.5</positive_attitude_multiplier>
<source>wh_main_sc_brt_bretonnia</source>
<target>wh_main_sc_dwf_dwarfs</target>
</cai_personality_cultural_relations_overrides>
<cai_personality_cultural_relations_overrides record_uuid="{ec33b35c-2a47-4865-b3cc-4579e3b9fef8}" record_timestamp="1449069303215" record_key="anti_chaoswh_main_sc_brt_bretonniawh_main_sc_emp_empire">
<attitude_base>50</attitude_base>
<component_id>anti_chaos</component_id>
<negative_attitude_multiplier>0.75</negative_attitude_multiplier>
<positive_attitude_multiplier>1.5</positive_attitude_multiplier>
<source>wh_main_sc_brt_bretonnia</source>
<target>wh_main_sc_emp_empire</target>
</cai_personality_cultural_relations_overrides>
<cai_personality_cultural_relations_overrides record_uuid="{7154f4c8-1c53-4b2f-a779-449ae04cebd3}" record_timestamp="1510315560461" record_key="anti_chaoswh_main_sc_brt_bretonniawh_main_sc_ksl_kislev">
<attitude_base>50</attitude_base>
<component_id>anti_chaos</component_id>
<negative_attitude_multiplier>0.75</negative_attitude_multiplier>
<positive_attitude_multiplier>1.5</positive_attitude_multiplier>
<source>wh_main_sc_brt_bretonnia</source>
<target>wh_main_sc_ksl_kislev</target>
</cai_personality_cultural_relations_overrides>
<cai_personality_cultural_relations_overrides record_uuid="{19b4a1a6-fcd7-419a-b517-e0d80b5678f2}" record_timestamp="1510315560330" record_key="anti_chaoswh_main_sc_brt_bretonniawh_main_sc_teb_teb">
<attitude_base>50</attitude_base>
<component_id>anti_chaos</component_id>
<negative_attitude_multiplier>0.75</negative_attitude_multiplier>
<positive_attitude_multiplier>1.5</positive_attitude_multiplier>
<source>wh_main_sc_brt_bretonnia</source>
<target>wh_main_sc_teb_teb</target>
</cai_personality_cultural_relations_overrides>
<cai_personality_cultural_relations_overrides record_uuid="{4665f154-1241-4d3e-a96c-2a53f14b570d}" record_timestamp="1509546006806" record_key="anti_chaoswh_main_sc_dwf_dwarfswh2_main_sc_hef_high_elves">
<attitude_base>50</attitude_base>
<component_id>anti_chaos</component_id>
<negative_attitude_multiplier>0.75</negative_attitude_multiplier>
<positive_attitude_multiplier>1.5</positive_attitude_multiplier>
<source>wh_main_sc_dwf_dwarfs</source>
<target>wh2_main_sc_hef_high_elves</target>
</cai_personality_cultural_relations_overrides>
<cai_personality_cultural_relations_overrides record_uuid="{81d930be-e5ed-432a-b085-3af9a749313d}" record_timestamp="1509546006749" record_key="anti_chaoswh_main_sc_dwf_dwarfswh2_main_sc_lzd_lizardmen">
<attitude_base>50</attitude_base>
<component_id>anti_chaos</component_id>
<negative_attitude_multiplier>0.75</negative_attitude_multiplier>
<positive_attitude_multiplier>1.5</positive_attitude_multiplier>
<source>wh_main_sc_dwf_dwarfs</source>
<target>wh2_main_sc_lzd_lizardmen</target>
</cai_personality_cultural_relations_overrides>
<cai_personality_cultural_relations_overrides record_uuid="{901f1db3-8d22-43d6-aff1-2d45224cda15}" record_timestamp="1449069304152" record_key="anti_chaoswh_main_sc_dwf_dwarfswh_main_sc_brt_bretonnia">
<attitude_base>50</attitude_base>
<component_id>anti_chaos</component_id>
<negative_attitude_multiplier>0.75</negative_attitude_multiplier>
<positive_attitude_multiplier>1.5</positive_attitude_multiplier>
<source>wh_main_sc_dwf_dwarfs</source>
<target>wh_main_sc_brt_bretonnia</target>
</cai_personality_cultural_relations_overrides>
<cai_personality_cultural_relations_overrides record_uuid="{abcce33c-7782-4d15-8f7a-7c8d31047dd8}" record_timestamp="1449069304259" record_key="anti_chaoswh_main_sc_dwf_dwarfswh_main_sc_dwf_dwarfs">
<attitude_base>50</attitude_base>
<component_id>anti_chaos</component_id>
<negative_attitude_multiplier>0.75</negative_attitude_multiplier>
<positive_attitude_multiplier>1.5</positive_attitude_multiplier>
<source>wh_main_sc_dwf_dwarfs</source>
<target>wh_main_sc_dwf_dwarfs</target>
</cai_personality_cultural_relations_overrides>
<cai_personality_cultural_relations_overrides record_uuid="{f9575694-8512-4532-b751-71bf30179c06}" record_timestamp="1449069304313" record_key="anti_chaoswh_main_sc_dwf_dwarfswh_main_sc_emp_empire">
<attitude_base>50</attitude_base>
<component_id>anti_chaos</component_id>
<negative_attitude_multiplier>0.75</negative_attitude_multiplier>
<positive_attitude_multiplier>1.5</positive_attitude_multiplier>
<source>wh_main_sc_dwf_dwarfs</source>
<target>wh_main_sc_emp_empire</target>
</cai_personality_cultural_relations_overrides>
<cai_personality_cultural_relations_overrides record_uuid="{797ac37c-d196-4019-80f4-da99d32bc94d}" record_timestamp="1510315560227" record_key="anti_chaoswh_main_sc_dwf_dwarfswh_main_sc_ksl_kislev">
<attitude_base>50</attitude_base>
<component_id>anti_chaos</component_id>
<negative_attitude_multiplier>0.75</negative_attitude_multiplier>
<positive_attitude_multiplier>1.5</positive_attitude_multiplier>
<source>wh_main_sc_dwf_dwarfs</source>
<target>wh_main_sc_ksl_kislev</target>
</cai_personality_cultural_relations_overrides>
<cai_personality_cultural_relations_overrides record_uuid="{cc4bd83f-9489-456b-aad7-f5d83fdd06e8}" record_timestamp="1510315560302" record_key="anti_chaoswh_main_sc_dwf_dwarfswh_main_sc_teb_teb">
<attitude_base>50</attitude_base>
<component_id>anti_chaos</component_id>
<negative_attitude_multiplier>0.75</negative_attitude_multiplier>
<positive_attitude_multiplier>1.5</positive_attitude_multiplier>
<source>wh_main_sc_dwf_dwarfs</source>
<target>wh_main_sc_teb_teb</target>
</cai_personality_cultural_relations_overrides>
<cai_personality_cultural_relations_overrides record_uuid="{01d3b51d-d0b5-49e1-bf5c-317c6b65233a}" record_timestamp="1509546006778" record_key="anti_chaoswh_main_sc_emp_empirewh2_main_sc_hef_high_elves">
<attitude_base>50</attitude_base>
<component_id>anti_chaos</component_id>
<negative_attitude_multiplier>0.75</negative_attitude_multiplier>
<positive_attitude_multiplier>1.5</positive_attitude_multiplier>
<source>wh_main_sc_emp_empire</source>
<target>wh2_main_sc_hef_high_elves</target>
</cai_personality_cultural_relations_overrides>
<cai_personality_cultural_relations_overrides record_uuid="{ad73d3ec-6494-451b-870a-115b0f5d3daa}" record_timestamp="1509546006722" record_key="anti_chaoswh_main_sc_emp_empirewh2_main_sc_lzd_lizardmen">
<attitude_base>50</attitude_base>
<component_id>anti_chaos</component_id>
<negative_attitude_multiplier>0.75</negative_attitude_multiplier>
<positive_attitude_multiplier>1.5</positive_attitude_multiplier>
<source>wh_main_sc_emp_empire</source>
<target>wh2_main_sc_lzd_lizardmen</target>
</cai_personality_cultural_relations_overrides>
<cai_personality_cultural_relations_overrides record_uuid="{336ba4e6-aea4-442f-8583-fb8dde570170}" record_timestamp="1449069303825" record_key="anti_chaoswh_main_sc_emp_empirewh_main_sc_brt_bretonnia">
<attitude_base>50</attitude_base>
<component_id>anti_chaos</component_id>
<negative_attitude_multiplier>0.75</negative_attitude_multiplier>
<positive_attitude_multiplier>1.5</positive_attitude_multiplier>
<source>wh_main_sc_emp_empire</source>
<target>wh_main_sc_brt_bretonnia</target>
</cai_personality_cultural_relations_overrides>
<cai_personality_cultural_relations_overrides record_uuid="{8e9cea9a-8ea3-4c59-8012-4a670156f21a}" record_timestamp="1449069304806" record_key="anti_chaoswh_main_sc_emp_empirewh_main_sc_dwf_dwarfs">
<attitude_base>50</attitude_base>
<component_id>anti_chaos</component_id>
<negative_attitude_multiplier>0.75</negative_attitude_multiplier>
<positive_attitude_multiplier>1.5</positive_attitude_multiplier>
<source>wh_main_sc_emp_empire</source>
<target>wh_main_sc_dwf_dwarfs</target>
</cai_personality_cultural_relations_overrides>
<cai_personality_cultural_relations_overrides record_uuid="{40f66243-4351-443d-b302-0d1d9a1ac7ad}" record_timestamp="1449157209659" record_key="anti_chaoswh_main_sc_emp_empirewh_main_sc_emp_empire">
<attitude_base>50</attitude_base>
<component_id>anti_chaos</component_id>
<negative_attitude_multiplier>0.75</negative_attitude_multiplier>
<positive_attitude_multiplier>1.5</positive_attitude_multiplier>
<source>wh_main_sc_emp_empire</source>
<target>wh_main_sc_emp_empire</target>
</cai_personality_cultural_relations_overrides>
<cai_personality_cultural_relations_overrides record_uuid="{027d21b3-bdc3-4717-94fa-c0699f22bc49}" record_timestamp="1510315560214" record_key="anti_chaoswh_main_sc_emp_empirewh_main_sc_ksl_kislev">
<attitude_base>50</attitude_base>
<component_id>anti_chaos</component_id>
<negative_attitude_multiplier>0.75</negative_attitude_multiplier>
<positive_attitude_multiplier>1.5</positive_attitude_multiplier>
<source>wh_main_sc_emp_empire</source>
<target>wh_main_sc_ksl_kislev</target>
</cai_personality_cultural_relations_overrides>
<cai_personality_cultural_relations_overrides record_uuid="{2a7183d5-e846-4be5-8845-815dec7248ac}" record_timestamp="1510315560289" record_key="anti_chaoswh_main_sc_emp_empirewh_main_sc_teb_teb">
<attitude_base>50</attitude_base>
<component_id>anti_chaos</component_id>
<negative_attitude_multiplier>0.75</negative_attitude_multiplier>
<positive_attitude_multiplier>1.5</positive_attitude_multiplier>
<source>wh_main_sc_emp_empire</source>
<target>wh_main_sc_teb_teb</target>
</cai_personality_cultural_relations_overrides>
<cai_personality_cultural_relations_overrides record_uuid="{67f0d365-7dd8-480f-96eb-30e1821292c1}" record_timestamp="1510315560445" record_key="anti_chaoswh_main_sc_ksl_kislevwh2_main_sc_hef_high_elves">
<attitude_base>50</attitude_base>
<component_id>anti_chaos</component_id>
<negative_attitude_multiplier>0.75</negative_attitude_multiplier>
<positive_attitude_multiplier>1.5</positive_attitude_multiplier>
<source>wh_main_sc_ksl_kislev</source>
<target>wh2_main_sc_hef_high_elves</target>
</cai_personality_cultural_relations_overrides>
<cai_personality_cultural_relations_overrides record_uuid="{d03c93fb-fbc3-4b85-9425-f6c56a51fc18}" record_timestamp="1510315560430" record_key="anti_chaoswh_main_sc_ksl_kislevwh2_main_sc_lzd_lizardmen">
<attitude_base>50</attitude_base>
<component_id>anti_chaos</component_id>
<negative_attitude_multiplier>0.75</negative_attitude_multiplier>
<positive_attitude_multiplier>1.5</positive_attitude_multiplier>
<source>wh_main_sc_ksl_kislev</source>
<target>wh2_main_sc_lzd_lizardmen</target>
</cai_personality_cultural_relations_overrides>
<cai_personality_cultural_relations_overrides record_uuid="{65bc0f21-1600-4f4b-b582-cf1b36613736}" record_timestamp="1510315560412" record_key="anti_chaoswh_main_sc_ksl_kislevwh_main_sc_brt_bretonnia">
<attitude_base>50</attitude_base>
<component_id>anti_chaos</component_id>
<negative_attitude_multiplier>0.75</negative_attitude_multiplier>
<positive_attitude_multiplier>1.5</positive_attitude_multiplier>
<source>wh_main_sc_ksl_kislev</source>
<target>wh_main_sc_brt_bretonnia</target>
</cai_personality_cultural_relations_overrides>
<cai_personality_cultural_relations_overrides record_uuid="{e117ce37-0642-48d4-b21c-9b8ebb678715}" record_timestamp="1510315560387" record_key="anti_chaoswh_main_sc_ksl_kislevwh_main_sc_dwf_dwarfs">
<attitude_base>50</attitude_base>
<component_id>anti_chaos</component_id>
<negative_attitude_multiplier>0.75</negative_attitude_multiplier>
<positive_attitude_multiplier>1.5</positive_attitude_multiplier>
<source>wh_main_sc_ksl_kislev</source>
<target>wh_main_sc_dwf_dwarfs</target>
</cai_personality_cultural_relations_overrides>
<cai_personality_cultural_relations_overrides record_uuid="{c944b15c-847f-4782-ab81-466b7efd52d4}" record_timestamp="1510315560511" record_key="anti_chaoswh_main_sc_ksl_kislevwh_main_sc_emp_empire">
<attitude_base>50</attitude_base>
<component_id>anti_chaos</component_id>
<negative_attitude_multiplier>0.75</negative_attitude_multiplier>
<positive_attitude_multiplier>1.5</positive_attitude_multiplier>
<source>wh_main_sc_ksl_kislev</source>
<target>wh_main_sc_emp_empire</target>
</cai_personality_cultural_relations_overrides>
<cai_personality_cultural_relations_overrides record_uuid="{76baf413-32f1-4451-8da4-eba7200995ef}" record_timestamp="1510315560198" record_key="anti_chaoswh_main_sc_teb_tebwh2_main_sc_hef_high_elves">
<attitude_base>50</attitude_base>
<component_id>anti_chaos</component_id>
<negative_attitude_multiplier>0.75</negative_attitude_multiplier>
<positive_attitude_multiplier>1.5</positive_attitude_multiplier>
<source>wh_main_sc_teb_teb</source>
<target>wh2_main_sc_hef_high_elves</target>
</cai_personality_cultural_relations_overrides>
<cai_personality_cultural_relations_overrides record_uuid="{56f2b7fd-4372-4b52-94f3-f0f3bf1be95c}" record_timestamp="1510315560526" record_key="anti_chaoswh_main_sc_teb_tebwh2_main_sc_lzd_lizardmen">
<attitude_base>50</attitude_base>
<component_id>anti_chaos</component_id>
<negative_attitude_multiplier>0.75</negative_attitude_multiplier>
<positive_attitude_multiplier>1.5</positive_attitude_multiplier>
<source>wh_main_sc_teb_teb</source>
<target>wh2_main_sc_lzd_lizardmen</target>
</cai_personality_cultural_relations_overrides>
<cai_personality_cultural_relations_overrides record_uuid="{c6ab90d8-2362-46d2-a302-ef1beb404c95}" record_timestamp="1510315560276" record_key="anti_chaoswh_main_sc_teb_tebwh_main_sc_brt_bretonnia">
<attitude_base>50</attitude_base>
<component_id>anti_chaos</component_id>
<negative_attitude_multiplier>0.75</negative_attitude_multiplier>
<positive_attitude_multiplier>1.5</positive_attitude_multiplier>
<source>wh_main_sc_teb_teb</source>
<target>wh_main_sc_brt_bretonnia</target>
</cai_personality_cultural_relations_overrides>
<cai_personality_cultural_relations_overrides record_uuid="{deb69cbc-a556-490a-80ec-c3895faa71c3}" record_timestamp="1510315560262" record_key="anti_chaoswh_main_sc_teb_tebwh_main_sc_dwf_dwarfs">
<attitude_base>50</attitude_base>
<component_id>anti_chaos</component_id>
<negative_attitude_multiplier>0.75</negative_attitude_multiplier>
<positive_attitude_multiplier>1.5</positive_attitude_multiplier>
<source>wh_main_sc_teb_teb</source>
<target>wh_main_sc_dwf_dwarfs</target>
</cai_personality_cultural_relations_overrides>
<cai_personality_cultural_relations_overrides record_uuid="{eb9587e7-b7dd-41c6-8387-0cf6dca2b26a}" record_timestamp="1510315560251" record_key="anti_chaoswh_main_sc_teb_tebwh_main_sc_emp_empire">
<attitude_base>50</attitude_base>
<component_id>anti_chaos</component_id>
<negative_attitude_multiplier>0.75</negative_attitude_multiplier>
<positive_attitude_multiplier>1.5</positive_attitude_multiplier>
<source>wh_main_sc_teb_teb</source>
<target>wh_main_sc_emp_empire</target>
</cai_personality_cultural_relations_overrides>
<cai_personality_cultural_relations_overrides record_uuid="{e4521663-d53f-4ac0-ae9e-172925fbb34c}" record_timestamp="1510315560373" record_key="anti_chaoswh_main_sc_teb_tebwh_main_sc_teb_teb">
<attitude_base>50</attitude_base>
<component_id>anti_chaos</component_id>
<negative_attitude_multiplier>0.75</negative_attitude_multiplier>
<positive_attitude_multiplier>1.5</positive_attitude_multiplier>
<source>wh_main_sc_teb_teb</source>
<target>wh_main_sc_teb_teb</target>
</cai_personality_cultural_relations_overrides>
<cai_personality_cultural_relations_overrides record_uuid="{9fd1b508-f10d-4f53-b5d2-b9de7ceb40c2}" record_timestamp="1449250862554" record_key="dislikes_bretonniawh_main_sc_brt_bretonniawh_main_sc_brt_bretonnia">
<attitude_base>-15</attitude_base>
<component_id>dislikes_bretonnia</component_id>
<negative_attitude_multiplier>1</negative_attitude_multiplier>
<positive_attitude_multiplier>1</positive_attitude_multiplier>
<source>wh_main_sc_brt_bretonnia</source>
<target>wh_main_sc_brt_bretonnia</target>
</cai_personality_cultural_relations_overrides>
<cai_personality_cultural_relations_overrides record_uuid="{0ad1d4a3-5e00-4a88-91b7-417b136c23ac}" record_timestamp="1449250862554" record_key="dislikes_bretonniawh_main_sc_dwf_dwarfswh_main_sc_brt_bretonnia">
<attitude_base>-15</attitude_base>
<component_id>dislikes_bretonnia</component_id>
<negative_attitude_multiplier>1</negative_attitude_multiplier>
<positive_attitude_multiplier>1</positive_attitude_multiplier>
<source>wh_main_sc_dwf_dwarfs</source>
<target>wh_main_sc_brt_bretonnia</target>
</cai_personality_cultural_relations_overrides>
<cai_personality_cultural_relations_overrides record_uuid="{42daec28-7acb-4fd6-b040-26cf98f69074}" record_timestamp="1449250862554" record_key="dislikes_bretonniawh_main_sc_emp_empirewh_main_sc_brt_bretonnia">
<attitude_base>-15</attitude_base>
<component_id>dislikes_bretonnia</component_id>
<negative_attitude_multiplier>1</negative_attitude_multiplier>
<positive_attitude_multiplier>1</positive_attitude_multiplier>
<source>wh_main_sc_emp_empire</source>
<target>wh_main_sc_brt_bretonnia</target>
</cai_personality_cultural_relations_overrides>
<cai_personality_cultural_relations_overrides record_uuid="{27cd073f-6c98-439f-b741-50e72d023783}" record_timestamp="1495804119729" record_key="dislikes_darkelves_internalwh2_main_sc_def_dark_elveswh2_main_sc_def_dark_elves">
<attitude_base>-30</attitude_base>
<component_id>dislikes_darkelves_internal</component_id>
<negative_attitude_multiplier>1</negative_attitude_multiplier>
<positive_attitude_multiplier>1</positive_attitude_multiplier>
<source>wh2_main_sc_def_dark_elves</source>
<target>wh2_main_sc_def_dark_elves</target>
</cai_personality_cultural_relations_overrides>
<cai_personality_cultural_relations_overrides record_uuid="{ef0d7d92-decd-4c34-bf64-9bcedefa3c84}" record_timestamp="1449250862554" record_key="dislikes_dwarfswh_main_sc_brt_bretonniawh_main_sc_dwf_dwarfs">
<attitude_base>-15</attitude_base>
<component_id>dislikes_dwarfs</component_id>
<negative_attitude_multiplier>1</negative_attitude_multiplier>
<positive_attitude_multiplier>1</positive_attitude_multiplier>
<source>wh_main_sc_brt_bretonnia</source>
<target>wh_main_sc_dwf_dwarfs</target>
</cai_personality_cultural_relations_overrides>
<cai_personality_cultural_relations_overrides record_uuid="{45b192e8-fed4-4b08-9e9f-412eda283a53}" record_timestamp="1449250862554" record_key="dislikes_dwarfswh_main_sc_dwf_dwarfswh_main_sc_dwf_dwarfs">
<attitude_base>-15</attitude_base>
<component_id>dislikes_dwarfs</component_id>
<negative_attitude_multiplier>1</negative_attitude_multiplier>
<positive_attitude_multiplier>1</positive_attitude_multiplier>
<source>wh_main_sc_dwf_dwarfs</source>
<target>wh_main_sc_dwf_dwarfs</target>
</cai_personality_cultural_relations_overrides>
<cai_personality_cultural_relations_overrides record_uuid="{03135c46-ee14-4413-b8f5-beefda9e94e5}" record_timestamp="1449250862554" record_key="dislikes_dwarfswh_main_sc_emp_empirewh_main_sc_dwf_dwarfs">
<attitude_base>-15</attitude_base>
<component_id>dislikes_dwarfs</component_id>
<negative_attitude_multiplier>1</negative_attitude_multiplier>
<positive_attitude_multiplier>1</positive_attitude_multiplier>
<source>wh_main_sc_emp_empire</source>
<target>wh_main_sc_dwf_dwarfs</target>
</cai_personality_cultural_relations_overrides>
<cai_personality_cultural_relations_overrides record_uuid="{af454157-b62e-4907-a843-70becd41df8d}" record_timestamp="1449250862554" record_key="dislikes_empirewh_main_sc_brt_bretonniawh_main_sc_emp_empire">
<attitude_base>-15</attitude_base>
<component_id>dislikes_empire</component_id>
<negative_attitude_multiplier>1</negative_attitude_multiplier>
<positive_attitude_multiplier>1</positive_attitude_multiplier>
<source>wh_main_sc_brt_bretonnia</source>
<target>wh_main_sc_emp_empire</target>
</cai_personality_cultural_relations_overrides>
<cai_personality_cultural_relations_overrides record_uuid="{f2a622f0-885f-4323-9cfe-d7ae96df424f}" record_timestamp="1449250862554" record_key="dislikes_empirewh_main_sc_dwf_dwarfswh_main_sc_emp_empire">
<attitude_base>-15</attitude_base>
<component_id>dislikes_empire</component_id>
<negative_attitude_multiplier>1</negative_attitude_multiplier>
<positive_attitude_multiplier>1</positive_attitude_multiplier>
<source>wh_main_sc_dwf_dwarfs</source>
<target>wh_main_sc_emp_empire</target>
</cai_personality_cultural_relations_overrides>
<cai_personality_cultural_relations_overrides record_uuid="{9d2ef63f-8c2a-4dd0-b247-1021873f2b20}" record_timestamp="1449250862554" record_key="dislikes_empirewh_main_sc_emp_empirewh_main_sc_emp_empire">
<attitude_base>-15</attitude_base>
<component_id>dislikes_empire</component_id>
<negative_attitude_multiplier>1</negative_attitude_multiplier>
<positive_attitude_multiplier>1</positive_attitude_multiplier>
<source>wh_main_sc_emp_empire</source>
<target>wh_main_sc_emp_empire</target>
</cai_personality_cultural_relations_overrides>
<cai_personality_cultural_relations_overrides record_uuid="{3a084f83-03f1-40dd-a228-e6b98d40dbba}" record_timestamp="1495804119599" record_key="dislikes_highelves_internalwh2_main_sc_hef_high_elveswh2_main_sc_hef_high_elves">
<attitude_base>-30</attitude_base>
<component_id>dislikes_highelves_internal</component_id>
<negative_attitude_multiplier>1</negative_attitude_multiplier>
<positive_attitude_multiplier>1</positive_attitude_multiplier>
<source>wh2_main_sc_hef_high_elves</source>
<target>wh2_main_sc_hef_high_elves</target>
</cai_personality_cultural_relations_overrides>
<cai_personality_cultural_relations_overrides record_uuid="{77cff580-d07e-44fb-a536-621d33a5466a}" record_timestamp="1495804119643" record_key="dislikes_lizardmen_internalwh2_main_sc_lzd_lizardmenwh2_main_sc_lzd_lizardmen">
<attitude_base>-30</attitude_base>
<component_id>dislikes_lizardmen_internal</component_id>
<negative_attitude_multiplier>1</negative_attitude_multiplier>
<positive_attitude_multiplier>1</positive_attitude_multiplier>
<source>wh2_main_sc_lzd_lizardmen</source>
<target>wh2_main_sc_lzd_lizardmen</target>
</cai_personality_cultural_relations_overrides>
<cai_personality_cultural_relations_overrides record_uuid="{3fb5acb1-7cb8-48de-af79-e8960ffbddc3}" record_timestamp="1495804119686" record_key="dislikes_skaven_internalwh2_main_sc_skv_skavenwh2_main_sc_skv_skaven">
<attitude_base>-30</attitude_base>
<component_id>dislikes_skaven_internal</component_id>
<negative_attitude_multiplier>1</negative_attitude_multiplier>
<positive_attitude_multiplier>1</positive_attitude_multiplier>
<source>wh2_main_sc_skv_skaven</source>
<target>wh2_main_sc_skv_skaven</target>
</cai_personality_cultural_relations_overrides>
<cai_personality_cultural_relations_overrides record_uuid="{69240db4-fb27-4130-8e67-eeec79ecb2ee}" record_timestamp="1509440258242" record_key="dislikes_tomb_kingswh2_dlc09_sc_tmb_tomb_kingswh2_dlc09_sc_tmb_tomb_kings">
<attitude_base>-50</attitude_base>
<component_id>dislikes_tomb_kings</component_id>
<negative_attitude_multiplier>1</negative_attitude_multiplier>
<positive_attitude_multiplier>1</positive_attitude_multiplier>
<source>wh2_dlc09_sc_tmb_tomb_kings</source>
<target>wh2_dlc09_sc_tmb_tomb_kings</target>
</cai_personality_cultural_relations_overrides>
<cai_personality_cultural_relations_overrides record_uuid="{a5353469-1238-413d-a9f2-e67653b09ba7}" record_timestamp="1509468203801" record_key="dislikes_tomb_kingswh2_dlc09_sc_tmb_tomb_kingswh_main_sc_vmp_vampire_counts">
<attitude_base>20</attitude_base>
<component_id>dislikes_tomb_kings</component_id>
<negative_attitude_multiplier>1</negative_attitude_multiplier>
<positive_attitude_multiplier>1</positive_attitude_multiplier>
<source>wh2_dlc09_sc_tmb_tomb_kings</source>
<target>wh_main_sc_vmp_vampire_counts</target>
</cai_personality_cultural_relations_overrides>
<cai_personality_cultural_relations_overrides record_uuid="{1ddd871a-fc61-4eff-ba68-870f1a553c3c}" record_timestamp="1509440246483" record_key="dislikes_vampireswh2_dlc09_sc_tmb_tomb_kingswh_main_sc_vmp_vampire_counts">
<attitude_base>-50</attitude_base>
<component_id>dislikes_vampires</component_id>
<negative_attitude_multiplier>1</negative_attitude_multiplier>
<positive_attitude_multiplier>1</positive_attitude_multiplier>
<source>wh2_dlc09_sc_tmb_tomb_kings</source>
<target>wh_main_sc_vmp_vampire_counts</target>
</cai_personality_cultural_relations_overrides>
<cai_personality_cultural_relations_overrides record_uuid="{218931d7-b01a-42db-a4d9-55da2319b58e}" record_timestamp="1495725494136" record_key="likes_highelves_internalwh2_main_sc_hef_high_elveswh2_main_sc_hef_high_elves">
<attitude_base>30</attitude_base>
<component_id>likes_highelves_internal</component_id>
<negative_attitude_multiplier>1</negative_attitude_multiplier>
<positive_attitude_multiplier>1</positive_attitude_multiplier>
<source>wh2_main_sc_hef_high_elves</source>
<target>wh2_main_sc_hef_high_elves</target>
</cai_personality_cultural_relations_overrides>
<cai_personality_cultural_relations_overrides record_uuid="{20bbbc39-a6c0-4409-80db-d2a6ac0f14e0}" record_timestamp="1495725494179" record_key="likes_lizardmen_internalwh2_main_sc_lzd_lizardmenwh2_main_sc_lzd_lizardmen">
<attitude_base>20</attitude_base>
<component_id>likes_lizardmen_internal</component_id>
<negative_attitude_multiplier>1</negative_attitude_multiplier>
<positive_attitude_multiplier>1</positive_attitude_multiplier>
<source>wh2_main_sc_lzd_lizardmen</source>
<target>wh2_main_sc_lzd_lizardmen</target>
</cai_personality_cultural_relations_overrides>
<cai_personality_cultural_relations_overrides record_uuid="{5897e98c-dbcf-49be-b23a-d5bbe90b92ec}" record_timestamp="1454089983397" record_key="likes_vampireswh_main_sc_grn_greenskinswh_main_sc_vmp_vampire_counts">
<attitude_base>10</attitude_base>
<component_id>likes_vampires</component_id>
<negative_attitude_multiplier>1</negative_attitude_multiplier>
<positive_attitude_multiplier>1</positive_attitude_multiplier>
<source>wh_main_sc_grn_greenskins</source>
<target>wh_main_sc_vmp_vampire_counts</target>
</cai_personality_cultural_relations_overrides>
</dataroot>
