<?xml version="1.0" encoding="UTF-8"?>
<dataroot xmlns:od="urn:schemas-microsoft-com:officedata" xmlns:xsi="http://www.w3.org/2001/XMLSchema-instance" xsi:noNamespaceSchemaLocation="cai_personalities_technology_research_policies.xsd" export_time="Tue Oct 31 08:57:41 2017" revision="3" export_branch="T:/branches/warhammer2/new_tomb/warhammer/binaries.x64" export_user="bob">
<edit_uuid>5f121c28-6ea5-4b1b-b1b1-d79b5eaa0f1b</edit_uuid>
<cai_personalities_technology_research_policies record_uuid="{0f6b8316-7a33-4d32-9186-3665222014cb}" record_timestamp="1453287632095" record_key="defaultresearch_default">
<default_technology_research>research_default</default_technology_research>
<key>default</key>
</cai_personalities_technology_research_policies>
<cai_personalities_technology_research_policies record_uuid="{2f0ef866-ff68-4e6e-8e2d-411d004f29d5}" record_timestamp="1509440245392" record_key="dlc09_tmb_defaultdlc09_tmb_default">
<default_technology_research>dlc09_tmb_default</default_technology_research>
<key>dlc09_tmb_default</key>
</cai_personalities_technology_research_policies>
<cai_personalities_technology_research_policies record_uuid="{a5423c54-1f17-4fdb-969c-2dc9b887eb68}" record_timestamp="1509440245496" record_key="dlc09_tmb_exiles_of_nehekdlc09_tmb_exiles_of_nehek">
<default_technology_research>dlc09_tmb_exiles_of_nehek</default_technology_research>
<key>dlc09_tmb_exiles_of_nehek</key>
</cai_personalities_technology_research_policies>
<cai_personalities_technology_research_policies record_uuid="{65ca8f5b-213e-4c89-be88-d842bd79293b}" record_timestamp="1509440245443" record_key="dlc09_tmb_followers_of_nagashdlc09_tmb_followers_of_nagash">
<default_technology_research>dlc09_tmb_followers_of_nagash</default_technology_research>
<key>dlc09_tmb_followers_of_nagash</key>
</cai_personalities_technology_research_policies>
<cai_personalities_technology_research_policies record_uuid="{73281993-4a10-42b7-8c7d-fcd05589ca5d}" record_timestamp="1509440245602" record_key="dlc09_tmb_khemridlc09_tmb_khemri">
<default_technology_research>dlc09_tmb_khemri</default_technology_research>
<key>dlc09_tmb_khemri</key>
</cai_personalities_technology_research_policies>
<cai_personalities_technology_research_policies record_uuid="{e4bda2cb-45dd-4deb-9a05-fc600192e69d}" record_timestamp="1509440245548" record_key="dlc09_tmb_lybarasdlc09_tmb_lybaras">
<default_technology_research>dlc09_tmb_lybaras</default_technology_research>
<key>dlc09_tmb_lybaras</key>
</cai_personalities_technology_research_policies>
</dataroot>
