<?xml version="1.0" encoding="UTF-8"?>
<dataroot xmlns:od="urn:schemas-microsoft-com:officedata" xmlns:xsi="http://www.w3.org/2001/XMLSchema-instance" xsi:noNamespaceSchemaLocation="cai_factions_to_hint_profile_groups.xsd" export_time="Mon Nov 13 17:31:55 2017" revision="11" export_branch="T:/branches/warhammer2/new_tomb/warhammer/binaries.x64" export_user="bob">
<edit_uuid>a7f1a03a-c3cf-4a28-99b8-73a793aa55c0</edit_uuid>
<cai_factions_to_hint_profile_groups record_uuid="{b33d2d7d-59c0-4ef3-8661-7806ae3c4dad}" record_timestamp="1507041168757" record_key="wh2_dlc09_skv_clan_rictuswh2_main_great_vortex">
<campaign>wh2_main_great_vortex</campaign>
<faction>wh2_dlc09_skv_clan_rictus</faction>
<hint_profile_group_key>HINT_PROFILE_SKV</hint_profile_group_key>
</cai_factions_to_hint_profile_groups>
<cai_factions_to_hint_profile_groups record_uuid="{7fd69494-3fc6-48b6-bbc5-860f1cec7f99}" record_timestamp="1509472620527" record_key="wh2_dlc09_tmb_dune_kingdomsmain_warhammer">
<campaign>main_warhammer</campaign>
<faction>wh2_dlc09_tmb_dune_kingdoms</faction>
<hint_profile_group_key>HINT_PROFILE_TMB</hint_profile_group_key>
</cai_factions_to_hint_profile_groups>
<cai_factions_to_hint_profile_groups record_uuid="{16d1f740-1883-4484-acce-8d199664d55d}" record_timestamp="1509472620771" record_key="wh2_dlc09_tmb_dune_kingdomswh2_main_great_vortex">
<campaign>wh2_main_great_vortex</campaign>
<faction>wh2_dlc09_tmb_dune_kingdoms</faction>
<hint_profile_group_key>HINT_PROFILE_TMB</hint_profile_group_key>
</cai_factions_to_hint_profile_groups>
<cai_factions_to_hint_profile_groups record_uuid="{9d763011-48e3-49ab-a097-d5603c5d3df7}" record_timestamp="1509472621193" record_key="wh2_dlc09_tmb_exiles_of_nehekmain_warhammer">
<campaign>main_warhammer</campaign>
<faction>wh2_dlc09_tmb_exiles_of_nehek</faction>
<hint_profile_group_key>HINT_PROFILE_TMB</hint_profile_group_key>
</cai_factions_to_hint_profile_groups>
<cai_factions_to_hint_profile_groups record_uuid="{f3e67124-4425-4861-a0a9-81af706d6c1b}" record_timestamp="1509472620891" record_key="wh2_dlc09_tmb_exiles_of_nehekwh2_main_great_vortex">
<campaign>wh2_main_great_vortex</campaign>
<faction>wh2_dlc09_tmb_exiles_of_nehek</faction>
<hint_profile_group_key>HINT_PROFILE_TMB</hint_profile_group_key>
</cai_factions_to_hint_profile_groups>
<cai_factions_to_hint_profile_groups record_uuid="{4dab0107-d4d2-42ac-ad3a-0541844cbf34}" record_timestamp="1509472621133" record_key="wh2_dlc09_tmb_followers_of_nagashmain_warhammer">
<campaign>main_warhammer</campaign>
<faction>wh2_dlc09_tmb_followers_of_nagash</faction>
<hint_profile_group_key>HINT_PROFILE_TMB</hint_profile_group_key>
</cai_factions_to_hint_profile_groups>
<cai_factions_to_hint_profile_groups record_uuid="{ada853d8-6377-4787-808b-61990c70bf79}" record_timestamp="1509472620953" record_key="wh2_dlc09_tmb_followers_of_nagashwh2_main_great_vortex">
<campaign>wh2_main_great_vortex</campaign>
<faction>wh2_dlc09_tmb_followers_of_nagash</faction>
<hint_profile_group_key>HINT_PROFILE_TMB</hint_profile_group_key>
</cai_factions_to_hint_profile_groups>
<cai_factions_to_hint_profile_groups record_uuid="{7b9151d7-c66c-40a9-b882-1a5c397d8367}" record_timestamp="1509472620407" record_key="wh2_dlc09_tmb_khemrimain_warhammer">
<campaign>main_warhammer</campaign>
<faction>wh2_dlc09_tmb_khemri</faction>
<hint_profile_group_key>HINT_PROFILE_TMB</hint_profile_group_key>
</cai_factions_to_hint_profile_groups>
<cai_factions_to_hint_profile_groups record_uuid="{e8a5f92a-0a2b-42ab-ae65-a299c9cfa34d}" record_timestamp="1509472620649" record_key="wh2_dlc09_tmb_khemriwh2_main_great_vortex">
<campaign>wh2_main_great_vortex</campaign>
<faction>wh2_dlc09_tmb_khemri</faction>
<hint_profile_group_key>HINT_PROFILE_TMB</hint_profile_group_key>
</cai_factions_to_hint_profile_groups>
<cai_factions_to_hint_profile_groups record_uuid="{1f507160-e2ff-42e4-8118-5d044eb45893}" record_timestamp="1509472621310" record_key="wh2_dlc09_tmb_lybarasmain_warhammer">
<campaign>main_warhammer</campaign>
<faction>wh2_dlc09_tmb_lybaras</faction>
<hint_profile_group_key>HINT_PROFILE_KHALIDA</hint_profile_group_key>
</cai_factions_to_hint_profile_groups>
<cai_factions_to_hint_profile_groups record_uuid="{2726f110-b029-4a36-9329-8e75b7e10041}" record_timestamp="1509472620709" record_key="wh2_dlc09_tmb_lybaraswh2_main_great_vortex">
<campaign>wh2_main_great_vortex</campaign>
<faction>wh2_dlc09_tmb_lybaras</faction>
<hint_profile_group_key>HINT_PROFILE_KHALIDA</hint_profile_group_key>
</cai_factions_to_hint_profile_groups>
<cai_factions_to_hint_profile_groups record_uuid="{ec48c787-a1d4-428c-b255-2d1e923f8618}" record_timestamp="1509472621074" record_key="wh2_dlc09_tmb_numasmain_warhammer">
<campaign>main_warhammer</campaign>
<faction>wh2_dlc09_tmb_numas</faction>
<hint_profile_group_key>HINT_PROFILE_TMB</hint_profile_group_key>
</cai_factions_to_hint_profile_groups>
<cai_factions_to_hint_profile_groups record_uuid="{a78afa7b-cf5c-4de1-915b-6f84946e271f}" record_timestamp="1509472620587" record_key="wh2_dlc09_tmb_numaswh2_main_great_vortex">
<campaign>wh2_main_great_vortex</campaign>
<faction>wh2_dlc09_tmb_numas</faction>
<hint_profile_group_key>HINT_PROFILE_TMB</hint_profile_group_key>
</cai_factions_to_hint_profile_groups>
<cai_factions_to_hint_profile_groups record_uuid="{b61d84ad-0a47-42e3-9cf2-aa7cfcf02a6c}" record_timestamp="1509472621252" record_key="wh2_dlc09_tmb_rakaph_dynastymain_warhammer">
<campaign>main_warhammer</campaign>
<faction>wh2_dlc09_tmb_rakaph_dynasty</faction>
<hint_profile_group_key>HINT_PROFILE_TMB</hint_profile_group_key>
</cai_factions_to_hint_profile_groups>
<cai_factions_to_hint_profile_groups record_uuid="{757f4d07-1671-46c5-8753-8dae03c7d969}" record_timestamp="1509472621015" record_key="wh2_dlc09_tmb_rakaph_dynastywh2_main_great_vortex">
<campaign>wh2_main_great_vortex</campaign>
<faction>wh2_dlc09_tmb_rakaph_dynasty</faction>
<hint_profile_group_key>HINT_PROFILE_TMB</hint_profile_group_key>
</cai_factions_to_hint_profile_groups>
<cai_factions_to_hint_profile_groups record_uuid="{22694f4f-0de9-480e-a6bc-597152f211f3}" record_timestamp="1509472620467" record_key="wh2_dlc09_tmb_the_sentinelsmain_warhammer">
<campaign>main_warhammer</campaign>
<faction>wh2_dlc09_tmb_the_sentinels</faction>
<hint_profile_group_key>HINT_PROFILE_TMB</hint_profile_group_key>
</cai_factions_to_hint_profile_groups>
<cai_factions_to_hint_profile_groups record_uuid="{aa2a25a8-8329-4349-8219-17fc3577fcc2}" record_timestamp="1509472620830" record_key="wh2_dlc09_tmb_the_sentinelswh2_main_great_vortex">
<campaign>wh2_main_great_vortex</campaign>
<faction>wh2_dlc09_tmb_the_sentinels</faction>
<hint_profile_group_key>HINT_PROFILE_TMB</hint_profile_group_key>
</cai_factions_to_hint_profile_groups>
<cai_factions_to_hint_profile_groups record_uuid="{76c6af04-fc54-492b-a922-ce336e6a4bde}" record_timestamp="1498066739057" record_key="wh2_main_def_cult_of_pleasurewh2_main_great_vortex">
<campaign>wh2_main_great_vortex</campaign>
<faction>wh2_main_def_cult_of_pleasure</faction>
<hint_profile_group_key>HINT_PROFILE_DEF</hint_profile_group_key>
</cai_factions_to_hint_profile_groups>
<cai_factions_to_hint_profile_groups record_uuid="{72b1d117-591c-4343-a9c9-60f2671ec7a2}" record_timestamp="1497524625294" record_key="wh2_main_def_naggarondwh2_main_great_vortex">
<campaign>wh2_main_great_vortex</campaign>
<faction>wh2_main_def_naggarond</faction>
<hint_profile_group_key>HINT_PROFILE_DEF</hint_profile_group_key>
</cai_factions_to_hint_profile_groups>
<cai_factions_to_hint_profile_groups record_uuid="{0f0e3d3e-56bf-4cb4-9c7d-89655415ef92}" record_timestamp="1500992110303" record_key="wh2_main_hef_avelornmain_warhammer">
<campaign>main_warhammer</campaign>
<faction>wh2_main_hef_avelorn</faction>
<hint_profile_group_key>CAPTURE_OWNED_BY_ANOTHER_SUBCULTURED_ENEMY_HEF_GRAND_CAMPAIGN</hint_profile_group_key>
</cai_factions_to_hint_profile_groups>
<cai_factions_to_hint_profile_groups record_uuid="{517f982e-c6e6-4473-b51f-82aae86eda7f}" record_timestamp="1497971170516" record_key="wh2_main_hef_avelornwh2_main_great_vortex">
<campaign>wh2_main_great_vortex</campaign>
<faction>wh2_main_hef_avelorn</faction>
<hint_profile_group_key>CAPTURE_OWNED_BY_ANOTHER_SUBCULTURED_ENEMY_HEF</hint_profile_group_key>
</cai_factions_to_hint_profile_groups>
<cai_factions_to_hint_profile_groups record_uuid="{989f3f34-b78e-48bd-a5e6-bbaedd272ade}" record_timestamp="1500992110324" record_key="wh2_main_hef_chracemain_warhammer">
<campaign>main_warhammer</campaign>
<faction>wh2_main_hef_chrace</faction>
<hint_profile_group_key>CAPTURE_OWNED_BY_ANOTHER_SUBCULTURED_ENEMY_HEF_GRAND_CAMPAIGN</hint_profile_group_key>
</cai_factions_to_hint_profile_groups>
<cai_factions_to_hint_profile_groups record_uuid="{0a39b7f0-3eb5-4eee-bd8e-b00f632a303f}" record_timestamp="1497971170547" record_key="wh2_main_hef_chracewh2_main_great_vortex">
<campaign>wh2_main_great_vortex</campaign>
<faction>wh2_main_hef_chrace</faction>
<hint_profile_group_key>CAPTURE_OWNED_BY_ANOTHER_SUBCULTURED_ENEMY_HEF</hint_profile_group_key>
</cai_factions_to_hint_profile_groups>
<cai_factions_to_hint_profile_groups record_uuid="{9e8c758a-d5ee-4c0c-ab65-bfc4ea720892}" record_timestamp="1500992110313" record_key="wh2_main_hef_cothiquemain_warhammer">
<campaign>main_warhammer</campaign>
<faction>wh2_main_hef_cothique</faction>
<hint_profile_group_key>CAPTURE_OWNED_BY_ANOTHER_SUBCULTURED_ENEMY_HEF_GRAND_CAMPAIGN</hint_profile_group_key>
</cai_factions_to_hint_profile_groups>
<cai_factions_to_hint_profile_groups record_uuid="{903bda0d-3f67-4478-ae0e-215c5af295f1}" record_timestamp="1497971170466" record_key="wh2_main_hef_cothiquewh2_main_great_vortex">
<campaign>wh2_main_great_vortex</campaign>
<faction>wh2_main_hef_cothique</faction>
<hint_profile_group_key>CAPTURE_OWNED_BY_ANOTHER_SUBCULTURED_ENEMY_HEF</hint_profile_group_key>
</cai_factions_to_hint_profile_groups>
<cai_factions_to_hint_profile_groups record_uuid="{6468fa41-d11a-48e0-b7d1-65cf4655fa43}" record_timestamp="1500992110334" record_key="wh2_main_hef_eatainemain_warhammer">
<campaign>main_warhammer</campaign>
<faction>wh2_main_hef_eataine</faction>
<hint_profile_group_key>CAPTURE_OWNED_BY_ANOTHER_SUBCULTURED_ENEMY_HEF_GRAND_CAMPAIGN</hint_profile_group_key>
</cai_factions_to_hint_profile_groups>
<cai_factions_to_hint_profile_groups record_uuid="{876f4aea-d1bf-4884-a8cb-03b10f14b3c9}" record_timestamp="1497524625390" record_key="wh2_main_hef_eatainewh2_main_great_vortex">
<campaign>wh2_main_great_vortex</campaign>
<faction>wh2_main_hef_eataine</faction>
<hint_profile_group_key>HINT_PROFILE_HEF</hint_profile_group_key>
</cai_factions_to_hint_profile_groups>
<cai_factions_to_hint_profile_groups record_uuid="{2d1532c7-41ff-4631-8176-12ec0ea4d08a}" record_timestamp="1500992110260" record_key="wh2_main_hef_ellyrionmain_warhammer">
<campaign>main_warhammer</campaign>
<faction>wh2_main_hef_ellyrion</faction>
<hint_profile_group_key>CAPTURE_OWNED_BY_ANOTHER_SUBCULTURED_ENEMY_HEF_GRAND_CAMPAIGN</hint_profile_group_key>
</cai_factions_to_hint_profile_groups>
<cai_factions_to_hint_profile_groups record_uuid="{4c9e8a89-4dff-47e5-a27b-400d8aec9145}" record_timestamp="1497971170536" record_key="wh2_main_hef_ellyrionwh2_main_great_vortex">
<campaign>wh2_main_great_vortex</campaign>
<faction>wh2_main_hef_ellyrion</faction>
<hint_profile_group_key>CAPTURE_OWNED_BY_ANOTHER_SUBCULTURED_ENEMY_HEF</hint_profile_group_key>
</cai_factions_to_hint_profile_groups>
<cai_factions_to_hint_profile_groups record_uuid="{a154cb26-2e02-41ba-9929-9dcacfe77d85}" record_timestamp="1500992110249" record_key="wh2_main_hef_nagarythemain_warhammer">
<campaign>main_warhammer</campaign>
<faction>wh2_main_hef_nagarythe</faction>
<hint_profile_group_key>CAPTURE_OWNED_BY_ANOTHER_SUBCULTURED_ENEMY_HEF_GRAND_CAMPAIGN</hint_profile_group_key>
</cai_factions_to_hint_profile_groups>
<cai_factions_to_hint_profile_groups record_uuid="{8ff4f9ff-caa1-485e-bd1a-9e032e58c9ac}" record_timestamp="1497971170496" record_key="wh2_main_hef_nagarythewh2_main_great_vortex">
<campaign>wh2_main_great_vortex</campaign>
<faction>wh2_main_hef_nagarythe</faction>
<hint_profile_group_key>CAPTURE_OWNED_BY_ANOTHER_SUBCULTURED_ENEMY_HEF</hint_profile_group_key>
</cai_factions_to_hint_profile_groups>
<cai_factions_to_hint_profile_groups record_uuid="{bd238746-d840-4d84-9913-dfdbff53c755}" record_timestamp="1498066739052" record_key="wh2_main_hef_order_of_loremasterswh2_main_great_vortex">
<campaign>wh2_main_great_vortex</campaign>
<faction>wh2_main_hef_order_of_loremasters</faction>
<hint_profile_group_key>HINT_PROFILE_HEF_NONGUARDIAN</hint_profile_group_key>
</cai_factions_to_hint_profile_groups>
<cai_factions_to_hint_profile_groups record_uuid="{153d1447-7ecc-466c-aced-e7f0f2763982}" record_timestamp="1500992110281" record_key="wh2_main_hef_sapherymain_warhammer">
<campaign>main_warhammer</campaign>
<faction>wh2_main_hef_saphery</faction>
<hint_profile_group_key>CAPTURE_OWNED_BY_ANOTHER_SUBCULTURED_ENEMY_HEF_GRAND_CAMPAIGN</hint_profile_group_key>
</cai_factions_to_hint_profile_groups>
<cai_factions_to_hint_profile_groups record_uuid="{2382ecd8-e6f1-462c-80c2-f024e8ce60f6}" record_timestamp="1497971170506" record_key="wh2_main_hef_sapherywh2_main_great_vortex">
<campaign>wh2_main_great_vortex</campaign>
<faction>wh2_main_hef_saphery</faction>
<hint_profile_group_key>CAPTURE_OWNED_BY_ANOTHER_SUBCULTURED_ENEMY_HEF</hint_profile_group_key>
</cai_factions_to_hint_profile_groups>
<cai_factions_to_hint_profile_groups record_uuid="{4d7f775e-9f92-43ad-bdd0-222a03616c5e}" record_timestamp="1500992110270" record_key="wh2_main_hef_tiranocmain_warhammer">
<campaign>main_warhammer</campaign>
<faction>wh2_main_hef_tiranoc</faction>
<hint_profile_group_key>CAPTURE_OWNED_BY_ANOTHER_SUBCULTURED_ENEMY_HEF_GRAND_CAMPAIGN</hint_profile_group_key>
</cai_factions_to_hint_profile_groups>
<cai_factions_to_hint_profile_groups record_uuid="{bcf34a03-eb3e-4bfd-8784-4ba8861eaa2f}" record_timestamp="1497971170476" record_key="wh2_main_hef_tiranocwh2_main_great_vortex">
<campaign>wh2_main_great_vortex</campaign>
<faction>wh2_main_hef_tiranoc</faction>
<hint_profile_group_key>CAPTURE_OWNED_BY_ANOTHER_SUBCULTURED_ENEMY_HEF</hint_profile_group_key>
</cai_factions_to_hint_profile_groups>
<cai_factions_to_hint_profile_groups record_uuid="{5dd45405-93a9-43a4-9ca8-d6f280d97c32}" record_timestamp="1500992110345" record_key="wh2_main_hef_yvressemain_warhammer">
<campaign>main_warhammer</campaign>
<faction>wh2_main_hef_yvresse</faction>
<hint_profile_group_key>CAPTURE_OWNED_BY_ANOTHER_SUBCULTURED_ENEMY_HEF_GRAND_CAMPAIGN</hint_profile_group_key>
</cai_factions_to_hint_profile_groups>
<cai_factions_to_hint_profile_groups record_uuid="{cb368564-16e6-4813-a772-e70bd8e67d7b}" record_timestamp="1497971170486" record_key="wh2_main_hef_yvressewh2_main_great_vortex">
<campaign>wh2_main_great_vortex</campaign>
<faction>wh2_main_hef_yvresse</faction>
<hint_profile_group_key>CAPTURE_OWNED_BY_ANOTHER_SUBCULTURED_ENEMY_HEF</hint_profile_group_key>
</cai_factions_to_hint_profile_groups>
<cai_factions_to_hint_profile_groups record_uuid="{3d9103d6-0e68-45fb-9fe7-5f462660a0bd}" record_timestamp="1497524625486" record_key="wh2_main_lzd_hexoatlwh2_main_great_vortex">
<campaign>wh2_main_great_vortex</campaign>
<faction>wh2_main_lzd_hexoatl</faction>
<hint_profile_group_key>HINT_PROFILE_LZD</hint_profile_group_key>
</cai_factions_to_hint_profile_groups>
<cai_factions_to_hint_profile_groups record_uuid="{de34fb68-ddfc-4d6d-8375-09cd04ba9136}" record_timestamp="1498066739069" record_key="wh2_main_lzd_last_defenderswh2_main_great_vortex">
<campaign>wh2_main_great_vortex</campaign>
<faction>wh2_main_lzd_last_defenders</faction>
<hint_profile_group_key>HINT_PROFILE_LZD</hint_profile_group_key>
</cai_factions_to_hint_profile_groups>
<cai_factions_to_hint_profile_groups record_uuid="{2278f30f-b7fc-43c9-ab53-c8f90cdc4016}" record_timestamp="1497524630892" record_key="wh2_main_skv_clan_morswh2_main_great_vortex">
<campaign>wh2_main_great_vortex</campaign>
<faction>wh2_main_skv_clan_mors</faction>
<hint_profile_group_key>HINT_PROFILE_SKV</hint_profile_group_key>
</cai_factions_to_hint_profile_groups>
<cai_factions_to_hint_profile_groups record_uuid="{dc06c748-999e-430f-ab01-fa34ad4f9e6c}" record_timestamp="1498066739063" record_key="wh2_main_skv_clan_pestilenswh2_main_great_vortex">
<campaign>wh2_main_great_vortex</campaign>
<faction>wh2_main_skv_clan_pestilens</faction>
<hint_profile_group_key>HINT_PROFILE_SKV</hint_profile_group_key>
</cai_factions_to_hint_profile_groups>
<cai_factions_to_hint_profile_groups record_uuid="{d7ad8e94-421d-4340-8c44-b928ca6a5de3}" record_timestamp="1497524629897" record_key="wh_dlc03_bst_beastmen_allymain_warhammer">
<campaign>main_warhammer</campaign>
<faction>wh_dlc03_bst_beastmen_ally</faction>
<hint_profile_group_key>HINT_PROFILE_BST_ALLY</hint_profile_group_key>
</cai_factions_to_hint_profile_groups>
<cai_factions_to_hint_profile_groups record_uuid="{0aaff319-13fc-46d0-958c-540ed01e8a45}" record_timestamp="1497524629832" record_key="wh_dlc03_bst_beastmen_chaosmain_warhammer">
<campaign>main_warhammer</campaign>
<faction>wh_dlc03_bst_beastmen_chaos</faction>
<hint_profile_group_key>HINT_PROFILE_BST_CHAOS</hint_profile_group_key>
</cai_factions_to_hint_profile_groups>
<cai_factions_to_hint_profile_groups record_uuid="{1c6064b0-49a3-40c5-a395-96e03c80804d}" record_timestamp="1497524629701" record_key="wh_dlc03_bst_beastmenmain_warhammer">
<campaign>main_warhammer</campaign>
<faction>wh_dlc03_bst_beastmen</faction>
<hint_profile_group_key>HINT_PROFILE_BST</hint_profile_group_key>
</cai_factions_to_hint_profile_groups>
<cai_factions_to_hint_profile_groups record_uuid="{5a7312aa-eb60-4649-a949-b3aa062aa41d}" record_timestamp="1497524630692" record_key="wh_dlc03_bst_jagged_hornmain_warhammer">
<campaign>main_warhammer</campaign>
<faction>wh_dlc03_bst_jagged_horn</faction>
<hint_profile_group_key>HINT_PROFILE_COMMON_OAK</hint_profile_group_key>
</cai_factions_to_hint_profile_groups>
<cai_factions_to_hint_profile_groups record_uuid="{2e47af5b-f54e-4450-8dd9-5b15f3e869a0}" record_timestamp="1497524630295" record_key="wh_dlc03_bst_redhornmain_warhammer">
<campaign>main_warhammer</campaign>
<faction>wh_dlc03_bst_redhorn</faction>
<hint_profile_group_key>HINT_PROFILE_COMMON_OAK</hint_profile_group_key>
</cai_factions_to_hint_profile_groups>
<cai_factions_to_hint_profile_groups record_uuid="{115cfd77-d348-4f6f-a033-16f55b816e83}" record_timestamp="1497524630229" record_key="wh_main_brt_artoismain_warhammer">
<campaign>main_warhammer</campaign>
<faction>wh_main_brt_artois</faction>
<hint_profile_group_key>HINT_PROFILE_COMMON_OAK</hint_profile_group_key>
</cai_factions_to_hint_profile_groups>
<cai_factions_to_hint_profile_groups record_uuid="{c44e4cf3-f186-4f7b-8eb4-09b5d5d874a2}" record_timestamp="1497524630826" record_key="wh_main_brt_bastonnemain_warhammer">
<campaign>main_warhammer</campaign>
<faction>wh_main_brt_bastonne</faction>
<hint_profile_group_key>HINT_PROFILE_COMMON_OAK</hint_profile_group_key>
</cai_factions_to_hint_profile_groups>
<cai_factions_to_hint_profile_groups record_uuid="{7a186096-bfdd-4684-b1ec-07b505ad3a7f}" record_timestamp="1497524630758" record_key="wh_main_brt_bordeleauxmain_warhammer">
<campaign>main_warhammer</campaign>
<faction>wh_main_brt_bordeleaux</faction>
<hint_profile_group_key>HINT_PROFILE_COMMON_OAK</hint_profile_group_key>
</cai_factions_to_hint_profile_groups>
<cai_factions_to_hint_profile_groups record_uuid="{9c7f34cd-5e74-4c2a-8a38-1a038051967b}" record_timestamp="1497524630561" record_key="wh_main_brt_bretonniamain_warhammer">
<campaign>main_warhammer</campaign>
<faction>wh_main_brt_bretonnia</faction>
<hint_profile_group_key>HINT_PROFILE_BRT</hint_profile_group_key>
</cai_factions_to_hint_profile_groups>
<cai_factions_to_hint_profile_groups record_uuid="{67939bc9-0201-45bd-a599-bf85893c62d6}" record_timestamp="1497524630496" record_key="wh_main_brt_carcassonnemain_warhammer">
<campaign>main_warhammer</campaign>
<faction>wh_main_brt_carcassonne</faction>
<hint_profile_group_key>HINT_PROFILE_COMMON_OAK</hint_profile_group_key>
</cai_factions_to_hint_profile_groups>
<cai_factions_to_hint_profile_groups record_uuid="{83cf6aea-7916-4db9-9958-abc59754621a}" record_timestamp="1497524630429" record_key="wh_main_brt_lyonessemain_warhammer">
<campaign>main_warhammer</campaign>
<faction>wh_main_brt_lyonesse</faction>
<hint_profile_group_key>HINT_PROFILE_COMMON_OAK</hint_profile_group_key>
</cai_factions_to_hint_profile_groups>
<cai_factions_to_hint_profile_groups record_uuid="{ffa71bf0-07c0-4e1d-b76a-a1e333e783e3}" record_timestamp="1497524630361" record_key="wh_main_brt_parravonmain_warhammer">
<campaign>main_warhammer</campaign>
<faction>wh_main_brt_parravon</faction>
<hint_profile_group_key>HINT_PROFILE_COMMON_OAK</hint_profile_group_key>
</cai_factions_to_hint_profile_groups>
<cai_factions_to_hint_profile_groups record_uuid="{55fd483e-6719-412f-b98a-cc2ee5a763a0}" record_timestamp="1497524629768" record_key="wh_main_dwf_karak_izormain_warhammer">
<campaign>main_warhammer</campaign>
<faction>wh_main_dwf_karak_izor</faction>
<hint_profile_group_key>HINT_PROFILE_DWF</hint_profile_group_key>
</cai_factions_to_hint_profile_groups>
<cai_factions_to_hint_profile_groups record_uuid="{15cfa60b-855a-4787-a94e-319112f34402}" record_timestamp="1497524630626" record_key="wh_main_grn_crooked_moonmain_warhammer">
<campaign>main_warhammer</campaign>
<faction>wh_main_grn_crooked_moon</faction>
<hint_profile_group_key>HINT_PROFILE_DWF</hint_profile_group_key>
</cai_factions_to_hint_profile_groups>
</dataroot>
