<?xml version="1.0" encoding="UTF-8"?>
<dataroot xmlns:od="urn:schemas-microsoft-com:officedata" xmlns:xsi="http://www.w3.org/2001/XMLSchema-instance" xsi:noNamespaceSchemaLocation="cai_construction_system_strategic_context_template_policy_junctions.xsd" export_time="Wed Sep 9 16:12:57 2015" revision="8" export_branch="E:/TW/warhammer/src" export_user="bob">
<edit_uuid>bb3947bb-2a0a-4506-9239-d70c7483693e</edit_uuid>
<cai_construction_system_strategic_context_template_policy_junctions record_uuid="{e19629d5-6a6a-451f-88c2-7598528e1bd3}" record_timestamp="1356082576943" record_key="cai_cs_basic_context_template_assignment_policycai_strategic_context_type_last_standcai_construction_system_template_basic_military">
<cai_construction_system_strategic_context_policy>cai_cs_basic_context_template_assignment_policy</cai_construction_system_strategic_context_policy>
<cai_construction_system_template>cai_construction_system_template_basic_military</cai_construction_system_template>
<cai_strategic_context>cai_strategic_context_type_last_stand</cai_strategic_context>
</cai_construction_system_strategic_context_template_policy_junctions>
<cai_construction_system_strategic_context_template_policy_junctions record_uuid="{f6f1097f-6b88-4b14-a2e3-92755ef0b230}" record_timestamp="1356082577112" record_key="cai_cs_basic_context_template_assignment_policycai_strategic_context_type_peacecai_construction_system_template_basic_economic">
<cai_construction_system_strategic_context_policy>cai_cs_basic_context_template_assignment_policy</cai_construction_system_strategic_context_policy>
<cai_construction_system_template>cai_construction_system_template_basic_economic</cai_construction_system_template>
<cai_strategic_context>cai_strategic_context_type_peace</cai_strategic_context>
</cai_construction_system_strategic_context_template_policy_junctions>
<cai_construction_system_strategic_context_template_policy_junctions record_uuid="{3966cec8-0858-47ed-a779-1bdb1801466d}" record_timestamp="1356082577069" record_key="cai_cs_basic_context_template_assignment_policycai_strategic_context_type_tensioncai_construction_system_template_basic_balanced">
<cai_construction_system_strategic_context_policy>cai_cs_basic_context_template_assignment_policy</cai_construction_system_strategic_context_policy>
<cai_construction_system_template>cai_construction_system_template_basic_balanced</cai_construction_system_template>
<cai_strategic_context>cai_strategic_context_type_tension</cai_strategic_context>
</cai_construction_system_strategic_context_template_policy_junctions>
<cai_construction_system_strategic_context_template_policy_junctions record_uuid="{ed4b680d-edc6-43a3-81db-665f5797ca0f}" record_timestamp="1356082576984" record_key="cai_cs_basic_context_template_assignment_policycai_strategic_context_type_total_warcai_construction_system_template_basic_military">
<cai_construction_system_strategic_context_policy>cai_cs_basic_context_template_assignment_policy</cai_construction_system_strategic_context_policy>
<cai_construction_system_template>cai_construction_system_template_basic_military</cai_construction_system_template>
<cai_strategic_context>cai_strategic_context_type_total_war</cai_strategic_context>
</cai_construction_system_strategic_context_template_policy_junctions>
<cai_construction_system_strategic_context_template_policy_junctions record_uuid="{dae1fd08-2050-40b5-a9da-5f44964cc9bc}" record_timestamp="1356082577026" record_key="cai_cs_basic_context_template_assignment_policycai_strategic_context_type_warcai_construction_system_template_basic_military">
<cai_construction_system_strategic_context_policy>cai_cs_basic_context_template_assignment_policy</cai_construction_system_strategic_context_policy>
<cai_construction_system_template>cai_construction_system_template_basic_military</cai_construction_system_template>
<cai_strategic_context>cai_strategic_context_type_war</cai_strategic_context>
</cai_construction_system_strategic_context_template_policy_junctions>
<cai_construction_system_strategic_context_template_policy_junctions record_uuid="{550df4af-5c45-4bd3-a274-9524a06bb465}" record_timestamp="1361874546956" record_key="cai_cs_economist_context_template_assignment_policycai_strategic_context_type_last_standcai_construction_system_template_economist_military">
<cai_construction_system_strategic_context_policy>cai_cs_economist_context_template_assignment_policy</cai_construction_system_strategic_context_policy>
<cai_construction_system_template>cai_construction_system_template_economist_military</cai_construction_system_template>
<cai_strategic_context>cai_strategic_context_type_last_stand</cai_strategic_context>
</cai_construction_system_strategic_context_template_policy_junctions>
<cai_construction_system_strategic_context_template_policy_junctions record_uuid="{63fe5494-937f-4055-a345-ae642b60e9ab}" record_timestamp="1361874547004" record_key="cai_cs_economist_context_template_assignment_policycai_strategic_context_type_peacecai_construction_system_template_economist_economic">
<cai_construction_system_strategic_context_policy>cai_cs_economist_context_template_assignment_policy</cai_construction_system_strategic_context_policy>
<cai_construction_system_template>cai_construction_system_template_economist_economic</cai_construction_system_template>
<cai_strategic_context>cai_strategic_context_type_peace</cai_strategic_context>
</cai_construction_system_strategic_context_template_policy_junctions>
<cai_construction_system_strategic_context_template_policy_junctions record_uuid="{08cc759a-bd99-4590-940b-01e6dcf291af}" record_timestamp="1361874547052" record_key="cai_cs_economist_context_template_assignment_policycai_strategic_context_type_tensioncai_construction_system_template_economist_balanced">
<cai_construction_system_strategic_context_policy>cai_cs_economist_context_template_assignment_policy</cai_construction_system_strategic_context_policy>
<cai_construction_system_template>cai_construction_system_template_economist_balanced</cai_construction_system_template>
<cai_strategic_context>cai_strategic_context_type_tension</cai_strategic_context>
</cai_construction_system_strategic_context_template_policy_junctions>
<cai_construction_system_strategic_context_template_policy_junctions record_uuid="{8a253c41-be78-4762-9db7-d591e976502a}" record_timestamp="1361874547100" record_key="cai_cs_economist_context_template_assignment_policycai_strategic_context_type_total_warcai_construction_system_template_economist_military">
<cai_construction_system_strategic_context_policy>cai_cs_economist_context_template_assignment_policy</cai_construction_system_strategic_context_policy>
<cai_construction_system_template>cai_construction_system_template_economist_military</cai_construction_system_template>
<cai_strategic_context>cai_strategic_context_type_total_war</cai_strategic_context>
</cai_construction_system_strategic_context_template_policy_junctions>
<cai_construction_system_strategic_context_template_policy_junctions record_uuid="{59a319c8-7058-44f2-9e6c-799740211215}" record_timestamp="1361874547148" record_key="cai_cs_economist_context_template_assignment_policycai_strategic_context_type_warcai_construction_system_template_economist_military">
<cai_construction_system_strategic_context_policy>cai_cs_economist_context_template_assignment_policy</cai_construction_system_strategic_context_policy>
<cai_construction_system_template>cai_construction_system_template_economist_military</cai_construction_system_template>
<cai_strategic_context>cai_strategic_context_type_war</cai_strategic_context>
</cai_construction_system_strategic_context_template_policy_junctions>
<cai_construction_system_strategic_context_template_policy_junctions record_uuid="{25d5d940-b17e-4cb7-93d4-174357774081}" record_timestamp="1361874546724" record_key="cai_cs_militaristic_context_template_assignment_policycai_strategic_context_type_last_standcai_construction_system_template_militaristic_military">
<cai_construction_system_strategic_context_policy>cai_cs_militaristic_context_template_assignment_policy</cai_construction_system_strategic_context_policy>
<cai_construction_system_template>cai_construction_system_template_militaristic_military</cai_construction_system_template>
<cai_strategic_context>cai_strategic_context_type_last_stand</cai_strategic_context>
</cai_construction_system_strategic_context_template_policy_junctions>
<cai_construction_system_strategic_context_template_policy_junctions record_uuid="{0fa5397c-8851-4f13-af41-76e00f3cfca6}" record_timestamp="1361874546769" record_key="cai_cs_militaristic_context_template_assignment_policycai_strategic_context_type_peacecai_construction_system_template_militaristic_economic">
<cai_construction_system_strategic_context_policy>cai_cs_militaristic_context_template_assignment_policy</cai_construction_system_strategic_context_policy>
<cai_construction_system_template>cai_construction_system_template_militaristic_economic</cai_construction_system_template>
<cai_strategic_context>cai_strategic_context_type_peace</cai_strategic_context>
</cai_construction_system_strategic_context_template_policy_junctions>
<cai_construction_system_strategic_context_template_policy_junctions record_uuid="{07a23d4b-0325-430e-8982-3b6cbd776f95}" record_timestamp="1361874546816" record_key="cai_cs_militaristic_context_template_assignment_policycai_strategic_context_type_tensioncai_construction_system_template_militaristic_balanced">
<cai_construction_system_strategic_context_policy>cai_cs_militaristic_context_template_assignment_policy</cai_construction_system_strategic_context_policy>
<cai_construction_system_template>cai_construction_system_template_militaristic_balanced</cai_construction_system_template>
<cai_strategic_context>cai_strategic_context_type_tension</cai_strategic_context>
</cai_construction_system_strategic_context_template_policy_junctions>
<cai_construction_system_strategic_context_template_policy_junctions record_uuid="{4aa0c115-616f-4b5e-a9f1-0989dc350a56}" record_timestamp="1361874546862" record_key="cai_cs_militaristic_context_template_assignment_policycai_strategic_context_type_total_warcai_construction_system_template_militaristic_military">
<cai_construction_system_strategic_context_policy>cai_cs_militaristic_context_template_assignment_policy</cai_construction_system_strategic_context_policy>
<cai_construction_system_template>cai_construction_system_template_militaristic_military</cai_construction_system_template>
<cai_strategic_context>cai_strategic_context_type_total_war</cai_strategic_context>
</cai_construction_system_strategic_context_template_policy_junctions>
<cai_construction_system_strategic_context_template_policy_junctions record_uuid="{9501283a-d2ff-4146-8592-4c10074f5f2f}" record_timestamp="1361874546909" record_key="cai_cs_militaristic_context_template_assignment_policycai_strategic_context_type_warcai_construction_system_template_militaristic_military">
<cai_construction_system_strategic_context_policy>cai_cs_militaristic_context_template_assignment_policy</cai_construction_system_strategic_context_policy>
<cai_construction_system_template>cai_construction_system_template_militaristic_military</cai_construction_system_template>
<cai_strategic_context>cai_strategic_context_type_war</cai_strategic_context>
</cai_construction_system_strategic_context_template_policy_junctions>
</dataroot>
