<?xml version="1.0" encoding="UTF-8"?>
<dataroot xmlns:od="urn:schemas-microsoft-com:officedata" xmlns:xsi="http://www.w3.org/2001/XMLSchema-instance" xsi:noNamespaceSchemaLocation="cai_ritual_weights.xsd" export_time="Tue Nov 14 11:00:16 2017" revision="9" export_branch="T:/branches/warhammer2/new_tomb/warhammer/binaries.x64" export_user="bob">
<edit_uuid>3445083b-4b9e-460b-8ae5-b841b7a14743</edit_uuid>
<cai_ritual_weights record_uuid="{68946faa-91b6-498a-9be7-62649b7e7456}" record_timestamp="1507104443836" record_key="wh2_dlc09_ritual_skv_thirteen_rictus">
<ritual>wh2_dlc09_ritual_skv_thirteen_rictus</ritual>
<weight>1</weight>
</cai_ritual_weights>
<cai_ritual_weights record_uuid="{2e58ab6c-bb24-4f1b-a057-17292da3404c}" record_timestamp="1509373017630" record_key="wh2_dlc09_ritual_tmb_geheb">
<ritual>wh2_dlc09_ritual_tmb_geheb</ritual>
<weight>2</weight>
</cai_ritual_weights>
<cai_ritual_weights record_uuid="{1aaf4f18-bb77-4597-84c2-f00a4f254606}" record_timestamp="1509373017417" record_key="wh2_dlc09_ritual_tmb_khsar">
<ritual>wh2_dlc09_ritual_tmb_khsar</ritual>
<weight>1</weight>
</cai_ritual_weights>
<cai_ritual_weights record_uuid="{ca882f9c-1176-4ed9-b1d2-628209c841ed}" record_timestamp="1510657216743" record_key="wh2_dlc09_ritual_tmb_ptra">
<ritual>wh2_dlc09_ritual_tmb_ptra</ritual>
<weight>0</weight>
</cai_ritual_weights>
<cai_ritual_weights record_uuid="{c366b365-afb8-4ee5-9778-c762a1cad2c5}" record_timestamp="1509373017453" record_key="wh2_dlc09_ritual_tmb_tahoth">
<ritual>wh2_dlc09_ritual_tmb_tahoth</ritual>
<weight>1</weight>
</cai_ritual_weights>
<cai_ritual_weights record_uuid="{b0c4f530-bc9c-4ae9-8309-ec0470e08738}" record_timestamp="1498030114847" record_key="wh2_main_ritual_def_atharti">
<ritual>wh2_main_ritual_def_atharti</ritual>
<weight>5</weight>
</cai_ritual_weights>
<cai_ritual_weights record_uuid="{e0c72ec2-1e62-4148-88d7-42891af7497d}" record_timestamp="1493124686923" record_key="wh2_main_ritual_def_hekarti">
<ritual>wh2_main_ritual_def_hekarti</ritual>
<weight>1</weight>
</cai_ritual_weights>
<cai_ritual_weights record_uuid="{e41950ca-306f-4448-b380-0a08600c7d10}" record_timestamp="1493124686885" record_key="wh2_main_ritual_def_khaine">
<ritual>wh2_main_ritual_def_khaine</ritual>
<weight>2</weight>
</cai_ritual_weights>
<cai_ritual_weights record_uuid="{bd56ad5b-a653-4509-b4e4-9e239c038a98}" record_timestamp="1496217629862" record_key="wh2_main_ritual_def_mathlann">
<ritual>wh2_main_ritual_def_mathlann</ritual>
<weight>8</weight>
</cai_ritual_weights>
<cai_ritual_weights record_uuid="{e6853a0a-f247-433e-b820-2796502a6037}" record_timestamp="1498030114847" record_key="wh2_main_ritual_hef_asuryan">
<ritual>wh2_main_ritual_hef_asuryan</ritual>
<weight>5</weight>
</cai_ritual_weights>
<cai_ritual_weights record_uuid="{6e7d919b-0a02-42dd-b1bd-0611e3865c02}" record_timestamp="1493124686972" record_key="wh2_main_ritual_hef_hoeth">
<ritual>wh2_main_ritual_hef_hoeth</ritual>
<weight>1</weight>
</cai_ritual_weights>
<cai_ritual_weights record_uuid="{1540823b-d969-43a0-86c2-5c0f3f5ec65d}" record_timestamp="1493124686936" record_key="wh2_main_ritual_hef_isha">
<ritual>wh2_main_ritual_hef_isha</ritual>
<weight>1</weight>
</cai_ritual_weights>
<cai_ritual_weights record_uuid="{8aaf64ec-170f-4fb3-a903-209e1c574156}" record_timestamp="1493124686948" record_key="wh2_main_ritual_hef_vaul">
<ritual>wh2_main_ritual_hef_vaul</ritual>
<weight>1</weight>
</cai_ritual_weights>
<cai_ritual_weights record_uuid="{15175641-0f91-4e93-9e0f-4d7f3ab53cf5}" record_timestamp="1505378837075" record_key="wh2_main_ritual_lzd_awakening">
<ritual>wh2_main_ritual_lzd_awakening</ritual>
<weight>8</weight>
</cai_ritual_weights>
<cai_ritual_weights record_uuid="{6b25c276-9e42-4ac1-8423-c8583beb6614}" record_timestamp="1498030114850" record_key="wh2_main_ritual_lzd_ferocity">
<ritual>wh2_main_ritual_lzd_ferocity</ritual>
<weight>5</weight>
</cai_ritual_weights>
<cai_ritual_weights record_uuid="{86d3f9fb-7b78-477d-9f90-b6f6c0cbcdfb}" record_timestamp="1493124686984" record_key="wh2_main_ritual_lzd_primeval_glory">
<ritual>wh2_main_ritual_lzd_primeval_glory</ritual>
<weight>2</weight>
</cai_ritual_weights>
<cai_ritual_weights record_uuid="{8a8e5167-aed5-49e1-a33a-e0b31f9fe063}" record_timestamp="1493124686996" record_key="wh2_main_ritual_lzd_sotek">
<ritual>wh2_main_ritual_lzd_sotek</ritual>
<weight>1</weight>
</cai_ritual_weights>
<cai_ritual_weights record_uuid="{9b688c62-364e-440c-bb02-2141dcf1d4a7}" record_timestamp="1500387157198" record_key="wh2_main_ritual_skv_ascendancy">
<ritual>wh2_main_ritual_skv_ascendancy</ritual>
<weight>5</weight>
</cai_ritual_weights>
<cai_ritual_weights record_uuid="{c80e128d-17d5-4278-aef2-47aa802d2c8f}" record_timestamp="1493124686827" record_key="wh2_main_ritual_skv_doooom">
<ritual>wh2_main_ritual_skv_doooom</ritual>
<weight>1</weight>
</cai_ritual_weights>
<cai_ritual_weights record_uuid="{2d477a6e-e200-43fa-95a5-f94c348cd834}" record_timestamp="1493124686793" record_key="wh2_main_ritual_skv_pestilence">
<ritual>wh2_main_ritual_skv_pestilence</ritual>
<weight>1</weight>
</cai_ritual_weights>
<cai_ritual_weights record_uuid="{e5e2796c-0827-4092-9667-f56c0bbbb4ad}" record_timestamp="1493124686803" record_key="wh2_main_ritual_skv_thirteen_eshin">
<ritual>wh2_main_ritual_skv_thirteen_eshin</ritual>
<weight>1</weight>
</cai_ritual_weights>
<cai_ritual_weights record_uuid="{d385bab3-b4c2-4429-bfb2-c339f4ecff40}" record_timestamp="1493124686861" record_key="wh2_main_ritual_skv_thirteen_mors">
<ritual>wh2_main_ritual_skv_thirteen_mors</ritual>
<weight>1</weight>
</cai_ritual_weights>
<cai_ritual_weights record_uuid="{88957c1f-4660-45e5-8a50-6f9449faff1e}" record_timestamp="1493124686873" record_key="wh2_main_ritual_skv_thirteen_moulder">
<ritual>wh2_main_ritual_skv_thirteen_moulder</ritual>
<weight>1</weight>
</cai_ritual_weights>
<cai_ritual_weights record_uuid="{fdd2f56a-76bb-4a4d-be26-ad02e2b6c6a7}" record_timestamp="1493124686838" record_key="wh2_main_ritual_skv_thirteen_pestilens">
<ritual>wh2_main_ritual_skv_thirteen_pestilens</ritual>
<weight>1</weight>
</cai_ritual_weights>
<cai_ritual_weights record_uuid="{339ccee6-f279-4683-956c-27048ae18465}" record_timestamp="1493124686850" record_key="wh2_main_ritual_skv_thirteen_skyre">
<ritual>wh2_main_ritual_skv_thirteen_skyre</ritual>
<weight>1</weight>
</cai_ritual_weights>
</dataroot>
