<?xml version="1.0" encoding="UTF-8"?>
<dataroot xmlns:od="urn:schemas-microsoft-com:officedata" xmlns:xsi="http://www.w3.org/2001/XMLSchema-instance" xsi:noNamespaceSchemaLocation="cai_strategic_context_types.xsd" export_time="Mon Aug 24 09:57:50 2015" revision="4" export_branch="C:/fetch_c/warhammer/binaries" export_user="bob">
<edit_uuid>19c40874-b2f2-4860-99ac-4b4daebbf600</edit_uuid>
<cai_strategic_context_types record_uuid="{109312e2-15f3-491e-ad58-886d28f93bcc}" record_timestamp="1354283170730" record_key="cai_strategic_context_type_last_stand">
<key>cai_strategic_context_type_last_stand</key>
</cai_strategic_context_types>
<cai_strategic_context_types record_uuid="{442830a6-e93c-4085-b369-cd3f02867636}" record_timestamp="1354283170749" record_key="cai_strategic_context_type_peace">
<key>cai_strategic_context_type_peace</key>
</cai_strategic_context_types>
<cai_strategic_context_types record_uuid="{77cfed45-3b93-4380-a880-0139b769365c}" record_timestamp="1354283170768" record_key="cai_strategic_context_type_tension">
<key>cai_strategic_context_type_tension</key>
</cai_strategic_context_types>
<cai_strategic_context_types record_uuid="{1a66fad4-7d24-4f09-b33d-1412a313aa17}" record_timestamp="1354283170788" record_key="cai_strategic_context_type_total_war">
<key>cai_strategic_context_type_total_war</key>
</cai_strategic_context_types>
<cai_strategic_context_types record_uuid="{70ae8da5-156e-43f1-abe2-29324a7e71f6}" record_timestamp="1354283170808" record_key="cai_strategic_context_type_war">
<key>cai_strategic_context_type_war</key>
</cai_strategic_context_types>
</dataroot>
