<?xml version="1.0" encoding="UTF-8"?>
<dataroot xmlns:od="urn:schemas-microsoft-com:officedata" xmlns:xsi="http://www.w3.org/2001/XMLSchema-instance" xsi:noNamespaceSchemaLocation="cai_personalities_reliability_policies.xsd" export_time="Thu Feb 18 12:48:00 2016" revision="17" export_branch="T:/warhammer/binaries.x64" export_user="bob">
<edit_uuid>1ce24bbd-e40f-4014-bbc9-371bc89cbc52</edit_uuid>
<cai_personalities_reliability_policies record_uuid="{922db70b-d142-4398-b773-af943e42426d}" record_timestamp="1455799680630" record_key="cai_prp_default">
<join_ally_bias>15</join_ally_bias>
<key>cai_prp_default</key>
<long_description></long_description>
<no_raiding_gift_threshold>20</no_raiding_gift_threshold>
<no_war_declaration_gift_bonus>-15</no_war_declaration_gift_bonus>
<no_war_declaration_gift_threshold_max>40</no_war_declaration_gift_threshold_max>
<no_war_declaration_gift_threshold_min>5</no_war_declaration_gift_threshold_min>
<short_description></short_description>
</cai_personalities_reliability_policies>
<cai_personalities_reliability_policies record_uuid="{1821bdbc-cc08-4a1b-8e83-e9adf7b453e8}" record_timestamp="1455799680630" record_key="cai_prp_high">
<join_ally_bias>30</join_ally_bias>
<key>cai_prp_high</key>
<long_description>personality_desc_long_reliable</long_description>
<no_raiding_gift_threshold>10</no_raiding_gift_threshold>
<no_war_declaration_gift_bonus>-30</no_war_declaration_gift_bonus>
<no_war_declaration_gift_threshold_max>40</no_war_declaration_gift_threshold_max>
<no_war_declaration_gift_threshold_min>0</no_war_declaration_gift_threshold_min>
<short_description>personality_desc_short_reliable</short_description>
</cai_personalities_reliability_policies>
<cai_personalities_reliability_policies record_uuid="{5070e66a-fe67-4356-a1c8-ec0ebaab170c}" record_timestamp="1455799680630" record_key="cai_prp_low">
<join_ally_bias>5</join_ally_bias>
<key>cai_prp_low</key>
<long_description>personality_desc_long_unreliable</long_description>
<no_raiding_gift_threshold>30</no_raiding_gift_threshold>
<no_war_declaration_gift_bonus>-5</no_war_declaration_gift_bonus>
<no_war_declaration_gift_threshold_max>40</no_war_declaration_gift_threshold_max>
<no_war_declaration_gift_threshold_min>15</no_war_declaration_gift_threshold_min>
<short_description>personality_desc_short_unreliable</short_description>
</cai_personalities_reliability_policies>
<cai_personalities_reliability_policies record_uuid="{851138af-d822-459e-b0c8-22bd1b16ac94}" record_timestamp="1455799680630" record_key="cai_prp_medium">
<join_ally_bias>15</join_ally_bias>
<key>cai_prp_medium</key>
<long_description></long_description>
<no_raiding_gift_threshold>20</no_raiding_gift_threshold>
<no_war_declaration_gift_bonus>-15</no_war_declaration_gift_bonus>
<no_war_declaration_gift_threshold_max>40</no_war_declaration_gift_threshold_max>
<no_war_declaration_gift_threshold_min>5</no_war_declaration_gift_threshold_min>
<short_description></short_description>
</cai_personalities_reliability_policies>
<cai_personalities_reliability_policies record_uuid="{260f5364-8847-4d98-aa2e-68a1c5cb72c7}" record_timestamp="1442853856004" record_key="cai_prp_very_high">
<join_ally_bias>1000</join_ally_bias>
<key>cai_prp_very_high</key>
<long_description></long_description>
<no_raiding_gift_threshold>10</no_raiding_gift_threshold>
<no_war_declaration_gift_bonus>-30</no_war_declaration_gift_bonus>
<no_war_declaration_gift_threshold_max>40</no_war_declaration_gift_threshold_max>
<no_war_declaration_gift_threshold_min>0</no_war_declaration_gift_threshold_min>
<short_description></short_description>
</cai_personalities_reliability_policies>
<cai_personalities_reliability_policies record_uuid="{26637272-094e-438f-9bf0-84b0003e8cb8}" record_timestamp="1439540206112" record_key="cai_prp_very_low">
<join_ally_bias>0</join_ally_bias>
<key>cai_prp_very_low</key>
<long_description>personality_desc_long_unreliable</long_description>
<no_raiding_gift_threshold>30</no_raiding_gift_threshold>
<no_war_declaration_gift_bonus>-5</no_war_declaration_gift_bonus>
<no_war_declaration_gift_threshold_max>40</no_war_declaration_gift_threshold_max>
<no_war_declaration_gift_threshold_min>15</no_war_declaration_gift_threshold_min>
<short_description>personality_desc_short_unreliable</short_description>
</cai_personalities_reliability_policies>
</dataroot>
