<?xml version="1.0" encoding="UTF-8"?>
<dataroot xmlns:od="urn:schemas-microsoft-com:officedata" xmlns:xsi="http://www.w3.org/2001/XMLSchema-instance" xsi:noNamespaceSchemaLocation="cai_personality_groups.xsd" export_time="Tue Dec 5 11:43:30 2017" revision="38" export_branch="T:/branches/warhammer2/new_tomb/warhammer/binaries.x64" export_user="bob">
<edit_uuid>0b065d5c-50ea-4bd4-92c5-7e463b8277dd</edit_uuid>
<cai_personality_groups record_uuid="{ed8fb171-6801-45f3-b210-782decd3014b}" record_timestamp="1401894867793" record_key="default">
<key>default</key>
</cai_personality_groups>
<cai_personality_groups record_uuid="{9e1bd6ea-7e03-4dce-b48d-4aff76874ed2}" record_timestamp="1509440254772" record_key="wh2_dlc09_group_tomb_kings_default">
<key>wh2_dlc09_group_tomb_kings_default</key>
</cai_personality_groups>
<cai_personality_groups record_uuid="{27f6a771-920a-4898-9263-281b13968ac9}" record_timestamp="1509440254663" record_key="wh2_dlc09_group_tomb_kings_exiles_of_nehek">
<key>wh2_dlc09_group_tomb_kings_exiles_of_nehek</key>
</cai_personality_groups>
<cai_personality_groups record_uuid="{44f1d178-87f5-4e7f-8c80-a8b98efc2457}" record_timestamp="1512139556057" record_key="wh2_dlc09_group_tomb_kings_exiles_of_nehek_darkelf_variant">
<key>wh2_dlc09_group_tomb_kings_exiles_of_nehek_darkelf_variant</key>
</cai_personality_groups>
<cai_personality_groups record_uuid="{5e7da57d-f74c-4dcb-91dc-2d293456be60}" record_timestamp="1509440254884" record_key="wh2_dlc09_group_tomb_kings_followers_of_nagash">
<key>wh2_dlc09_group_tomb_kings_followers_of_nagash</key>
</cai_personality_groups>
<cai_personality_groups record_uuid="{2e1ae2f8-aa74-4af9-9069-3c9a6fde73ab}" record_timestamp="1509440254718" record_key="wh2_dlc09_group_tomb_kings_khemri">
<key>wh2_dlc09_group_tomb_kings_khemri</key>
</cai_personality_groups>
<cai_personality_groups record_uuid="{0ec4b3a2-645e-427a-8019-1db8f647d010}" record_timestamp="1509440254829" record_key="wh2_dlc09_group_tomb_kings_lybaras">
<key>wh2_dlc09_group_tomb_kings_lybaras</key>
</cai_personality_groups>
<cai_personality_groups record_uuid="{1689b8b2-ba3e-497f-94e5-8571d2f204d4}" record_timestamp="1510913246683" record_key="wh2_dlc09_group_tomb_kings_the_sentinels">
<key>wh2_dlc09_group_tomb_kings_the_sentinels</key>
</cai_personality_groups>
<cai_personality_groups record_uuid="{ce609fe6-75dd-4a14-ba22-fe9c9d2553fc}" record_timestamp="1486656926367" record_key="wh2_group_beastmen_default">
<key>wh2_group_beastmen_default</key>
</cai_personality_groups>
<cai_personality_groups record_uuid="{0c3fee45-dbd2-4f84-a96c-e57e6b32933e}" record_timestamp="1486656926419" record_key="wh2_group_beastmen_default_easy">
<key>wh2_group_beastmen_default_easy</key>
</cai_personality_groups>
<cai_personality_groups record_uuid="{906556bb-c318-4d56-8f0a-0a6a347313b8}" record_timestamp="1486656926056" record_key="wh2_group_beastmen_default_hard">
<key>wh2_group_beastmen_default_hard</key>
</cai_personality_groups>
<cai_personality_groups record_uuid="{88004247-7c41-4cec-89ba-7fb658da0695}" record_timestamp="1486656926627" record_key="wh2_group_bretonnia_default">
<key>wh2_group_bretonnia_default</key>
</cai_personality_groups>
<cai_personality_groups record_uuid="{363db90a-0545-435c-bf05-6fb96bb75864}" record_timestamp="1486656926264" record_key="wh2_group_bretonnia_default_easy">
<key>wh2_group_bretonnia_default_easy</key>
</cai_personality_groups>
<cai_personality_groups record_uuid="{6b4aebe5-32f3-4c00-93cd-622dcf2593b6}" record_timestamp="1486656926315" record_key="wh2_group_bretonnia_default_hard">
<key>wh2_group_bretonnia_default_hard</key>
</cai_personality_groups>
<cai_personality_groups record_uuid="{24339180-59d4-41cf-b129-7e0f07d7f130}" record_timestamp="1477037110939" record_key="wh2_group_darkelf_default">
<key>wh2_group_darkelf_default</key>
</cai_personality_groups>
<cai_personality_groups record_uuid="{b68e5008-5ab4-4881-8347-8f8fabdaa8b2}" record_timestamp="1486656925953" record_key="wh2_group_darkelf_default_easy">
<key>wh2_group_darkelf_default_easy</key>
</cai_personality_groups>
<cai_personality_groups record_uuid="{befd39c1-93be-4f0f-b944-835927c03ac5}" record_timestamp="1486656926005" record_key="wh2_group_darkelf_default_hard">
<key>wh2_group_darkelf_default_hard</key>
</cai_personality_groups>
<cai_personality_groups record_uuid="{9bda704a-21c9-4db7-9f83-08acf1414fc7}" record_timestamp="1486656925797" record_key="wh2_group_darkelf_default_hard_against_darkelves">
<key>wh2_group_darkelf_default_hard_against_darkelves</key>
</cai_personality_groups>
<cai_personality_groups record_uuid="{81272992-b06d-47f3-9364-da5656eacc55}" record_timestamp="1486656925746" record_key="wh2_group_darkelf_default_hard_easier_for_darkelves">
<key>wh2_group_darkelf_default_hard_easier_for_darkelves</key>
</cai_personality_groups>
<cai_personality_groups record_uuid="{9ec889c0-21cb-44ad-8ae4-8d78fd2ec587}" record_timestamp="1486656925850" record_key="wh2_group_darkelf_major">
<key>wh2_group_darkelf_major</key>
</cai_personality_groups>
<cai_personality_groups record_uuid="{9b96ed4a-a7ef-4d22-9227-6eb6f0f97c92}" record_timestamp="1486656925901" record_key="wh2_group_darkelf_major_easy">
<key>wh2_group_darkelf_major_easy</key>
</cai_personality_groups>
<cai_personality_groups record_uuid="{904f19dc-0305-4e71-91de-5ad835a40a4c}" record_timestamp="1486656924704" record_key="wh2_group_darkelf_major_hard">
<key>wh2_group_darkelf_major_hard</key>
</cai_personality_groups>
<cai_personality_groups record_uuid="{ab55a634-5a28-47e8-9c65-d4072e1dbf29}" record_timestamp="1503337565050" record_key="wh2_group_darkelf_major_secondary">
<key>wh2_group_darkelf_major_secondary</key>
</cai_personality_groups>
<cai_personality_groups record_uuid="{65fc35f2-1e07-468c-ad63-99743b91e76d}" record_timestamp="1503337565059" record_key="wh2_group_darkelf_major_secondary_easy">
<key>wh2_group_darkelf_major_secondary_easy</key>
</cai_personality_groups>
<cai_personality_groups record_uuid="{cdae3caa-3625-4654-bbb5-ab54652388bb}" record_timestamp="1503337565068" record_key="wh2_group_darkelf_major_secondary_hard">
<key>wh2_group_darkelf_major_secondary_hard</key>
</cai_personality_groups>
<cai_personality_groups record_uuid="{844aabf4-4a6b-41e2-9f3d-57bb71ce9e97}" record_timestamp="1486656924758" record_key="wh2_group_darkelf_passive">
<key>wh2_group_darkelf_passive</key>
</cai_personality_groups>
<cai_personality_groups record_uuid="{a96b3f60-3ad6-45df-993c-5d14074bb0a8}" record_timestamp="1486656924810" record_key="wh2_group_darkelf_passive_easy">
<key>wh2_group_darkelf_passive_easy</key>
</cai_personality_groups>
<cai_personality_groups record_uuid="{3a0bc051-d31b-4352-9730-3790754591bd}" record_timestamp="1486656924862" record_key="wh2_group_darkelf_passive_hard">
<key>wh2_group_darkelf_passive_hard</key>
</cai_personality_groups>
<cai_personality_groups record_uuid="{69ee852a-a352-40d5-a766-2db295a47a27}" record_timestamp="1486656922910" record_key="wh2_group_dwarfs_default">
<key>wh2_group_dwarfs_default</key>
</cai_personality_groups>
<cai_personality_groups record_uuid="{31609c7e-cdb0-4de4-8c0c-011bfc716fc8}" record_timestamp="1486656922963" record_key="wh2_group_dwarfs_default_easy">
<key>wh2_group_dwarfs_default_easy</key>
</cai_personality_groups>
<cai_personality_groups record_uuid="{8e5a2cfd-6001-4804-9d2f-fdd8815aa443}" record_timestamp="1486656922591" record_key="wh2_group_dwarfs_default_hard">
<key>wh2_group_dwarfs_default_hard</key>
</cai_personality_groups>
<cai_personality_groups record_uuid="{48079b8a-8c23-4379-8ce0-e84384fac798}" record_timestamp="1486656922645" record_key="wh2_group_empire_default">
<key>wh2_group_empire_default</key>
</cai_personality_groups>
<cai_personality_groups record_uuid="{b6bc292d-0471-4aa5-a7af-cc03e0303a73}" record_timestamp="1486656922698" record_key="wh2_group_empire_default_easy">
<key>wh2_group_empire_default_easy</key>
</cai_personality_groups>
<cai_personality_groups record_uuid="{f0821ee9-0adc-4a62-9199-3f7353df61b9}" record_timestamp="1486656922751" record_key="wh2_group_empire_default_hard">
<key>wh2_group_empire_default_hard</key>
</cai_personality_groups>
<cai_personality_groups record_uuid="{6213eb89-7f0d-4594-b955-d0b90bdb26c7}" record_timestamp="1486656922538" record_key="wh2_group_empire_pirates">
<key>wh2_group_empire_pirates</key>
</cai_personality_groups>
<cai_personality_groups record_uuid="{686d4ec5-d434-40cb-bcea-a7679e6bc3a7}" record_timestamp="1486656923861" record_key="wh2_group_empire_pirates_easy">
<key>wh2_group_empire_pirates_easy</key>
</cai_personality_groups>
<cai_personality_groups record_uuid="{a28f5421-835e-406b-a2e6-32f706e38c03}" record_timestamp="1486656923914" record_key="wh2_group_empire_pirates_hard">
<key>wh2_group_empire_pirates_hard</key>
</cai_personality_groups>
<cai_personality_groups record_uuid="{dd063843-2d53-4a9d-959b-e8b1de631e96}" record_timestamp="1486656922378" record_key="wh2_group_empire_survivor">
<key>wh2_group_empire_survivor</key>
</cai_personality_groups>
<cai_personality_groups record_uuid="{5c8dc291-299a-4d8f-919e-42e8e00f0815}" record_timestamp="1486656922431" record_key="wh2_group_empire_survivor_easy">
<key>wh2_group_empire_survivor_easy</key>
</cai_personality_groups>
<cai_personality_groups record_uuid="{bb66ad04-4670-43a4-b363-4926584b69aa}" record_timestamp="1486656922485" record_key="wh2_group_empire_survivor_hard">
<key>wh2_group_empire_survivor_hard</key>
</cai_personality_groups>
<cai_personality_groups record_uuid="{aedcea2b-e45d-4cfb-aaae-49cb6729ebb0}" record_timestamp="1486656926835" record_key="wh2_group_greenskins_survivor">
<key>wh2_group_greenskins_survivor</key>
</cai_personality_groups>
<cai_personality_groups record_uuid="{6d79541b-aab6-45a6-8485-7d6b365540ad}" record_timestamp="1486656926470" record_key="wh2_group_greenskins_survivor_easy">
<key>wh2_group_greenskins_survivor_easy</key>
</cai_personality_groups>
<cai_personality_groups record_uuid="{9a6c7efe-350b-4d3b-b356-5da754011a9f}" record_timestamp="1486656926524" record_key="wh2_group_greenskins_survivor_hard">
<key>wh2_group_greenskins_survivor_hard</key>
</cai_personality_groups>
<cai_personality_groups record_uuid="{2682e0bf-ca08-4972-90f3-14281d1c6e03}" record_timestamp="1486656926576" record_key="wh2_group_greenskins_waaagh">
<key>wh2_group_greenskins_waaagh</key>
</cai_personality_groups>
<cai_personality_groups record_uuid="{9e1488bb-a9f9-4a50-88f0-735ef3aa0092}" record_timestamp="1486656923966" record_key="wh2_group_highelves_default">
<key>wh2_group_highelves_default</key>
</cai_personality_groups>
<cai_personality_groups record_uuid="{fafc1892-5e3c-41cc-b3ee-34a8debc6996}" record_timestamp="1486656924019" record_key="wh2_group_highelves_default_easy">
<key>wh2_group_highelves_default_easy</key>
</cai_personality_groups>
<cai_personality_groups record_uuid="{ddd5cd51-3360-4361-82b3-2dd3236b50d8}" record_timestamp="1486656923650" record_key="wh2_group_highelves_default_hard">
<key>wh2_group_highelves_default_hard</key>
</cai_personality_groups>
<cai_personality_groups record_uuid="{012d1b5a-1b28-426a-8f17-9ecb14067940}" record_timestamp="1486656923756" record_key="wh2_group_highelves_default_hard_against_highelves">
<key>wh2_group_highelves_default_hard_against_highelves</key>
</cai_personality_groups>
<cai_personality_groups record_uuid="{4a387539-ab89-4ad9-816a-163426037202}" record_timestamp="1486656923703" record_key="wh2_group_highelves_default_hard_easier_for_highelves">
<key>wh2_group_highelves_default_hard_easier_for_highelves</key>
</cai_personality_groups>
<cai_personality_groups record_uuid="{57e49105-0afd-46b2-8d2e-9b0eb6e915cd}" record_timestamp="1486656923281" record_key="wh2_group_highelves_defensive">
<key>wh2_group_highelves_defensive</key>
</cai_personality_groups>
<cai_personality_groups record_uuid="{086a9620-d29f-45e4-88dd-3c2bd21498b1}" record_timestamp="1486656923334" record_key="wh2_group_highelves_defensive_easy">
<key>wh2_group_highelves_defensive_easy</key>
</cai_personality_groups>
<cai_personality_groups record_uuid="{7995af7c-a6a8-43ad-b8c7-a3c79c2e49af}" record_timestamp="1486656923386" record_key="wh2_group_highelves_defensive_hard">
<key>wh2_group_highelves_defensive_hard</key>
</cai_personality_groups>
<cai_personality_groups record_uuid="{5b7986a5-d3d6-4d83-bcb3-851087c1923a}" record_timestamp="1496848967636" record_key="wh2_group_highelves_hostile_internally">
<key>wh2_group_highelves_hostile_internally</key>
</cai_personality_groups>
<cai_personality_groups record_uuid="{4a0ce293-f792-4f37-83d5-6664cae0de25}" record_timestamp="1496848967612" record_key="wh2_group_highelves_hostile_internally_easy">
<key>wh2_group_highelves_hostile_internally_easy</key>
</cai_personality_groups>
<cai_personality_groups record_uuid="{f3712f3f-6297-4941-a3aa-46712f515341}" record_timestamp="1496848967625" record_key="wh2_group_highelves_hostile_internally_hard">
<key>wh2_group_highelves_hostile_internally_hard</key>
</cai_personality_groups>
<cai_personality_groups record_uuid="{9294e162-f93b-4623-ab1d-668685f5f95e}" record_timestamp="1486656923809" record_key="wh2_group_highelves_major">
<key>wh2_group_highelves_major</key>
</cai_personality_groups>
<cai_personality_groups record_uuid="{b9bce85b-ee24-444b-9e1e-1047200bf59b}" record_timestamp="1486656923439" record_key="wh2_group_highelves_major_easy">
<key>wh2_group_highelves_major_easy</key>
</cai_personality_groups>
<cai_personality_groups record_uuid="{64d6b3e9-fef5-4e66-a491-8184df868d09}" record_timestamp="1486656923492" record_key="wh2_group_highelves_major_hard">
<key>wh2_group_highelves_major_hard</key>
</cai_personality_groups>
<cai_personality_groups record_uuid="{5b23d354-c800-4ff1-84e5-5a015174370b}" record_timestamp="1503337565077" record_key="wh2_group_highelves_major_secondary">
<key>wh2_group_highelves_major_secondary</key>
</cai_personality_groups>
<cai_personality_groups record_uuid="{1bb6831c-5bda-459f-a24b-7e5b80752a6f}" record_timestamp="1503337565012" record_key="wh2_group_highelves_major_secondary_easy">
<key>wh2_group_highelves_major_secondary_easy</key>
</cai_personality_groups>
<cai_personality_groups record_uuid="{bfbc26e8-ef0f-402f-a81d-4cfeaac00573}" record_timestamp="1503337565021" record_key="wh2_group_highelves_major_secondary_hard">
<key>wh2_group_highelves_major_secondary_hard</key>
</cai_personality_groups>
<cai_personality_groups record_uuid="{1f89987a-a5f0-4ed1-88a9-2ef730007841}" record_timestamp="1496848967584" record_key="wh2_group_highelves_nonhostile">
<key>wh2_group_highelves_nonhostile</key>
</cai_personality_groups>
<cai_personality_groups record_uuid="{2b428a51-fa4d-41b0-86e1-5c46402df61b}" record_timestamp="1496848967599" record_key="wh2_group_highelves_nonhostile_easy">
<key>wh2_group_highelves_nonhostile_easy</key>
</cai_personality_groups>
<cai_personality_groups record_uuid="{d3adbcd6-b953-4531-908b-4db39ec84f4b}" record_timestamp="1496848967568" record_key="wh2_group_highelves_nonhostile_hard">
<key>wh2_group_highelves_nonhostile_hard</key>
</cai_personality_groups>
<cai_personality_groups record_uuid="{10cdca15-baba-41c1-ad4a-f0846f768582}" record_timestamp="1496834190685" record_key="wh2_group_interventionarmy_default">
<key>wh2_group_interventionarmy_default</key>
</cai_personality_groups>
<cai_personality_groups record_uuid="{d61ba5b8-c33d-433e-961a-bcc0db29add7}" record_timestamp="1486656924385" record_key="wh2_group_lizardmen_default">
<key>wh2_group_lizardmen_default</key>
</cai_personality_groups>
<cai_personality_groups record_uuid="{fbfbf3cd-435e-404a-a70c-32a03028873a}" record_timestamp="1486656924438" record_key="wh2_group_lizardmen_default_easy">
<key>wh2_group_lizardmen_default_easy</key>
</cai_personality_groups>
<cai_personality_groups record_uuid="{812ba442-c36f-4ab2-85c2-71fb7a434faa}" record_timestamp="1486656924071" record_key="wh2_group_lizardmen_default_hard">
<key>wh2_group_lizardmen_default_hard</key>
</cai_personality_groups>
<cai_personality_groups record_uuid="{435969c5-a2ee-4338-ac50-5ccc21f75913}" record_timestamp="1486656924176" record_key="wh2_group_lizardmen_default_hard_against_lizardmen">
<key>wh2_group_lizardmen_default_hard_against_lizardmen</key>
</cai_personality_groups>
<cai_personality_groups record_uuid="{87eeedc5-1726-4ac9-83f7-3179791a83af}" record_timestamp="1486656924124" record_key="wh2_group_lizardmen_default_hard_easier_for_lizardmen">
<key>wh2_group_lizardmen_default_hard_easier_for_lizardmen</key>
</cai_personality_groups>
<cai_personality_groups record_uuid="{4a1547fb-18b5-4436-ba35-f139ec3edb0d}" record_timestamp="1486656924229" record_key="wh2_group_lizardmen_major">
<key>wh2_group_lizardmen_major</key>
</cai_personality_groups>
<cai_personality_groups record_uuid="{b8c3bc55-f007-442d-9ec0-b10e3da5a3df}" record_timestamp="1486656925538" record_key="wh2_group_lizardmen_major_easy">
<key>wh2_group_lizardmen_major_easy</key>
</cai_personality_groups>
<cai_personality_groups record_uuid="{fb6725c4-4ba9-42aa-b232-b4f7601e8dd2}" record_timestamp="1486656925590" record_key="wh2_group_lizardmen_major_hard">
<key>wh2_group_lizardmen_major_hard</key>
</cai_personality_groups>
<cai_personality_groups record_uuid="{4c88907d-5d34-4af7-85fd-043d23396c82}" record_timestamp="1503337565031" record_key="wh2_group_lizardmen_major_secondary">
<key>wh2_group_lizardmen_major_secondary</key>
</cai_personality_groups>
<cai_personality_groups record_uuid="{35e44467-00de-4e7a-b62e-f8f25dee7e66}" record_timestamp="1503337565040" record_key="wh2_group_lizardmen_major_secondary_easy">
<key>wh2_group_lizardmen_major_secondary_easy</key>
</cai_personality_groups>
<cai_personality_groups record_uuid="{ba72187b-587b-4e5d-9e4c-370f601fcdd9}" record_timestamp="1503337565087" record_key="wh2_group_lizardmen_major_secondary_hard">
<key>wh2_group_lizardmen_major_secondary_hard</key>
</cai_personality_groups>
<cai_personality_groups record_uuid="{b5f01a6f-b0dc-44ab-9fb6-72334d53ab45}" record_timestamp="1486656925642" record_key="wh2_group_lizardmen_passive">
<key>wh2_group_lizardmen_passive</key>
</cai_personality_groups>
<cai_personality_groups record_uuid="{a5c22f47-00e3-4e34-8d7d-0739710f15d2}" record_timestamp="1486656925694" record_key="wh2_group_lizardmen_passive_easy">
<key>wh2_group_lizardmen_passive_easy</key>
</cai_personality_groups>
<cai_personality_groups record_uuid="{30f99ac1-66d2-4fd2-ae37-8817920793b0}" record_timestamp="1486656925331" record_key="wh2_group_lizardmen_passive_hard">
<key>wh2_group_lizardmen_passive_hard</key>
</cai_personality_groups>
<cai_personality_groups record_uuid="{f59bbfbc-bbd7-4180-aa7c-98a644b22c7d}" record_timestamp="1486656924651" record_key="wh2_group_norsca_aggressive_at_start">
<key>wh2_group_norsca_aggressive_at_start</key>
</cai_personality_groups>
<cai_personality_groups record_uuid="{977b60ee-4a70-4a09-9fa7-041e3dc5824d}" record_timestamp="1486656924281" record_key="wh2_group_norsca_aggressive_at_start_easy">
<key>wh2_group_norsca_aggressive_at_start_easy</key>
</cai_personality_groups>
<cai_personality_groups record_uuid="{8ca61d35-d35b-4129-a213-d7a61bfaea56}" record_timestamp="1486656924333" record_key="wh2_group_norsca_aggressive_at_start_hard">
<key>wh2_group_norsca_aggressive_at_start_hard</key>
</cai_personality_groups>
<cai_personality_groups record_uuid="{0bcc12f9-8b5d-4119-904b-677abe65fcde}" record_timestamp="1486656924491" record_key="wh2_group_norsca_default">
<key>wh2_group_norsca_default</key>
</cai_personality_groups>
<cai_personality_groups record_uuid="{3cb59b64-8ac6-43cb-80bd-ad1c3b287b05}" record_timestamp="1486656924544" record_key="wh2_group_norsca_default_easy">
<key>wh2_group_norsca_default_easy</key>
</cai_personality_groups>
<cai_personality_groups record_uuid="{8bb48d43-c811-4e2a-838d-0fcde44337f0}" record_timestamp="1486656924597" record_key="wh2_group_norsca_default_hard">
<key>wh2_group_norsca_default_hard</key>
</cai_personality_groups>
<cai_personality_groups record_uuid="{1a8e6a54-bf65-4c13-b2f5-64210f02d1e8}" record_timestamp="1486656926108" record_key="wh2_group_rogue_default">
<key>wh2_group_rogue_default</key>
</cai_personality_groups>
<cai_personality_groups record_uuid="{8e5c5739-4e41-41a1-9629-72cb6b4246e0}" record_timestamp="1486656926160" record_key="wh2_group_rogue_default_easy">
<key>wh2_group_rogue_default_easy</key>
</cai_personality_groups>
<cai_personality_groups record_uuid="{85ceb943-b7f8-4db4-bb2d-f13b5b7110da}" record_timestamp="1486656926213" record_key="wh2_group_rogue_default_hard">
<key>wh2_group_rogue_default_hard</key>
</cai_personality_groups>
<cai_personality_groups record_uuid="{be7b9bb9-c861-44cc-a5e4-691995eaaaaf}" record_timestamp="1486656925383" record_key="wh2_group_skaven_default">
<key>wh2_group_skaven_default</key>
</cai_personality_groups>
<cai_personality_groups record_uuid="{dc60b6fc-5807-4fc4-bcda-575d4610a09d}" record_timestamp="1486656925435" record_key="wh2_group_skaven_default_easy">
<key>wh2_group_skaven_default_easy</key>
</cai_personality_groups>
<cai_personality_groups record_uuid="{67322d06-dccf-4806-b26a-174359d379bc}" record_timestamp="1486656925486" record_key="wh2_group_skaven_default_hard">
<key>wh2_group_skaven_default_hard</key>
</cai_personality_groups>
<cai_personality_groups record_uuid="{ec129657-fdb0-41fb-a23e-4cf9d7477087}" record_timestamp="1486656925174" record_key="wh2_group_skaven_default_hard_against_skaven">
<key>wh2_group_skaven_default_hard_against_skaven</key>
</cai_personality_groups>
<cai_personality_groups record_uuid="{9fa60e19-2720-4525-b5ac-cc5798cde7d7}" record_timestamp="1486656925122" record_key="wh2_group_skaven_default_hard_easier_for_skaven">
<key>wh2_group_skaven_default_hard_easier_for_skaven</key>
</cai_personality_groups>
<cai_personality_groups record_uuid="{3a505c49-8f61-4058-8e0b-b38e3d6f478f}" record_timestamp="1486656925226" record_key="wh2_group_skaven_major">
<key>wh2_group_skaven_major</key>
</cai_personality_groups>
<cai_personality_groups record_uuid="{02153064-185a-40b9-83ad-192ae653263b}" record_timestamp="1486656925278" record_key="wh2_group_skaven_major_easy">
<key>wh2_group_skaven_major_easy</key>
</cai_personality_groups>
<cai_personality_groups record_uuid="{984964d3-27c0-41f5-98e1-bdd0172f7547}" record_timestamp="1486656924914" record_key="wh2_group_skaven_major_hard">
<key>wh2_group_skaven_major_hard</key>
</cai_personality_groups>
<cai_personality_groups record_uuid="{4e250340-6a27-4d97-ab11-64b34c4fbe71}" record_timestamp="1510583926171" record_key="wh2_group_skaven_major_rictus">
<key>wh2_group_skaven_major_rictus</key>
</cai_personality_groups>
<cai_personality_groups record_uuid="{82505887-71bb-41bd-9713-654b60faf57c}" record_timestamp="1503337565096" record_key="wh2_group_skaven_major_secondary">
<key>wh2_group_skaven_major_secondary</key>
</cai_personality_groups>
<cai_personality_groups record_uuid="{f511be05-2de7-4b43-b2c7-567ffb7d0c75}" record_timestamp="1503337564994" record_key="wh2_group_skaven_major_secondary_easy">
<key>wh2_group_skaven_major_secondary_easy</key>
</cai_personality_groups>
<cai_personality_groups record_uuid="{1256e44c-07e6-453d-ad3d-dae4d7759c4f}" record_timestamp="1503337565003" record_key="wh2_group_skaven_major_secondary_hard">
<key>wh2_group_skaven_major_secondary_hard</key>
</cai_personality_groups>
<cai_personality_groups record_uuid="{781f8a22-9800-4a56-8463-a0286297ac78}" record_timestamp="1486656924966" record_key="wh2_group_skaven_passive">
<key>wh2_group_skaven_passive</key>
</cai_personality_groups>
<cai_personality_groups record_uuid="{93aa98a8-cbd1-4a8b-aeca-bfb128e39260}" record_timestamp="1486656925018" record_key="wh2_group_skaven_passive_easy">
<key>wh2_group_skaven_passive_easy</key>
</cai_personality_groups>
<cai_personality_groups record_uuid="{80aa07d3-6b67-4c67-9dcd-dd21b84eb105}" record_timestamp="1486656925070" record_key="wh2_group_skaven_passive_hard">
<key>wh2_group_skaven_passive_hard</key>
</cai_personality_groups>
<cai_personality_groups record_uuid="{4f90f7e0-83d3-4728-afeb-87c1e3683834}" record_timestamp="1486656923016" record_key="wh2_group_vampires_default">
<key>wh2_group_vampires_default</key>
</cai_personality_groups>
<cai_personality_groups record_uuid="{0f7bd18b-56c2-42a1-99d7-2ff4b93bb93f}" record_timestamp="1486656923068" record_key="wh2_group_vampires_default_easy">
<key>wh2_group_vampires_default_easy</key>
</cai_personality_groups>
<cai_personality_groups record_uuid="{3517a54f-4bcf-4a3e-a60e-52b0037d4d6e}" record_timestamp="1486656923121" record_key="wh2_group_vampires_default_hard">
<key>wh2_group_vampires_default_hard</key>
</cai_personality_groups>
<cai_personality_groups record_uuid="{df874346-855b-47d1-8e2b-f5774729714d}" record_timestamp="1486656923174" record_key="wh2_group_vampires_survivor">
<key>wh2_group_vampires_survivor</key>
</cai_personality_groups>
<cai_personality_groups record_uuid="{897e427e-70f6-4454-80b5-24a260aa60ca}" record_timestamp="1486656922804" record_key="wh2_group_vampires_survivor_easy">
<key>wh2_group_vampires_survivor_easy</key>
</cai_personality_groups>
<cai_personality_groups record_uuid="{0fc2a01e-e3e1-4095-b069-46b54e2ea43b}" record_timestamp="1486656922857" record_key="wh2_group_vampires_survivor_hard">
<key>wh2_group_vampires_survivor_hard</key>
</cai_personality_groups>
<cai_personality_groups record_uuid="{59bf11dc-4889-4b69-987d-1344f9cbfb3b}" record_timestamp="1484737511205" record_key="wh2_group_vortextaskforce_default">
<key>wh2_group_vortextaskforce_default</key>
</cai_personality_groups>
<cai_personality_groups record_uuid="{0e8221b8-8753-4644-b6d7-bc9415ade2a8}" record_timestamp="1486656950297" record_key="wh2_group_woodelves_default">
<key>wh2_group_woodelves_default</key>
</cai_personality_groups>
<cai_personality_groups record_uuid="{c065c9d9-079e-486f-af4e-56ceb663e6c7}" record_timestamp="1486656950231" record_key="wh2_group_woodelves_default_easy">
<key>wh2_group_woodelves_default_easy</key>
</cai_personality_groups>
<cai_personality_groups record_uuid="{614fca26-dd72-42fb-b282-dbb11dd13ab3}" record_timestamp="1486656950363" record_key="wh2_group_woodelves_default_hard">
<key>wh2_group_woodelves_default_hard</key>
</cai_personality_groups>
<cai_personality_groups record_uuid="{e5903ef9-8093-4dbd-918d-195b7b161fab}" record_timestamp="1456137047101" record_key="wh_dlc03_group_beastmen_default">
<key>wh_dlc03_group_beastmen_default</key>
</cai_personality_groups>
<cai_personality_groups record_uuid="{d6c5a783-59b3-4631-a3ce-40288abdb034}" record_timestamp="1456137047057" record_key="wh_dlc03_group_beastmen_default_easy">
<key>wh_dlc03_group_beastmen_default_easy</key>
</cai_personality_groups>
<cai_personality_groups record_uuid="{3e46ba15-5226-49a3-ba39-4db7bed4fff8}" record_timestamp="1456137047324" record_key="wh_dlc03_group_beastmen_default_hard">
<key>wh_dlc03_group_beastmen_default_hard</key>
</cai_personality_groups>
<cai_personality_groups record_uuid="{cff90ec9-1982-48f1-926e-681345c4f610}" record_timestamp="1456137047224" record_key="wh_dlc03_group_beastmen_separatist_default">
<key>wh_dlc03_group_beastmen_separatist_default</key>
</cai_personality_groups>
<cai_personality_groups record_uuid="{40e73ff5-59e1-4676-b0ea-02d5c5d0783e}" record_timestamp="1456137047200" record_key="wh_dlc03_group_beastmen_subjugator">
<key>wh_dlc03_group_beastmen_subjugator</key>
</cai_personality_groups>
<cai_personality_groups record_uuid="{af903e70-4c95-40df-8a51-4f221481cce2}" record_timestamp="1456137047176" record_key="wh_dlc03_group_beastmen_subjugator_easy">
<key>wh_dlc03_group_beastmen_subjugator_easy</key>
</cai_personality_groups>
<cai_personality_groups record_uuid="{6c8cb12e-0406-4bfa-995d-8a43fe673295}" record_timestamp="1456137047151" record_key="wh_dlc03_group_beastmen_subjugator_hard">
<key>wh_dlc03_group_beastmen_subjugator_hard</key>
</cai_personality_groups>
<cai_personality_groups record_uuid="{958077c4-ed23-49d8-a180-bf543f4ee6a9}" record_timestamp="1456137047126" record_key="wh_dlc03_group_beastmen_waaagh">
<key>wh_dlc03_group_beastmen_waaagh</key>
</cai_personality_groups>
<cai_personality_groups record_uuid="{9c82bf58-84bb-4fca-8172-34886519625c}" record_timestamp="1460532114708" record_key="wh_dlc03_group_empire_default_no_colonisation">
<key>wh_dlc03_group_empire_default_no_colonisation</key>
</cai_personality_groups>
<cai_personality_groups record_uuid="{ca19ad3d-e033-49ef-a246-353b735e2c6b}" record_timestamp="1467805196194" record_key="wh_dlc03_group_greenskins_default_mini">
<key>wh_dlc03_group_greenskins_default_mini</key>
</cai_personality_groups>
<cai_personality_groups record_uuid="{11815780-093f-4897-b38e-afcdf15dd162}" record_timestamp="1457949158231" record_key="wh_dlc03_mini_beastmen_default">
<key>wh_dlc03_mini_beastmen_default</key>
</cai_personality_groups>
<cai_personality_groups record_uuid="{2d2aaabd-d8cd-46b6-80f0-c5340d8ba3dc}" record_timestamp="1458115862912" record_key="wh_dlc03_mini_beastmen_get_the_rest">
<key>wh_dlc03_mini_beastmen_get_the_rest</key>
</cai_personality_groups>
<cai_personality_groups record_uuid="{9960b9c3-5111-4615-9b57-77d82a4d8cfd}" record_timestamp="1459932036142" record_key="wh_dlc03_mini_beastmen_quest_not_started_chapter_2">
<key>wh_dlc03_mini_beastmen_quest_not_started_chapter_2</key>
</cai_personality_groups>
<cai_personality_groups record_uuid="{02e59000-e052-48cb-8e93-202f0bdec504}" record_timestamp="1458115863626" record_key="wh_dlc03_mini_beastmen_quest_not_started_chapter_3">
<key>wh_dlc03_mini_beastmen_quest_not_started_chapter_3</key>
</cai_personality_groups>
<cai_personality_groups record_uuid="{696f9a0c-cb15-4f80-9e3c-3719e7a06b44}" record_timestamp="1460367213472" record_key="wh_dlc03_mini_beastmen_start">
<key>wh_dlc03_mini_beastmen_start</key>
</cai_personality_groups>
<cai_personality_groups record_uuid="{1b2d1b2a-bcc4-44d0-86f0-8c224faf0ab6}" record_timestamp="1458115862912" record_key="wh_dlc03_mini_beastmen_start_quest_1">
<key>wh_dlc03_mini_beastmen_start_quest_1</key>
</cai_personality_groups>
<cai_personality_groups record_uuid="{9a682585-dc71-4c54-a293-2e959b495509}" record_timestamp="1480094573502" record_key="wh_dlc05_group_beastmen_player_wood_elves">
<key>wh_dlc05_group_beastmen_player_wood_elves</key>
</cai_personality_groups>
<cai_personality_groups record_uuid="{f9ba2a8f-009a-45bd-937c-7bc12b19c564}" record_timestamp="1480095441622" record_key="wh_dlc05_group_beastmen_player_wood_elves_attack_after_turn_20">
<key>wh_dlc05_group_beastmen_player_wood_elves_attack_after_turn_20</key>
</cai_personality_groups>
<cai_personality_groups record_uuid="{ae594bc6-a3a5-473c-b729-89cb710f41d1}" record_timestamp="1480095441623" record_key="wh_dlc05_group_beastmen_player_wood_elves_attack_after_turn_40">
<key>wh_dlc05_group_beastmen_player_wood_elves_attack_after_turn_40</key>
</cai_personality_groups>
<cai_personality_groups record_uuid="{513e8448-f8db-41d4-bcc4-a13406227a9e}" record_timestamp="1480094573503" record_key="wh_dlc05_group_brettonia_main_player_wood_elves">
<key>wh_dlc05_group_brettonia_main_player_wood_elves</key>
</cai_personality_groups>
<cai_personality_groups record_uuid="{05d2a39f-5576-4674-b0c1-5a9a9e13887f}" record_timestamp="1480094573503" record_key="wh_dlc05_group_brettonia_rest_player_wood_elves">
<key>wh_dlc05_group_brettonia_rest_player_wood_elves</key>
</cai_personality_groups>
<cai_personality_groups record_uuid="{d3da7df1-67c3-4025-86ce-e54cefced490}" record_timestamp="1478786042102" record_key="wh_dlc05_main_group_wood_elves_default">
<key>wh_dlc05_main_group_wood_elves_default</key>
</cai_personality_groups>
<cai_personality_groups record_uuid="{648196a5-f397-410c-80ec-517cd8d2b4bb}" record_timestamp="1478786042054" record_key="wh_dlc05_main_group_wood_elves_durthu">
<key>wh_dlc05_main_group_wood_elves_durthu</key>
</cai_personality_groups>
<cai_personality_groups record_uuid="{4279e320-428d-48f6-94e9-f616d44db760}" record_timestamp="1478786042083" record_key="wh_dlc05_main_group_wood_elves_orion">
<key>wh_dlc05_main_group_wood_elves_orion</key>
</cai_personality_groups>
<cai_personality_groups record_uuid="{379fe156-175b-4595-988d-1442becec144}" record_timestamp="1478786042100" record_key="wh_dlc05_main_group_wood_elves_rest">
<key>wh_dlc05_main_group_wood_elves_rest</key>
</cai_personality_groups>
<cai_personality_groups record_uuid="{47cd5c01-91fe-4d33-b550-6511959266e6}" record_timestamp="1478786042104" record_key="wh_dlc05_mini_group_wood_elves_default">
<key>wh_dlc05_mini_group_wood_elves_default</key>
</cai_personality_groups>
<cai_personality_groups record_uuid="{ed380c0a-8a6d-4399-8ec2-cd35b5ce3f85}" record_timestamp="1478786042103" record_key="wh_dlc05_mini_group_wood_elves_durthu">
<key>wh_dlc05_mini_group_wood_elves_durthu</key>
</cai_personality_groups>
<cai_personality_groups record_uuid="{a72d0710-220f-41fc-82ae-026cc74ec343}" record_timestamp="1478786042102" record_key="wh_dlc05_mini_group_wood_elves_orion">
<key>wh_dlc05_mini_group_wood_elves_orion</key>
</cai_personality_groups>
<cai_personality_groups record_uuid="{3cd8250e-85c7-425a-b605-f6208c9ee952}" record_timestamp="1478786042101" record_key="wh_dlc05_mini_group_wood_elves_rest">
<key>wh_dlc05_mini_group_wood_elves_rest</key>
</cai_personality_groups>
<cai_personality_groups record_uuid="{6f68239c-3902-44d2-8402-e71b59218174}" record_timestamp="1439375929785" record_key="wh_group_chaos_default">
<key>wh_group_chaos_default</key>
</cai_personality_groups>
<cai_personality_groups record_uuid="{3bfba4dc-b21d-43c5-a324-68b36bf9b8e5}" record_timestamp="1448906106798" record_key="wh_group_chaos_default_hard">
<key>wh_group_chaos_default_hard</key>
</cai_personality_groups>
<cai_personality_groups record_uuid="{7a468408-761c-4070-bf36-6cd734e1c2f7}" record_timestamp="1439375929785" record_key="wh_group_chaos_separatist_default">
<key>wh_group_chaos_separatist_default</key>
</cai_personality_groups>
<cai_personality_groups record_uuid="{a2650d43-fe35-4fc5-af6e-a371de73597c}" record_timestamp="1439375929784" record_key="wh_group_dwarfs_default">
<key>wh_group_dwarfs_default</key>
</cai_personality_groups>
<cai_personality_groups record_uuid="{6ed275a7-220d-40ed-991b-191d3d735c6c}" record_timestamp="1443538935580" record_key="wh_group_dwarfs_default_easy">
<key>wh_group_dwarfs_default_easy</key>
</cai_personality_groups>
<cai_personality_groups record_uuid="{41bbb352-d89a-48c0-bc84-45c04dbd5d45}" record_timestamp="1448906106798" record_key="wh_group_dwarfs_default_hard">
<key>wh_group_dwarfs_default_hard</key>
</cai_personality_groups>
<cai_personality_groups record_uuid="{999b2a38-f30c-4696-b2b9-a50f17d2eb4a}" record_timestamp="1456918280905" record_key="wh_group_dwarfs_default_hard_against_civilised_factions">
<key>wh_group_dwarfs_default_hard_against_civilised_factions</key>
</cai_personality_groups>
<cai_personality_groups record_uuid="{c3171fe2-f194-4440-993f-73591aeb8255}" record_timestamp="1456918280906" record_key="wh_group_dwarfs_default_hard_easier_for_civilised_factions">
<key>wh_group_dwarfs_default_hard_easier_for_civilised_factions</key>
</cai_personality_groups>
<cai_personality_groups record_uuid="{e300176c-076f-4dbf-985c-0fc545431729}" record_timestamp="1439375929785" record_key="wh_group_dwarfs_separatist_default">
<key>wh_group_dwarfs_separatist_default</key>
</cai_personality_groups>
<cai_personality_groups record_uuid="{416f3d22-fb9b-4d8a-976d-9b37ab4ee276}" record_timestamp="1449501753484" record_key="wh_group_dwarfs_subjugator">
<key>wh_group_dwarfs_subjugator</key>
</cai_personality_groups>
<cai_personality_groups record_uuid="{e1ed940d-f96d-42f9-89b9-49fab1b82675}" record_timestamp="1449501753484" record_key="wh_group_dwarfs_subjugator_easy">
<key>wh_group_dwarfs_subjugator_easy</key>
</cai_personality_groups>
<cai_personality_groups record_uuid="{5f9e78c2-a65f-494f-8710-3e491712c947}" record_timestamp="1449501753484" record_key="wh_group_dwarfs_subjugator_hard">
<key>wh_group_dwarfs_subjugator_hard</key>
</cai_personality_groups>
<cai_personality_groups record_uuid="{eaabbfc0-6af3-4aee-9b95-f8757e40c95b}" record_timestamp="1456918280906" record_key="wh_group_dwarfs_subjugator_hard_against_civilised_factions">
<key>wh_group_dwarfs_subjugator_hard_against_civilised_factions</key>
</cai_personality_groups>
<cai_personality_groups record_uuid="{54e28429-a635-423c-abda-92a02e682a27}" record_timestamp="1456918280906" record_key="wh_group_dwarfs_subjugator_hard_easier_for_civilised_factions">
<key>wh_group_dwarfs_subjugator_hard_easier_for_civilised_factions</key>
</cai_personality_groups>
<cai_personality_groups record_uuid="{f473ebf7-b80b-469f-b9df-080164a388a0}" record_timestamp="1505319818316" record_key="wh_group_dwarfs_subordinate">
<key>wh_group_dwarfs_subordinate</key>
</cai_personality_groups>
<cai_personality_groups record_uuid="{8f48359f-57c1-48bf-9e41-52a5293c60e1}" record_timestamp="1505319818316" record_key="wh_group_dwarfs_subordinate_easy">
<key>wh_group_dwarfs_subordinate_easy</key>
</cai_personality_groups>
<cai_personality_groups record_uuid="{f5172c7a-7a85-47ae-88b7-b77c393caecc}" record_timestamp="1505319818316" record_key="wh_group_dwarfs_subordinate_hard">
<key>wh_group_dwarfs_subordinate_hard</key>
</cai_personality_groups>
<cai_personality_groups record_uuid="{71daff78-9ccb-416a-b0f2-7f86e7d47c7c}" record_timestamp="1439375929785" record_key="wh_group_empire_default">
<key>wh_group_empire_default</key>
</cai_personality_groups>
<cai_personality_groups record_uuid="{411cc7dc-dcd8-48cb-a54c-9c882d06b0ae}" record_timestamp="1443538935612" record_key="wh_group_empire_default_easy">
<key>wh_group_empire_default_easy</key>
</cai_personality_groups>
<cai_personality_groups record_uuid="{8e9e2a8e-9747-4b38-bd00-931b851ee763}" record_timestamp="1448906106798" record_key="wh_group_empire_default_hard">
<key>wh_group_empire_default_hard</key>
</cai_personality_groups>
<cai_personality_groups record_uuid="{2d2ac064-52d9-46af-9c89-5d0bc45dd515}" record_timestamp="1456918280906" record_key="wh_group_empire_default_hard_against_civilised_factions">
<key>wh_group_empire_default_hard_against_civilised_factions</key>
</cai_personality_groups>
<cai_personality_groups record_uuid="{0bee85a9-6754-4774-8cfc-d37f8651c2cf}" record_timestamp="1456918280906" record_key="wh_group_empire_default_hard_easier_for_civilised_factions">
<key>wh_group_empire_default_hard_easier_for_civilised_factions</key>
</cai_personality_groups>
<cai_personality_groups record_uuid="{7ecc850f-6e54-46e5-a533-ebfff2c87ec3}" record_timestamp="1439375929785" record_key="wh_group_empire_separatist_default">
<key>wh_group_empire_separatist_default</key>
</cai_personality_groups>
<cai_personality_groups record_uuid="{468ee3f3-e3ef-4648-b515-33cdaf0e50fc}" record_timestamp="1445348922263" record_key="wh_group_empire_separatist_default_easy">
<key>wh_group_empire_separatist_default_easy</key>
</cai_personality_groups>
<cai_personality_groups record_uuid="{0ee2ab7f-9e6d-4081-9d5f-577d33163ede}" record_timestamp="1446140139658" record_key="wh_group_empire_subjugator">
<key>wh_group_empire_subjugator</key>
</cai_personality_groups>
<cai_personality_groups record_uuid="{dda6527a-fd0b-4071-b373-40afe51e3b6f}" record_timestamp="1446140139658" record_key="wh_group_empire_subjugator_easy">
<key>wh_group_empire_subjugator_easy</key>
</cai_personality_groups>
<cai_personality_groups record_uuid="{5af367cb-381c-4c49-ad90-06825181965b}" record_timestamp="1448906106798" record_key="wh_group_empire_subjugator_hard">
<key>wh_group_empire_subjugator_hard</key>
</cai_personality_groups>
<cai_personality_groups record_uuid="{3bcbe9be-476b-4ad4-a15b-cf0a0dab684d}" record_timestamp="1456918280906" record_key="wh_group_empire_subjugator_hard_against_civilised_factions">
<key>wh_group_empire_subjugator_hard_against_civilised_factions</key>
</cai_personality_groups>
<cai_personality_groups record_uuid="{e85b3445-b29f-4b23-87d8-1fe8d522438b}" record_timestamp="1456918280906" record_key="wh_group_empire_subjugator_hard_easier_for_civilised_factions">
<key>wh_group_empire_subjugator_hard_easier_for_civilised_factions</key>
</cai_personality_groups>
<cai_personality_groups record_uuid="{d93a082e-232b-4685-b7df-40d62600c9c5}" record_timestamp="1439375929785" record_key="wh_group_greenskins_default">
<key>wh_group_greenskins_default</key>
</cai_personality_groups>
<cai_personality_groups record_uuid="{e89d7bf7-8005-41a3-82b5-e60eeaa22f5b}" record_timestamp="1443538935601" record_key="wh_group_greenskins_default_easy">
<key>wh_group_greenskins_default_easy</key>
</cai_personality_groups>
<cai_personality_groups record_uuid="{723865fc-72f5-4b51-b3b9-81322d1605d3}" record_timestamp="1448906106798" record_key="wh_group_greenskins_default_hard">
<key>wh_group_greenskins_default_hard</key>
</cai_personality_groups>
<cai_personality_groups record_uuid="{47f71893-0642-4372-890c-f12509f51851}" record_timestamp="1456918280906" record_key="wh_group_greenskins_default_hard_against_greenskins">
<key>wh_group_greenskins_default_hard_against_greenskins</key>
</cai_personality_groups>
<cai_personality_groups record_uuid="{3588a31d-0804-40ac-becd-bc5582ff508f}" record_timestamp="1456918280906" record_key="wh_group_greenskins_default_hard_more_subordinate">
<key>wh_group_greenskins_default_hard_more_subordinate</key>
</cai_personality_groups>
<cai_personality_groups record_uuid="{54de3834-ac7e-4d03-8dbb-84f9d77d12df}" record_timestamp="1448380279148" record_key="wh_group_greenskins_noraze">
<key>wh_group_greenskins_noraze</key>
</cai_personality_groups>
<cai_personality_groups record_uuid="{d7b315de-f4ce-4dc5-acde-3f8a73bb26b3}" record_timestamp="1448380279130" record_key="wh_group_greenskins_noraze_easy">
<key>wh_group_greenskins_noraze_easy</key>
</cai_personality_groups>
<cai_personality_groups record_uuid="{bb86fad9-e64d-4e19-a6b8-07df4a3b81a8}" record_timestamp="1448906106798" record_key="wh_group_greenskins_noraze_hard">
<key>wh_group_greenskins_noraze_hard</key>
</cai_personality_groups>
<cai_personality_groups record_uuid="{2ed9493d-a7d5-48c9-825f-ce2265a50650}" record_timestamp="1439375929785" record_key="wh_group_greenskins_separatist_default">
<key>wh_group_greenskins_separatist_default</key>
</cai_personality_groups>
<cai_personality_groups record_uuid="{b50ffdbc-f8f4-4c8d-95e7-ac2ee19c4dee}" record_timestamp="1452619124804" record_key="wh_group_greenskins_subjugator">
<key>wh_group_greenskins_subjugator</key>
</cai_personality_groups>
<cai_personality_groups record_uuid="{76336f1f-8258-46c5-8dd0-951e95b94091}" record_timestamp="1452619124804" record_key="wh_group_greenskins_subjugator_easy">
<key>wh_group_greenskins_subjugator_easy</key>
</cai_personality_groups>
<cai_personality_groups record_uuid="{c3c00e79-ab23-41ee-9245-eeae336ff49e}" record_timestamp="1452619124804" record_key="wh_group_greenskins_subjugator_hard">
<key>wh_group_greenskins_subjugator_hard</key>
</cai_personality_groups>
<cai_personality_groups record_uuid="{e55120fd-f7d1-4a18-afcc-902fc370340a}" record_timestamp="1456918280906" record_key="wh_group_greenskins_subjugator_hard_against_greenskins">
<key>wh_group_greenskins_subjugator_hard_against_greenskins</key>
</cai_personality_groups>
<cai_personality_groups record_uuid="{72ada144-4f25-448c-9ac9-e6f727104147}" record_timestamp="1456918280906" record_key="wh_group_greenskins_subjugator_hard_more_subordinate">
<key>wh_group_greenskins_subjugator_hard_more_subordinate</key>
</cai_personality_groups>
<cai_personality_groups record_uuid="{b8211e62-4a81-4d9d-b571-d8cfa715e48b}" record_timestamp="1439375929784" record_key="wh_group_greenskins_waaagh">
<key>wh_group_greenskins_waaagh</key>
</cai_personality_groups>
<cai_personality_groups record_uuid="{1dbdb9f3-ec3a-4d9d-bd46-a8deea1f16a8}" record_timestamp="1439375929785" record_key="wh_group_norsca_default">
<key>wh_group_norsca_default</key>
</cai_personality_groups>
<cai_personality_groups record_uuid="{97559692-f019-406a-84dc-a4509ddea823}" record_timestamp="1443538935569" record_key="wh_group_norsca_default_easy">
<key>wh_group_norsca_default_easy</key>
</cai_personality_groups>
<cai_personality_groups record_uuid="{09734bcc-9722-4d7d-916f-dcf715233c9a}" record_timestamp="1448906106798" record_key="wh_group_norsca_default_hard">
<key>wh_group_norsca_default_hard</key>
</cai_personality_groups>
<cai_personality_groups record_uuid="{25910181-c0f1-4889-be1e-f0b4bba69737}" record_timestamp="1455041143708" record_key="wh_group_norsca_emerged_default">
<key>wh_group_norsca_emerged_default</key>
</cai_personality_groups>
<cai_personality_groups record_uuid="{6faa25dd-9541-46b2-88e4-244c096046a4}" record_timestamp="1439375929785" record_key="wh_group_norsca_separatist_default">
<key>wh_group_norsca_separatist_default</key>
</cai_personality_groups>
<cai_personality_groups record_uuid="{d9643a8e-b887-4c02-a6c5-ec98b2bb5f42}" record_timestamp="1453994477349" record_key="wh_group_norsca_start_aggressive">
<key>wh_group_norsca_start_aggressive</key>
</cai_personality_groups>
<cai_personality_groups record_uuid="{d69268bb-3090-45bf-9ebd-05273a6a3872}" record_timestamp="1453994477364" record_key="wh_group_norsca_start_aggressive_easy">
<key>wh_group_norsca_start_aggressive_easy</key>
</cai_personality_groups>
<cai_personality_groups record_uuid="{5065c67b-6644-4bc5-8432-1b07ece13534}" record_timestamp="1453994477327" record_key="wh_group_norsca_start_aggressive_hard">
<key>wh_group_norsca_start_aggressive_hard</key>
</cai_personality_groups>
<cai_personality_groups record_uuid="{8827ccc9-7da9-486a-a07b-d1290e6b9259}" record_timestamp="1439375929785" record_key="wh_group_teb_default">
<key>wh_group_teb_default</key>
</cai_personality_groups>
<cai_personality_groups record_uuid="{904607e5-5206-4a93-bc5c-71e046aea080}" record_timestamp="1443538935591" record_key="wh_group_teb_default_easy">
<key>wh_group_teb_default_easy</key>
</cai_personality_groups>
<cai_personality_groups record_uuid="{bcf00dc7-e9a9-439c-907f-098b9ae9cca3}" record_timestamp="1448906106798" record_key="wh_group_teb_default_hard">
<key>wh_group_teb_default_hard</key>
</cai_personality_groups>
<cai_personality_groups record_uuid="{378ecf14-1b0d-4234-8f15-539d338a6946}" record_timestamp="1439375929785" record_key="wh_group_teb_separatist_default">
<key>wh_group_teb_separatist_default</key>
</cai_personality_groups>
<cai_personality_groups record_uuid="{a158ba30-5754-401d-a390-9f0a115b2177}" record_timestamp="1439375929785" record_key="wh_group_vampires_default">
<key>wh_group_vampires_default</key>
</cai_personality_groups>
<cai_personality_groups record_uuid="{0d803d69-fb7d-420b-b1d4-7c18bdd59060}" record_timestamp="1443538935557" record_key="wh_group_vampires_default_easy">
<key>wh_group_vampires_default_easy</key>
</cai_personality_groups>
<cai_personality_groups record_uuid="{ea381fcf-459c-4bf6-be70-e45450edef73}" record_timestamp="1448906106798" record_key="wh_group_vampires_default_hard">
<key>wh_group_vampires_default_hard</key>
</cai_personality_groups>
<cai_personality_groups record_uuid="{d5c2bc8c-e647-4939-850d-29c4982abfac}" record_timestamp="1456918280906" record_key="wh_group_vampires_default_hard_against_vampire_factions">
<key>wh_group_vampires_default_hard_against_vampire_factions</key>
</cai_personality_groups>
<cai_personality_groups record_uuid="{7344d2b3-f707-45ac-a009-6b129edfd49a}" record_timestamp="1439375929785" record_key="wh_group_vampires_separatist_default">
<key>wh_group_vampires_separatist_default</key>
</cai_personality_groups>
<cai_personality_groups record_uuid="{3014b2cf-bc7d-4e92-8bf2-7b5c1ed36802}" record_timestamp="1505319818316" record_key="wh_group_vampires_subordinate">
<key>wh_group_vampires_subordinate</key>
</cai_personality_groups>
<cai_personality_groups record_uuid="{92ed5da7-b7de-4941-b851-9bd74940cf9a}" record_timestamp="1505319818316" record_key="wh_group_vampires_subordinate_easy">
<key>wh_group_vampires_subordinate_easy</key>
</cai_personality_groups>
<cai_personality_groups record_uuid="{740abed9-af4e-45f4-b9ee-0523e9268df4}" record_timestamp="1505319818316" record_key="wh_group_vampires_subordinate_hard">
<key>wh_group_vampires_subordinate_hard</key>
</cai_personality_groups>
</dataroot>
