<?xml version="1.0" encoding="UTF-8"?>
<dataroot xmlns:od="urn:schemas-microsoft-com:officedata" xmlns:xsi="http://www.w3.org/2001/XMLSchema-instance" xsi:noNamespaceSchemaLocation="cai_stance_hints.xsd" export_time="Thu Feb 2 16:59:49 2017" revision="3" export_branch="E:/TW/branches/warhammer2/dev/warhammer/src" export_user="bob">
<edit_uuid>1afff85c-bd40-4386-896a-9a8ddfafe6c2</edit_uuid>
<cai_stance_hints record_uuid="{a6eb1119-3918-4b85-8794-706c4a7ce9e3}" record_timestamp="1486054784881" record_key="wh2_main_sc_lzd_lizardmen">
<attack_stance>MILITARY_FORCE_ACTIVE_STANCE_TYPE_DEFAULT</attack_stance>
<movement_stance>MILITARY_FORCE_ACTIVE_STANCE_TYPE_ASTROMANCY</movement_stance>
<subculture>wh2_main_sc_lzd_lizardmen</subculture>
</cai_stance_hints>
<cai_stance_hints record_uuid="{e4321dbf-e2ad-4420-b1ef-9eaac02524e4}" record_timestamp="1486054784882" record_key="wh2_main_sc_skv_skaven">
<attack_stance>MILITARY_FORCE_ACTIVE_STANCE_TYPE_STALKING</attack_stance>
<movement_stance>MILITARY_FORCE_ACTIVE_STANCE_TYPE_DEFAULT</movement_stance>
<subculture>wh2_main_sc_skv_skaven</subculture>
</cai_stance_hints>
</dataroot>
