<?xml version="1.0" encoding="UTF-8"?>
<dataroot xmlns:od="urn:schemas-microsoft-com:officedata" xmlns:xsi="http://www.w3.org/2001/XMLSchema-instance" xsi:noNamespaceSchemaLocation="cai_region_hints.xsd" export_time="Thu Jun 15 12:03:53 2017" revision="2" export_branch="T:/branches/warhammer2/dev/warhammer/binaries.x64" export_user="bob">
<edit_uuid>11d4ef7c-a2d5-43d8-bc30-8015d1f904e6</edit_uuid>
<cai_region_hints record_uuid="{457e2aa0-2fd2-402e-986b-24cf6915cf56}" record_timestamp="1497524630957" record_key="CAPTURE_OWNED_BY_ANOTHER_SUBCULTURED_ENEMY">
<key>CAPTURE_OWNED_BY_ANOTHER_SUBCULTURED_ENEMY</key>
</cai_region_hints>
<cai_region_hints record_uuid="{483cee6e-0e05-4c1c-ba6d-807f8a2bf0d0}" record_timestamp="1497524623769" record_key="CAPTURE_VICTORY_CONDITIONS">
<key>CAPTURE_VICTORY_CONDITIONS</key>
</cai_region_hints>
</dataroot>
