<?xml version="1.0" encoding="UTF-8"?>
<dataroot xmlns:od="urn:schemas-microsoft-com:officedata" xmlns:xsi="http://www.w3.org/2001/XMLSchema-instance" xsi:noNamespaceSchemaLocation="cai_construction_system_category_groups.xsd" export_time="Mon Aug 24 09:57:49 2015" revision="7" export_branch="C:/fetch_c/warhammer/binaries" export_user="bob">
<edit_uuid>af7cb4b4-014d-4b84-b60d-0bd1747a488f</edit_uuid>
<cai_construction_system_category_groups record_uuid="{9020a11a-bcd1-4e28-94d9-61a1911b6072}" record_timestamp="1431530376419" record_key="cai_military_group">
<key>cai_military_group</key>
</cai_construction_system_category_groups>
<cai_construction_system_category_groups record_uuid="{5fc018b1-b498-409c-ab47-0dac0db76b21}" record_timestamp="1431530371654" record_key="cai_support_group">
<key>cai_support_group</key>
</cai_construction_system_category_groups>
</dataroot>
