<?xml version="1.0" encoding="UTF-8"?>
<dataroot xmlns:od="urn:schemas-microsoft-com:officedata" xmlns:xsi="http://www.w3.org/2001/XMLSchema-instance" xsi:noNamespaceSchemaLocation="cai_diplomacy_excluded_factions.xsd" export_time="Tue Nov 14 10:54:39 2017" revision="5" export_branch="T:/branches/warhammer2/new_tomb/warhammer/binaries.x64" export_user="bob">
<edit_uuid>81fb685d-4a91-4145-8a78-78ae9a2cba8c</edit_uuid>
<cai_diplomacy_excluded_factions record_uuid="{25d7c267-e208-421d-a332-acf67cc089e4}" record_timestamp="1497954167086" record_key="wh2_main_bst_blooded_axe_brayherd">
<campaign></campaign>
<faction>wh2_main_bst_blooded_axe_brayherd</faction>
</cai_diplomacy_excluded_factions>
<cai_diplomacy_excluded_factions record_uuid="{616aa808-844e-4497-a803-f67e79af458e}" record_timestamp="1497954167081" record_key="wh2_main_bst_manblight_brayherd">
<campaign></campaign>
<faction>wh2_main_bst_manblight_brayherd</faction>
</cai_diplomacy_excluded_factions>
<cai_diplomacy_excluded_factions record_uuid="{4e97b198-9b1d-4a96-8307-2d7e481a78fa}" record_timestamp="1497954167096" record_key="wh2_main_bst_ripper_horn_brayherd">
<campaign></campaign>
<faction>wh2_main_bst_ripper_horn_brayherd</faction>
</cai_diplomacy_excluded_factions>
<cai_diplomacy_excluded_factions record_uuid="{eff554b0-9824-4adf-89d6-cbd3bcdd8a78}" record_timestamp="1497954167091" record_key="wh2_main_bst_shadowgor_brayherd">
<campaign></campaign>
<faction>wh2_main_bst_shadowgor_brayherd</faction>
</cai_diplomacy_excluded_factions>
<cai_diplomacy_excluded_factions record_uuid="{99abc87e-9b88-4ac9-a7dc-58f6a9d88f9c}" record_timestamp="1497954167067" record_key="wh2_main_bst_skrinderkin_brayherd">
<campaign></campaign>
<faction>wh2_main_bst_skrinderkin_brayherd</faction>
</cai_diplomacy_excluded_factions>
<cai_diplomacy_excluded_factions record_uuid="{4c2c8445-f113-4982-9347-75205603d60b}" record_timestamp="1497954167062" record_key="wh2_main_bst_stone_horn_brayherd">
<campaign></campaign>
<faction>wh2_main_bst_stone_horn_brayherd</faction>
</cai_diplomacy_excluded_factions>
<cai_diplomacy_excluded_factions record_uuid="{693f1c1e-31a0-43d5-872f-163e64e0edab}" record_timestamp="1510656878627" record_key="wh2_main_chs_chaos_incursion_defmain_warhammer">
<campaign>main_warhammer</campaign>
<faction>wh2_main_chs_chaos_incursion_def</faction>
</cai_diplomacy_excluded_factions>
<cai_diplomacy_excluded_factions record_uuid="{49dd0755-bc4d-4c65-87ce-920042f9348d}" record_timestamp="1507892925414" record_key="wh2_main_chs_chaos_incursion_defwh2_main_great_vortex">
<campaign>wh2_main_great_vortex</campaign>
<faction>wh2_main_chs_chaos_incursion_def</faction>
</cai_diplomacy_excluded_factions>
<cai_diplomacy_excluded_factions record_uuid="{24c0b8bd-cc6e-49a9-9cfc-fccd89f57db9}" record_timestamp="1510656878620" record_key="wh2_main_chs_chaos_incursion_hefmain_warhammer">
<campaign>main_warhammer</campaign>
<faction>wh2_main_chs_chaos_incursion_hef</faction>
</cai_diplomacy_excluded_factions>
<cai_diplomacy_excluded_factions record_uuid="{ec420b93-0945-4c17-9f53-a37609fc4e7e}" record_timestamp="1507892925414" record_key="wh2_main_chs_chaos_incursion_hefwh2_main_great_vortex">
<campaign>wh2_main_great_vortex</campaign>
<faction>wh2_main_chs_chaos_incursion_hef</faction>
</cai_diplomacy_excluded_factions>
<cai_diplomacy_excluded_factions record_uuid="{d60c24ed-c1ef-46b3-b885-fc5b0e08a84a}" record_timestamp="1510656878613" record_key="wh2_main_chs_chaos_incursion_lzdmain_warhammer">
<campaign>main_warhammer</campaign>
<faction>wh2_main_chs_chaos_incursion_lzd</faction>
</cai_diplomacy_excluded_factions>
<cai_diplomacy_excluded_factions record_uuid="{d1ff70b2-902a-4389-a378-224b224860b7}" record_timestamp="1507892925414" record_key="wh2_main_chs_chaos_incursion_lzdwh2_main_great_vortex">
<campaign>wh2_main_great_vortex</campaign>
<faction>wh2_main_chs_chaos_incursion_lzd</faction>
</cai_diplomacy_excluded_factions>
<cai_diplomacy_excluded_factions record_uuid="{56264f6b-15ed-4ba1-977d-9d42df5c1f06}" record_timestamp="1507892925414" record_key="wh2_main_chs_chaos_incursion_skvwh2_main_great_vortex">
<campaign>wh2_main_great_vortex</campaign>
<faction>wh2_main_chs_chaos_incursion_skv</faction>
</cai_diplomacy_excluded_factions>
<cai_diplomacy_excluded_factions record_uuid="{3906e328-364f-4c56-befb-1e0cab1bccfd}" record_timestamp="1497349925992" record_key="wh2_main_def_dark_elves_intervention">
<campaign></campaign>
<faction>wh2_main_def_dark_elves_intervention</faction>
</cai_diplomacy_excluded_factions>
<cai_diplomacy_excluded_factions record_uuid="{1637e6f0-9ec7-40e1-97f4-7012b6c4bad3}" record_timestamp="1497349925700" record_key="wh2_main_grn_arachnos_waaagh">
<campaign></campaign>
<faction>wh2_main_grn_arachnos_waaagh</faction>
</cai_diplomacy_excluded_factions>
<cai_diplomacy_excluded_factions record_uuid="{ff56b445-f99e-4987-bc8c-321fceb264a3}" record_timestamp="1497349925691" record_key="wh2_main_grn_blue_vipers_waaagh">
<campaign></campaign>
<faction>wh2_main_grn_blue_vipers_waaagh</faction>
</cai_diplomacy_excluded_factions>
<cai_diplomacy_excluded_factions record_uuid="{86476047-7cba-4f06-b7cd-2a232daf50e7}" record_timestamp="1497349925966" record_key="wh2_main_hef_high_elves_intervention">
<campaign></campaign>
<faction>wh2_main_hef_high_elves_intervention</faction>
</cai_diplomacy_excluded_factions>
<cai_diplomacy_excluded_factions record_uuid="{db64a877-cd6b-4a0d-8f3e-b41432ba8c7c}" record_timestamp="1497349925941" record_key="wh2_main_lzd_lizardmen_intervention">
<campaign></campaign>
<faction>wh2_main_lzd_lizardmen_intervention</faction>
</cai_diplomacy_excluded_factions>
<cai_diplomacy_excluded_factions record_uuid="{de4476be-6b11-400f-916e-107f621ec88d}" record_timestamp="1497262505069" record_key="wh2_main_nor_hung_incursion_def">
<campaign></campaign>
<faction>wh2_main_nor_hung_incursion_def</faction>
</cai_diplomacy_excluded_factions>
<cai_diplomacy_excluded_factions record_uuid="{d5dc191c-daa7-4aa0-ae66-23dee297c795}" record_timestamp="1497262505069" record_key="wh2_main_nor_hung_incursion_hef">
<campaign></campaign>
<faction>wh2_main_nor_hung_incursion_hef</faction>
</cai_diplomacy_excluded_factions>
<cai_diplomacy_excluded_factions record_uuid="{af32bf74-65f1-4054-8f7e-8fdd96938494}" record_timestamp="1497262505068" record_key="wh2_main_nor_hung_incursion_lzd">
<campaign></campaign>
<faction>wh2_main_nor_hung_incursion_lzd</faction>
</cai_diplomacy_excluded_factions>
<cai_diplomacy_excluded_factions record_uuid="{9e213f41-4833-4f79-a0e6-123693cd0ff2}" record_timestamp="1497262505068" record_key="wh2_main_nor_hung_incursion_skv">
<campaign></campaign>
<faction>wh2_main_nor_hung_incursion_skv</faction>
</cai_diplomacy_excluded_factions>
<cai_diplomacy_excluded_factions record_uuid="{3f12c1cd-b0ea-476e-92c4-a8fe463bc349}" record_timestamp="1497349925914" record_key="wh2_main_skv_skaven_intervention">
<campaign></campaign>
<faction>wh2_main_skv_skaven_intervention</faction>
</cai_diplomacy_excluded_factions>
<cai_diplomacy_excluded_factions record_uuid="{48f67715-7711-4cfb-b68c-70444dcb3a47}" record_timestamp="1497349925757" record_key="wh2_main_skv_unknown_clan_def">
<campaign></campaign>
<faction>wh2_main_skv_unknown_clan_def</faction>
</cai_diplomacy_excluded_factions>
<cai_diplomacy_excluded_factions record_uuid="{e0ed3d3c-c5e1-456a-9350-4cd7895d7a1c}" record_timestamp="1497349925746" record_key="wh2_main_skv_unknown_clan_hef">
<campaign></campaign>
<faction>wh2_main_skv_unknown_clan_hef</faction>
</cai_diplomacy_excluded_factions>
<cai_diplomacy_excluded_factions record_uuid="{b98260f5-ed44-4f9a-9481-38918c92a12e}" record_timestamp="1497349925737" record_key="wh2_main_skv_unknown_clan_lzd">
<campaign></campaign>
<faction>wh2_main_skv_unknown_clan_lzd</faction>
</cai_diplomacy_excluded_factions>
<cai_diplomacy_excluded_factions record_uuid="{8a12adc4-bc5f-4888-89aa-bd090035f7a8}" record_timestamp="1497349925727" record_key="wh2_main_skv_unknown_clan_skv">
<campaign></campaign>
<faction>wh2_main_skv_unknown_clan_skv</faction>
</cai_diplomacy_excluded_factions>
<cai_diplomacy_excluded_factions record_uuid="{54926532-2a87-4639-90ba-978e59d290e3}" record_timestamp="1497954167077" record_key="wh_dlc03_bst_beastmen_brayherd">
<campaign></campaign>
<faction>wh_dlc03_bst_beastmen_brayherd</faction>
</cai_diplomacy_excluded_factions>
<cai_diplomacy_excluded_factions record_uuid="{19843374-1c6a-494d-916a-cf94e0b5dea7}" record_timestamp="1497954167072" record_key="wh_dlc03_bst_beastmen_chaos_brayherd">
<campaign></campaign>
<faction>wh_dlc03_bst_beastmen_chaos_brayherd</faction>
</cai_diplomacy_excluded_factions>
<cai_diplomacy_excluded_factions record_uuid="{197c53e9-eba6-483d-a3d3-9879ce131feb}" record_timestamp="1497954167151" record_key="wh_dlc03_bst_beastmen_rebels_brayherd">
<campaign></campaign>
<faction>wh_dlc03_bst_beastmen_rebels_brayherd</faction>
</cai_diplomacy_excluded_factions>
<cai_diplomacy_excluded_factions record_uuid="{225054b3-a810-4ca7-ac94-28e4a5602583}" record_timestamp="1497954167146" record_key="wh_dlc03_bst_jagged_horn_brayherd">
<campaign></campaign>
<faction>wh_dlc03_bst_jagged_horn_brayherd</faction>
</cai_diplomacy_excluded_factions>
<cai_diplomacy_excluded_factions record_uuid="{09793175-f36f-4f56-81e2-241dbafaa45e}" record_timestamp="1497954167058" record_key="wh_dlc03_bst_mini_beastmen_rebels_brayherd">
<campaign></campaign>
<faction>wh_dlc03_bst_mini_beastmen_rebels_brayherd</faction>
</cai_diplomacy_excluded_factions>
<cai_diplomacy_excluded_factions record_uuid="{68dd01ac-50f4-4569-afce-9148a158d832}" record_timestamp="1497954167053" record_key="wh_dlc03_bst_mini_jagged_horn_brayherd">
<campaign></campaign>
<faction>wh_dlc03_bst_mini_jagged_horn_brayherd</faction>
</cai_diplomacy_excluded_factions>
<cai_diplomacy_excluded_factions record_uuid="{e80761d6-bad1-4e38-9192-fd3c8bb05cb4}" record_timestamp="1497954167128" record_key="wh_dlc03_bst_mini_khazrak_herd_brayherd">
<campaign></campaign>
<faction>wh_dlc03_bst_mini_khazrak_herd_brayherd</faction>
</cai_diplomacy_excluded_factions>
<cai_diplomacy_excluded_factions record_uuid="{4e169e4c-6677-4001-85b1-47f2fa35ec10}" record_timestamp="1497954167123" record_key="wh_dlc03_bst_mini_redhorn_brayherd">
<campaign></campaign>
<faction>wh_dlc03_bst_mini_redhorn_brayherd</faction>
</cai_diplomacy_excluded_factions>
<cai_diplomacy_excluded_factions record_uuid="{8f13a208-3ea2-432b-92bc-085af14b13a5}" record_timestamp="1497954167139" record_key="wh_dlc03_bst_mini_ripper_horn_brayherd">
<campaign></campaign>
<faction>wh_dlc03_bst_mini_ripper_horn_brayherd</faction>
</cai_diplomacy_excluded_factions>
<cai_diplomacy_excluded_factions record_uuid="{1753544e-1c62-4906-b070-a0a3daf6a7c5}" record_timestamp="1497954167134" record_key="wh_dlc03_bst_mini_shadowgor_brayherd">
<campaign></campaign>
<faction>wh_dlc03_bst_mini_shadowgor_brayherd</faction>
</cai_diplomacy_excluded_factions>
<cai_diplomacy_excluded_factions record_uuid="{80ab8d44-9622-49ce-9c8a-a2e7f16edfe9}" record_timestamp="1497954167106" record_key="wh_dlc03_bst_mini_skrinderkin_brayherd">
<campaign></campaign>
<faction>wh_dlc03_bst_mini_skrinderkin_brayherd</faction>
</cai_diplomacy_excluded_factions>
<cai_diplomacy_excluded_factions record_uuid="{c2831043-d514-4a79-a475-8970c3cd3ad3}" record_timestamp="1497954167101" record_key="wh_dlc03_bst_redhorn_brayherd">
<campaign></campaign>
<faction>wh_dlc03_bst_redhorn_brayherd</faction>
</cai_diplomacy_excluded_factions>
<cai_diplomacy_excluded_factions record_uuid="{4a101e2d-8490-4f37-a03b-3d2f859797b0}" record_timestamp="1497349925903" record_key="wh_dlc03_grn_black_pit_waaagh">
<campaign></campaign>
<faction>wh_dlc03_grn_black_pit_waaagh</faction>
</cai_diplomacy_excluded_factions>
<cai_diplomacy_excluded_factions record_uuid="{6d99eaa5-8fca-4472-8dcb-40f2b82f7c6f}" record_timestamp="1497349925890" record_key="wh_dlc03_grn_gloomy_woods_waaagh">
<campaign></campaign>
<faction>wh_dlc03_grn_gloomy_woods_waaagh</faction>
</cai_diplomacy_excluded_factions>
<cai_diplomacy_excluded_factions record_uuid="{9beadc08-79e6-4280-be78-278d87fca12f}" record_timestamp="1497349925879" record_key="wh_dlc03_grn_greenskin_rebels_waaagh">
<campaign></campaign>
<faction>wh_dlc03_grn_greenskin_rebels_waaagh</faction>
</cai_diplomacy_excluded_factions>
<cai_diplomacy_excluded_factions record_uuid="{a0bb5f9a-5c44-411b-acef-e89898c3a14c}" record_timestamp="1497954167117" record_key="wh_dlc05_bst_mini_beastmen_rebels_brayherd">
<campaign></campaign>
<faction>wh_dlc05_bst_mini_beastmen_rebels_brayherd</faction>
</cai_diplomacy_excluded_factions>
<cai_diplomacy_excluded_factions record_uuid="{dd404d70-1341-43eb-9475-52a956199ebd}" record_timestamp="1497954167112" record_key="wh_dlc05_bst_mini_morghur_herd_brayherd">
<campaign></campaign>
<faction>wh_dlc05_bst_mini_morghur_herd_brayherd</faction>
</cai_diplomacy_excluded_factions>
<cai_diplomacy_excluded_factions record_uuid="{7a06083a-a576-4049-a6c7-e03b4d6578bc}" record_timestamp="1497349925867" record_key="wh_main_grn_black_venom_waaagh">
<campaign></campaign>
<faction>wh_main_grn_black_venom_waaagh</faction>
</cai_diplomacy_excluded_factions>
<cai_diplomacy_excluded_factions record_uuid="{6c2f4aa0-741b-4874-81af-fc97fb8a9801}" record_timestamp="1497349926005" record_key="wh_main_grn_bloody_spearz_waaagh">
<campaign></campaign>
<faction>wh_main_grn_bloody_spearz_waaagh</faction>
</cai_diplomacy_excluded_factions>
<cai_diplomacy_excluded_factions record_uuid="{2a2d12dc-b15e-4b7a-aeda-bd70e360a7b3}" record_timestamp="1497349925979" record_key="wh_main_grn_broken_nose_waaagh">
<campaign></campaign>
<faction>wh_main_grn_broken_nose_waaagh</faction>
</cai_diplomacy_excluded_factions>
<cai_diplomacy_excluded_factions record_uuid="{13e2f7dc-ad46-4404-8799-a737802c9374}" record_timestamp="1497349925953" record_key="wh_main_grn_crooked_moon_waaagh">
<campaign></campaign>
<faction>wh_main_grn_crooked_moon_waaagh</faction>
</cai_diplomacy_excluded_factions>
<cai_diplomacy_excluded_factions record_uuid="{e1f99173-4ca8-43d6-bec2-f77c6b93736a}" record_timestamp="1497349925928" record_key="wh_main_grn_greenskins_rebels_waaagh">
<campaign></campaign>
<faction>wh_main_grn_greenskins_rebels_waaagh</faction>
</cai_diplomacy_excluded_factions>
<cai_diplomacy_excluded_factions record_uuid="{9102dea3-a109-4daa-bddf-edd085d13aa5}" record_timestamp="1497349925805" record_key="wh_main_grn_greenskins_waaagh">
<campaign></campaign>
<faction>wh_main_grn_greenskins_waaagh</faction>
</cai_diplomacy_excluded_factions>
<cai_diplomacy_excluded_factions record_uuid="{45905e4c-7671-423d-889a-76fc5da6896a}" record_timestamp="1497349925791" record_key="wh_main_grn_necksnappers_waaagh">
<campaign></campaign>
<faction>wh_main_grn_necksnappers_waaagh</faction>
</cai_diplomacy_excluded_factions>
<cai_diplomacy_excluded_factions record_uuid="{61f25629-bcbc-41c7-aa84-112098c0d284}" record_timestamp="1497349925780" record_key="wh_main_grn_orcs_of_the_bloody_hand_waaagh">
<campaign></campaign>
<faction>wh_main_grn_orcs_of_the_bloody_hand_waaagh</faction>
</cai_diplomacy_excluded_factions>
<cai_diplomacy_excluded_factions record_uuid="{39c9b186-3e4d-49ca-97c2-f38443630546}" record_timestamp="1497349925769" record_key="wh_main_grn_red_eye_waaagh">
<campaign></campaign>
<faction>wh_main_grn_red_eye_waaagh</faction>
</cai_diplomacy_excluded_factions>
<cai_diplomacy_excluded_factions record_uuid="{f5e0310f-c32b-41ca-a067-a7032f8a2474}" record_timestamp="1497349925854" record_key="wh_main_grn_red_fangs_waaagh">
<campaign></campaign>
<faction>wh_main_grn_red_fangs_waaagh</faction>
</cai_diplomacy_excluded_factions>
<cai_diplomacy_excluded_factions record_uuid="{6519a218-7cd6-45ef-8b2c-67b644b5a575}" record_timestamp="1497349925841" record_key="wh_main_grn_scabby_eye_waaagh">
<campaign></campaign>
<faction>wh_main_grn_scabby_eye_waaagh</faction>
</cai_diplomacy_excluded_factions>
<cai_diplomacy_excluded_factions record_uuid="{a48d0059-0391-4335-90ef-599d5b198a61}" record_timestamp="1497349925817" record_key="wh_main_grn_skull-takerz_waaagh">
<campaign></campaign>
<faction>wh_main_grn_skull-takerz_waaagh</faction>
</cai_diplomacy_excluded_factions>
<cai_diplomacy_excluded_factions record_uuid="{23993c4f-9866-4e03-a7ba-6498f40538d9}" record_timestamp="1497349925828" record_key="wh_main_grn_skullsmasherz_waaagh">
<campaign></campaign>
<faction>wh_main_grn_skullsmasherz_waaagh</faction>
</cai_diplomacy_excluded_factions>
<cai_diplomacy_excluded_factions record_uuid="{42e05146-1a6d-44f3-ac58-f025f5333bb1}" record_timestamp="1497349925718" record_key="wh_main_grn_teef_snatchaz_waaagh">
<campaign></campaign>
<faction>wh_main_grn_teef_snatchaz_waaagh</faction>
</cai_diplomacy_excluded_factions>
<cai_diplomacy_excluded_factions record_uuid="{8be3b076-fc77-4aa8-82a0-d6ba13e655b5}" record_timestamp="1497349925709" record_key="wh_main_grn_top_knotz_waaagh">
<campaign></campaign>
<faction>wh_main_grn_top_knotz_waaagh</faction>
</cai_diplomacy_excluded_factions>
</dataroot>
