<?xml version="1.0" encoding="UTF-8"?>
<dataroot xmlns:od="urn:schemas-microsoft-com:officedata" xmlns:xsi="http://www.w3.org/2001/XMLSchema-instance" xsi:noNamespaceSchemaLocation="cai_region_hint_profiles_to_region_hint_groups.xsd" export_time="Tue Oct 31 17:57:01 2017" revision="5" export_branch="T:/branches/warhammer2/new_tomb/warhammer/binaries.x64" export_user="bob">
<edit_uuid>42d82393-1842-4c03-a66b-045e5c037731</edit_uuid>
<cai_region_hint_profiles_to_region_hint_groups record_uuid="{635e73b4-063b-47f5-9f62-d2c6f1965f92}" record_timestamp="1497524632235" record_key="REGION_CAPTURE_OWNED_BY_ANOTHER_SUBCULTURED_ENEMY_HEFCAPTURE_OWNED_BY_ANOTHER_SUBCULTURED_ENEMY_HEF">
<region_hint_group_key>CAPTURE_OWNED_BY_ANOTHER_SUBCULTURED_ENEMY_HEF</region_hint_group_key>
<region_hint_profile_key>REGION_CAPTURE_OWNED_BY_ANOTHER_SUBCULTURED_ENEMY_HEF</region_hint_profile_key>
</cai_region_hint_profiles_to_region_hint_groups>
<cai_region_hint_profiles_to_region_hint_groups record_uuid="{db0661e2-a8b3-41f0-9e07-407b7c4acd36}" record_timestamp="1500992110378" record_key="REGION_CAPTURE_OWNED_BY_ANOTHER_SUBCULTURED_ENEMY_HEF_GRAND_CAMPAIGNCAPTURE_OWNED_BY_ANOTHER_SUBCULTURED_ENEMY_HEF_GRAND_CAMPAIGN">
<region_hint_group_key>CAPTURE_OWNED_BY_ANOTHER_SUBCULTURED_ENEMY_HEF_GRAND_CAMPAIGN</region_hint_group_key>
<region_hint_profile_key>REGION_CAPTURE_OWNED_BY_ANOTHER_SUBCULTURED_ENEMY_HEF_GRAND_CAMPAIGN</region_hint_profile_key>
</cai_region_hint_profiles_to_region_hint_groups>
<cai_region_hint_profiles_to_region_hint_groups record_uuid="{bc045e48-685a-4002-be89-459f2a110ff8}" record_timestamp="1497524629136" record_key="REGION_HINT_PROFILE_BRTCAPTURE_VICTORY_CONDITION_REGIONS_BRT">
<region_hint_group_key>CAPTURE_VICTORY_CONDITION_REGIONS_BRT</region_hint_group_key>
<region_hint_profile_key>REGION_HINT_PROFILE_BRT</region_hint_profile_key>
</cai_region_hint_profiles_to_region_hint_groups>
<cai_region_hint_profiles_to_region_hint_groups record_uuid="{e60e58e4-2450-4b2a-897c-38fc32eeb530}" record_timestamp="1497524629075" record_key="REGION_HINT_PROFILE_BSTCAPTURE_VICTORY_CONDITION_REGIONS_BST">
<region_hint_group_key>CAPTURE_VICTORY_CONDITION_REGIONS_BST</region_hint_group_key>
<region_hint_profile_key>REGION_HINT_PROFILE_BST</region_hint_profile_key>
</cai_region_hint_profiles_to_region_hint_groups>
<cai_region_hint_profiles_to_region_hint_groups record_uuid="{03fbbd0f-0457-462b-9083-b311b3b1c830}" record_timestamp="1497524629016" record_key="REGION_HINT_PROFILE_BST_ALLYCAPTURE_VICTORY_CONDITION_REGIONS_BST_ALLY">
<region_hint_group_key>CAPTURE_VICTORY_CONDITION_REGIONS_BST_ALLY</region_hint_group_key>
<region_hint_profile_key>REGION_HINT_PROFILE_BST_ALLY</region_hint_profile_key>
</cai_region_hint_profiles_to_region_hint_groups>
<cai_region_hint_profiles_to_region_hint_groups record_uuid="{fc59586a-bf98-4852-9423-b17c2e049785}" record_timestamp="1497524628956" record_key="REGION_HINT_PROFILE_BST_CHAOSCAPTURE_VICTORY_CONDITION_REGIONS_BST_CHAOS">
<region_hint_group_key>CAPTURE_VICTORY_CONDITION_REGIONS_BST_CHAOS</region_hint_group_key>
<region_hint_profile_key>REGION_HINT_PROFILE_BST_CHAOS</region_hint_profile_key>
</cai_region_hint_profiles_to_region_hint_groups>
<cai_region_hint_profiles_to_region_hint_groups record_uuid="{94ac21bd-ffd4-422f-9f01-fbbb5bc1741e}" record_timestamp="1497524625731" record_key="REGION_HINT_PROFILE_DEFCAPTURE_VICTORY_CONDITION_REGIONS_DEF">
<region_hint_group_key>CAPTURE_VICTORY_CONDITION_REGIONS_DEF</region_hint_group_key>
<region_hint_profile_key>REGION_HINT_PROFILE_DEF</region_hint_profile_key>
</cai_region_hint_profiles_to_region_hint_groups>
<cai_region_hint_profiles_to_region_hint_groups record_uuid="{c9ba9817-0062-4899-85a2-e5341c229593}" record_timestamp="1497524628898" record_key="REGION_HINT_PROFILE_DWFCAPTURE_VICTORY_CONDITION_REGIONS_DWF">
<region_hint_group_key>CAPTURE_VICTORY_CONDITION_REGIONS_DWF</region_hint_group_key>
<region_hint_profile_key>REGION_HINT_PROFILE_DWF</region_hint_profile_key>
</cai_region_hint_profiles_to_region_hint_groups>
<cai_region_hint_profiles_to_region_hint_groups record_uuid="{b1fa9947-45eb-4da0-9458-f5a5ef3d9753}" record_timestamp="1497524626045" record_key="REGION_HINT_PROFILE_HEFCAPTURE_VICTORY_CONDITIONS_HEF">
<region_hint_group_key>CAPTURE_VICTORY_CONDITIONS_HEF</region_hint_group_key>
<region_hint_profile_key>REGION_HINT_PROFILE_HEF</region_hint_profile_key>
</cai_region_hint_profiles_to_region_hint_groups>
<cai_region_hint_profiles_to_region_hint_groups record_uuid="{7d3331bf-6a85-46d1-965f-8440e3c5d249}" record_timestamp="1498066738252" record_key="REGION_HINT_PROFILE_HEF_NONGUARDIANCAPTURE_VICTORY_CONDITIONS_HEF">
<region_hint_group_key>CAPTURE_VICTORY_CONDITIONS_HEF</region_hint_group_key>
<region_hint_profile_key>REGION_HINT_PROFILE_HEF_NONGUARDIAN</region_hint_profile_key>
</cai_region_hint_profiles_to_region_hint_groups>
<cai_region_hint_profiles_to_region_hint_groups record_uuid="{b6b38d76-88c3-4e90-8300-40c6ad31d9b6}" record_timestamp="1509472618429" record_key="REGION_HINT_PROFILE_KHALIDACAPTURE_VICTORY_CONDITIONS_KHALIDA">
<region_hint_group_key>CAPTURE_VICTORY_CONDITIONS_KHALIDA</region_hint_group_key>
<region_hint_profile_key>REGION_HINT_PROFILE_KHALIDA</region_hint_profile_key>
</cai_region_hint_profiles_to_region_hint_groups>
<cai_region_hint_profiles_to_region_hint_groups record_uuid="{bafc4fc2-a451-40d9-8098-696b66ff253e}" record_timestamp="1497524625881" record_key="REGION_HINT_PROFILE_LZDCAPTURE_VICTORY_CONDITION_REGIONS_LZD">
<region_hint_group_key>CAPTURE_VICTORY_CONDITION_REGIONS_LZD</region_hint_group_key>
<region_hint_profile_key>REGION_HINT_PROFILE_LZD</region_hint_profile_key>
</cai_region_hint_profiles_to_region_hint_groups>
<cai_region_hint_profiles_to_region_hint_groups record_uuid="{2b74c6e1-fdd9-456d-9346-9a9478109f93}" record_timestamp="1497524626204" record_key="REGION_HINT_PROFILE_SKVCAPTURE_VICTORY_CONDITION_REGIONS_SKV">
<region_hint_group_key>CAPTURE_VICTORY_CONDITION_REGIONS_SKV</region_hint_group_key>
<region_hint_profile_key>REGION_HINT_PROFILE_SKV</region_hint_profile_key>
</cai_region_hint_profiles_to_region_hint_groups>
<cai_region_hint_profiles_to_region_hint_groups record_uuid="{8d37e701-d118-4006-a6e4-08e622db0a74}" record_timestamp="1497524630096" record_key="REGION_HINT_PROFILE_SKV_COMMON_OAKCAPTURE_VICTORY_CONDITIONS_COMMON_OAK">
<region_hint_group_key>CAPTURE_VICTORY_CONDITIONS_COMMON_OAK</region_hint_group_key>
<region_hint_profile_key>REGION_HINT_PROFILE_SKV_COMMON_OAK</region_hint_profile_key>
</cai_region_hint_profiles_to_region_hint_groups>
<cai_region_hint_profiles_to_region_hint_groups record_uuid="{1bc1538a-e83c-45e3-bb01-8092527aa22f}" record_timestamp="1509472618367" record_key="REGION_HINT_PROFILE_TMBCAPTURE_OWNED_BY_ANOTHER_SUBCULTURED_ENEMY_TMB">
<region_hint_group_key>CAPTURE_OWNED_BY_ANOTHER_SUBCULTURED_ENEMY_TMB</region_hint_group_key>
<region_hint_profile_key>REGION_HINT_PROFILE_TMB</region_hint_profile_key>
</cai_region_hint_profiles_to_region_hint_groups>
<cai_region_hint_profiles_to_region_hint_groups record_uuid="{de531f2d-ae5d-4bd2-ab00-d0a1d8890e75}" record_timestamp="1509472618307" record_key="REGION_HINT_PROFILE_TMBCAPTURE_VICTORY_CONDITIONS_TMB">
<region_hint_group_key>CAPTURE_VICTORY_CONDITIONS_TMB</region_hint_group_key>
<region_hint_profile_key>REGION_HINT_PROFILE_TMB</region_hint_profile_key>
</cai_region_hint_profiles_to_region_hint_groups>
</dataroot>
