<?xml version="1.0" encoding="UTF-8"?>
<dataroot xmlns:od="urn:schemas-microsoft-com:officedata" xmlns:xsi="http://www.w3.org/2001/XMLSchema-instance" xsi:noNamespaceSchemaLocation="cai_task_management_system_task_generator_group_overrides.xsd" export_time="Wed Nov 22 14:51:02 2017" revision="30" export_branch="T:/branches/warhammer2/new_tomb/warhammer/binaries.x64" export_user="bob">
<edit_uuid>0ace0d03-a90a-443b-8101-578012a64ef6</edit_uuid>
<cai_task_management_system_task_generator_group_overrides record_uuid="{15e327d9-ce87-46d0-9a87-209f55634be4}" record_timestamp="1440089001658" record_key="aggressive">
<parent_task_generator_group></parent_task_generator_group>
<task_generator_group>aggressive</task_generator_group>
</cai_task_management_system_task_generator_group_overrides>
<cai_task_management_system_task_generator_group_overrides record_uuid="{e5619cd1-a92f-4821-b77a-3c0d9f4e70f1}" record_timestamp="1440776935108" record_key="aggressive_anti_player">
<parent_task_generator_group>aggressive</parent_task_generator_group>
<task_generator_group>aggressive_anti_player</task_generator_group>
</cai_task_management_system_task_generator_group_overrides>
<cai_task_management_system_task_generator_group_overrides record_uuid="{ff14e5a6-326c-4270-b01b-305d4e2173dc}" record_timestamp="1455626115146" record_key="aggressive_anti_player_raider">
<parent_task_generator_group>aggressive_anti_player</parent_task_generator_group>
<task_generator_group>aggressive_anti_player_raider</task_generator_group>
</cai_task_management_system_task_generator_group_overrides>
<cai_task_management_system_task_generator_group_overrides record_uuid="{e50a1b50-1ceb-4a52-8c53-e04b480ea8a1}" record_timestamp="1451986243033" record_key="aggressive_anti_player_recoloniser">
<parent_task_generator_group>aggressive_anti_player</parent_task_generator_group>
<task_generator_group>aggressive_anti_player_recoloniser</task_generator_group>
</cai_task_management_system_task_generator_group_overrides>
<cai_task_management_system_task_generator_group_overrides record_uuid="{f2008ee5-a641-4765-b9ee-e5697e1ebc93}" record_timestamp="1440090147967" record_key="aggressive_avoid_player">
<parent_task_generator_group>aggressive</parent_task_generator_group>
<task_generator_group>aggressive_avoid_player</task_generator_group>
</cai_task_management_system_task_generator_group_overrides>
<cai_task_management_system_task_generator_group_overrides record_uuid="{e09a600c-0beb-493d-a707-c3c1907277ca}" record_timestamp="1455626115216" record_key="aggressive_avoid_player_raider">
<parent_task_generator_group>aggressive_avoid_player</parent_task_generator_group>
<task_generator_group>aggressive_avoid_player_raider</task_generator_group>
</cai_task_management_system_task_generator_group_overrides>
<cai_task_management_system_task_generator_group_overrides record_uuid="{bf44f6bb-7907-4def-949e-0422cb234eaf}" record_timestamp="1451986243115" record_key="aggressive_avoid_player_recoloniser">
<parent_task_generator_group>aggressive_avoid_player</parent_task_generator_group>
<task_generator_group>aggressive_avoid_player_recoloniser</task_generator_group>
</cai_task_management_system_task_generator_group_overrides>
<cai_task_management_system_task_generator_group_overrides record_uuid="{b2c3df64-1b3b-4e01-bf00-34ef185dd627}" record_timestamp="1486847862977" record_key="aggressive_coloniser">
<parent_task_generator_group>aggressive</parent_task_generator_group>
<task_generator_group>aggressive_coloniser</task_generator_group>
</cai_task_management_system_task_generator_group_overrides>
<cai_task_management_system_task_generator_group_overrides record_uuid="{4be827b2-4d8a-4afc-ac03-8d35e4adc3ea}" record_timestamp="1486847862345" record_key="aggressive_coloniser_avoid_oldworld_races">
<parent_task_generator_group>aggressive_coloniser</parent_task_generator_group>
<task_generator_group>aggressive_coloniser_avoid_oldworld_races</task_generator_group>
</cai_task_management_system_task_generator_group_overrides>
<cai_task_management_system_task_generator_group_overrides record_uuid="{390d3fa3-5320-4ea9-8dc3-c7a8cbd48b8d}" record_timestamp="1486847862306" record_key="aggressive_coloniser_avoid_oldworld_races_and_player">
<parent_task_generator_group>aggressive_coloniser_avoid_oldworld_races</parent_task_generator_group>
<task_generator_group>aggressive_coloniser_avoid_oldworld_races_and_player</task_generator_group>
</cai_task_management_system_task_generator_group_overrides>
<cai_task_management_system_task_generator_group_overrides record_uuid="{04189404-a7a0-44ee-a68f-21728c714356}" record_timestamp="1486847862587" record_key="aggressive_coloniser_avoid_oldworld_races_anti_player">
<parent_task_generator_group>aggressive_coloniser_avoid_oldworld_races</parent_task_generator_group>
<task_generator_group>aggressive_coloniser_avoid_oldworld_races_anti_player</task_generator_group>
</cai_task_management_system_task_generator_group_overrides>
<cai_task_management_system_task_generator_group_overrides record_uuid="{bd37bf5d-e315-48de-89fd-54bc54729c2e}" record_timestamp="1440089001768" record_key="aggressive_destroyer">
<parent_task_generator_group>aggressive</parent_task_generator_group>
<task_generator_group>aggressive_destroyer</task_generator_group>
</cai_task_management_system_task_generator_group_overrides>
<cai_task_management_system_task_generator_group_overrides record_uuid="{3043d079-d6f0-4b37-998d-84481fc3eb4b}" record_timestamp="1440776935108" record_key="aggressive_destroyer_anti_player">
<parent_task_generator_group>aggressive_destroyer</parent_task_generator_group>
<task_generator_group>aggressive_destroyer_anti_player</task_generator_group>
</cai_task_management_system_task_generator_group_overrides>
<cai_task_management_system_task_generator_group_overrides record_uuid="{766a1ac8-4ec0-4c57-9378-ee73f7dc5bf6}" record_timestamp="1451986242703" record_key="aggressive_destroyer_anti_player_recoloniser">
<parent_task_generator_group>aggressive_destroyer_anti_player</parent_task_generator_group>
<task_generator_group>aggressive_destroyer_anti_player_recoloniser</task_generator_group>
</cai_task_management_system_task_generator_group_overrides>
<cai_task_management_system_task_generator_group_overrides record_uuid="{8c505f32-1fa6-4340-a06d-446099667abe}" record_timestamp="1440090147865" record_key="aggressive_destroyer_avoid_player">
<parent_task_generator_group>aggressive_destroyer</parent_task_generator_group>
<task_generator_group>aggressive_destroyer_avoid_player</task_generator_group>
</cai_task_management_system_task_generator_group_overrides>
<cai_task_management_system_task_generator_group_overrides record_uuid="{67ee61cb-44ca-40e8-9b89-19d048e667a3}" record_timestamp="1451986242785" record_key="aggressive_destroyer_avoid_player_recoloniser">
<parent_task_generator_group>aggressive_destroyer_avoid_player</parent_task_generator_group>
<task_generator_group>aggressive_destroyer_avoid_player_recoloniser</task_generator_group>
</cai_task_management_system_task_generator_group_overrides>
<cai_task_management_system_task_generator_group_overrides record_uuid="{b509d3ca-d04d-41a9-afb9-b5080f81870c}" record_timestamp="1451986242618" record_key="aggressive_destroyer_recoloniser">
<parent_task_generator_group>aggressive_destroyer</parent_task_generator_group>
<task_generator_group>aggressive_destroyer_recoloniser</task_generator_group>
</cai_task_management_system_task_generator_group_overrides>
<cai_task_management_system_task_generator_group_overrides record_uuid="{b1b2edf9-c059-4ca5-97d5-1841029c9cc7}" record_timestamp="1486847862952" record_key="aggressive_focused_coloniser">
<parent_task_generator_group>aggressive</parent_task_generator_group>
<task_generator_group>aggressive_focused_coloniser</task_generator_group>
</cai_task_management_system_task_generator_group_overrides>
<cai_task_management_system_task_generator_group_overrides record_uuid="{ef2588e5-9d06-42b5-bb43-03887bd2b8b8}" record_timestamp="1486847862863" record_key="aggressive_focused_coloniser_avoid_oldworld_races">
<parent_task_generator_group>aggressive_focused_coloniser</parent_task_generator_group>
<task_generator_group>aggressive_focused_coloniser_avoid_oldworld_races</task_generator_group>
</cai_task_management_system_task_generator_group_overrides>
<cai_task_management_system_task_generator_group_overrides record_uuid="{cb465476-39f4-435a-bceb-8c2896ca51d7}" record_timestamp="1486847862821" record_key="aggressive_focused_coloniser_avoid_oldworld_races_and_player">
<parent_task_generator_group>aggressive_focused_coloniser_avoid_oldworld_races</parent_task_generator_group>
<task_generator_group>aggressive_focused_coloniser_avoid_oldworld_races_and_player</task_generator_group>
</cai_task_management_system_task_generator_group_overrides>
<cai_task_management_system_task_generator_group_overrides record_uuid="{a1a24423-d039-403d-a9a4-88206812f4c7}" record_timestamp="1486847862780" record_key="aggressive_focused_coloniser_avoid_oldworld_races_anti_player">
<parent_task_generator_group>aggressive_focused_coloniser_avoid_oldworld_races</parent_task_generator_group>
<task_generator_group>aggressive_focused_coloniser_avoid_oldworld_races_anti_player</task_generator_group>
</cai_task_management_system_task_generator_group_overrides>
<cai_task_management_system_task_generator_group_overrides record_uuid="{516503de-665d-4282-8c42-15b332fa016d}" record_timestamp="1486847862528" record_key="aggressive_focused_overseas_attacker">
<parent_task_generator_group>aggressive</parent_task_generator_group>
<task_generator_group>aggressive_focused_overseas_attacker</task_generator_group>
</cai_task_management_system_task_generator_group_overrides>
<cai_task_management_system_task_generator_group_overrides record_uuid="{993367a3-1c38-4056-bec7-fa6e92317414}" record_timestamp="1486847862484" record_key="aggressive_focused_overseas_attacker_anti_player">
<parent_task_generator_group>aggressive_focused_overseas_attacker</parent_task_generator_group>
<task_generator_group>aggressive_focused_overseas_attacker_anti_player</task_generator_group>
</cai_task_management_system_task_generator_group_overrides>
<cai_task_management_system_task_generator_group_overrides record_uuid="{21cab489-9d5c-4615-8128-be964cd7b680}" record_timestamp="1486847862548" record_key="aggressive_focused_overseas_attacker_avoid_player">
<parent_task_generator_group>aggressive_focused_overseas_attacker</parent_task_generator_group>
<task_generator_group>aggressive_focused_overseas_attacker_avoid_player</task_generator_group>
</cai_task_management_system_task_generator_group_overrides>
<cai_task_management_system_task_generator_group_overrides record_uuid="{56aa749b-e4fc-4912-916e-28479c1a94fb}" record_timestamp="1455626115284" record_key="aggressive_no_attack_chaos_anti_player_raider">
<parent_task_generator_group>aggressive_no_target_chaos_anti_player</parent_task_generator_group>
<task_generator_group>aggressive_no_attack_chaos_anti_player_raider</task_generator_group>
</cai_task_management_system_task_generator_group_overrides>
<cai_task_management_system_task_generator_group_overrides record_uuid="{aaeccd30-9a60-43a4-8916-d73e6fb4aa70}" record_timestamp="1455626115352" record_key="aggressive_no_attack_chaos_avoid_player_raider">
<parent_task_generator_group>aggressive_no_target_chaos_avoid_player</parent_task_generator_group>
<task_generator_group>aggressive_no_attack_chaos_avoid_player_raider</task_generator_group>
</cai_task_management_system_task_generator_group_overrides>
<cai_task_management_system_task_generator_group_overrides record_uuid="{e9150505-24b8-4cae-b714-a9ba422f0b37}" record_timestamp="1455626115420" record_key="aggressive_no_attack_chaos_raider">
<parent_task_generator_group>aggressive_no_target_chaos</parent_task_generator_group>
<task_generator_group>aggressive_no_attack_chaos_raider</task_generator_group>
</cai_task_management_system_task_generator_group_overrides>
<cai_task_management_system_task_generator_group_overrides record_uuid="{b559f05c-2669-41b2-9e80-e8a852f02076}" record_timestamp="1440089021798" record_key="aggressive_no_target_chaos">
<parent_task_generator_group>aggressive</parent_task_generator_group>
<task_generator_group>aggressive_no_target_chaos</task_generator_group>
</cai_task_management_system_task_generator_group_overrides>
<cai_task_management_system_task_generator_group_overrides record_uuid="{7be2e059-d279-449a-87ba-3901a5191eb0}" record_timestamp="1440776935108" record_key="aggressive_no_target_chaos_anti_player">
<parent_task_generator_group>aggressive_no_target_chaos</parent_task_generator_group>
<task_generator_group>aggressive_no_target_chaos_anti_player</task_generator_group>
</cai_task_management_system_task_generator_group_overrides>
<cai_task_management_system_task_generator_group_overrides record_uuid="{a547021c-1c65-4e70-83c7-c5058918a81f}" record_timestamp="1451986248005" record_key="aggressive_no_target_chaos_anti_player_recoloniser">
<parent_task_generator_group>aggressive_no_target_chaos_anti_player</parent_task_generator_group>
<task_generator_group>aggressive_no_target_chaos_anti_player_recoloniser</task_generator_group>
</cai_task_management_system_task_generator_group_overrides>
<cai_task_management_system_task_generator_group_overrides record_uuid="{5bc99165-f214-4f7f-843f-e47f34e66c5f}" record_timestamp="1440090147763" record_key="aggressive_no_target_chaos_avoid_player">
<parent_task_generator_group>aggressive_no_target_chaos</parent_task_generator_group>
<task_generator_group>aggressive_no_target_chaos_avoid_player</task_generator_group>
</cai_task_management_system_task_generator_group_overrides>
<cai_task_management_system_task_generator_group_overrides record_uuid="{50a4d4a6-d934-4572-85bc-ced50bf3140a}" record_timestamp="1451986248085" record_key="aggressive_no_target_chaos_avoid_player_recoloniser">
<parent_task_generator_group>aggressive_no_target_chaos_avoid_player</parent_task_generator_group>
<task_generator_group>aggressive_no_target_chaos_avoid_player_recoloniser</task_generator_group>
</cai_task_management_system_task_generator_group_overrides>
<cai_task_management_system_task_generator_group_overrides record_uuid="{f30daa8e-e291-482b-af5d-2f5de8da26c6}" record_timestamp="1451986247926" record_key="aggressive_no_target_chaos_recoloniser">
<parent_task_generator_group>aggressive_no_target_chaos</parent_task_generator_group>
<task_generator_group>aggressive_no_target_chaos_recoloniser</task_generator_group>
</cai_task_management_system_task_generator_group_overrides>
<cai_task_management_system_task_generator_group_overrides record_uuid="{c437ba04-a19b-4b88-bd37-61ea13170fb5}" record_timestamp="1497005690724" record_key="aggressive_noruins_avoid_oldworld_races">
<parent_task_generator_group>aggressive_coloniser_avoid_oldworld_races</parent_task_generator_group>
<task_generator_group>aggressive_noruins_avoid_oldworld_races</task_generator_group>
</cai_task_management_system_task_generator_group_overrides>
<cai_task_management_system_task_generator_group_overrides record_uuid="{a28d2606-80f5-406f-9d5a-51ebf3f31b5b}" record_timestamp="1497005690732" record_key="aggressive_noruins_avoid_oldworld_races_and_player">
<parent_task_generator_group>aggressive_coloniser_avoid_oldworld_races_and_player</parent_task_generator_group>
<task_generator_group>aggressive_noruins_avoid_oldworld_races_and_player</task_generator_group>
</cai_task_management_system_task_generator_group_overrides>
<cai_task_management_system_task_generator_group_overrides record_uuid="{848d7f25-a928-4527-972b-15728ea3887f}" record_timestamp="1496154307935" record_key="aggressive_noruins_avoid_oldworld_races_anti_player">
<parent_task_generator_group>aggressive_coloniser_avoid_oldworld_races_anti_player</parent_task_generator_group>
<task_generator_group>aggressive_noruins_avoid_oldworld_races_anti_player</task_generator_group>
</cai_task_management_system_task_generator_group_overrides>
<cai_task_management_system_task_generator_group_overrides record_uuid="{fd736656-6d0d-4e93-a9f1-bc47ae2c3387}" record_timestamp="1455626115078" record_key="aggressive_raider">
<parent_task_generator_group>aggressive</parent_task_generator_group>
<task_generator_group>aggressive_raider</task_generator_group>
</cai_task_management_system_task_generator_group_overrides>
<cai_task_management_system_task_generator_group_overrides record_uuid="{c1b499f6-e904-4e8d-8236-c0063d3ff9d1}" record_timestamp="1451986242951" record_key="aggressive_recoloniser">
<parent_task_generator_group>aggressive</parent_task_generator_group>
<task_generator_group>aggressive_recoloniser</task_generator_group>
</cai_task_management_system_task_generator_group_overrides>
<cai_task_management_system_task_generator_group_overrides record_uuid="{15713a6d-813d-41a4-a103-8640cf71d4d7}" record_timestamp="1486847862736" record_key="aggressive_vcregion">
<parent_task_generator_group>aggressive</parent_task_generator_group>
<task_generator_group>aggressive_vcregion</task_generator_group>
</cai_task_management_system_task_generator_group_overrides>
<cai_task_management_system_task_generator_group_overrides record_uuid="{102ffb4d-f83d-4d35-a07d-29da7267c2c9}" record_timestamp="1486847862694" record_key="aggressive_vcregion_anti_player">
<parent_task_generator_group>aggressive_vcregion</parent_task_generator_group>
<task_generator_group>aggressive_vcregion_anti_player</task_generator_group>
</cai_task_management_system_task_generator_group_overrides>
<cai_task_management_system_task_generator_group_overrides record_uuid="{06b066ac-96a3-47a9-ba68-7d2237c83f47}" record_timestamp="1486847862759" record_key="aggressive_vcregion_avoid_player">
<parent_task_generator_group>aggressive_vcregion</parent_task_generator_group>
<task_generator_group>aggressive_vcregion_avoid_player</task_generator_group>
</cai_task_management_system_task_generator_group_overrides>
<cai_task_management_system_task_generator_group_overrides record_uuid="{7c54abe3-d56f-4275-af61-1a16fafa5a51}" record_timestamp="1486847862931" record_key="aggressive_vcregion_coloniser">
<parent_task_generator_group>aggressive_vcregion</parent_task_generator_group>
<task_generator_group>aggressive_vcregion_coloniser</task_generator_group>
</cai_task_management_system_task_generator_group_overrides>
<cai_task_management_system_task_generator_group_overrides record_uuid="{aafeac30-4edd-4e80-ad32-00f45369b2cd}" record_timestamp="1486847862842" record_key="aggressive_vcregion_coloniser_anti_player">
<parent_task_generator_group>aggressive_vcregion_coloniser</parent_task_generator_group>
<task_generator_group>aggressive_vcregion_coloniser_anti_player</task_generator_group>
</cai_task_management_system_task_generator_group_overrides>
<cai_task_management_system_task_generator_group_overrides record_uuid="{3f60fa9a-fea8-49ae-a948-ba3f320970ee}" record_timestamp="1486847862884" record_key="aggressive_vcregion_coloniser_avoid_player">
<parent_task_generator_group>aggressive_vcregion_coloniser</parent_task_generator_group>
<task_generator_group>aggressive_vcregion_coloniser_avoid_player</task_generator_group>
</cai_task_management_system_task_generator_group_overrides>
<cai_task_management_system_task_generator_group_overrides record_uuid="{bae97fe7-f490-4424-a53f-be64ba61f06f}" record_timestamp="1486847862326" record_key="aggressive_vcregion_focused_overseas_attacker">
<parent_task_generator_group>aggressive_vcregion</parent_task_generator_group>
<task_generator_group>aggressive_vcregion_focused_overseas_attacker</task_generator_group>
</cai_task_management_system_task_generator_group_overrides>
<cai_task_management_system_task_generator_group_overrides record_uuid="{7ec7ad56-7429-4434-a64f-a9e126a5c0f8}" record_timestamp="1486847862567" record_key="aggressive_vcregion_focused_overseas_attacker_anti_player">
<parent_task_generator_group>aggressive_vcregion_focused_overseas_attacker</parent_task_generator_group>
<task_generator_group>aggressive_vcregion_focused_overseas_attacker_anti_player</task_generator_group>
</cai_task_management_system_task_generator_group_overrides>
<cai_task_management_system_task_generator_group_overrides record_uuid="{3fd50778-4a60-4c00-9ba7-e771375fb80c}" record_timestamp="1486847862286" record_key="aggressive_vcregion_focused_overseas_attacker_avoid_player">
<parent_task_generator_group>aggressive_vcregion_focused_overseas_attacker</parent_task_generator_group>
<task_generator_group>aggressive_vcregion_focused_overseas_attacker_avoid_player</task_generator_group>
</cai_task_management_system_task_generator_group_overrides>
<cai_task_management_system_task_generator_group_overrides record_uuid="{abe94441-0aff-408f-a9d7-9ca0d3973700}" record_timestamp="1440089008612" record_key="basic">
<parent_task_generator_group></parent_task_generator_group>
<task_generator_group>basic</task_generator_group>
</cai_task_management_system_task_generator_group_overrides>
<cai_task_management_system_task_generator_group_overrides record_uuid="{e8a8441e-a607-4d03-943b-416884c7c7be}" record_timestamp="1449069296888" record_key="basic_allied">
<parent_task_generator_group>basic</parent_task_generator_group>
<task_generator_group>basic_allied</task_generator_group>
</cai_task_management_system_task_generator_group_overrides>
<cai_task_management_system_task_generator_group_overrides record_uuid="{b3381bf5-cf08-465d-ae93-8eaac959662f}" record_timestamp="1449069296999" record_key="basic_allied_anti_player">
<parent_task_generator_group>basic_anti_player</parent_task_generator_group>
<task_generator_group>basic_allied_anti_player</task_generator_group>
</cai_task_management_system_task_generator_group_overrides>
<cai_task_management_system_task_generator_group_overrides record_uuid="{79440747-d588-43b3-bf42-27f26dfebf56}" record_timestamp="1449069297055" record_key="basic_allied_avoid_player">
<parent_task_generator_group>basic_avoid_player</parent_task_generator_group>
<task_generator_group>basic_allied_avoid_player</task_generator_group>
</cai_task_management_system_task_generator_group_overrides>
<cai_task_management_system_task_generator_group_overrides record_uuid="{88a5250b-5a89-49db-a7e0-8407cb99784d}" record_timestamp="1440776935108" record_key="basic_anti_player">
<parent_task_generator_group>basic</parent_task_generator_group>
<task_generator_group>basic_anti_player</task_generator_group>
</cai_task_management_system_task_generator_group_overrides>
<cai_task_management_system_task_generator_group_overrides record_uuid="{df17ea1e-857f-4eea-8f63-50d06a65581c}" record_timestamp="1454089986915" record_key="basic_anti_player_opportunist">
<parent_task_generator_group>basic_anti_player</parent_task_generator_group>
<task_generator_group>basic_anti_player_opportunist</task_generator_group>
</cai_task_management_system_task_generator_group_overrides>
<cai_task_management_system_task_generator_group_overrides record_uuid="{b7fba2fc-eaea-4083-8727-42c3e19b8195}" record_timestamp="1451986242286" record_key="basic_anti_player_recoloniser">
<parent_task_generator_group>basic_anti_player</parent_task_generator_group>
<task_generator_group>basic_anti_player_recoloniser</task_generator_group>
</cai_task_management_system_task_generator_group_overrides>
<cai_task_management_system_task_generator_group_overrides record_uuid="{fa7459ee-34e0-4900-87d6-f7918cb5ddc2}" record_timestamp="1440090148368" record_key="basic_avoid_player">
<parent_task_generator_group>basic</parent_task_generator_group>
<task_generator_group>basic_avoid_player</task_generator_group>
</cai_task_management_system_task_generator_group_overrides>
<cai_task_management_system_task_generator_group_overrides record_uuid="{c861b98f-a3a6-4122-94d4-bf5e54cb0305}" record_timestamp="1454089986847" record_key="basic_avoid_player_opportunist">
<parent_task_generator_group>basic_avoid_player</parent_task_generator_group>
<task_generator_group>basic_avoid_player_opportunist</task_generator_group>
</cai_task_management_system_task_generator_group_overrides>
<cai_task_management_system_task_generator_group_overrides record_uuid="{a7e1db3a-82cb-4bf6-bb6c-8f58dd2120e0}" record_timestamp="1451986242369" record_key="basic_avoid_player_recoloniser">
<parent_task_generator_group>basic_avoid_player</parent_task_generator_group>
<task_generator_group>basic_avoid_player_recoloniser</task_generator_group>
</cai_task_management_system_task_generator_group_overrides>
<cai_task_management_system_task_generator_group_overrides record_uuid="{3b3d001d-12e3-47fe-960e-19ab0a4d643a}" record_timestamp="1486847863047" record_key="basic_coloniser">
<parent_task_generator_group>basic</parent_task_generator_group>
<task_generator_group>basic_coloniser</task_generator_group>
</cai_task_management_system_task_generator_group_overrides>
<cai_task_management_system_task_generator_group_overrides record_uuid="{8dc1fd80-62c8-4965-8956-971c37e3f3ee}" record_timestamp="1496237681489" record_key="basic_coloniser_anti_player">
<parent_task_generator_group>basic_coloniser</parent_task_generator_group>
<task_generator_group>basic_coloniser_anti_player</task_generator_group>
</cai_task_management_system_task_generator_group_overrides>
<cai_task_management_system_task_generator_group_overrides record_uuid="{d17ab09f-7893-4fcc-b4ce-9d2700e4de33}" record_timestamp="1486847862267" record_key="basic_coloniser_avoid_oldworld_races">
<parent_task_generator_group>basic_coloniser</parent_task_generator_group>
<task_generator_group>basic_coloniser_avoid_oldworld_races</task_generator_group>
</cai_task_management_system_task_generator_group_overrides>
<cai_task_management_system_task_generator_group_overrides record_uuid="{ba8951b7-604c-4979-8468-3d0c39b81a49}" record_timestamp="1486847862423" record_key="basic_coloniser_avoid_oldworld_races_and_player">
<parent_task_generator_group>basic_coloniser_avoid_oldworld_races</parent_task_generator_group>
<task_generator_group>basic_coloniser_avoid_oldworld_races_and_player</task_generator_group>
</cai_task_management_system_task_generator_group_overrides>
<cai_task_management_system_task_generator_group_overrides record_uuid="{1c8c2090-6bdc-4d84-9db1-4307e1d98251}" record_timestamp="1496237961924" record_key="basic_coloniser_avoid_player">
<parent_task_generator_group>basic_coloniser</parent_task_generator_group>
<task_generator_group>basic_coloniser_avoid_player</task_generator_group>
</cai_task_management_system_task_generator_group_overrides>
<cai_task_management_system_task_generator_group_overrides record_uuid="{434f7bfe-d7e8-4e01-9450-5a0ba34336e8}" record_timestamp="1486847862384" record_key="basic_coloniser_avoids_oldworld_races_anti_player">
<parent_task_generator_group>basic_coloniser_avoid_oldworld_races</parent_task_generator_group>
<task_generator_group>basic_coloniser_avoids_oldworld_races_anti_player</task_generator_group>
</cai_task_management_system_task_generator_group_overrides>
<cai_task_management_system_task_generator_group_overrides record_uuid="{f052a82d-f88e-41d6-8f24-2f8b28a7a26d}" record_timestamp="1486847863000" record_key="basic_focused_coloniser">
<parent_task_generator_group>basic</parent_task_generator_group>
<task_generator_group>basic_focused_coloniser</task_generator_group>
</cai_task_management_system_task_generator_group_overrides>
<cai_task_management_system_task_generator_group_overrides record_uuid="{7d86a146-486f-4649-b1fd-88f6f8a45bbb}" record_timestamp="1486847862652" record_key="basic_focused_coloniser_avoid_oldworld_races">
<parent_task_generator_group>basic_focused_coloniser</parent_task_generator_group>
<task_generator_group>basic_focused_coloniser_avoid_oldworld_races</task_generator_group>
</cai_task_management_system_task_generator_group_overrides>
<cai_task_management_system_task_generator_group_overrides record_uuid="{c870152f-091c-4e0f-89e0-136631be8cf8}" record_timestamp="1486847862609" record_key="basic_focused_coloniser_avoid_oldworld_races_and_player">
<parent_task_generator_group>basic_focused_coloniser_avoid_oldworld_races</parent_task_generator_group>
<task_generator_group>basic_focused_coloniser_avoid_oldworld_races_and_player</task_generator_group>
</cai_task_management_system_task_generator_group_overrides>
<cai_task_management_system_task_generator_group_overrides record_uuid="{382004b9-9185-4a66-9119-81573f292e5c}" record_timestamp="1486847862907" record_key="basic_focused_coloniser_avoids_oldworld_races_anti_player">
<parent_task_generator_group>basic_focused_coloniser_avoid_oldworld_races</parent_task_generator_group>
<task_generator_group>basic_focused_coloniser_avoids_oldworld_races_anti_player</task_generator_group>
</cai_task_management_system_task_generator_group_overrides>
<cai_task_management_system_task_generator_group_overrides record_uuid="{b05d6a2c-3415-4849-99cd-6d22306d2786}" record_timestamp="1440089007647" record_key="basic_no_regions">
<parent_task_generator_group></parent_task_generator_group>
<task_generator_group>basic_no_regions</task_generator_group>
</cai_task_management_system_task_generator_group_overrides>
<cai_task_management_system_task_generator_group_overrides record_uuid="{4d3a18d4-9aa4-4c4d-8ec4-00b4821d5d27}" record_timestamp="1440089021589" record_key="basic_no_target_chaos">
<parent_task_generator_group>basic</parent_task_generator_group>
<task_generator_group>basic_no_target_chaos</task_generator_group>
</cai_task_management_system_task_generator_group_overrides>
<cai_task_management_system_task_generator_group_overrides record_uuid="{009d6c01-78bb-4daa-b14d-c0e47f24b048}" record_timestamp="1440776935108" record_key="basic_no_target_chaos_anti_player">
<parent_task_generator_group>basic_no_target_chaos</parent_task_generator_group>
<task_generator_group>basic_no_target_chaos_anti_player</task_generator_group>
</cai_task_management_system_task_generator_group_overrides>
<cai_task_management_system_task_generator_group_overrides record_uuid="{73632d89-ca6a-40c3-995a-3bebfdf55696}" record_timestamp="1454089986777" record_key="basic_no_target_chaos_anti_player_opportunist">
<parent_task_generator_group>basic_no_target_chaos_anti_player</parent_task_generator_group>
<task_generator_group>basic_no_target_chaos_anti_player_opportunist</task_generator_group>
</cai_task_management_system_task_generator_group_overrides>
<cai_task_management_system_task_generator_group_overrides record_uuid="{78a371e8-0f78-4a9f-b010-e3f26126f339}" record_timestamp="1451986247688" record_key="basic_no_target_chaos_anti_player_recoloniser">
<parent_task_generator_group>basic_no_target_chaos_anti_player</parent_task_generator_group>
<task_generator_group>basic_no_target_chaos_anti_player_recoloniser</task_generator_group>
</cai_task_management_system_task_generator_group_overrides>
<cai_task_management_system_task_generator_group_overrides record_uuid="{06e01dd5-e037-4eca-9e0a-c79f87725fec}" record_timestamp="1440090148267" record_key="basic_no_target_chaos_avoid_player">
<parent_task_generator_group>basic_no_target_chaos</parent_task_generator_group>
<task_generator_group>basic_no_target_chaos_avoid_player</task_generator_group>
</cai_task_management_system_task_generator_group_overrides>
<cai_task_management_system_task_generator_group_overrides record_uuid="{5f8169b4-0fe4-41b0-a3ea-2c4ca5614e70}" record_timestamp="1454089987127" record_key="basic_no_target_chaos_avoid_player_opportunist">
<parent_task_generator_group>basic_no_target_chaos_avoid_player</parent_task_generator_group>
<task_generator_group>basic_no_target_chaos_avoid_player_opportunist</task_generator_group>
</cai_task_management_system_task_generator_group_overrides>
<cai_task_management_system_task_generator_group_overrides record_uuid="{86b36a8c-b588-4951-b363-a201a061f5b4}" record_timestamp="1451986247767" record_key="basic_no_target_chaos_avoid_player_recoloniser">
<parent_task_generator_group>basic_no_target_chaos_avoid_player</parent_task_generator_group>
<task_generator_group>basic_no_target_chaos_avoid_player_recoloniser</task_generator_group>
</cai_task_management_system_task_generator_group_overrides>
<cai_task_management_system_task_generator_group_overrides record_uuid="{65576f02-a778-4e6f-b481-bfc050eec59e}" record_timestamp="1454089987056" record_key="basic_no_target_chaos_opportunist">
<parent_task_generator_group>basic_no_target_chaos</parent_task_generator_group>
<task_generator_group>basic_no_target_chaos_opportunist</task_generator_group>
</cai_task_management_system_task_generator_group_overrides>
<cai_task_management_system_task_generator_group_overrides record_uuid="{57eb0016-a3fc-4561-b68a-a8b2186e4591}" record_timestamp="1451986247608" record_key="basic_no_target_chaos_recoloniser">
<parent_task_generator_group>basic_no_target_chaos</parent_task_generator_group>
<task_generator_group>basic_no_target_chaos_recoloniser</task_generator_group>
</cai_task_management_system_task_generator_group_overrides>
<cai_task_management_system_task_generator_group_overrides record_uuid="{684e349f-511b-4bc3-8d1f-159397d07861}" record_timestamp="1496154307889" record_key="basic_noruins_avoid_oldworld_races">
<parent_task_generator_group>basic_coloniser_avoid_oldworld_races</parent_task_generator_group>
<task_generator_group>basic_noruins_avoid_oldworld_races</task_generator_group>
</cai_task_management_system_task_generator_group_overrides>
<cai_task_management_system_task_generator_group_overrides record_uuid="{a6e99e1f-2f74-49aa-b8c0-4a88478f21e5}" record_timestamp="1496154307912" record_key="basic_noruins_avoid_oldworld_races_and_player">
<parent_task_generator_group>basic_coloniser_avoid_oldworld_races_and_player</parent_task_generator_group>
<task_generator_group>basic_noruins_avoid_oldworld_races_and_player</task_generator_group>
</cai_task_management_system_task_generator_group_overrides>
<cai_task_management_system_task_generator_group_overrides record_uuid="{a611212b-4c0a-4add-99b7-7af43279d1de}" record_timestamp="1496154307867" record_key="basic_noruins_avoids_oldworld_races_anti_player">
<parent_task_generator_group>basic_coloniser_avoids_oldworld_races_anti_player</parent_task_generator_group>
<task_generator_group>basic_noruins_avoids_oldworld_races_anti_player</task_generator_group>
</cai_task_management_system_task_generator_group_overrides>
<cai_task_management_system_task_generator_group_overrides record_uuid="{3555804e-b4aa-494b-95a3-82efe1f629f3}" record_timestamp="1454089986984" record_key="basic_opportunist">
<parent_task_generator_group>basic</parent_task_generator_group>
<task_generator_group>basic_opportunist</task_generator_group>
</cai_task_management_system_task_generator_group_overrides>
<cai_task_management_system_task_generator_group_overrides record_uuid="{b8bfd043-6a4d-401d-b08d-86fcb4632f1c}" record_timestamp="1451986242868" record_key="basic_recoloniser">
<parent_task_generator_group>basic</parent_task_generator_group>
<task_generator_group>basic_recoloniser</task_generator_group>
</cai_task_management_system_task_generator_group_overrides>
<cai_task_management_system_task_generator_group_overrides record_uuid="{577b7a9a-e362-4ad5-b13f-f9aa4c2330af}" record_timestamp="1486847862508" record_key="basic_vcregion">
<parent_task_generator_group>basic</parent_task_generator_group>
<task_generator_group>basic_vcregion</task_generator_group>
</cai_task_management_system_task_generator_group_overrides>
<cai_task_management_system_task_generator_group_overrides record_uuid="{29bb10d9-b9ec-4f4a-8306-35f073af2896}" record_timestamp="1486847862465" record_key="basic_vcregion_anti_player">
<parent_task_generator_group>basic_vcregion</parent_task_generator_group>
<task_generator_group>basic_vcregion_anti_player</task_generator_group>
</cai_task_management_system_task_generator_group_overrides>
<cai_task_management_system_task_generator_group_overrides record_uuid="{7433d188-f37b-4501-b104-5abcfd8a1c0e}" record_timestamp="1486847862442" record_key="basic_vcregion_avoid_player">
<parent_task_generator_group>basic_vcregion</parent_task_generator_group>
<task_generator_group>basic_vcregion_avoid_player</task_generator_group>
</cai_task_management_system_task_generator_group_overrides>
<cai_task_management_system_task_generator_group_overrides record_uuid="{c80dedb9-cc90-4cbe-8204-4ab78fd9c257}" record_timestamp="1486847862716" record_key="basic_vcregion_coloniser">
<parent_task_generator_group>basic_vcregion</parent_task_generator_group>
<task_generator_group>basic_vcregion_coloniser</task_generator_group>
</cai_task_management_system_task_generator_group_overrides>
<cai_task_management_system_task_generator_group_overrides record_uuid="{799e47a9-c129-4475-8486-420f0a7082e3}" record_timestamp="1486847862631" record_key="basic_vcregion_coloniser_anti_player">
<parent_task_generator_group>basic_vcregion_coloniser</parent_task_generator_group>
<task_generator_group>basic_vcregion_coloniser_anti_player</task_generator_group>
</cai_task_management_system_task_generator_group_overrides>
<cai_task_management_system_task_generator_group_overrides record_uuid="{38acccf0-f9eb-4872-8c01-23a18966110c}" record_timestamp="1486847862673" record_key="basic_vcregion_coloniser_avoid_player">
<parent_task_generator_group>basic_vcregion_coloniser</parent_task_generator_group>
<task_generator_group>basic_vcregion_coloniser_avoid_player</task_generator_group>
</cai_task_management_system_task_generator_group_overrides>
<cai_task_management_system_task_generator_group_overrides record_uuid="{4076646c-0e29-404a-9da7-4c1eb23de766}" record_timestamp="1486847862249" record_key="basic_vcregion_focused_overseas_attacker">
<parent_task_generator_group>basic_vcregion</parent_task_generator_group>
<task_generator_group>basic_vcregion_focused_overseas_attacker</task_generator_group>
</cai_task_management_system_task_generator_group_overrides>
<cai_task_management_system_task_generator_group_overrides record_uuid="{127ac2b1-4048-44b1-ab5b-22585977d089}" record_timestamp="1486847862365" record_key="basic_vcregion_focused_overseas_attacker_anti_player">
<parent_task_generator_group>basic_vcregion_focused_overseas_attacker</parent_task_generator_group>
<task_generator_group>basic_vcregion_focused_overseas_attacker_anti_player</task_generator_group>
</cai_task_management_system_task_generator_group_overrides>
<cai_task_management_system_task_generator_group_overrides record_uuid="{d60b45ce-8bc9-4817-b47b-688435539f64}" record_timestamp="1486847862404" record_key="basic_vcregion_focused_overseas_attacker_avoid_player">
<parent_task_generator_group>basic_vcregion_focused_overseas_attacker</parent_task_generator_group>
<task_generator_group>basic_vcregion_focused_overseas_attacker_avoid_player</task_generator_group>
</cai_task_management_system_task_generator_group_overrides>
<cai_task_management_system_task_generator_group_overrides record_uuid="{87bf4780-d23a-4253-8a8b-c7381003dd0b}" record_timestamp="1440089014596" record_key="defensive">
<parent_task_generator_group></parent_task_generator_group>
<task_generator_group>defensive</task_generator_group>
</cai_task_management_system_task_generator_group_overrides>
<cai_task_management_system_task_generator_group_overrides record_uuid="{3c93859d-295a-431d-88f2-edcc8c9172fa}" record_timestamp="1449069297111" record_key="defensive_allied">
<parent_task_generator_group>defensive</parent_task_generator_group>
<task_generator_group>defensive_allied</task_generator_group>
</cai_task_management_system_task_generator_group_overrides>
<cai_task_management_system_task_generator_group_overrides record_uuid="{a16a89a0-3720-4d00-9d0f-2534993ecea3}" record_timestamp="1449069297167" record_key="defensive_allied_anti_player">
<parent_task_generator_group>defensive_anti_player</parent_task_generator_group>
<task_generator_group>defensive_allied_anti_player</task_generator_group>
</cai_task_management_system_task_generator_group_overrides>
<cai_task_management_system_task_generator_group_overrides record_uuid="{38fc9995-5d39-4802-a516-2ce70d1e79fb}" record_timestamp="1449069296944" record_key="defensive_allied_avoid_player">
<parent_task_generator_group>defensive_avoid_player</parent_task_generator_group>
<task_generator_group>defensive_allied_avoid_player</task_generator_group>
</cai_task_management_system_task_generator_group_overrides>
<cai_task_management_system_task_generator_group_overrides record_uuid="{637376c9-6c69-4305-a5a8-4f2b6dbb1f37}" record_timestamp="1440776935108" record_key="defensive_anti_player">
<parent_task_generator_group>defensive</parent_task_generator_group>
<task_generator_group>defensive_anti_player</task_generator_group>
</cai_task_management_system_task_generator_group_overrides>
<cai_task_management_system_task_generator_group_overrides record_uuid="{39f3bc12-c292-49ca-b16b-e4b195cb4b86}" record_timestamp="1486847863025" record_key="defensive_anti_player_raider">
<parent_task_generator_group>defensive_anti_player</parent_task_generator_group>
<task_generator_group>defensive_anti_player_raider</task_generator_group>
</cai_task_management_system_task_generator_group_overrides>
<cai_task_management_system_task_generator_group_overrides record_uuid="{c057ad84-0148-4596-9ab0-3a64d189f51e}" record_timestamp="1451986242534" record_key="defensive_anti_player_recoloniser">
<parent_task_generator_group>defensive_anti_player</parent_task_generator_group>
<task_generator_group>defensive_anti_player_recoloniser</task_generator_group>
</cai_task_management_system_task_generator_group_overrides>
<cai_task_management_system_task_generator_group_overrides record_uuid="{69189bd9-0a4f-4117-bd22-50379e17ec03}" record_timestamp="1440090148165" record_key="defensive_avoid_player">
<parent_task_generator_group>defensive</parent_task_generator_group>
<task_generator_group>defensive_avoid_player</task_generator_group>
</cai_task_management_system_task_generator_group_overrides>
<cai_task_management_system_task_generator_group_overrides record_uuid="{4331e1e7-844e-4961-ada5-498a2532a3b0}" record_timestamp="1486847863098" record_key="defensive_avoid_player_raider">
<parent_task_generator_group>defensive_avoid_player</parent_task_generator_group>
<task_generator_group>defensive_avoid_player_raider</task_generator_group>
</cai_task_management_system_task_generator_group_overrides>
<cai_task_management_system_task_generator_group_overrides record_uuid="{75c7189a-9b86-4f3f-80d2-f6f86d9592e3}" record_timestamp="1451986243197" record_key="defensive_avoid_player_recoloniser">
<parent_task_generator_group>defensive_avoid_player</parent_task_generator_group>
<task_generator_group>defensive_avoid_player_recoloniser</task_generator_group>
</cai_task_management_system_task_generator_group_overrides>
<cai_task_management_system_task_generator_group_overrides record_uuid="{4534159f-9dcf-47a2-82fa-c17cbbc30a9d}" record_timestamp="1486919414426" record_key="defensive_avoids_oldworld_races">
<parent_task_generator_group>defensive</parent_task_generator_group>
<task_generator_group>defensive_avoids_oldworld_races</task_generator_group>
</cai_task_management_system_task_generator_group_overrides>
<cai_task_management_system_task_generator_group_overrides record_uuid="{94bf636f-85d5-4ece-b007-96a25b3f619c}" record_timestamp="1486919414345" record_key="defensive_avoids_oldworld_races_and_player">
<parent_task_generator_group>defensive_avoid_player</parent_task_generator_group>
<task_generator_group>defensive_avoids_oldworld_races_and_player</task_generator_group>
</cai_task_management_system_task_generator_group_overrides>
<cai_task_management_system_task_generator_group_overrides record_uuid="{70353ed0-14cd-45d1-b655-4f19641073a9}" record_timestamp="1486847862800" record_key="defensive_avoids_oldworld_races_anti_player">
<parent_task_generator_group>defensive_anti_player</parent_task_generator_group>
<task_generator_group>defensive_avoids_oldworld_races_anti_player</task_generator_group>
</cai_task_management_system_task_generator_group_overrides>
<cai_task_management_system_task_generator_group_overrides record_uuid="{b85ceada-24e8-4d54-8017-4b5aa85bb261}" record_timestamp="1440089021694" record_key="defensive_no_target_chaos">
<parent_task_generator_group>defensive</parent_task_generator_group>
<task_generator_group>defensive_no_target_chaos</task_generator_group>
</cai_task_management_system_task_generator_group_overrides>
<cai_task_management_system_task_generator_group_overrides record_uuid="{19e346cc-3793-4c71-a2f3-e4e663459869}" record_timestamp="1440776935108" record_key="defensive_no_target_chaos_anti_player">
<parent_task_generator_group>defensive_no_target_chaos</parent_task_generator_group>
<task_generator_group>defensive_no_target_chaos_anti_player</task_generator_group>
</cai_task_management_system_task_generator_group_overrides>
<cai_task_management_system_task_generator_group_overrides record_uuid="{9684aeee-10af-4975-8c7c-435a7cefe227}" record_timestamp="1451986247447" record_key="defensive_no_target_chaos_anti_player_recoloniser">
<parent_task_generator_group>defensive_no_target_chaos_anti_player</parent_task_generator_group>
<task_generator_group>defensive_no_target_chaos_anti_player_recoloniser</task_generator_group>
</cai_task_management_system_task_generator_group_overrides>
<cai_task_management_system_task_generator_group_overrides record_uuid="{63e4657e-fbab-4672-b478-2c119f3fb9d2}" record_timestamp="1440090148065" record_key="defensive_no_target_chaos_avoid_player">
<parent_task_generator_group>defensive_no_target_chaos</parent_task_generator_group>
<task_generator_group>defensive_no_target_chaos_avoid_player</task_generator_group>
</cai_task_management_system_task_generator_group_overrides>
<cai_task_management_system_task_generator_group_overrides record_uuid="{910f2249-f98c-4572-9672-a2b12cb62076}" record_timestamp="1451986247528" record_key="defensive_no_target_chaos_avoid_player_recoloniser">
<parent_task_generator_group>defensive_no_target_chaos_avoid_player</parent_task_generator_group>
<task_generator_group>defensive_no_target_chaos_avoid_player_recoloniser</task_generator_group>
</cai_task_management_system_task_generator_group_overrides>
<cai_task_management_system_task_generator_group_overrides record_uuid="{8032662d-6fc6-40ec-9da3-d629235b12f0}" record_timestamp="1451986247846" record_key="defensive_no_target_chaos_recoloniser">
<parent_task_generator_group>defensive_no_target_chaos</parent_task_generator_group>
<task_generator_group>defensive_no_target_chaos_recoloniser</task_generator_group>
</cai_task_management_system_task_generator_group_overrides>
<cai_task_management_system_task_generator_group_overrides record_uuid="{8ce7811e-d20b-4eaf-9c2c-ac0269a982c4}" record_timestamp="1496154307958" record_key="defensive_noruins">
<parent_task_generator_group>defensive</parent_task_generator_group>
<task_generator_group>defensive_noruins</task_generator_group>
</cai_task_management_system_task_generator_group_overrides>
<cai_task_management_system_task_generator_group_overrides record_uuid="{e623c97a-bd5d-43a6-ba80-8decc569f167}" record_timestamp="1496154307844" record_key="defensive_noruins_anti_player">
<parent_task_generator_group>defensive_anti_player</parent_task_generator_group>
<task_generator_group>defensive_noruins_anti_player</task_generator_group>
</cai_task_management_system_task_generator_group_overrides>
<cai_task_management_system_task_generator_group_overrides record_uuid="{e91ad0ef-1e8a-4839-aed2-80d376bbf5de}" record_timestamp="1502904765625" record_key="defensive_noruins_anti_player_raider">
<parent_task_generator_group>defensive_anti_player_raider</parent_task_generator_group>
<task_generator_group>defensive_noruins_anti_player_raider</task_generator_group>
</cai_task_management_system_task_generator_group_overrides>
<cai_task_management_system_task_generator_group_overrides record_uuid="{961f5021-bcda-43e4-985c-ee08659206b7}" record_timestamp="1496154307821" record_key="defensive_noruins_avoid_player">
<parent_task_generator_group>defensive_avoid_player</parent_task_generator_group>
<task_generator_group>defensive_noruins_avoid_player</task_generator_group>
</cai_task_management_system_task_generator_group_overrides>
<cai_task_management_system_task_generator_group_overrides record_uuid="{fa3749a0-37f1-4634-ad3b-be0ed9a96cce}" record_timestamp="1502904765614" record_key="defensive_noruins_avoid_player_raider">
<parent_task_generator_group>defensive_avoid_player_raider</parent_task_generator_group>
<task_generator_group>defensive_noruins_avoid_player_raider</task_generator_group>
</cai_task_management_system_task_generator_group_overrides>
<cai_task_management_system_task_generator_group_overrides record_uuid="{dca08ae0-1d42-4478-b52e-03be3ab6946f}" record_timestamp="1496154307981" record_key="defensive_noruins_avoids_oldworld_races">
<parent_task_generator_group>defensive_avoids_oldworld_races</parent_task_generator_group>
<task_generator_group>defensive_noruins_avoids_oldworld_races</task_generator_group>
</cai_task_management_system_task_generator_group_overrides>
<cai_task_management_system_task_generator_group_overrides record_uuid="{59bd844a-f929-43d5-ab35-750b55a2ae67}" record_timestamp="1496154308004" record_key="defensive_noruins_avoids_oldworld_races_and_player">
<parent_task_generator_group>defensive_avoids_oldworld_races_and_player</parent_task_generator_group>
<task_generator_group>defensive_noruins_avoids_oldworld_races_and_player</task_generator_group>
</cai_task_management_system_task_generator_group_overrides>
<cai_task_management_system_task_generator_group_overrides record_uuid="{d81afaa7-3eda-42f8-8453-5578d1a343c5}" record_timestamp="1496154309884" record_key="defensive_noruins_avoids_oldworld_races_anti_player">
<parent_task_generator_group>defensive_avoids_oldworld_races_anti_player</parent_task_generator_group>
<task_generator_group>defensive_noruins_avoids_oldworld_races_anti_player</task_generator_group>
</cai_task_management_system_task_generator_group_overrides>
<cai_task_management_system_task_generator_group_overrides record_uuid="{b399eaed-8417-43c9-a391-a7dbb14b2a58}" record_timestamp="1502904765603" record_key="defensive_noruins_raider">
<parent_task_generator_group>defensive_raider</parent_task_generator_group>
<task_generator_group>defensive_noruins_raider</task_generator_group>
</cai_task_management_system_task_generator_group_overrides>
<cai_task_management_system_task_generator_group_overrides record_uuid="{83218617-4d3b-4223-8c70-9a5b71ec9fba}" record_timestamp="1486847863074" record_key="defensive_raider">
<parent_task_generator_group>defensive</parent_task_generator_group>
<task_generator_group>defensive_raider</task_generator_group>
</cai_task_management_system_task_generator_group_overrides>
<cai_task_management_system_task_generator_group_overrides record_uuid="{2355dca2-1d91-4845-9f99-3177a2a00750}" record_timestamp="1451986242451" record_key="defensive_recoloniser">
<parent_task_generator_group>defensive</parent_task_generator_group>
<task_generator_group>defensive_recoloniser</task_generator_group>
</cai_task_management_system_task_generator_group_overrides>
<cai_task_management_system_task_generator_group_overrides record_uuid="{02eeada8-4c9a-4ab8-ba3b-1d4e76b7761e}" record_timestamp="1470837421342" record_key="dlc03_aggressive_anti_player_raider">
<parent_task_generator_group>aggressive_anti_player_raider</parent_task_generator_group>
<task_generator_group>dlc03_aggressive_anti_player_raider</task_generator_group>
</cai_task_management_system_task_generator_group_overrides>
<cai_task_management_system_task_generator_group_overrides record_uuid="{e86dc62d-e5ca-4ad2-be40-fd948a69d051}" record_timestamp="1460532114736" record_key="dlc03_defensive_anti_player_no_colononiser">
<parent_task_generator_group>defensive_anti_player</parent_task_generator_group>
<task_generator_group>dlc03_defensive_anti_player_no_colononiser</task_generator_group>
</cai_task_management_system_task_generator_group_overrides>
<cai_task_management_system_task_generator_group_overrides record_uuid="{d251bc00-f30b-4107-9376-12bd16b18c2f}" record_timestamp="1480094573466" record_key="dlc05_beastmen_victory_region_wood_elves_1">
<parent_task_generator_group>dlc03_aggressive_anti_player_raider</parent_task_generator_group>
<task_generator_group>dlc05_beastmen_victory_region_wood_elves_1</task_generator_group>
</cai_task_management_system_task_generator_group_overrides>
<cai_task_management_system_task_generator_group_overrides record_uuid="{182f09ac-29da-4d5f-a7c9-a6c8d2749995}" record_timestamp="1480094573466" record_key="dlc05_beastmen_victory_region_wood_elves_2">
<parent_task_generator_group>dlc03_aggressive_anti_player_raider</parent_task_generator_group>
<task_generator_group>dlc05_beastmen_victory_region_wood_elves_2</task_generator_group>
</cai_task_management_system_task_generator_group_overrides>
<cai_task_management_system_task_generator_group_overrides record_uuid="{07b68412-480b-417c-9f69-c35fb5d1456e}" record_timestamp="1480094573467" record_key="dlc05_beastmen_victory_region_wood_elves_3">
<parent_task_generator_group>dlc03_aggressive_anti_player_raider</parent_task_generator_group>
<task_generator_group>dlc05_beastmen_victory_region_wood_elves_3</task_generator_group>
</cai_task_management_system_task_generator_group_overrides>
<cai_task_management_system_task_generator_group_overrides record_uuid="{0e45e8ef-273c-43ff-8d3e-b92bb1664ac0}" record_timestamp="1480094573468" record_key="dlc05_beastmen_victory_region_wood_elves_4">
<parent_task_generator_group>dlc03_aggressive_anti_player_raider</parent_task_generator_group>
<task_generator_group>dlc05_beastmen_victory_region_wood_elves_4</task_generator_group>
</cai_task_management_system_task_generator_group_overrides>
<cai_task_management_system_task_generator_group_overrides record_uuid="{d12e7b00-852f-440d-8271-257069258547}" record_timestamp="1480094573468" record_key="dlc05_brettonia_main_victory_region_wood_elves_1">
<parent_task_generator_group>basic</parent_task_generator_group>
<task_generator_group>dlc05_brettonia_main_victory_region_wood_elves_1</task_generator_group>
</cai_task_management_system_task_generator_group_overrides>
<cai_task_management_system_task_generator_group_overrides record_uuid="{d17c3872-6cf4-41c9-9694-cad713ac1835}" record_timestamp="1480094573469" record_key="dlc05_brettonia_main_victory_region_wood_elves_2">
<parent_task_generator_group>basic</parent_task_generator_group>
<task_generator_group>dlc05_brettonia_main_victory_region_wood_elves_2</task_generator_group>
</cai_task_management_system_task_generator_group_overrides>
<cai_task_management_system_task_generator_group_overrides record_uuid="{3267c4b6-3e6a-46a3-874b-5998b0978f09}" record_timestamp="1480094573471" record_key="dlc05_brettonia_main_victory_region_wood_elves_3">
<parent_task_generator_group>basic</parent_task_generator_group>
<task_generator_group>dlc05_brettonia_main_victory_region_wood_elves_3</task_generator_group>
</cai_task_management_system_task_generator_group_overrides>
<cai_task_management_system_task_generator_group_overrides record_uuid="{6e57abd7-7512-4cfe-a6f8-35307f40a88a}" record_timestamp="1480094573471" record_key="dlc05_brettonia_main_victory_region_wood_elves_4">
<parent_task_generator_group>basic</parent_task_generator_group>
<task_generator_group>dlc05_brettonia_main_victory_region_wood_elves_4</task_generator_group>
</cai_task_management_system_task_generator_group_overrides>
<cai_task_management_system_task_generator_group_overrides record_uuid="{d531b725-be7f-4724-85d6-21c1db63cbfa}" record_timestamp="1480094573472" record_key="dlc05_brettonia_rest_victory_region_wood_elves_1">
<parent_task_generator_group>defensive</parent_task_generator_group>
<task_generator_group>dlc05_brettonia_rest_victory_region_wood_elves_1</task_generator_group>
</cai_task_management_system_task_generator_group_overrides>
<cai_task_management_system_task_generator_group_overrides record_uuid="{a0dee1bd-cc75-4e21-a408-68f22124819d}" record_timestamp="1480094573473" record_key="dlc05_brettonia_rest_victory_region_wood_elves_2">
<parent_task_generator_group>defensive</parent_task_generator_group>
<task_generator_group>dlc05_brettonia_rest_victory_region_wood_elves_2</task_generator_group>
</cai_task_management_system_task_generator_group_overrides>
<cai_task_management_system_task_generator_group_overrides record_uuid="{59174b80-5a68-48e6-9ae6-62598e2fa6a6}" record_timestamp="1480094573473" record_key="dlc05_brettonia_rest_victory_region_wood_elves_3">
<parent_task_generator_group>defensive</parent_task_generator_group>
<task_generator_group>dlc05_brettonia_rest_victory_region_wood_elves_3</task_generator_group>
</cai_task_management_system_task_generator_group_overrides>
<cai_task_management_system_task_generator_group_overrides record_uuid="{114dea74-d581-4e78-8c34-4b0785179d5a}" record_timestamp="1480094573474" record_key="dlc05_brettonia_rest_victory_region_wood_elves_4">
<parent_task_generator_group>defensive</parent_task_generator_group>
<task_generator_group>dlc05_brettonia_rest_victory_region_wood_elves_4</task_generator_group>
</cai_task_management_system_task_generator_group_overrides>
<cai_task_management_system_task_generator_group_overrides record_uuid="{05764477-6691-4115-8ee4-35e122dca97e}" record_timestamp="1476802553312" record_key="dlc06_aggressive_anti_player">
<parent_task_generator_group>aggressive_anti_player</parent_task_generator_group>
<task_generator_group>dlc06_aggressive_anti_player</task_generator_group>
</cai_task_management_system_task_generator_group_overrides>
<cai_task_management_system_task_generator_group_overrides record_uuid="{64fbb836-5082-46b4-abfa-c201d0d7fd58}" record_timestamp="1509468208838" record_key="dlc09_tmb_aggressive">
<parent_task_generator_group></parent_task_generator_group>
<task_generator_group>dlc09_tmb_aggressive</task_generator_group>
</cai_task_management_system_task_generator_group_overrides>
<cai_task_management_system_task_generator_group_overrides record_uuid="{6270becc-a22e-4243-b052-f3e81250cc91}" record_timestamp="1509468208678" record_key="dlc09_tmb_aggressive_late">
<parent_task_generator_group>dlc09_tmb_aggressive</parent_task_generator_group>
<task_generator_group>dlc09_tmb_aggressive_late</task_generator_group>
</cai_task_management_system_task_generator_group_overrides>
<cai_task_management_system_task_generator_group_overrides record_uuid="{56280709-d7fa-4ad0-af0e-ce13a3f79f23}" record_timestamp="1509468208621" record_key="dlc09_tmb_defensive">
<parent_task_generator_group></parent_task_generator_group>
<task_generator_group>dlc09_tmb_defensive</task_generator_group>
</cai_task_management_system_task_generator_group_overrides>
<cai_task_management_system_task_generator_group_overrides record_uuid="{8c87a797-e043-423a-8e6f-59e5d0edbb4d}" record_timestamp="1509468208731" record_key="dlc09_tmb_defensive_late">
<parent_task_generator_group>dlc09_tmb_defensive</parent_task_generator_group>
<task_generator_group>dlc09_tmb_defensive_late</task_generator_group>
</cai_task_management_system_task_generator_group_overrides>
<cai_task_management_system_task_generator_group_overrides record_uuid="{16fe7d5e-e5aa-4b9c-b2e1-e04fc043c277}" record_timestamp="1511362261629" record_key="dlc09_tmb_isolationist">
<parent_task_generator_group></parent_task_generator_group>
<task_generator_group>dlc09_tmb_isolationist</task_generator_group>
</cai_task_management_system_task_generator_group_overrides>
<cai_task_management_system_task_generator_group_overrides record_uuid="{e4977a86-48cd-4c42-829f-5ef16b6c9b71}" record_timestamp="1509468208785" record_key="dlc09_tmb_khalida_late">
<parent_task_generator_group>dlc09_tmb_aggressive</parent_task_generator_group>
<task_generator_group>dlc09_tmb_khalida_late</task_generator_group>
</cai_task_management_system_task_generator_group_overrides>
<cai_task_management_system_task_generator_group_overrides record_uuid="{f8b2cadd-6f1e-4021-b70f-ab758143b7b9}" record_timestamp="1488524465768" record_key="isolationist">
<parent_task_generator_group>defensive</parent_task_generator_group>
<task_generator_group>isolationist</task_generator_group>
</cai_task_management_system_task_generator_group_overrides>
<cai_task_management_system_task_generator_group_overrides record_uuid="{c8dd058a-a272-4ce3-b056-10847235e96e}" record_timestamp="1484737511112" record_key="vortexarmy">
<parent_task_generator_group></parent_task_generator_group>
<task_generator_group>vortexarmy</task_generator_group>
</cai_task_management_system_task_generator_group_overrides>
<cai_task_management_system_task_generator_group_overrides record_uuid="{8fb7cead-b0e9-4b55-b263-11599414cd68}" record_timestamp="1440089020734" record_key="waaagh">
<parent_task_generator_group></parent_task_generator_group>
<task_generator_group>waaagh</task_generator_group>
</cai_task_management_system_task_generator_group_overrides>
</dataroot>
