<?xml version="1.0" encoding="UTF-8"?>
<dataroot xmlns:od="urn:schemas-microsoft-com:officedata" xmlns:xsi="http://www.w3.org/2001/XMLSchema-instance" xsi:noNamespaceSchemaLocation="cai_personality_deal_generation_components.xsd" export_time="Mon Nov 13 17:31:55 2017" revision="13" export_branch="T:/branches/warhammer2/new_tomb/warhammer/binaries.x64" export_user="bob">
<edit_uuid>ed667a08-da06-420c-accb-d0ba41ef877a</edit_uuid>
<cai_personality_deal_generation_components record_uuid="{518f6c91-3026-4266-abf6-d93b63e08513}" record_key="default">
<id>default</id>
</cai_personality_deal_generation_components>
<cai_personality_deal_generation_components record_uuid="{996adae3-7a72-4893-a07a-a38940c4c14c}" record_timestamp="1509440253850" record_key="dlc09_tomb_kings">
<id>dlc09_tomb_kings</id>
</cai_personality_deal_generation_components>
<cai_personality_deal_generation_components record_uuid="{5bbd40b7-2922-469f-87d2-cf53126d7c92}" record_timestamp="1510594314840" record_key="dlc09_tomb_kings_passive">
<id>dlc09_tomb_kings_passive</id>
</cai_personality_deal_generation_components>
<cai_personality_deal_generation_components record_uuid="{cc0f702e-83a3-40e4-8f45-a3abd2c83969}" record_timestamp="1436885876403" record_key="dummy">
<id>dummy</id>
</cai_personality_deal_generation_components>
<cai_personality_deal_generation_components record_uuid="{63be4f46-cded-4f02-b92a-753b7e32bb28}" record_timestamp="1439918576881" record_key="passive">
<id>passive</id>
</cai_personality_deal_generation_components>
<cai_personality_deal_generation_components record_uuid="{693198d3-3b6a-4548-833d-38c5bb0cccbe}" record_timestamp="1439891688086" record_key="schemer">
<id>schemer</id>
</cai_personality_deal_generation_components>
<cai_personality_deal_generation_components record_uuid="{6f51e5ec-c701-4bb2-a10c-c1baddb61faf}" record_timestamp="1439976194451" record_key="subjugator">
<id>subjugator</id>
</cai_personality_deal_generation_components>
</dataroot>
