<?xml version="1.0" encoding="UTF-8"?>
<dataroot xmlns:od="urn:schemas-microsoft-com:officedata" xmlns:xsi="http://www.w3.org/2001/XMLSchema-instance" xsi:noNamespaceSchemaLocation="cai_personalities_technology_research_path_junctions.xsd" export_time="Tue Oct 31 08:57:40 2017" revision="2" export_branch="T:/branches/warhammer2/new_tomb/warhammer/binaries.x64" export_user="bob">
<edit_uuid>ed124f77-fd0e-4d1c-8819-d7dd84a9deb4</edit_uuid>
<cai_personalities_technology_research_path_junctions record_uuid="{4cada4bf-f356-4493-aae2-364474d7e456}" record_timestamp="1509440245286" record_key="dlc09_tmb_defaultdlc09_tmb_1st_dynasty">
<key>dlc09_tmb_default</key>
<path_key>dlc09_tmb_1st_dynasty</path_key>
<priority>1</priority>
</cai_personalities_technology_research_path_junctions>
<cai_personalities_technology_research_path_junctions record_uuid="{7d430b8d-94d5-47f0-94e4-971c72b92597}" record_timestamp="1509440243480" record_key="dlc09_tmb_defaultdlc09_tmb_2nd_dynasty">
<key>dlc09_tmb_default</key>
<path_key>dlc09_tmb_2nd_dynasty</path_key>
<priority>1</priority>
</cai_personalities_technology_research_path_junctions>
<cai_personalities_technology_research_path_junctions record_uuid="{f7e9a503-5602-4fd4-af7d-02f5ff5ce548}" record_timestamp="1509440245337" record_key="dlc09_tmb_defaultdlc09_tmb_3rd_dynasty">
<key>dlc09_tmb_default</key>
<path_key>dlc09_tmb_3rd_dynasty</path_key>
<priority>1</priority>
</cai_personalities_technology_research_path_junctions>
<cai_personalities_technology_research_path_junctions record_uuid="{e80e2e05-4596-4ff6-8d8a-f5ec9ce56192}" record_timestamp="1509440243694" record_key="dlc09_tmb_defaultdlc09_tmb_4th_dynasty">
<key>dlc09_tmb_default</key>
<path_key>dlc09_tmb_4th_dynasty</path_key>
<priority>1</priority>
</cai_personalities_technology_research_path_junctions>
<cai_personalities_technology_research_path_junctions record_uuid="{a05c02b2-c154-4aa5-b1e3-98978148778a}" record_timestamp="1509440243585" record_key="dlc09_tmb_defaultdlc09_tmb_5th_dynasty">
<key>dlc09_tmb_default</key>
<path_key>dlc09_tmb_5th_dynasty</path_key>
<priority>1</priority>
</cai_personalities_technology_research_path_junctions>
<cai_personalities_technology_research_path_junctions record_uuid="{c7a6bda1-1e35-423c-939c-4000d6394cba}" record_timestamp="1509440243910" record_key="dlc09_tmb_defaultdlc09_tmb_6th_dynasty">
<key>dlc09_tmb_default</key>
<path_key>dlc09_tmb_6th_dynasty</path_key>
<priority>1</priority>
</cai_personalities_technology_research_path_junctions>
<cai_personalities_technology_research_path_junctions record_uuid="{1bc8bd1d-15e3-4f53-903e-ed6346bc4f8a}" record_timestamp="1509440243799" record_key="dlc09_tmb_defaultdlc09_tmb_final_dynasty">
<key>dlc09_tmb_default</key>
<path_key>dlc09_tmb_final_dynasty</path_key>
<priority>1</priority>
</cai_personalities_technology_research_path_junctions>
<cai_personalities_technology_research_path_junctions record_uuid="{70eaac00-2444-464e-9e65-17d8cafc2ee6}" record_timestamp="1509440244392" record_key="dlc09_tmb_exiles_of_nehekdlc09_tmb_1st_dynasty">
<key>dlc09_tmb_exiles_of_nehek</key>
<path_key>dlc09_tmb_1st_dynasty</path_key>
<priority>1</priority>
</cai_personalities_technology_research_path_junctions>
<cai_personalities_technology_research_path_junctions record_uuid="{5d8b5bfa-6404-42a3-85e0-91fc3cfa5e0b}" record_timestamp="1509440244553" record_key="dlc09_tmb_exiles_of_nehekdlc09_tmb_2nd_dynasty">
<key>dlc09_tmb_exiles_of_nehek</key>
<path_key>dlc09_tmb_2nd_dynasty</path_key>
<priority>1</priority>
</cai_personalities_technology_research_path_junctions>
<cai_personalities_technology_research_path_junctions record_uuid="{157bb723-3cc4-4b95-9524-752adbce6078}" record_timestamp="1509440244500" record_key="dlc09_tmb_exiles_of_nehekdlc09_tmb_3rd_dynasty">
<key>dlc09_tmb_exiles_of_nehek</key>
<path_key>dlc09_tmb_3rd_dynasty</path_key>
<priority>1</priority>
</cai_personalities_technology_research_path_junctions>
<cai_personalities_technology_research_path_junctions record_uuid="{c463c771-24c5-4639-a2bb-dc7a2fb65fe7}" record_timestamp="1509440244660" record_key="dlc09_tmb_exiles_of_nehekdlc09_tmb_4th_dynasty">
<key>dlc09_tmb_exiles_of_nehek</key>
<path_key>dlc09_tmb_4th_dynasty</path_key>
<priority>1</priority>
</cai_personalities_technology_research_path_junctions>
<cai_personalities_technology_research_path_junctions record_uuid="{cab14bf1-a56a-4776-92b8-48e75b9f222f}" record_timestamp="1509440244606" record_key="dlc09_tmb_exiles_of_nehekdlc09_tmb_5th_dynasty">
<key>dlc09_tmb_exiles_of_nehek</key>
<path_key>dlc09_tmb_5th_dynasty</path_key>
<priority>1</priority>
</cai_personalities_technology_research_path_junctions>
<cai_personalities_technology_research_path_junctions record_uuid="{347684f0-878c-456f-aa77-36f31f8fc569}" record_timestamp="1509440244765" record_key="dlc09_tmb_exiles_of_nehekdlc09_tmb_6th_dynasty">
<key>dlc09_tmb_exiles_of_nehek</key>
<path_key>dlc09_tmb_6th_dynasty</path_key>
<priority>1</priority>
</cai_personalities_technology_research_path_junctions>
<cai_personalities_technology_research_path_junctions record_uuid="{85027713-9762-4540-bd03-3f361f637b4c}" record_timestamp="1509440244712" record_key="dlc09_tmb_exiles_of_nehekdlc09_tmb_final_dynasty">
<key>dlc09_tmb_exiles_of_nehek</key>
<path_key>dlc09_tmb_final_dynasty</path_key>
<priority>1</priority>
</cai_personalities_technology_research_path_junctions>
<cai_personalities_technology_research_path_junctions record_uuid="{f357e832-4fcc-4875-a641-993a34e8192a}" record_timestamp="1509440245176" record_key="dlc09_tmb_followers_of_nagashdlc09_tmb_1st_dynasty">
<key>dlc09_tmb_followers_of_nagash</key>
<path_key>dlc09_tmb_1st_dynasty</path_key>
<priority>1</priority>
</cai_personalities_technology_research_path_junctions>
<cai_personalities_technology_research_path_junctions record_uuid="{1c62ce59-33f7-4bfd-9363-748c76164174}" record_timestamp="1509440243637" record_key="dlc09_tmb_followers_of_nagashdlc09_tmb_2nd_dynasty">
<key>dlc09_tmb_followers_of_nagash</key>
<path_key>dlc09_tmb_2nd_dynasty</path_key>
<priority>1</priority>
</cai_personalities_technology_research_path_junctions>
<cai_personalities_technology_research_path_junctions record_uuid="{d11a4d90-57df-4d9c-a66a-6b8eaae3b9a8}" record_timestamp="1509440243532" record_key="dlc09_tmb_followers_of_nagashdlc09_tmb_3rd_dynasty">
<key>dlc09_tmb_followers_of_nagash</key>
<path_key>dlc09_tmb_3rd_dynasty</path_key>
<priority>1</priority>
</cai_personalities_technology_research_path_junctions>
<cai_personalities_technology_research_path_junctions record_uuid="{5809341b-f8a8-4fef-9446-4c317b991f4e}" record_timestamp="1509440243855" record_key="dlc09_tmb_followers_of_nagashdlc09_tmb_4th_dynasty">
<key>dlc09_tmb_followers_of_nagash</key>
<path_key>dlc09_tmb_4th_dynasty</path_key>
<priority>1</priority>
</cai_personalities_technology_research_path_junctions>
<cai_personalities_technology_research_path_junctions record_uuid="{38456d22-d92f-48c1-979c-e8a83e155108}" record_timestamp="1509440243746" record_key="dlc09_tmb_followers_of_nagashdlc09_tmb_5th_dynasty">
<key>dlc09_tmb_followers_of_nagash</key>
<path_key>dlc09_tmb_5th_dynasty</path_key>
<priority>1</priority>
</cai_personalities_technology_research_path_junctions>
<cai_personalities_technology_research_path_junctions record_uuid="{f27050c5-6564-4cbf-b482-aac5bfa660d4}" record_timestamp="1509440244070" record_key="dlc09_tmb_followers_of_nagashdlc09_tmb_6th_dynasty">
<key>dlc09_tmb_followers_of_nagash</key>
<path_key>dlc09_tmb_6th_dynasty</path_key>
<priority>1</priority>
</cai_personalities_technology_research_path_junctions>
<cai_personalities_technology_research_path_junctions record_uuid="{607c2259-4298-4731-a5f0-852f3729ded1}" record_timestamp="1509440243963" record_key="dlc09_tmb_followers_of_nagashdlc09_tmb_final_dynasty">
<key>dlc09_tmb_followers_of_nagash</key>
<path_key>dlc09_tmb_final_dynasty</path_key>
<priority>1</priority>
</cai_personalities_technology_research_path_junctions>
<cai_personalities_technology_research_path_junctions record_uuid="{4312f8db-6968-4b92-a853-45447b462b4b}" record_timestamp="1509440244121" record_key="dlc09_tmb_khemridlc09_tmb_1st_dynasty">
<key>dlc09_tmb_khemri</key>
<path_key>dlc09_tmb_1st_dynasty</path_key>
<priority>10</priority>
</cai_personalities_technology_research_path_junctions>
<cai_personalities_technology_research_path_junctions record_uuid="{0d370b53-c9e2-4994-9be9-e86699debf0e}" record_timestamp="1509440244015" record_key="dlc09_tmb_khemridlc09_tmb_2nd_dynasty">
<key>dlc09_tmb_khemri</key>
<path_key>dlc09_tmb_2nd_dynasty</path_key>
<priority>5</priority>
</cai_personalities_technology_research_path_junctions>
<cai_personalities_technology_research_path_junctions record_uuid="{48b0c57a-099f-44c0-8122-6a2b477b0d7a}" record_timestamp="1509440244228" record_key="dlc09_tmb_khemridlc09_tmb_3rd_dynasty">
<key>dlc09_tmb_khemri</key>
<path_key>dlc09_tmb_3rd_dynasty</path_key>
<priority>1</priority>
</cai_personalities_technology_research_path_junctions>
<cai_personalities_technology_research_path_junctions record_uuid="{b9f5a766-24a6-4ceb-bb8e-547097d75edd}" record_timestamp="1509440244176" record_key="dlc09_tmb_khemridlc09_tmb_4th_dynasty">
<key>dlc09_tmb_khemri</key>
<path_key>dlc09_tmb_4th_dynasty</path_key>
<priority>1</priority>
</cai_personalities_technology_research_path_junctions>
<cai_personalities_technology_research_path_junctions record_uuid="{ab6b789c-2308-4b24-be18-de9c7ed167f3}" record_timestamp="1509440244335" record_key="dlc09_tmb_khemridlc09_tmb_5th_dynasty">
<key>dlc09_tmb_khemri</key>
<path_key>dlc09_tmb_5th_dynasty</path_key>
<priority>1</priority>
</cai_personalities_technology_research_path_junctions>
<cai_personalities_technology_research_path_junctions record_uuid="{2323be16-37bb-4ac3-8683-99a11110c991}" record_timestamp="1509440244282" record_key="dlc09_tmb_khemridlc09_tmb_6th_dynasty">
<key>dlc09_tmb_khemri</key>
<path_key>dlc09_tmb_6th_dynasty</path_key>
<priority>1</priority>
</cai_personalities_technology_research_path_junctions>
<cai_personalities_technology_research_path_junctions record_uuid="{adcc9b63-4121-4310-8ba0-a336aa41a24e}" record_timestamp="1509440244446" record_key="dlc09_tmb_khemridlc09_tmb_final_dynasty">
<key>dlc09_tmb_khemri</key>
<path_key>dlc09_tmb_final_dynasty</path_key>
<priority>10</priority>
</cai_personalities_technology_research_path_junctions>
<cai_personalities_technology_research_path_junctions record_uuid="{ff8fa357-011c-462f-9bef-0e43b903e869}" record_timestamp="1509440244882" record_key="dlc09_tmb_lybarasdlc09_tmb_1st_dynasty">
<key>dlc09_tmb_lybaras</key>
<path_key>dlc09_tmb_1st_dynasty</path_key>
<priority>1</priority>
</cai_personalities_technology_research_path_junctions>
<cai_personalities_technology_research_path_junctions record_uuid="{4e60cc0e-d18e-447e-b2c9-be9d9bdfb338}" record_timestamp="1509440244818" record_key="dlc09_tmb_lybarasdlc09_tmb_2nd_dynasty">
<key>dlc09_tmb_lybaras</key>
<path_key>dlc09_tmb_2nd_dynasty</path_key>
<priority>1</priority>
</cai_personalities_technology_research_path_junctions>
<cai_personalities_technology_research_path_junctions record_uuid="{596580a1-8aab-402b-8cce-918d05c64101}" record_timestamp="1509440244997" record_key="dlc09_tmb_lybarasdlc09_tmb_3rd_dynasty">
<key>dlc09_tmb_lybaras</key>
<path_key>dlc09_tmb_3rd_dynasty</path_key>
<priority>1</priority>
</cai_personalities_technology_research_path_junctions>
<cai_personalities_technology_research_path_junctions record_uuid="{4b737e86-4190-4570-990a-ee6d43067942}" record_timestamp="1509440244936" record_key="dlc09_tmb_lybarasdlc09_tmb_4th_dynasty">
<key>dlc09_tmb_lybaras</key>
<path_key>dlc09_tmb_4th_dynasty</path_key>
<priority>1</priority>
</cai_personalities_technology_research_path_junctions>
<cai_personalities_technology_research_path_junctions record_uuid="{749cd3cb-cb02-4378-86ae-e7be78f4129c}" record_timestamp="1509440245118" record_key="dlc09_tmb_lybarasdlc09_tmb_5th_dynasty">
<key>dlc09_tmb_lybaras</key>
<path_key>dlc09_tmb_5th_dynasty</path_key>
<priority>1</priority>
</cai_personalities_technology_research_path_junctions>
<cai_personalities_technology_research_path_junctions record_uuid="{e1d7fe7f-5059-4cac-ac0f-89a93831a557}" record_timestamp="1509440245052" record_key="dlc09_tmb_lybarasdlc09_tmb_6th_dynasty">
<key>dlc09_tmb_lybaras</key>
<path_key>dlc09_tmb_6th_dynasty</path_key>
<priority>1</priority>
</cai_personalities_technology_research_path_junctions>
<cai_personalities_technology_research_path_junctions record_uuid="{8731ff42-49b2-4fb6-8c5c-3fce659f6718}" record_timestamp="1509440245231" record_key="dlc09_tmb_lybarasdlc09_tmb_final_dynasty">
<key>dlc09_tmb_lybaras</key>
<path_key>dlc09_tmb_final_dynasty</path_key>
<priority>1</priority>
</cai_personalities_technology_research_path_junctions>
<cai_personalities_technology_research_path_junctions record_uuid="{2b752149-6b7a-4e24-8fbb-e12b05f71427}" record_timestamp="1453459322255" record_key="research_defaultpath_low">
<key>research_default</key>
<path_key>path_low</path_key>
<priority>5</priority>
</cai_personalities_technology_research_path_junctions>
<cai_personalities_technology_research_path_junctions record_uuid="{946471da-6e6e-4c45-8d79-9de28a1ba853}" record_timestamp="1453459318951" record_key="research_high_managerpath_standard">
<key>research_high_manager</key>
<path_key>path_standard</path_key>
<priority>1</priority>
</cai_personalities_technology_research_path_junctions>
<cai_personalities_technology_research_path_junctions record_uuid="{4de0727c-61a6-45d6-b5d1-39c7c82d9db7}" record_timestamp="1453459319043" record_key="research_warpath_standard">
<key>research_war</key>
<path_key>path_standard</path_key>
<priority>5</priority>
</cai_personalities_technology_research_path_junctions>
</dataroot>
