<?xml version="1.0" encoding="UTF-8"?>
<dataroot xmlns:od="urn:schemas-microsoft-com:officedata" xmlns:xsi="http://www.w3.org/2001/XMLSchema-instance" xsi:noNamespaceSchemaLocation="cai_ritual_check_types.xsd" export_time="Thu Feb 2 10:53:32 2017" revision="2" export_branch="T:/branches/warhammer2/dev/warhammer/binaries.x64" export_user="bob">
<edit_uuid>c244081b-88c9-47fb-b5d6-2f9f6ff32ea4</edit_uuid>
<cai_ritual_check_types record_uuid="{baec2ab1-e6dc-47ef-84ed-0d0eb3ee8cb2}" record_timestamp="1482228451290" record_key="cai_ritual_check_bonused_available_units">
<key>cai_ritual_check_bonused_available_units</key>
</cai_ritual_check_types>
<cai_ritual_check_types record_uuid="{e13034ad-fe4f-4b9a-b7ca-a48ec4121179}" record_timestamp="1482228451268" record_key="cai_ritual_check_corruption">
<key>cai_ritual_check_corruption</key>
</cai_ritual_check_types>
<cai_ritual_check_types record_uuid="{f176de74-9667-479f-b1ee-2cd0ad96af2a}" record_timestamp="1482228451291" record_key="cai_ritual_check_free_army_upkeep">
<key>cai_ritual_check_free_army_upkeep</key>
</cai_ritual_check_types>
<cai_ritual_check_types record_uuid="{5eeb04b9-edf3-4894-87ba-476d8f0566f1}" record_timestamp="1482228451290" record_key="cai_ritual_check_have_bonused_characters">
<key>cai_ritual_check_have_bonused_characters</key>
</cai_ritual_check_types>
<cai_ritual_check_types record_uuid="{64fe9442-c921-4add-a48b-34b8aa82dbdf}" record_timestamp="1482228451267" record_key="cai_ritual_check_if_have_one_agent">
<key>cai_ritual_check_if_have_one_agent</key>
</cai_ritual_check_types>
<cai_ritual_check_types record_uuid="{51c822fc-0ad2-4bd6-8f1d-1ed7a2a34e2b}" record_timestamp="1482228451293" record_key="cai_ritual_check_if_have_one_port_settlement">
<key>cai_ritual_check_if_have_one_port_settlement</key>
</cai_ritual_check_types>
<cai_ritual_check_types record_uuid="{1c978d90-6a34-488b-92ca-fc74480f34a7}" record_timestamp="1486032812256" record_key="cai_ritual_check_if_have_one_port_settlement_and_no_black_ark_in_recruitment_pool">
<key>cai_ritual_check_if_have_one_port_settlement_and_no_black_ark_in_recruitment_pool</key>
</cai_ritual_check_types>
<cai_ritual_check_types record_uuid="{a09b65f3-26be-4edd-8906-c0080f84bbf4}" record_timestamp="1482228451294" record_key="cai_ritual_check_if_one_enemy_army_present_in_regions">
<key>cai_ritual_check_if_one_enemy_army_present_in_regions</key>
</cai_ritual_check_types>
<cai_ritual_check_types record_uuid="{48a7105f-8b1c-4595-9fc7-64d267fd4e9a}" record_timestamp="1482228451268" record_key="cai_ritual_check_is_not_needed">
<key>cai_ritual_check_is_not_needed</key>
</cai_ritual_check_types>
</dataroot>
