<?xml version="1.0" encoding="UTF-8"?>
<dataroot xmlns:od="urn:schemas-microsoft-com:officedata" xmlns:xsi="http://www.w3.org/2001/XMLSchema-instance" xsi:noNamespaceSchemaLocation="cai_construction_system_synergy_scopes.xsd" export_time="Thu May 11 17:07:40 2017" revision="1" export_branch="T:/branches/warhammer2/dev/warhammer/binaries.x64" export_user="bob">
<edit_uuid>cadeb318-2a93-41c9-8554-3a9b6415551f</edit_uuid>
<cai_construction_system_synergy_scopes record_uuid="{f4067f83-7bfc-44ea-ac98-71a22de42a1f}" record_timestamp="1494518858411" record_key="CAI_SYNERGY_SCOPE_PROVINCEWIDE">
<key>CAI_SYNERGY_SCOPE_PROVINCEWIDE</key>
</cai_construction_system_synergy_scopes>
<cai_construction_system_synergy_scopes record_uuid="{d0e96f89-80f4-432c-ae2b-74d2c5aca908}" record_timestamp="1494518858411" record_key="CAI_SYNERGY_SCOPE_REGIONWIDE">
<key>CAI_SYNERGY_SCOPE_REGIONWIDE</key>
</cai_construction_system_synergy_scopes>
</dataroot>
