<?xml version="1.0" encoding="UTF-8"?>
<dataroot xmlns:od="urn:schemas-microsoft-com:officedata" xmlns:xsi="http://www.w3.org/2001/XMLSchema-instance" xsi:noNamespaceSchemaLocation="campaign_group_member_criteria_originating_subcultures.xsd" export_time="Wed Dec 13 10:43:10 2017" revision="49" export_branch="T:/branches/warhammer2/new_tomb/warhammer/binaries.x64" export_user="bob">
<edit_uuid>5216efac-c998-465f-8025-eb1dbffbf46a</edit_uuid>
<campaign_group_member_criteria_originating_subcultures record_uuid="{adf00ea6-47b2-4908-8fc2-9ab77f5dbf8c}" record_timestamp="1499266659803" record_key="diplomacy_CultureGroup_Rogue_GRN_Faction_Beastcatchas">
<member>diplomacy_CultureGroup_Rogue_GRN_Faction_Beastcatchas</member>
<subculture>wh2_main_rogue_beastcatchas</subculture>
</campaign_group_member_criteria_originating_subcultures>
<campaign_group_member_criteria_originating_subcultures record_uuid="{b6b3cde4-64ee-4fb7-b7cb-c15af8f66f48}" record_timestamp="1499266659720" record_key="diplomacy_CultureGroup_Rogue_GRN_Faction_BlackSpiderTribe">
<member>diplomacy_CultureGroup_Rogue_GRN_Faction_BlackSpiderTribe</member>
<subculture>wh2_main_rogue_black_spider_tribe</subculture>
</campaign_group_member_criteria_originating_subcultures>
<campaign_group_member_criteria_originating_subcultures record_uuid="{d66e6d28-9abb-491a-b651-22a014e96977}" record_timestamp="1499266659291" record_key="diplomacy_CultureGroup_Rogue_GRN_Faction_MangyHoundz">
<member>diplomacy_CultureGroup_Rogue_GRN_Faction_MangyHoundz</member>
<subculture>wh2_main_rogue_mangy_houndz</subculture>
</campaign_group_member_criteria_originating_subcultures>
<campaign_group_member_criteria_originating_subcultures record_uuid="{adce5b2a-33f0-46ea-8208-1cfde811089f}" record_timestamp="1499266660555" record_key="diplomacy_CultureGroup_Rogue_GRN_Faction_StuffSnatchers">
<member>diplomacy_CultureGroup_Rogue_GRN_Faction_StuffSnatchers</member>
<subculture>wh2_main_rogue_stuff_snatchers</subculture>
</campaign_group_member_criteria_originating_subcultures>
<campaign_group_member_criteria_originating_subcultures record_uuid="{933ee7e6-f479-482d-b671-1825f410c78d}" record_timestamp="1499266660145" record_key="diplomacy_CultureGroup_Rogue_GRN_Faction_TeefSnatchaz">
<member>diplomacy_CultureGroup_Rogue_GRN_Faction_TeefSnatchaz</member>
<subculture>wh2_main_rogue_teef_snatchaz</subculture>
</campaign_group_member_criteria_originating_subcultures>
<campaign_group_member_criteria_originating_subcultures record_uuid="{0fb6c4fb-fd1e-4851-ac65-53e496318961}" record_timestamp="1499266660059" record_key="diplomacy_CultureGroup_Rogue_WEF_Faction_WorldrootRangers">
<member>diplomacy_CultureGroup_Rogue_WEF_Faction_WorldrootRangers</member>
<subculture>wh2_main_rogue_worldroot_rangers</subculture>
</campaign_group_member_criteria_originating_subcultures>
<campaign_group_member_criteria_originating_subcultures record_uuid="{d0607baf-2899-49e0-b8e8-e10ba2a69cac}" record_timestamp="1499266658949" record_key="diplomacy_CultureGroup_Rogue_WEF_Faction_WrathofNature">
<member>diplomacy_CultureGroup_Rogue_WEF_Faction_WrathofNature</member>
<subculture>wh2_main_rogue_wrath_of_nature</subculture>
</campaign_group_member_criteria_originating_subcultures>
<campaign_group_member_criteria_originating_subcultures record_uuid="{67dbd5f5-ceb5-4dc2-95c0-d4246690c60a}" record_timestamp="1489771219906" record_key="diplomacy_FactionGroup_DE_Dreadlord2_Faction_CultofExcess">
<member>diplomacy_FactionGroup_DE_Dreadlord2_Faction_CultofExcess</member>
<subculture>wh2_main_sc_def_dark_elves</subculture>
</campaign_group_member_criteria_originating_subcultures>
<campaign_group_member_criteria_originating_subcultures record_uuid="{dacc1bbc-0156-4807-a3b3-b2805d726319}" record_timestamp="1489771217932" record_key="diplomacy_FactionGroup_DE_Dreadlord2_Faction_DracklaCoven">
<member>diplomacy_FactionGroup_DE_Dreadlord2_Faction_DracklaCoven</member>
<subculture>wh2_main_sc_def_dark_elves</subculture>
</campaign_group_member_criteria_originating_subcultures>
<campaign_group_member_criteria_originating_subcultures record_uuid="{9d649a13-e01a-417e-a133-e731d2a338db}" record_timestamp="1489771219730" record_key="diplomacy_FactionGroup_DE_Dreadlord2_Faction_HarGaneth">
<member>diplomacy_FactionGroup_DE_Dreadlord2_Faction_HarGaneth</member>
<subculture>wh2_main_sc_def_dark_elves</subculture>
</campaign_group_member_criteria_originating_subcultures>
<campaign_group_member_criteria_originating_subcultures record_uuid="{5d9a3e90-c3f6-4cec-960f-a30ff9f35fa1}" record_timestamp="1489771219844" record_key="diplomacy_FactionGroup_DE_DreadlordFemale_Faction_ClarKarond">
<member>diplomacy_FactionGroup_DE_DreadlordFemale_Faction_ClarKarond</member>
<subculture>wh2_main_sc_def_dark_elves</subculture>
</campaign_group_member_criteria_originating_subcultures>
<campaign_group_member_criteria_originating_subcultures record_uuid="{1d0a1880-2e2c-46e9-a7b4-921cce21ad26}" record_timestamp="1489771219517" record_key="diplomacy_FactionGroup_DE_DreadlordFemale_Faction_HagGraef">
<member>diplomacy_FactionGroup_DE_DreadlordFemale_Faction_HagGraef</member>
<subculture>wh2_main_sc_def_dark_elves</subculture>
</campaign_group_member_criteria_originating_subcultures>
<campaign_group_member_criteria_originating_subcultures record_uuid="{a6e1a773-1133-45aa-9c4a-d8901a21385b}" record_timestamp="1489771219016" record_key="diplomacy_FactionGroup_DE_DreadlordFemale_Faction_KarondKar">
<member>diplomacy_FactionGroup_DE_DreadlordFemale_Faction_KarondKar</member>
<subculture>wh2_main_sc_def_dark_elves</subculture>
</campaign_group_member_criteria_originating_subcultures>
<campaign_group_member_criteria_originating_subcultures record_uuid="{6ce1d266-02f4-4ec2-97c6-365c07467306}" record_timestamp="1489771219273" record_key="diplomacy_FactionGroup_DE_DreadlordFemale_Faction_SsildraTor">
<member>diplomacy_FactionGroup_DE_DreadlordFemale_Faction_SsildraTor</member>
<subculture>wh2_main_sc_def_dark_elves</subculture>
</campaign_group_member_criteria_originating_subcultures>
<campaign_group_member_criteria_originating_subcultures record_uuid="{be3f9237-0bdc-47fa-8e4c-05cd062a2512}" record_timestamp="1489771218809" record_key="diplomacy_FactionGroup_DE_DreadlordFemale_Faction_TheForgebound">
<member>diplomacy_FactionGroup_DE_DreadlordFemale_Faction_TheForgebound</member>
<subculture>wh2_main_sc_def_dark_elves</subculture>
</campaign_group_member_criteria_originating_subcultures>
<campaign_group_member_criteria_originating_subcultures record_uuid="{4b79f644-dd17-40d9-a4dd-6cb3cbd30d51}" record_timestamp="1491844062731" record_key="diplomacy_FactionGroup_HE_Prince2_Faction_Chrace">
<member>diplomacy_FactionGroup_HE_Prince2_Faction_Chrace</member>
<subculture>wh2_main_sc_hef_high_elves</subculture>
</campaign_group_member_criteria_originating_subcultures>
<campaign_group_member_criteria_originating_subcultures record_uuid="{776cf2fc-d0d7-42de-ad5f-718e15e699c4}" record_timestamp="1491844056401" record_key="diplomacy_FactionGroup_HE_Prince2_Faction_CitadelofDusk">
<member>diplomacy_FactionGroup_HE_Prince2_Faction_CitadelofDusk</member>
<subculture>wh2_main_sc_hef_high_elves</subculture>
</campaign_group_member_criteria_originating_subcultures>
<campaign_group_member_criteria_originating_subcultures record_uuid="{d94bd858-9be4-4627-988b-88a71524d2b9}" record_timestamp="1491844059376" record_key="diplomacy_FactionGroup_HE_Prince2_Faction_Ellyrion">
<member>diplomacy_FactionGroup_HE_Prince2_Faction_Ellyrion</member>
<subculture>wh2_main_sc_hef_high_elves</subculture>
</campaign_group_member_criteria_originating_subcultures>
<campaign_group_member_criteria_originating_subcultures record_uuid="{b52a24d9-96c6-4a9b-be0f-69d022d186e1}" record_timestamp="1489771218508" record_key="diplomacy_FactionGroup_HE_Princess_Faction_Cothique">
<member>diplomacy_FactionGroup_HE_Princess_Faction_Cothique</member>
<subculture>wh2_main_sc_hef_high_elves</subculture>
</campaign_group_member_criteria_originating_subcultures>
<campaign_group_member_criteria_originating_subcultures record_uuid="{57f538e3-fe7d-4618-9638-8cdd649559d4}" record_timestamp="1489771218649" record_key="diplomacy_FactionGroup_HE_Princess_Faction_Nagarythe">
<member>diplomacy_FactionGroup_HE_Princess_Faction_Nagarythe</member>
<subculture>wh2_main_sc_hef_high_elves</subculture>
</campaign_group_member_criteria_originating_subcultures>
<campaign_group_member_criteria_originating_subcultures record_uuid="{94752b6a-2c04-48e0-8d66-e6eb16382eda}" record_timestamp="1489771218202" record_key="diplomacy_FactionGroup_HE_Princess_Faction_Saphery">
<member>diplomacy_FactionGroup_HE_Princess_Faction_Saphery</member>
<subculture>wh2_main_sc_hef_high_elves</subculture>
</campaign_group_member_criteria_originating_subcultures>
<campaign_group_member_criteria_originating_subcultures record_uuid="{910ed594-763c-4a37-be07-28537cb91a6b}" record_timestamp="1489771218450" record_key="diplomacy_FactionGroup_HE_Princess_Faction_Tiranoc">
<member>diplomacy_FactionGroup_HE_Princess_Faction_Tiranoc</member>
<subculture>wh2_main_sc_hef_high_elves</subculture>
</campaign_group_member_criteria_originating_subcultures>
<campaign_group_member_criteria_originating_subcultures record_uuid="{79d191b9-bce5-4e98-a957-9e831ffbfbea}" record_timestamp="1489771211788" record_key="diplomacy_FactionGroup_LZD_Saurus1_Faction_Itza">
<member>diplomacy_FactionGroup_LZD_Saurus1_Faction_Itza</member>
<subculture>wh2_main_sc_lzd_lizardmen</subculture>
</campaign_group_member_criteria_originating_subcultures>
<campaign_group_member_criteria_originating_subcultures record_uuid="{6ec52358-091b-4443-ad43-884638ff862c}" record_timestamp="1489771210547" record_key="diplomacy_FactionGroup_LZD_Saurus1_Faction_SouthernSentinels">
<member>diplomacy_FactionGroup_LZD_Saurus1_Faction_SouthernSentinels</member>
<subculture>wh2_main_sc_lzd_lizardmen</subculture>
</campaign_group_member_criteria_originating_subcultures>
<campaign_group_member_criteria_originating_subcultures record_uuid="{83001581-19de-4c66-af35-0d54e0eac5c4}" record_timestamp="1489771210525" record_key="diplomacy_FactionGroup_LZD_Saurus2_Faction_Tlaqua">
<member>diplomacy_FactionGroup_LZD_Saurus2_Faction_Tlaqua</member>
<subculture>wh2_main_sc_lzd_lizardmen</subculture>
</campaign_group_member_criteria_originating_subcultures>
<campaign_group_member_criteria_originating_subcultures record_uuid="{17b2f9e4-003f-4082-bd9c-aa98211f2203}" record_timestamp="1489771210810" record_key="diplomacy_FactionGroup_LZD_Saurus2_Faction_Xlanhuapec">
<member>diplomacy_FactionGroup_LZD_Saurus2_Faction_Xlanhuapec</member>
<subculture>wh2_main_sc_lzd_lizardmen</subculture>
</campaign_group_member_criteria_originating_subcultures>
<campaign_group_member_criteria_originating_subcultures record_uuid="{45d08d0c-0b52-49fb-8ca2-f4e1689f1337}" record_timestamp="1489771228944" record_key="diplomacy_FactionGroup_LZD_SlannPriest1_Faction_SentinelsofXeti">
<member>diplomacy_FactionGroup_LZD_SlannPriest1_Faction_SentinelsofXeti</member>
<subculture>wh2_main_sc_lzd_lizardmen</subculture>
</campaign_group_member_criteria_originating_subcultures>
<campaign_group_member_criteria_originating_subcultures record_uuid="{c52ec93f-6234-41ca-bf48-38a573c185b0}" record_timestamp="1489771228959" record_key="diplomacy_FactionGroup_LZD_SlannPriest1_Faction_Teotiqua">
<member>diplomacy_FactionGroup_LZD_SlannPriest1_Faction_Teotiqua</member>
<subculture>wh2_main_sc_lzd_lizardmen</subculture>
</campaign_group_member_criteria_originating_subcultures>
<campaign_group_member_criteria_originating_subcultures record_uuid="{374ec7fb-e709-43f7-aa61-1624fae3ec31}" record_timestamp="1489771228973" record_key="diplomacy_FactionGroup_LZD_SlannPriest2_Faction_Tlaxtlan">
<member>diplomacy_FactionGroup_LZD_SlannPriest2_Faction_Tlaxtlan</member>
<subculture>wh2_main_sc_lzd_lizardmen</subculture>
</campaign_group_member_criteria_originating_subcultures>
<campaign_group_member_criteria_originating_subcultures record_uuid="{069eaf93-d102-4e1f-a58f-b2e72420a674}" record_timestamp="1489771228990" record_key="diplomacy_FactionGroup_LZD_SlannPriest2_Faction_Zlatan">
<member>diplomacy_FactionGroup_LZD_SlannPriest2_Faction_Zlatan</member>
<subculture>wh2_main_sc_lzd_lizardmen</subculture>
</campaign_group_member_criteria_originating_subcultures>
<campaign_group_member_criteria_originating_subcultures record_uuid="{205b2f9a-c61e-4de2-a825-f38a50510efa}" record_timestamp="1489771211479" record_key="diplomacy_FactionGroup_SKV_GreySeer_Faction_ClanMoulder">
<member>diplomacy_FactionGroup_SKV_GreySeer_Faction_ClanMoulder</member>
<subculture>wh2_main_sc_skv_skaven</subculture>
</campaign_group_member_criteria_originating_subcultures>
<campaign_group_member_criteria_originating_subcultures record_uuid="{e5363fee-f0af-4954-9da9-270b1fcbc253}" record_timestamp="1489771211670" record_key="diplomacy_FactionGroup_SKV_GreySeer_Faction_ClanSkyre">
<member>diplomacy_FactionGroup_SKV_GreySeer_Faction_ClanSkyre</member>
<subculture>wh2_main_sc_skv_skaven</subculture>
</campaign_group_member_criteria_originating_subcultures>
<campaign_group_member_criteria_originating_subcultures record_uuid="{24ac110d-3c18-47a6-aeb5-02c6e425a071}" record_timestamp="1489771211539" record_key="diplomacy_FactionGroup_SKV_Warlord_Faction_ClanEshin">
<member>diplomacy_FactionGroup_SKV_Warlord_Faction_ClanEshin</member>
<subculture>wh2_main_sc_skv_skaven</subculture>
</campaign_group_member_criteria_originating_subcultures>
<campaign_group_member_criteria_originating_subcultures record_uuid="{e771025f-4b0c-469a-b7bf-3342e1b68778}" record_timestamp="1489771211053" record_key="diplomacy_FactionGroup_SKV_Warlord_Faction_ClanGnaw">
<member>diplomacy_FactionGroup_SKV_Warlord_Faction_ClanGnaw</member>
<subculture>wh2_main_sc_skv_skaven</subculture>
</campaign_group_member_criteria_originating_subcultures>
<campaign_group_member_criteria_originating_subcultures record_uuid="{39c10e76-821a-48ce-b537-123fb62387aa}" record_timestamp="1490691166002" record_key="diplomacy_FactionGroup_SKV_Warlord_Faction_ClanMordkin">
<member>diplomacy_FactionGroup_SKV_Warlord_Faction_ClanMordkin</member>
<subculture>wh2_main_sc_skv_skaven</subculture>
</campaign_group_member_criteria_originating_subcultures>
<campaign_group_member_criteria_originating_subcultures record_uuid="{84321da9-fc56-43e1-aebf-8657757492c2}" record_timestamp="1489771210921" record_key="diplomacy_FactionGroup_SKV_Warlord_Faction_ClanSeptik">
<member>diplomacy_FactionGroup_SKV_Warlord_Faction_ClanSeptik</member>
<subculture>wh2_main_sc_skv_skaven</subculture>
</campaign_group_member_criteria_originating_subcultures>
<campaign_group_member_criteria_originating_subcultures record_uuid="{a7c023e8-c0a9-4b96-9058-884343a61b5e}" record_timestamp="1489771211112" record_key="diplomacy_FactionGroup_SKV_Warlord_Faction_ClanSpittel">
<member>diplomacy_FactionGroup_SKV_Warlord_Faction_ClanSpittel</member>
<subculture>wh2_main_sc_skv_skaven</subculture>
</campaign_group_member_criteria_originating_subcultures>
<campaign_group_member_criteria_originating_subcultures record_uuid="{72b0e554-e37b-4303-8ef7-2e4a21ff8255}" record_timestamp="1430931165587" record_key="diplomacy_Subcult_Bretonnia">
<member>diplomacy_Subcult_Bretonnia</member>
<subculture>wh_main_sc_brt_bretonnia</subculture>
</campaign_group_member_criteria_originating_subcultures>
<campaign_group_member_criteria_originating_subcultures record_uuid="{175ec96e-0ab1-4e64-9909-124804604ea9}" record_timestamp="1430931165618" record_key="diplomacy_Subcult_Chaos">
<member>diplomacy_Subcult_Chaos</member>
<subculture>wh_main_sc_chs_chaos</subculture>
</campaign_group_member_criteria_originating_subcultures>
<campaign_group_member_criteria_originating_subcultures record_uuid="{f333fe52-1b37-4330-9d0d-4652444e5d60}" record_timestamp="1489600981952" record_key="diplomacy_Subcult_DarkElves">
<member>diplomacy_Subcult_DarkElves</member>
<subculture>wh2_main_sc_def_dark_elves</subculture>
</campaign_group_member_criteria_originating_subcultures>
<campaign_group_member_criteria_originating_subcultures record_uuid="{a1b4a737-6e6b-4ca7-a35e-6b08ae87a231}" record_timestamp="1430931165645" record_key="diplomacy_Subcult_Dwarfs">
<member>diplomacy_Subcult_Dwarfs</member>
<subculture>wh_main_sc_dwf_dwarfs</subculture>
</campaign_group_member_criteria_originating_subcultures>
<campaign_group_member_criteria_originating_subcultures record_uuid="{11fb7c93-7333-4570-8b24-0f0e7cd446a3}" record_timestamp="1430931165674" record_key="diplomacy_Subcult_Empire">
<member>diplomacy_Subcult_Empire</member>
<subculture>wh_main_sc_emp_empire</subculture>
</campaign_group_member_criteria_originating_subcultures>
<campaign_group_member_criteria_originating_subcultures record_uuid="{c16356b5-b17c-4c2c-98ed-a7c3d1e2ce1d}" record_timestamp="1430931165702" record_key="diplomacy_Subcult_Greenskins">
<member>diplomacy_Subcult_Greenskins</member>
<subculture>wh_main_sc_grn_greenskins</subculture>
</campaign_group_member_criteria_originating_subcultures>
<campaign_group_member_criteria_originating_subcultures record_uuid="{2dec6260-9da1-48ac-9ed4-d0d8da4f2467}" record_timestamp="1489600979434" record_key="diplomacy_Subcult_HighElves">
<member>diplomacy_Subcult_HighElves</member>
<subculture>wh2_main_sc_hef_high_elves</subculture>
</campaign_group_member_criteria_originating_subcultures>
<campaign_group_member_criteria_originating_subcultures record_uuid="{f1fff162-93df-41b0-aa43-f8ea0f1b9e97}" record_timestamp="1430931164023" record_key="diplomacy_Subcult_Kislev">
<member>diplomacy_Subcult_Kislev</member>
<subculture>wh_main_sc_ksl_kislev</subculture>
</campaign_group_member_criteria_originating_subcultures>
<campaign_group_member_criteria_originating_subcultures record_uuid="{44057806-5d98-415b-a8c8-d264afe000df}" record_timestamp="1489600979255" record_key="diplomacy_Subcult_Lizardmen">
<member>diplomacy_Subcult_Lizardmen</member>
<subculture>wh2_main_sc_lzd_lizardmen</subculture>
</campaign_group_member_criteria_originating_subcultures>
<campaign_group_member_criteria_originating_subcultures record_uuid="{a80686fa-1f1f-450e-bc33-5ef83771fdf7}" record_timestamp="1430931164025" record_key="diplomacy_Subcult_Norsca">
<member>diplomacy_Subcult_Norsca</member>
<subculture>wh_main_sc_nor_norsca</subculture>
</campaign_group_member_criteria_originating_subcultures>
<campaign_group_member_criteria_originating_subcultures record_uuid="{0ac23ca1-50b6-4095-acc9-b5e491a2b71b}" record_timestamp="1440768176081" record_key="diplomacy_Subcult_SavageOrcs">
<member>diplomacy_Subcult_SavageOrcs</member>
<subculture>wh_main_sc_grn_savage_orcs</subculture>
</campaign_group_member_criteria_originating_subcultures>
<campaign_group_member_criteria_originating_subcultures record_uuid="{540591a4-dba0-4b30-899b-1c68d438c88c}" record_timestamp="1489600977158" record_key="diplomacy_Subcult_Skaven">
<member>diplomacy_Subcult_Skaven</member>
<subculture>wh2_main_sc_skv_skaven</subculture>
</campaign_group_member_criteria_originating_subcultures>
<campaign_group_member_criteria_originating_subcultures record_uuid="{0a790aa7-1402-4ee8-8c18-7afac4c37d23}" record_timestamp="1430931164026" record_key="diplomacy_Subcult_TEB">
<member>diplomacy_Subcult_TEB</member>
<subculture>wh_main_sc_teb_teb</subculture>
</campaign_group_member_criteria_originating_subcultures>
<campaign_group_member_criteria_originating_subcultures record_uuid="{01074445-70dd-47c7-b8e4-ef2e476d7fe9}" record_timestamp="1430931165729" record_key="diplomacy_Subcult_Vampire">
<member>diplomacy_Subcult_Vampire</member>
<subculture>wh_main_sc_vmp_vampire_counts</subculture>
</campaign_group_member_criteria_originating_subcultures>
<campaign_group_member_criteria_originating_subcultures record_uuid="{dd40b903-043d-4ff7-848e-66443c4abf5a}" record_timestamp="1509630924348" record_key="dlc09_diplomacy_Subcult_TombKings">
<member>dlc09_diplomacy_Subcult_TombKings</member>
<subculture>wh2_dlc09_sc_tmb_tomb_kings</subculture>
</campaign_group_member_criteria_originating_subcultures>
<campaign_group_member_criteria_originating_subcultures record_uuid="{d3b46273-0ac0-4595-8bed-bc293423ba95}" record_timestamp="1476267233508" record_key="wh2_main_sc_chs_chaos_occupation_decision_liberate">
<member>wh2_main_sc_chs_chaos_occupation_decision_liberate</member>
<subculture>wh_main_sc_nor_norsca</subculture>
</campaign_group_member_criteria_originating_subcultures>
<campaign_group_member_criteria_originating_subcultures record_uuid="{16e67948-0b37-4b31-a5fd-f60000853fb0}" record_timestamp="1467042512478" record_key="wh_dlc03_diplomacy_Subcult_Beastmen">
<member>wh_dlc03_diplomacy_Subcult_Beastmen</member>
<subculture>wh_dlc03_sc_bst_beastmen</subculture>
</campaign_group_member_criteria_originating_subcultures>
<campaign_group_member_criteria_originating_subcultures record_uuid="{7aec7d72-c78b-4e09-8d75-1b1ce0cc0535}" record_timestamp="1480094551307" record_key="wh_dlc05_diplomacy_Subcult_WoodElves">
<member>wh_dlc05_diplomacy_Subcult_WoodElves</member>
<subculture>wh_dlc05_sc_wef_wood_elves</subculture>
</campaign_group_member_criteria_originating_subcultures>
<campaign_group_member_criteria_originating_subcultures record_uuid="{3c0b1f61-f86b-477f-9bb5-a9aa57570a94}" record_timestamp="1470849430979" record_key="wh_dlc05_stance_csc_woodelves">
<member>wh_dlc05_stance_csc_woodelves</member>
<subculture>wh_dlc05_sc_wef_wood_elves</subculture>
</campaign_group_member_criteria_originating_subcultures>
<campaign_group_member_criteria_originating_subcultures record_uuid="{7da6b8ce-8eab-4578-9d20-d687fbf9156d}" record_timestamp="1444304026162" record_key="wh_stance_csc_chaos">
<member>wh_stance_csc_chaos</member>
<subculture>wh_main_sc_chs_chaos</subculture>
</campaign_group_member_criteria_originating_subcultures>
<campaign_group_member_criteria_originating_subcultures record_uuid="{9a1f94e7-fdc9-490e-a970-bd06854923ca}" record_timestamp="1444304026178" record_key="wh_stance_csc_norsca">
<member>wh_stance_csc_norsca</member>
<subculture>wh_main_sc_nor_norsca</subculture>
</campaign_group_member_criteria_originating_subcultures>
</dataroot>
