<?xml version="1.0" encoding="UTF-8"?>
<dataroot xmlns:od="urn:schemas-microsoft-com:officedata" xmlns:xsi="http://www.w3.org/2001/XMLSchema-instance" xsi:noNamespaceSchemaLocation="campaign_group_member_criteria_pooled_resources.xsd" export_time="Wed Oct 11 14:04:49 2017" revision="3" export_branch="T:/branches/warhammer2/new_tomb/warhammer/binaries.x64" export_user="bob">
<edit_uuid>ee10321b-c02c-49b7-8edb-58e18e3e9120</edit_uuid>
<campaign_group_member_criteria_pooled_resources record_uuid="{d9e43be1-307b-4ec3-a344-5fc48b6c33eb}" record_timestamp="1507727088816" record_key="wh2_dlc09_pooled_resource_canopic">
<member>wh2_dlc09_pooled_resource_canopic</member>
<pooled_resource>tmb_canopic_jars</pooled_resource>
</campaign_group_member_criteria_pooled_resources>
<campaign_group_member_criteria_pooled_resources record_uuid="{c9522044-34b8-4f6b-9802-4f78b7393b91}" record_timestamp="1493289712067" record_key="wh2_pooled_resource_skaven_food_average">
<member>wh2_pooled_resource_skaven_food_average</member>
<pooled_resource>skaven_food</pooled_resource>
</campaign_group_member_criteria_pooled_resources>
<campaign_group_member_criteria_pooled_resources record_uuid="{b7a133fc-6d53-4a0c-9df1-012083872577}" record_timestamp="1493289712062" record_key="wh2_pooled_resource_skaven_food_plentiful">
<member>wh2_pooled_resource_skaven_food_plentiful</member>
<pooled_resource>skaven_food</pooled_resource>
</campaign_group_member_criteria_pooled_resources>
<campaign_group_member_criteria_pooled_resources record_uuid="{770410ad-b0d5-49f6-93f7-de1ea09159d0}" record_timestamp="1493289712056" record_key="wh2_pooled_resource_skaven_food_shortage">
<member>wh2_pooled_resource_skaven_food_shortage</member>
<pooled_resource>skaven_food</pooled_resource>
</campaign_group_member_criteria_pooled_resources>
<campaign_group_member_criteria_pooled_resources record_uuid="{35c8a456-44a6-4a3c-a685-4d53cdfe10d7}" record_timestamp="1493289712051" record_key="wh2_pooled_resource_skaven_food_starvation">
<member>wh2_pooled_resource_skaven_food_starvation</member>
<pooled_resource>skaven_food</pooled_resource>
</campaign_group_member_criteria_pooled_resources>
<campaign_group_member_criteria_pooled_resources record_uuid="{4b7ac3d0-e842-405f-9957-eca27f941969}" record_timestamp="1493289712045" record_key="wh2_pooled_resource_skaven_food_surplus">
<member>wh2_pooled_resource_skaven_food_surplus</member>
<pooled_resource>skaven_food</pooled_resource>
</campaign_group_member_criteria_pooled_resources>
</dataroot>
