<?xml version="1.0" encoding="UTF-8"?>
<dataroot xmlns:od="urn:schemas-microsoft-com:officedata" xmlns:xsi="http://www.w3.org/2001/XMLSchema-instance" xsi:noNamespaceSchemaLocation="campaign_group_plague_region_effects.xsd" export_time="Thu Mar 9 08:59:40 2017" revision="2" export_branch="T:/" export_user="bob">
<edit_uuid>8f29a34a-3dbb-4cce-a35d-df6fcc3574f6</edit_uuid>
<campaign_group_plague_region_effects record_uuid="{30959b30-6757-4962-a57f-e3d57cf68680}" record_timestamp="1489049980047" record_key="wh2_main_feature_skavenwh2_main_plague_skaven">
<campaign_group>wh2_main_feature_skaven</campaign_group>
<effect_bundle>wh2_main_bundle_plague_skaven_skv</effect_bundle>
<plague>wh2_main_plague_skaven</plague>
</campaign_group_plague_region_effects>
<campaign_group_plague_region_effects record_uuid="{64cdbb9e-78cb-45f2-882b-ef8e9b90940f}" record_timestamp="1489049979129" record_key="wh_feature_allwh2_main_plague_skaven">
<campaign_group>wh_feature_all</campaign_group>
<effect_bundle>wh2_main_bundle_plague_skaven_all</effect_bundle>
<plague>wh2_main_plague_skaven</plague>
</campaign_group_plague_region_effects>
</dataroot>
