<?xml version="1.0" encoding="UTF-8"?>
<dataroot xmlns:od="urn:schemas-microsoft-com:officedata" xmlns:xsi="http://www.w3.org/2001/XMLSchema-instance" xsi:noNamespaceSchemaLocation="campaign_bonus_value_ids_unit_category.xsd" export_time="Tue Mar 7 15:56:05 2017" revision="22" export_branch="E:/TW/branches/warhammer2/dev/warhammer/binaries.x64" export_user="bob">
<edit_uuid>623a6e44-e170-464c-9679-96f72caaa310</edit_uuid>
<campaign_bonus_value_ids_unit_category record_uuid="{008218a4-b7ea-46fd-87bf-0c1167a7ca43}" record_timestamp="1368463252344" record_key="armour_mod">
<key>armour_mod</key>
<notes>(percentage) Added to armour unit stat (m_armour_attack). Applied to unit stats, can come from force's or unit-commanding character's bonuses.</notes>
</campaign_bonus_value_ids_unit_category>
<campaign_bonus_value_ids_unit_category record_uuid="{fca2e54c-222a-47af-adf8-342c8cf65a4d}" record_key="charge_bonus">
<key>charge_bonus</key>
<notes>Added to unit stat m_charge_bonus. Applied to unit stats, can come from force's or unit-commanding character's bonuses.</notes>
</campaign_bonus_value_ids_unit_category>
<campaign_bonus_value_ids_unit_category record_uuid="{28c5ae42-6097-49a1-8c2e-7fe20917da66}" record_key="cost_mod">
<key>cost_mod</key>
<notes>Percentage modifier to unit cost. Used from province and sea-region bonuses when recruiting</notes>
</campaign_bonus_value_ids_unit_category>
<campaign_bonus_value_ids_unit_category record_uuid="{d7342dee-663e-49d4-a9ef-71e0aef3f2a9}" record_timestamp="1438698461667" record_key="damage_resistance_all_mod">
<key>damage_resistance_all_mod</key>
<notes>Additive bonus for all damage resistance, used at character and force bonuses.</notes>
</campaign_bonus_value_ids_unit_category>
<campaign_bonus_value_ids_unit_category record_uuid="{b0c56192-2ac6-4474-b4bb-9d50f83bc1ef}" record_timestamp="1438698461610" record_key="damage_resistance_flame_mod">
<key>damage_resistance_flame_mod</key>
<notes>Additive bonus for flame damage resistance, used at character and force bonuses.</notes>
</campaign_bonus_value_ids_unit_category>
<campaign_bonus_value_ids_unit_category record_uuid="{4d0150c4-e82f-471f-928e-cf479a282d27}" record_timestamp="1438698461553" record_key="damage_resistance_magic_mod">
<key>damage_resistance_magic_mod</key>
<notes>Additive bonus for magic damage resistance, used at character and force bonuses.</notes>
</campaign_bonus_value_ids_unit_category>
<campaign_bonus_value_ids_unit_category record_uuid="{8e78121d-366e-4933-8e1b-f71e24c694f6}" record_timestamp="1438698461439" record_key="damage_resistance_missile_mod">
<key>damage_resistance_missile_mod</key>
<notes>Additive bonus for missile damage resistance, used at character and force bonuses.</notes>
</campaign_bonus_value_ids_unit_category>
<campaign_bonus_value_ids_unit_category record_uuid="{9596a307-f85c-46ef-9739-de433c73be2e}" record_timestamp="1438698461495" record_key="damage_resistance_physical_mod">
<key>damage_resistance_physical_mod</key>
<notes>Additive bonus for physical damage resistance, used at character and force bonuses.</notes>
</campaign_bonus_value_ids_unit_category>
<campaign_bonus_value_ids_unit_category record_uuid="{b4c60a62-5ce4-4374-bc8e-99ad9af93f49}" record_timestamp="1488902164177" record_key="damage_vs_cavalry">
<key>damage_vs_cavalry</key>
<notes>Additive bonus for damage vs cavalry, used at character and force bonuses.</notes>
</campaign_bonus_value_ids_unit_category>
<campaign_bonus_value_ids_unit_category record_uuid="{dae3d3c2-af78-4d3e-9431-a1e0e99d32a1}" record_timestamp="1488902164177" record_key="damage_vs_infantry">
<key>damage_vs_infantry</key>
<notes>Additive bonus for damage vs infantry, used at character and force bonuses.</notes>
</campaign_bonus_value_ids_unit_category>
<campaign_bonus_value_ids_unit_category record_uuid="{ac6814d5-9642-4408-aea4-03c2ce72be63}" record_timestamp="1438698461045" record_key="damage_vs_large_entities">
<key>damage_vs_large_entities</key>
<notes>Additive bonus for damage vs large entities, used at character and force bonuses.</notes>
</campaign_bonus_value_ids_unit_category>
<campaign_bonus_value_ids_unit_category record_uuid="{a1b07e56-f7e4-4433-a3cb-07d55b6f45e8}" record_timestamp="1480096241723" record_key="global_recruit_time_mod">
<key>global_recruit_time_mod</key>
<notes>Added to recruitment time for units. Used from province and sea-region bonuses when recruiting</notes>
</campaign_bonus_value_ids_unit_category>
<campaign_bonus_value_ids_unit_category record_uuid="{fdbeb298-fa0a-4978-abfc-c543f90c54d3}" record_key="melee_attack_mod">
<key>melee_attack_mod</key>
<notes>Added to melee attack stat. Used from force's or unit-commanding character's bonuses.</notes>
</campaign_bonus_value_ids_unit_category>
<campaign_bonus_value_ids_unit_category record_uuid="{056efd5a-693b-4854-894b-5463fd620ef8}" record_timestamp="1438698461213" record_key="melee_damage_ap_mod_add">
<key>melee_damage_ap_mod_add</key>
<notes>Additive bonus for melee ap damage, used at character and force bonuses.</notes>
</campaign_bonus_value_ids_unit_category>
<campaign_bonus_value_ids_unit_category record_uuid="{4de03623-08dd-4f9a-be05-a51e9515a099}" record_timestamp="1438698461269" record_key="melee_damage_ap_mod_mult">
<key>melee_damage_ap_mod_mult</key>
<notes>Multiplicative bonus for melee ap damage, used at character and force bonuses.</notes>
</campaign_bonus_value_ids_unit_category>
<campaign_bonus_value_ids_unit_category record_uuid="{b1d6444a-801e-428c-ac7b-f0a614a7a543}" record_timestamp="1438698461325" record_key="melee_damage_mod_add">
<key>melee_damage_mod_add</key>
<notes>Additive bonus for melee damage, used at character and force bonuses.</notes>
</campaign_bonus_value_ids_unit_category>
<campaign_bonus_value_ids_unit_category record_uuid="{a234e996-bdc9-41eb-b219-961f0c86c1bc}" record_timestamp="1438698461382" record_key="melee_damage_mod_mult">
<key>melee_damage_mod_mult</key>
<notes>Multiplicative bonus for melee damage, used at character and force bonuses.</notes>
</campaign_bonus_value_ids_unit_category>
<campaign_bonus_value_ids_unit_category record_uuid="{36016849-9211-4535-bbeb-39add7a174e0}" record_key="melee_defence_mod">
<key>melee_defence_mod</key>
<notes>Added to melee defence stat (m_melee_defence). Used from force's or unit-commanding character's bonuses.</notes>
</campaign_bonus_value_ids_unit_category>
<campaign_bonus_value_ids_unit_category record_uuid="{a85ad3ba-3f85-476a-8249-ab0cf0e0203e}" record_timestamp="1438772044758" record_key="miscast_chance_mod">
<key>miscast_chance_mod</key>
<notes>Percentage modifier on miscast chance. Used at character and force bonuses.</notes>
</campaign_bonus_value_ids_unit_category>
<campaign_bonus_value_ids_unit_category record_uuid="{8ac1b4ab-1ea1-4c76-b485-0786b2505b74}" record_timestamp="1438698461100" record_key="missile_damage_ap_mod_mult">
<key>missile_damage_ap_mod_mult</key>
<notes>Multiplicative bonus for missile ap damage, used at character and force bonuses.</notes>
</campaign_bonus_value_ids_unit_category>
<campaign_bonus_value_ids_unit_category record_uuid="{19d53b5c-d3db-49ea-8ea2-337ce7794022}" record_timestamp="1438698461154" record_key="missile_damage_mod_mult">
<key>missile_damage_mod_mult</key>
<notes>Multiplicative bonus for missile damage, used at character and force bonuses.</notes>
</campaign_bonus_value_ids_unit_category>
<campaign_bonus_value_ids_unit_category record_uuid="{cbf0a70c-e09e-4019-968a-75c97c805368}" record_timestamp="1461152289096" record_key="mod_land_movement_battle">
<key>mod_land_movement_battle</key>
<notes>Percentage modifier that affects unit stat m_base_speed_scalar_modifier. Positive value increases this stat. Applied to unit stats, can come from force's or unit-commanding character's bonuses.</notes>
</campaign_bonus_value_ids_unit_category>
<campaign_bonus_value_ids_unit_category record_uuid="{d60e758f-845a-4a07-8a15-b7f50edecb3a}" record_timestamp="1461152289097" record_key="morale">
<key>morale</key>
<notes>Increase unit morale. Used from force's or unit-commanding character's bonuses.</notes>
</campaign_bonus_value_ids_unit_category>
<campaign_bonus_value_ids_unit_category record_uuid="{f0df6774-e063-47c0-89dd-ac3edde3a099}" record_timestamp="1461152289097" record_key="movement_mod">
<key>movement_mod</key>
<notes>Percentage modifier to unit action points. Positive value increases action points. Used at military force bonuses.</notes>
</campaign_bonus_value_ids_unit_category>
<campaign_bonus_value_ids_unit_category record_uuid="{d9f77c63-2799-4dbe-a935-ff5a8af0b03e}" record_timestamp="1461152289098" record_key="recruit_time_mod">
<key>recruit_time_mod</key>
<notes>Added to recruitment time for units. Used from province and sea-region bonuses when recruiting</notes>
</campaign_bonus_value_ids_unit_category>
<campaign_bonus_value_ids_unit_category record_uuid="{adef89ca-c9f6-4b21-8dde-c719cfcd559e}" record_timestamp="1440684507241" record_key="splash_attack_power_mod_add">
<key>splash_attack_power_mod_add</key>
<notes>Additive modifier to unit splash attack multiplier. Used at character and force bonuses.</notes>
</campaign_bonus_value_ids_unit_category>
<campaign_bonus_value_ids_unit_category record_uuid="{0fcecf93-7e32-4cb8-9f3d-895703b50835}" record_key="training_mod">
<key>training_mod</key>
<notes>Adds to unit stat m_unit_training_level (clamped at maximum allowed). Applied to unit stats, can come from force's or unit-commanding character's bonuses.</notes>
</campaign_bonus_value_ids_unit_category>
<campaign_bonus_value_ids_unit_category record_uuid="{e9419294-0245-4569-81d1-9c7834a48faf}" record_timestamp="1409069706747" record_key="unit_fatigue_resistance_mod">
<key>unit_fatigue_resistance_mod</key>
<notes>Percentage modifier unit fatigue restistance. Negative values increase resistance. Used at military force bonuses.</notes>
</campaign_bonus_value_ids_unit_category>
<campaign_bonus_value_ids_unit_category record_uuid="{2c0bbd87-8520-4593-891c-7001b50c0131}" record_timestamp="1438772044740" record_key="unit_flaming_attack_mod">
<key>unit_flaming_attack_mod</key>
<notes>Additive bonus for flaming attack damage, used at character and force bonuses.</notes>
</campaign_bonus_value_ids_unit_category>
<campaign_bonus_value_ids_unit_category record_uuid="{4c893bc4-7ed7-4072-8651-496caaf4ab23}" record_timestamp="1398353078105" record_key="unit_starting_fatigue_state">
<key>unit_starting_fatigue_state</key>
<notes>Unit starting fatigue state. Used as a max value (does not stack). 0 = fresh, 5 = exhausted. Used at military force bonuses.</notes>
</campaign_bonus_value_ids_unit_category>
<campaign_bonus_value_ids_unit_category record_uuid="{55b591cd-4ce3-4363-8dc9-b1d41933d9ee}" record_key="unit_stat_bonus_accuracy">
<key>unit_stat_bonus_accuracy</key>
<notes>Sets UNIT_STATISTICS_BONUSES value for accuracy bonus. Used from province and sea-region bonuses when recruiting</notes>
</campaign_bonus_value_ids_unit_category>
<campaign_bonus_value_ids_unit_category record_uuid="{deebb53a-9694-48c3-ba64-52f56e13f426}" record_key="unit_stat_bonus_ammunition">
<key>unit_stat_bonus_ammunition</key>
<notes>Sets UNIT_STATISTICS_BONUSES value for ammunition bonus. Used from province and sea-region bonuses when recruiting</notes>
</campaign_bonus_value_ids_unit_category>
<campaign_bonus_value_ids_unit_category record_uuid="{4b3d66b5-b21c-4890-b01b-684b0a935402}" record_key="unit_stat_bonus_armour">
<key>unit_stat_bonus_armour</key>
<notes>Sets UNIT_STATISTICS_BONUSES value for armour bonus. Used from province and sea-region bonuses when recruiting</notes>
</campaign_bonus_value_ids_unit_category>
<campaign_bonus_value_ids_unit_category record_uuid="{cab0e57e-a326-4d47-91e0-e54425da45f7}" record_key="unit_stat_bonus_attack">
<key>unit_stat_bonus_attack</key>
<notes>Sets UNIT_STATISTICS_BONUSES value for attack bonus. Used from province and sea-region bonuses when recruiting</notes>
</campaign_bonus_value_ids_unit_category>
<campaign_bonus_value_ids_unit_category record_uuid="{2f77c06c-8e52-407b-8ffa-f18705a6f31e}" record_key="unit_stat_bonus_charge">
<key>unit_stat_bonus_charge</key>
<notes>Sets UNIT_STATISTICS_BONUSES value for charge bonus. Used from province and sea-region bonuses when recruiting</notes>
</campaign_bonus_value_ids_unit_category>
<campaign_bonus_value_ids_unit_category record_uuid="{64cffca9-d717-4d08-b4da-4a0e89a83bf1}" record_key="unit_stat_bonus_defence">
<key>unit_stat_bonus_defence</key>
<notes>Sets UNIT_STATISTICS_BONUSES value for defence bonus. Used from province and sea-region bonuses when recruiting</notes>
</campaign_bonus_value_ids_unit_category>
<campaign_bonus_value_ids_unit_category record_uuid="{56269515-9220-4de7-ad59-d1d5e86f216a}" record_key="unit_stat_bonus_horses">
<key>unit_stat_bonus_horses</key>
<notes>Sets UNIT_STATISTICS_BONUSES value for horses bonus. Used from province and sea-region bonuses when recruiting</notes>
</campaign_bonus_value_ids_unit_category>
<campaign_bonus_value_ids_unit_category record_uuid="{19712108-d2f9-4a80-b7c5-60987580a01b}" record_key="unit_stat_bonus_hull_armour">
<key>unit_stat_bonus_hull_armour</key>
<notes>Sets UNIT_STATISTICS_BONUSES value for hull armour bonus. Used from province and sea-region bonuses when recruiting</notes>
</campaign_bonus_value_ids_unit_category>
<campaign_bonus_value_ids_unit_category record_uuid="{cda4375e-3f4b-4f79-9e65-79d8fa1fe430}" record_key="unit_stat_bonus_hull_health">
<key>unit_stat_bonus_hull_health</key>
<notes>Sets UNIT_STATISTICS_BONUSES value for hull health bonus. Used from province and sea-region bonuses when recruiting</notes>
</campaign_bonus_value_ids_unit_category>
<campaign_bonus_value_ids_unit_category record_uuid="{b6e545ae-3cd8-4138-81d7-b6054b88a6e8}" record_key="unit_stat_bonus_morale">
<key>unit_stat_bonus_morale</key>
<notes>Sets UNIT_STATISTICS_BONUSES value for morale bonus. Used from province and sea-region bonuses when recruiting</notes>
</campaign_bonus_value_ids_unit_category>
<campaign_bonus_value_ids_unit_category record_uuid="{56d1b5bf-3958-4fd6-b54f-5c006e901017}" record_key="unit_stat_bonus_ramming">
<key>unit_stat_bonus_ramming</key>
<notes>Sets UNIT_STATISTICS_BONUSES value for ramming bonus. Used from province and sea-region bonuses when recruiting</notes>
</campaign_bonus_value_ids_unit_category>
<campaign_bonus_value_ids_unit_category record_uuid="{c417972c-9001-43fe-8c23-4bc25ab3abcd}" record_key="unit_stat_bonus_shield">
<key>unit_stat_bonus_shield</key>
<notes>Sets UNIT_STATISTICS_BONUSES value for shield bonus. Used from province and sea-region bonuses when recruiting</notes>
</campaign_bonus_value_ids_unit_category>
<campaign_bonus_value_ids_unit_category record_uuid="{629cffc1-0b1c-4fc5-a4c9-9c3e1984abd2}" record_key="unit_stat_bonus_weapon">
<key>unit_stat_bonus_weapon</key>
<notes>Sets UNIT_STATISTICS_BONUSES value for weapon bonus. Used from province and sea-region bonuses when recruiting</notes>
</campaign_bonus_value_ids_unit_category>
<campaign_bonus_value_ids_unit_category record_uuid="{5ae840ab-c391-4626-a727-1103e0ea3256}" record_key="unit_xp_mod">
<key>unit_xp_mod</key>
<notes>Added to recruitment XP for units. Used from province and sea-region bonuses when recruiting</notes>
</campaign_bonus_value_ids_unit_category>
<campaign_bonus_value_ids_unit_category record_uuid="{5dfd85b6-3e2c-4167-bf90-b63824903849}" record_key="upkeep_mod">
<key>upkeep_mod</key>
<notes>Percentage modifier for unit upkeep. Used from military force bonuses.</notes>
</campaign_bonus_value_ids_unit_category>
<campaign_bonus_value_ids_unit_category record_uuid="{3433ce6f-ebd8-4578-b2f8-e3f4e1d5fb5e}" record_timestamp="1430928261556" record_key="vampiric_mercenary_recruitment_capacity">
<key>vampiric_mercenary_recruitment_capacity</key>
<notes>Accumulated across all sources and then modified by sinusoidal function before being added to capacity of vampiric mercenary pools.</notes>
</campaign_bonus_value_ids_unit_category>
<campaign_bonus_value_ids_unit_category record_uuid="{f54f7751-fc5e-49dc-8bba-0d2f15a3b470}" record_timestamp="1430928261556" record_key="vampiric_mercenary_recruitment_replenishment_rate">
<key>vampiric_mercenary_recruitment_replenishment_rate</key>
<notes>Accumulated across all sources and then modified by sinusoidal function before being added to replenishment rate of vampiric mercenary pools.</notes>
</campaign_bonus_value_ids_unit_category>
</dataroot>
