<?xml version="1.0" encoding="UTF-8"?>
<dataroot xmlns:od="urn:schemas-microsoft-com:officedata" xmlns:xsi="http://www.w3.org/2001/XMLSchema-instance" xsi:noNamespaceSchemaLocation="campaign_bonus_value_battle_context_force_status.xsd" export_time="Mon Aug 24 09:57:51 2015" revision="5" export_branch="C:/fetch_c/warhammer/binaries" export_user="bob">
<edit_uuid>70f4040b-2af8-4f3a-9d64-c08280e9d1bf</edit_uuid>
<campaign_bonus_value_battle_context_force_status record_uuid="{a512881e-0b30-499b-90fe-ee27ad4834da}" record_timestamp="1361966089126" record_key="ambushing">
<key>ambushing</key>
</campaign_bonus_value_battle_context_force_status>
<campaign_bonus_value_battle_context_force_status record_uuid="{438b86c0-9770-4335-83fd-688b6e898b68}" record_timestamp="1361966088895" record_key="attacking">
<key>attacking</key>
</campaign_bonus_value_battle_context_force_status>
<campaign_bonus_value_battle_context_force_status record_uuid="{9c2b49aa-c754-477d-98c2-a54b38a6716e}" record_timestamp="1361966089092" record_key="beseiging">
<key>beseiging</key>
</campaign_bonus_value_battle_context_force_status>
<campaign_bonus_value_battle_context_force_status record_uuid="{dbf0f23c-3f14-4adc-bcb4-952f5a3a66a6}" record_timestamp="1361966089058" record_key="blockading">
<key>blockading</key>
</campaign_bonus_value_battle_context_force_status>
<campaign_bonus_value_battle_context_force_status record_uuid="{5e160b38-4cad-4f15-8b9c-f7867058e7be}" record_timestamp="1361966088934" record_key="defending">
<key>defending</key>
</campaign_bonus_value_battle_context_force_status>
<campaign_bonus_value_battle_context_force_status record_uuid="{b68a04d7-8541-4d6f-9603-ffee32d5b81a}" record_timestamp="1361966089161" record_key="escorting">
<key>escorting</key>
</campaign_bonus_value_battle_context_force_status>
<campaign_bonus_value_battle_context_force_status record_uuid="{9e5372dc-1a08-401c-8fe2-ec474e4b5721}" record_timestamp="1361966088992" record_key="land">
<key>land</key>
</campaign_bonus_value_battle_context_force_status>
<campaign_bonus_value_battle_context_force_status record_uuid="{7c835158-83ea-48a6-bf62-7d756e53f4c1}" record_timestamp="1360841735296" record_key="placeholder">
<key>placeholder</key>
</campaign_bonus_value_battle_context_force_status>
<campaign_bonus_value_battle_context_force_status record_uuid="{299f2387-2af0-421f-a76a-6181a8fd8956}" record_timestamp="1361966088963" record_key="raiding">
<key>raiding</key>
</campaign_bonus_value_battle_context_force_status>
<campaign_bonus_value_battle_context_force_status record_uuid="{4f351ffc-6efe-4bdb-838e-5f83a2f41a88}" record_timestamp="1361966089197" record_key="rebels">
<key>rebels</key>
</campaign_bonus_value_battle_context_force_status>
<campaign_bonus_value_battle_context_force_status record_uuid="{212641e4-bd48-4972-82b4-2427e6d51021}" record_timestamp="1361966089023" record_key="sea">
<key>sea</key>
</campaign_bonus_value_battle_context_force_status>
</dataroot>
