<?xml version="1.0" encoding="UTF-8"?>
<dataroot xmlns:od="urn:schemas-microsoft-com:officedata" xmlns:xsi="http://www.w3.org/2001/XMLSchema-instance" xsi:noNamespaceSchemaLocation="campaign_group_member_criteria_attrition_types.xsd" export_time="Wed Nov 22 10:10:17 2017" revision="23" export_branch="T:/" export_user="bob">
<edit_uuid>94a8cfae-c818-456f-aa31-5f2075563736</edit_uuid>
<campaign_group_member_criteria_attrition_types record_uuid="{50357c99-8bd9-443c-b75c-cbcd431148b9}" record_timestamp="1507304491978" record_key="wh2_dlc09_event_feed_cult_tomb_kings_attrition_desertion">
<attrition_type>desertion</attrition_type>
<member>wh2_dlc09_event_feed_cult_tomb_kings_attrition_desertion</member>
</campaign_group_member_criteria_attrition_types>
<campaign_group_member_criteria_attrition_types record_uuid="{9566a381-bce5-4b51-a7cb-0f37dc8fb15e}" record_timestamp="1487147977027" record_key="wh2_event_feed_cult_all_attrition_hostile_territory">
<attrition_type>hostile_territory</attrition_type>
<member>wh2_event_feed_cult_all_attrition_hostile_territory</member>
</campaign_group_member_criteria_attrition_types>
<campaign_group_member_criteria_attrition_types record_uuid="{037b5a86-3168-4c0a-917a-effa7b93a0fe}" record_timestamp="1485788699265" record_key="wh2_event_feed_cult_all_attrition_maelstrom">
<attrition_type>maelstrom</attrition_type>
<member>wh2_event_feed_cult_all_attrition_maelstrom</member>
</campaign_group_member_criteria_attrition_types>
<campaign_group_member_criteria_attrition_types record_uuid="{e40c10be-3875-4583-81c6-3dee5034aa12}" record_timestamp="1485788699311" record_key="wh2_event_feed_cult_all_attrition_reef">
<attrition_type>reef</attrition_type>
<member>wh2_event_feed_cult_all_attrition_reef</member>
</campaign_group_member_criteria_attrition_types>
<campaign_group_member_criteria_attrition_types record_uuid="{29cafc2a-64f5-4199-8802-a4bf543fbe1d}" record_timestamp="1485788699341" record_key="wh2_event_feed_cult_all_attrition_storm_level_1">
<attrition_type>storm_level_1</attrition_type>
<member>wh2_event_feed_cult_all_attrition_storm_level_1</member>
</campaign_group_member_criteria_attrition_types>
<campaign_group_member_criteria_attrition_types record_uuid="{2dc6b45f-e757-4e2e-bf54-8badf1f8c687}" record_timestamp="1485788699348" record_key="wh2_event_feed_cult_all_attrition_storm_level_2">
<attrition_type>storm_level_2</attrition_type>
<member>wh2_event_feed_cult_all_attrition_storm_level_2</member>
</campaign_group_member_criteria_attrition_types>
<campaign_group_member_criteria_attrition_types record_uuid="{22f5ca08-5839-4f84-9c99-eadbb8b7b110}" record_timestamp="1485788699322" record_key="wh2_event_feed_cult_all_attrition_storm_level_3">
<attrition_type>storm_level_3</attrition_type>
<member>wh2_event_feed_cult_all_attrition_storm_level_3</member>
</campaign_group_member_criteria_attrition_types>
<campaign_group_member_criteria_attrition_types record_uuid="{fb59829d-8908-4efe-9e03-477174aa142f}" record_timestamp="1485788699332" record_key="wh2_event_feed_cult_all_attrition_storm_level_4">
<attrition_type>storm_level_4</attrition_type>
<member>wh2_event_feed_cult_all_attrition_storm_level_4</member>
</campaign_group_member_criteria_attrition_types>
<campaign_group_member_criteria_attrition_types record_uuid="{8ff41290-986a-413c-9e8e-af66d79782d1}" record_timestamp="1485788699291" record_key="wh2_event_feed_cult_all_attrition_storm_level_5">
<attrition_type>storm_level_5</attrition_type>
<member>wh2_event_feed_cult_all_attrition_storm_level_5</member>
</campaign_group_member_criteria_attrition_types>
<campaign_group_member_criteria_attrition_types record_uuid="{0b79a537-83e6-4a2d-aafc-df300214f16e}" record_timestamp="1511345415806" record_key="wh2_event_feed_cult_all_attrition_storm_sandstorm">
<attrition_type>storm_sandstorm</attrition_type>
<member>wh2_event_feed_cult_all_attrition_storm_sandstorm</member>
</campaign_group_member_criteria_attrition_types>
<campaign_group_member_criteria_attrition_types record_uuid="{d1789316-8e06-4095-b1ef-310287968f34}" record_timestamp="1475742839879" record_key="wh2_main_event_feed_cult_dark_elves_attrition_desertion">
<attrition_type>desertion</attrition_type>
<member>wh2_main_event_feed_cult_dark_elves_attrition_desertion</member>
</campaign_group_member_criteria_attrition_types>
<campaign_group_member_criteria_attrition_types record_uuid="{d45646a7-2295-4ae3-8d0a-e5dac6d711bb}" record_timestamp="1475742839880" record_key="wh2_main_event_feed_cult_high_elves_attrition_desertion">
<attrition_type>desertion</attrition_type>
<member>wh2_main_event_feed_cult_high_elves_attrition_desertion</member>
</campaign_group_member_criteria_attrition_types>
<campaign_group_member_criteria_attrition_types record_uuid="{84d20bac-2b6f-4f6d-9821-eb33a05ddf54}" record_timestamp="1475742839879" record_key="wh2_main_event_feed_cult_lizardmen_attrition_desertion">
<attrition_type>desertion</attrition_type>
<member>wh2_main_event_feed_cult_lizardmen_attrition_desertion</member>
</campaign_group_member_criteria_attrition_types>
<campaign_group_member_criteria_attrition_types record_uuid="{db6702d2-db47-4d72-82ac-8a93a8cc56f4}" record_timestamp="1475742839879" record_key="wh2_main_event_feed_cult_skaven_attrition_desertion">
<attrition_type>desertion</attrition_type>
<member>wh2_main_event_feed_cult_skaven_attrition_desertion</member>
</campaign_group_member_criteria_attrition_types>
<campaign_group_member_criteria_attrition_types record_uuid="{d22ee7a9-3a4c-48e5-b1f4-acc5bccdc96d}" record_timestamp="1467098065189" record_key="wh_dlc03_event_feed_cult_beastmen_attrition_low_morale">
<attrition_type>low_morale</attrition_type>
<member>wh_dlc03_event_feed_cult_beastmen_attrition_low_morale</member>
</campaign_group_member_criteria_attrition_types>
<campaign_group_member_criteria_attrition_types record_uuid="{8b7df007-8d99-4ca7-adda-6a23b031bd76}" record_timestamp="1467098065189" record_key="wh_dlc03_event_feed_cult_beastmen_attrition_very_low_morale">
<attrition_type>very_low_morale</attrition_type>
<member>wh_dlc03_event_feed_cult_beastmen_attrition_very_low_morale</member>
</campaign_group_member_criteria_attrition_types>
<campaign_group_member_criteria_attrition_types record_uuid="{8ff43a1c-4ef5-410c-b316-4fe82f0b61b1}" record_timestamp="1488489896690" record_key="wh_dlc07_feed_cult_bretonnia_attrition_desertion">
<attrition_type>desertion</attrition_type>
<member>wh_dlc07_feed_cult_bretonnia_attrition_desertion</member>
</campaign_group_member_criteria_attrition_types>
<campaign_group_member_criteria_attrition_types record_uuid="{efb47f35-553a-4afc-88a5-e133d7d5b39a}" record_timestamp="1478795024285" record_key="wh_event_feed_cult_all_attrition_athel_loren">
<attrition_type>athel_loren</attrition_type>
<member>wh_event_feed_cult_all_attrition_athel_loren</member>
</campaign_group_member_criteria_attrition_types>
<campaign_group_member_criteria_attrition_types record_uuid="{b1f422fc-7ea7-42d6-a930-16e5b48c4a72}" record_timestamp="1454083988609" record_key="wh_event_feed_cult_all_attrition_chaos_territory">
<attrition_type>chaos_territory</attrition_type>
<member>wh_event_feed_cult_all_attrition_chaos_territory</member>
</campaign_group_member_criteria_attrition_types>
<campaign_group_member_criteria_attrition_types record_uuid="{c415ebd6-17f7-4853-aaa2-b027ae30de20}" record_timestamp="1445858607038" record_key="wh_event_feed_cult_all_attrition_chaos_wastes">
<attrition_type>chaos_wastes</attrition_type>
<member>wh_event_feed_cult_all_attrition_chaos_wastes</member>
</campaign_group_member_criteria_attrition_types>
<campaign_group_member_criteria_attrition_types record_uuid="{c32cbcfa-8cd0-4d16-9bb1-7f1884b86cee}" record_timestamp="1475742903120" record_key="wh_event_feed_cult_all_attrition_desert">
<attrition_type>desert</attrition_type>
<member>wh_event_feed_cult_all_attrition_desert</member>
</campaign_group_member_criteria_attrition_types>
<campaign_group_member_criteria_attrition_types record_uuid="{ff098047-6348-4674-8cc5-3ff0af49796c}" record_timestamp="1475742903119" record_key="wh_event_feed_cult_all_attrition_disease">
<attrition_type>disease</attrition_type>
<member>wh_event_feed_cult_all_attrition_disease</member>
</campaign_group_member_criteria_attrition_types>
<campaign_group_member_criteria_attrition_types record_uuid="{b8daee3f-0bd7-46e5-b8c5-e08350c7adc0}" record_timestamp="1475742903118" record_key="wh_event_feed_cult_all_attrition_high_sea">
<attrition_type>deep_sea</attrition_type>
<member>wh_event_feed_cult_all_attrition_high_sea</member>
</campaign_group_member_criteria_attrition_types>
<campaign_group_member_criteria_attrition_types record_uuid="{0bd3b7d8-8d8f-42c5-a8fe-2f10d56dae8c}" record_timestamp="1445860551676" record_key="wh_event_feed_cult_all_attrition_non_vampire_territory">
<attrition_type>non_vampire_territory</attrition_type>
<member>wh_event_feed_cult_all_attrition_non_vampire_territory</member>
</campaign_group_member_criteria_attrition_types>
<campaign_group_member_criteria_attrition_types record_uuid="{d7690098-6e89-4fea-8cc8-c99df143f9a8}" record_timestamp="1475742903117" record_key="wh_event_feed_cult_all_attrition_snow">
<attrition_type>snow</attrition_type>
<member>wh_event_feed_cult_all_attrition_snow</member>
</campaign_group_member_criteria_attrition_types>
<campaign_group_member_criteria_attrition_types record_uuid="{6bab2ff3-a5a0-4dea-95d0-edbde5c45c03}" record_timestamp="1475742902527" record_key="wh_event_feed_cult_all_attrition_swamp">
<attrition_type>swamp</attrition_type>
<member>wh_event_feed_cult_all_attrition_swamp</member>
</campaign_group_member_criteria_attrition_types>
<campaign_group_member_criteria_attrition_types record_uuid="{c1e786d8-789e-4b5e-9698-9878a7e893f2}" record_timestamp="1445860144329" record_key="wh_event_feed_cult_all_attrition_vampire_territory">
<attrition_type>vampire_territory</attrition_type>
<member>wh_event_feed_cult_all_attrition_vampire_territory</member>
</campaign_group_member_criteria_attrition_types>
<campaign_group_member_criteria_attrition_types record_uuid="{9eb34036-31a2-49f9-b166-e40e542d9db4}" record_timestamp="1445860551707" record_key="wh_event_feed_cult_all_attrition_wasteland">
<attrition_type>wasteland</attrition_type>
<member>wh_event_feed_cult_all_attrition_wasteland</member>
</campaign_group_member_criteria_attrition_types>
<campaign_group_member_criteria_attrition_types record_uuid="{ce0ac43f-db13-40c2-8fbd-796eac2a49d7}" record_timestamp="1430402568875" record_key="wh_event_feed_cult_chaos_attrition_desertion">
<attrition_type>desertion</attrition_type>
<member>wh_event_feed_cult_chaos_attrition_desertion</member>
</campaign_group_member_criteria_attrition_types>
<campaign_group_member_criteria_attrition_types record_uuid="{c48c03fe-21b1-4da1-8d4f-c86909bbc540}" record_timestamp="1450353171696" record_key="wh_event_feed_cult_chaos_attrition_horde_infighting">
<attrition_type>horde_infighting</attrition_type>
<member>wh_event_feed_cult_chaos_attrition_horde_infighting</member>
</campaign_group_member_criteria_attrition_types>
<campaign_group_member_criteria_attrition_types record_uuid="{2d0091b6-0986-4185-adba-59c11f53e889}" record_timestamp="1430402568956" record_key="wh_event_feed_cult_dwarfs_attrition_desertion">
<attrition_type>desertion</attrition_type>
<member>wh_event_feed_cult_dwarfs_attrition_desertion</member>
</campaign_group_member_criteria_attrition_types>
<campaign_group_member_criteria_attrition_types record_uuid="{ad254f7e-e6c2-4be0-9bdf-680d880b0f4f}" record_timestamp="1430402569035" record_key="wh_event_feed_cult_empire_attrition_desertion">
<attrition_type>desertion</attrition_type>
<member>wh_event_feed_cult_empire_attrition_desertion</member>
</campaign_group_member_criteria_attrition_types>
<campaign_group_member_criteria_attrition_types record_uuid="{77d7bc90-3282-4c7c-87cf-6e77927eaf57}" record_timestamp="1430402569116" record_key="wh_event_feed_cult_greenskins_attrition_desertion">
<attrition_type>desertion</attrition_type>
<member>wh_event_feed_cult_greenskins_attrition_desertion</member>
</campaign_group_member_criteria_attrition_types>
<campaign_group_member_criteria_attrition_types record_uuid="{2fbf8eba-7d69-4723-ae97-79cb140d27b4}" record_timestamp="1438597214666" record_key="wh_event_feed_cult_greenskins_attrition_low_morale">
<attrition_type>low_morale</attrition_type>
<member>wh_event_feed_cult_greenskins_attrition_low_morale</member>
</campaign_group_member_criteria_attrition_types>
<campaign_group_member_criteria_attrition_types record_uuid="{8783c9e5-e81a-4d8a-8107-a503b414f5fa}" record_timestamp="1444902733185" record_key="wh_event_feed_cult_greenskins_attrition_very_low_morale">
<attrition_type>very_low_morale</attrition_type>
<member>wh_event_feed_cult_greenskins_attrition_very_low_morale</member>
</campaign_group_member_criteria_attrition_types>
<campaign_group_member_criteria_attrition_types record_uuid="{6203926e-7b56-45d2-9745-c187fc1d8053}" record_timestamp="1430402568793" record_key="wh_event_feed_cult_vampire_counts_attrition_desertion">
<attrition_type>desertion</attrition_type>
<member>wh_event_feed_cult_vampire_counts_attrition_desertion</member>
</campaign_group_member_criteria_attrition_types>
<campaign_group_member_criteria_attrition_types record_uuid="{f4d35796-1c5d-4377-a53d-b3ecb9c61a3a}" record_timestamp="1482340951878" record_key="wh_event_feed_cult_wood_elves_attrition_desertion">
<attrition_type>desertion</attrition_type>
<member>wh_event_feed_cult_wood_elves_attrition_desertion</member>
</campaign_group_member_criteria_attrition_types>
</dataroot>
