<?xml version="1.0" encoding="UTF-8"?>
<dataroot xmlns:od="urn:schemas-microsoft-com:officedata" xmlns:xsi="http://www.w3.org/2001/XMLSchema-instance" xsi:noNamespaceSchemaLocation="campaign_ai_technology_managers.xsd" export_time="Tue Oct 31 08:57:40 2017" revision="14" export_branch="T:/branches/warhammer2/new_tomb/warhammer/binaries.x64" export_user="bob">
<edit_uuid>500b8e2a-88c1-4a91-8b1f-de389d9eec26</edit_uuid>
<campaign_ai_technology_managers record_uuid="{4d267f89-7924-46b1-9d89-9c296fb47470}" record_key="default">
<key>default</key>
</campaign_ai_technology_managers>
<campaign_ai_technology_managers record_uuid="{0a587163-2163-4f5f-834c-ce88e482d56b}" record_timestamp="1509440242735" record_key="dlc09_tmb_default">
<key>dlc09_tmb_default</key>
</campaign_ai_technology_managers>
<campaign_ai_technology_managers record_uuid="{87227fbe-f0ec-4a62-87b9-277b915cbf78}" record_timestamp="1509440242895" record_key="dlc09_tmb_exiles_of_nehek">
<key>dlc09_tmb_exiles_of_nehek</key>
</campaign_ai_technology_managers>
<campaign_ai_technology_managers record_uuid="{2a54b321-148c-446b-b179-083a2c90de47}" record_timestamp="1509440242841" record_key="dlc09_tmb_followers_of_nagash">
<key>dlc09_tmb_followers_of_nagash</key>
</campaign_ai_technology_managers>
<campaign_ai_technology_managers record_uuid="{e28e2ffd-bfce-4e39-8be9-9def9b57b16f}" record_timestamp="1509440242681" record_key="dlc09_tmb_khemri">
<key>dlc09_tmb_khemri</key>
</campaign_ai_technology_managers>
<campaign_ai_technology_managers record_uuid="{df681b64-b29b-49b8-aab9-b12e200e0e5f}" record_timestamp="1509440242788" record_key="dlc09_tmb_lybaras">
<key>dlc09_tmb_lybaras</key>
</campaign_ai_technology_managers>
<campaign_ai_technology_managers record_uuid="{82d7bbeb-9568-47ff-981c-804ad0054d1a}" record_timestamp="1453287631664" record_key="high_manager">
<key>high_manager</key>
</campaign_ai_technology_managers>
</dataroot>
