<?xml version="1.0" encoding="UTF-8"?>
<dataroot xmlns:od="urn:schemas-microsoft-com:officedata" xmlns:xsi="http://www.w3.org/2001/XMLSchema-instance" xsi:noNamespaceSchemaLocation="campaign_feature_ids.xsd" export_time="Wed Nov 15 16:48:27 2017" revision="30" export_branch="C:/Users/abhishek.sagi/AppData/Roaming/TWDaemon/690/dave" export_user="bob">
<edit_uuid>d400a4b8-5228-4b18-827e-37e7fcfa4364</edit_uuid>
<campaign_feature_ids record_uuid="{28cf9c0e-e38d-4059-ba8b-8b9f1863130d}" record_timestamp="1461152289728" record_key="additional_army_upkeep">
<id>additional_army_upkeep</id>
</campaign_feature_ids>
<campaign_feature_ids record_uuid="{959b26f9-b64b-4e91-98d3-3abf45664f79}" record_timestamp="1460367112170" record_key="ambush_in_default_stance">
<id>ambush_in_default_stance</id>
</campaign_feature_ids>
<campaign_feature_ids record_uuid="{0a18706f-cc0c-41a3-aae8-616b16f4d2f2}" record_timestamp="1444985211129" record_key="assign_edicts">
<id>assign_edicts</id>
</campaign_feature_ids>
<campaign_feature_ids record_uuid="{336b7f46-cbfe-48e4-af75-dc28c3b2fe57}" record_timestamp="1450699580193" record_key="dwarven_grudges">
<id>dwarven_grudges</id>
</campaign_feature_ids>
<campaign_feature_ids record_uuid="{93646d47-5beb-4ad5-92a8-a3de4c7ed1be}" record_timestamp="1445602757060" record_key="enslaving_captives_replenishes_hitpoints">
<id>enslaving_captives_replenishes_hitpoints</id>
</campaign_feature_ids>
<campaign_feature_ids record_uuid="{5b80355b-cfdc-4a99-9b54-d64977d96795}" record_timestamp="1431085595489" record_key="factionwide_recruitment">
<id>factionwide_recruitment</id>
</campaign_feature_ids>
<campaign_feature_ids record_uuid="{b0f17a38-ab2e-4d27-b5df-3f815ba2037b}" record_timestamp="1436260901128" record_key="food">
<id>food</id>
</campaign_feature_ids>
<campaign_feature_ids record_uuid="{1f876289-2e0a-4937-ad10-e8d04a705900}" record_timestamp="1476808673781" record_key="food_dynamic_effects">
<id>food_dynamic_effects</id>
</campaign_feature_ids>
<campaign_feature_ids record_uuid="{86018579-48fc-40b0-ae63-9d16ad46a95b}" record_timestamp="1478781885758" record_key="food_garrison_exemption">
<id>food_garrison_exemption</id>
</campaign_feature_ids>
<campaign_feature_ids record_uuid="{a4b0da09-9b6c-47d7-a392-4589928d64c5}" record_timestamp="1476808671446" record_key="food_tax_exemption">
<id>food_tax_exemption</id>
</campaign_feature_ids>
<campaign_feature_ids record_uuid="{76f7812d-abfe-4b15-889b-8df5a600aff6}" record_timestamp="1491321816272" record_key="geomantic_web">
<id>geomantic_web</id>
</campaign_feature_ids>
<campaign_feature_ids record_uuid="{a6a2e719-0dd6-4ea3-b53b-83f69f25ad33}" record_timestamp="1431085595489" record_key="governors">
<id>governors</id>
</campaign_feature_ids>
<campaign_feature_ids record_uuid="{a0fb4ff0-184e-4e92-b345-49d98ee6bad2}" record_timestamp="1460367112261" record_key="hidden_in_settle_stance">
<id>hidden_in_settle_stance</id>
</campaign_feature_ids>
<campaign_feature_ids record_uuid="{c018ac6a-ca24-4608-b03c-78a10f69f626}" record_timestamp="1490794770764" record_key="hidden_settlements">
<id>hidden_settlements</id>
</campaign_feature_ids>
<campaign_feature_ids record_uuid="{5e3538cd-25c9-40a7-81e6-4a615b534aea}" record_timestamp="1459947210259" record_key="horde_building_dismantle_development_point_recoup">
<id>horde_building_dismantle_development_point_recoup</id>
</campaign_feature_ids>
<campaign_feature_ids record_uuid="{53a92f30-f210-4c8c-a66b-83262d31ce72}" record_timestamp="1487086197549" record_key="influence">
<id>influence</id>
</campaign_feature_ids>
<campaign_feature_ids record_uuid="{1c30d8e6-fceb-4823-9834-c53a72ee5b7a}" record_timestamp="1487693305607" record_key="interfaction_loyalty">
<id>interfaction_loyalty</id>
</campaign_feature_ids>
<campaign_feature_ids record_uuid="{c058fd57-63ea-4c7d-bdf0-d03e745b85a6}" record_timestamp="1501764995030" record_key="intervention_army">
<id>intervention_army</id>
</campaign_feature_ids>
<campaign_feature_ids record_uuid="{afa24bd3-0b01-486f-ae61-6baa0fc8440c}" record_timestamp="1487693305296" record_key="loyalty_of_agents">
<id>loyalty_of_agents</id>
</campaign_feature_ids>
<campaign_feature_ids record_uuid="{18d0662e-ef14-4562-a9e1-7bc132a2e265}" record_timestamp="1487693305296" record_key="loyalty_of_lords">
<id>loyalty_of_lords</id>
</campaign_feature_ids>
<campaign_feature_ids record_uuid="{775361a2-fd88-4245-b01e-e58643672043}" record_timestamp="1431085595489" record_key="military_morale">
<id>military_morale</id>
</campaign_feature_ids>
<campaign_feature_ids record_uuid="{39981a5b-4699-4e25-992e-b64d998eb4b7}" record_timestamp="1487693305607" record_key="persistent_loyalty_factors">
<id>persistent_loyalty_factors</id>
</campaign_feature_ids>
<campaign_feature_ids record_uuid="{dd59dc22-7b20-4653-91e5-cc5c4e04bb85}" record_timestamp="1450349672998" record_key="politics">
<id>politics</id>
</campaign_feature_ids>
<campaign_feature_ids record_uuid="{2f1c7485-5082-4271-94a5-1b74d3f25d71}" record_timestamp="1431085595489" record_key="public_order">
<id>public_order</id>
</campaign_feature_ids>
<campaign_feature_ids record_uuid="{b30af2e1-54aa-46f9-8f4c-37459ca08934}" record_timestamp="1438258502601" record_key="random_missions">
<id>random_missions</id>
</campaign_feature_ids>
<campaign_feature_ids record_uuid="{19c17791-216f-4270-9b54-9654e4f7dbd2}" record_timestamp="1449678577006" record_key="recruit_admirals">
<id>recruit_admirals</id>
</campaign_feature_ids>
<campaign_feature_ids record_uuid="{3f800d7a-e896-4c40-be7c-a93464b1d0c4}" record_timestamp="1431085595489" record_key="region_growth">
<id>region_growth</id>
</campaign_feature_ids>
<campaign_feature_ids record_uuid="{34dc145a-8248-4797-a5eb-b05fa18a2370}" record_timestamp="1444043271667" record_key="region_sanitation">
<id>region_sanitation</id>
</campaign_feature_ids>
<campaign_feature_ids record_uuid="{89bd695b-909d-4333-bebc-c8c21cc8817e}" record_timestamp="1431085595490" record_key="region_wealth">
<id>region_wealth</id>
</campaign_feature_ids>
<campaign_feature_ids record_uuid="{e519aa90-9d35-4af0-8153-5faea383d92d}" record_timestamp="1510239254534" record_key="remove_background_income_bonus">
<id>remove_background_income_bonus</id>
</campaign_feature_ids>
<campaign_feature_ids record_uuid="{c2e8d038-3937-4282-bb28-19d5db407090}" record_timestamp="1438340041776" record_key="settlement_vandalisation">
<id>settlement_vandalisation</id>
</campaign_feature_ids>
<campaign_feature_ids record_uuid="{4ebe6ccd-0bf0-4367-af1e-38afdcf7698c}" record_timestamp="1439905854439" record_key="siege_escalation">
<id>siege_escalation</id>
</campaign_feature_ids>
<campaign_feature_ids record_uuid="{4503e039-3f9b-4bf3-aa4b-525be8864efe}" record_timestamp="1436260901133" record_key="slaves">
<id>slaves</id>
</campaign_feature_ids>
<campaign_feature_ids record_uuid="{e34851b7-a929-4861-9503-201d41ce5cb4}" record_timestamp="1488982857017" record_key="standalone_plagues">
<id>standalone_plagues</id>
</campaign_feature_ids>
<campaign_feature_ids record_uuid="{ef3df8ed-01e5-4e02-8b89-ab96acd38407}" record_timestamp="1467098126071" record_key="tax_exemption">
<id>tax_exemption</id>
</campaign_feature_ids>
<campaign_feature_ids record_uuid="{565884b4-dcc9-4df4-8afa-ed5cac31dbd8}" record_timestamp="1467098126072" record_key="tax_rate_control">
<id>tax_rate_control</id>
</campaign_feature_ids>
<campaign_feature_ids record_uuid="{ca551d45-527d-435b-b09f-1f580baa78ef}" record_timestamp="1459941473794" record_key="undead_unit_saving_postbattle">
<id>undead_unit_saving_postbattle</id>
</campaign_feature_ids>
<campaign_feature_ids record_uuid="{493abcea-6478-40f6-b2e2-405a483d479b}" record_timestamp="1510764507697" record_key="use_cpvalue_for_postbattle_income_calculation">
<id state="NOT_APPROVED" last_approved_text="" last_edit_user="bob">use_cpvalue_for_postbattle_income_calculation</id>
</campaign_feature_ids>
<campaign_feature_ids record_uuid="{48743a97-44cf-4636-acbf-e83b185fe1f0}" record_timestamp="1430928261364" record_key="vampiric_mercenary_recruitment">
<id>vampiric_mercenary_recruitment</id>
</campaign_feature_ids>
</dataroot>
