<?xml version="1.0" encoding="UTF-8"?>
<dataroot xmlns:od="urn:schemas-microsoft-com:officedata" xmlns:xsi="http://www.w3.org/2001/XMLSchema-instance" xsi:noNamespaceSchemaLocation="campaign_bonus_value_ids_unit_class.xsd" export_time="Tue Mar 7 15:56:05 2017" revision="19" export_branch="E:/TW/branches/warhammer2/dev/warhammer/binaries.x64" export_user="bob">
<edit_uuid>10b8d3ef-9b3d-4ccf-a88a-2b4d70940732</edit_uuid>
<campaign_bonus_value_ids_unit_class record_uuid="{3e7b538a-70b5-4ebf-b646-38ba0ce0d46a}" record_timestamp="1461152289106" record_key="ammo_mod">
<key>ammo_mod</key>
<notes>Percentage modifier for unit stat ammo mod. Applied to unit stats, can come from force's or unit-commanding character's bonuses.</notes>
</campaign_bonus_value_ids_unit_class>
<campaign_bonus_value_ids_unit_class record_uuid="{d25d8c9f-a527-4a0a-a4e9-b0ecedc0dc9a}" record_key="charge_bonus">
<key>charge_bonus</key>
<notes>Added to unit stat m_charge_bonus. Applied to unit stats, can come from force's or unit-commanding character's bonuses.</notes>
</campaign_bonus_value_ids_unit_class>
<campaign_bonus_value_ids_unit_class record_uuid="{afee11db-080a-4132-87c4-274ab908524b}" record_key="cost_mod">
<key>cost_mod</key>
<notes>Percentage modifier to unit cost. Used from province and sea-region bonuses when recruiting</notes>
</campaign_bonus_value_ids_unit_class>
<campaign_bonus_value_ids_unit_class record_uuid="{be0a4c75-b41a-4cdf-bc66-fb1604e39442}" record_timestamp="1438698462449" record_key="damage_resistance_all_mod">
<key>damage_resistance_all_mod</key>
<notes>Additive bonus for all damage resistance, used at character and force bonuses.</notes>
</campaign_bonus_value_ids_unit_class>
<campaign_bonus_value_ids_unit_class record_uuid="{f404d5c1-5444-4899-9b77-d629b31abfb3}" record_timestamp="1438698462389" record_key="damage_resistance_flame_mod">
<key>damage_resistance_flame_mod</key>
<notes>Additive bonus for flame damage resistance, used at character and force bonuses.</notes>
</campaign_bonus_value_ids_unit_class>
<campaign_bonus_value_ids_unit_class record_uuid="{23567151-c568-4a90-a9e5-d49a6ed7ac47}" record_timestamp="1438698462329" record_key="damage_resistance_magic_mod">
<key>damage_resistance_magic_mod</key>
<notes>Additive bonus for magic damage resistance, used at character and force bonuses.</notes>
</campaign_bonus_value_ids_unit_class>
<campaign_bonus_value_ids_unit_class record_uuid="{e2611f7c-0004-4e20-9554-4cf9c1a2149b}" record_timestamp="1438698462209" record_key="damage_resistance_missile_mod">
<key>damage_resistance_missile_mod</key>
<notes>Additive bonus for missile damage resistance, used at character and force bonuses.</notes>
</campaign_bonus_value_ids_unit_class>
<campaign_bonus_value_ids_unit_class record_uuid="{04ad8cd6-a369-4339-a98e-65d60cfcda70}" record_timestamp="1438698462268" record_key="damage_resistance_physical_mod">
<key>damage_resistance_physical_mod</key>
<notes>Additive bonus for physical damage resistance, used at character and force bonuses.</notes>
</campaign_bonus_value_ids_unit_class>
<campaign_bonus_value_ids_unit_class record_uuid="{71d06645-4119-48db-9a28-21e9f7ec5dc1}" record_timestamp="1488902164181" record_key="damage_vs_cavalry">
<key>damage_vs_cavalry</key>
<notes>Additive bonus for damage vs cavalry, used at character and force bonuses.</notes>
</campaign_bonus_value_ids_unit_class>
<campaign_bonus_value_ids_unit_class record_uuid="{9baafbb8-59c8-4f40-acc8-42fa726fe5a1}" record_timestamp="1488902164181" record_key="damage_vs_infantry">
<key>damage_vs_infantry</key>
<notes>Additive bonus for damage vs infantry, used at character and force bonuses.</notes>
</campaign_bonus_value_ids_unit_class>
<campaign_bonus_value_ids_unit_class record_uuid="{abbd53bb-9942-4968-9d26-a8c16a813106}" record_timestamp="1438698461787" record_key="damage_vs_large_entities">
<key>damage_vs_large_entities</key>
<notes>Additive bonus for damage vs large entities, used at character and force bonuses.</notes>
</campaign_bonus_value_ids_unit_class>
<campaign_bonus_value_ids_unit_class record_uuid="{8082e90e-8ab7-4f98-a395-80510a63ef93}" record_key="melee_attack_mod">
<key>melee_attack_mod</key>
<notes>Added to melee attack stat. Used from force's or unit-commanding character's bonuses.</notes>
</campaign_bonus_value_ids_unit_class>
<campaign_bonus_value_ids_unit_class record_uuid="{5fd5ab27-d840-4fa9-bec0-b2287fa94879}" record_timestamp="1438698461969" record_key="melee_damage_ap_mod_add">
<key>melee_damage_ap_mod_add</key>
<notes>Additive bonus for melee ap damage, used at character and force bonuses.</notes>
</campaign_bonus_value_ids_unit_class>
<campaign_bonus_value_ids_unit_class record_uuid="{6f97dd1e-cd9f-4aed-9512-727d1e659ef2}" record_timestamp="1438698462032" record_key="melee_damage_ap_mod_mult">
<key>melee_damage_ap_mod_mult</key>
<notes>Multiplicative bonus for melee ap damage, used at character and force bonuses.</notes>
</campaign_bonus_value_ids_unit_class>
<campaign_bonus_value_ids_unit_class record_uuid="{064de8b1-7070-469e-85a9-a4b8b5c80d77}" record_timestamp="1438698462093" record_key="melee_damage_mod_add">
<key>melee_damage_mod_add</key>
<notes>Additive bonus for melee damage, used at character and force bonuses.</notes>
</campaign_bonus_value_ids_unit_class>
<campaign_bonus_value_ids_unit_class record_uuid="{98c2db9e-9013-4e1e-b59f-29a596e7a30d}" record_timestamp="1438698462151" record_key="melee_damage_mod_mult">
<key>melee_damage_mod_mult</key>
<notes>Multiplicative bonus for melee damage, used at character and force bonuses.</notes>
</campaign_bonus_value_ids_unit_class>
<campaign_bonus_value_ids_unit_class record_uuid="{00dbb25c-2411-4817-93a7-1bb448da9ec4}" record_key="melee_defence_mod">
<key>melee_defence_mod</key>
<notes>Added to melee defence stat (m_melee_defence). Used from force's or unit-commanding character's bonuses.</notes>
</campaign_bonus_value_ids_unit_class>
<campaign_bonus_value_ids_unit_class record_uuid="{20b90672-b4c3-4a4b-a216-0d63da7e848c}" record_timestamp="1438772044827" record_key="miscast_chance_mod">
<key>miscast_chance_mod</key>
<notes>Percentage modifier on miscast chance. Used at character and force bonuses.</notes>
</campaign_bonus_value_ids_unit_class>
<campaign_bonus_value_ids_unit_class record_uuid="{039b7521-ed5f-4857-9f7d-db13633e1ca1}" record_timestamp="1438698461846" record_key="missile_damage_ap_mod_mult">
<key>missile_damage_ap_mod_mult</key>
<notes>Multiplicative bonus for missile ap damage, used at character and force bonuses.</notes>
</campaign_bonus_value_ids_unit_class>
<campaign_bonus_value_ids_unit_class record_uuid="{97e90090-4521-48ef-9437-434c3dd842eb}" record_timestamp="1438698461906" record_key="missile_damage_mod_mult">
<key>missile_damage_mod_mult</key>
<notes>Multiplicative bonus for missile damage, used at character and force bonuses.</notes>
</campaign_bonus_value_ids_unit_class>
<campaign_bonus_value_ids_unit_class record_uuid="{86633f23-d876-4e1e-b941-c5b02e54ebd2}" record_timestamp="1461152289106" record_key="morale">
<key>morale</key>
<notes>Increase unit morale. Used from force's or unit-commanding character's bonuses.</notes>
</campaign_bonus_value_ids_unit_class>
<campaign_bonus_value_ids_unit_class record_uuid="{2bd7cf24-4b54-4b1a-9799-7ac202c4e41b}" record_timestamp="1461152289105" record_key="movement_mod">
<key>movement_mod</key>
<notes>Percentage modifier to unit action points. Positive value increases action points. Used at military force bonuses</notes>
</campaign_bonus_value_ids_unit_class>
<campaign_bonus_value_ids_unit_class record_uuid="{c83f66cf-7852-4bdb-b02c-c312f206a5b2}" record_key="range_mod">
<key>range_mod</key>
<notes>Modifier for range in unit stats. Used from force's or unit-commanding character's bonuses.</notes>
</campaign_bonus_value_ids_unit_class>
<campaign_bonus_value_ids_unit_class record_uuid="{eeec9c2d-35a1-488f-9491-b6e0b957d34e}" record_key="reload">
<key>reload</key>
<notes>Modifier for reload in unit stats. Used from force's or unit-commanding character's bonuses.</notes>
</campaign_bonus_value_ids_unit_class>
<campaign_bonus_value_ids_unit_class record_uuid="{6e4bee09-13da-49f0-866a-819ba6ec5ae5}" record_timestamp="1440684507275" record_key="splash_attack_power_mod_add">
<key>splash_attack_power_mod_add</key>
<notes>Additive modifier to unit splash attack multiplier. Used at character and force bonuses.</notes>
</campaign_bonus_value_ids_unit_class>
<campaign_bonus_value_ids_unit_class record_uuid="{42fe89f4-4d2e-4769-895b-2de6c3e37fe7}" record_timestamp="1409069706747" record_key="unit_fatigue_resistance_mod">
<key>unit_fatigue_resistance_mod</key>
<notes>Percentage modifier unit fatigue restistance. Negative values increase resistance. Used at military force bonuses.</notes>
</campaign_bonus_value_ids_unit_class>
<campaign_bonus_value_ids_unit_class record_uuid="{405c1eac-9dc4-476a-b031-10c4639baba6}" record_timestamp="1438772044804" record_key="unit_flaming_attack_mod">
<key>unit_flaming_attack_mod</key>
<notes>Additive bonus for flaming attack damage, used at character and force bonuses.</notes>
</campaign_bonus_value_ids_unit_class>
<campaign_bonus_value_ids_unit_class record_uuid="{17fa8713-6ed5-4fa8-a82f-67d06002e34c}" record_timestamp="1398353078118" record_key="unit_starting_fatigue_state">
<key>unit_starting_fatigue_state</key>
<notes>Unit starting fatigue state. Used as a max value (does not stack). 0 = fresh, 5 = exhausted. Used at military force bonuses.</notes>
</campaign_bonus_value_ids_unit_class>
<campaign_bonus_value_ids_unit_class record_uuid="{3ad9752b-8e2a-42bc-aa6c-f579619f4d86}" record_key="unit_stat_bonus_accuracy">
<key>unit_stat_bonus_accuracy</key>
<notes>Sets UNIT_STATISTICS_BONUSES value for accuracy bonus. Used from province and sea-region bonuses when recruiting</notes>
</campaign_bonus_value_ids_unit_class>
<campaign_bonus_value_ids_unit_class record_uuid="{0be2856a-a1bc-4809-818b-472a5d79cefd}" record_key="unit_stat_bonus_ammunition">
<key>unit_stat_bonus_ammunition</key>
<notes>Sets UNIT_STATISTICS_BONUSES value for ammunition bonus. Used from province and sea-region bonuses when recruiting</notes>
</campaign_bonus_value_ids_unit_class>
<campaign_bonus_value_ids_unit_class record_uuid="{3afd185a-436e-4b31-910e-d4a46e196148}" record_key="unit_stat_bonus_armour">
<key>unit_stat_bonus_armour</key>
<notes>Sets UNIT_STATISTICS_BONUSES value for armour bonus. Used from province and sea-region bonuses when recruiting</notes>
</campaign_bonus_value_ids_unit_class>
<campaign_bonus_value_ids_unit_class record_uuid="{88c20183-f79f-49ad-957f-922998ecf8e1}" record_key="unit_stat_bonus_attack">
<key>unit_stat_bonus_attack</key>
<notes>Sets UNIT_STATISTICS_BONUSES value for attack bonus. Used from province and sea-region bonuses when recruiting</notes>
</campaign_bonus_value_ids_unit_class>
<campaign_bonus_value_ids_unit_class record_uuid="{d012ba8b-d8aa-442a-a7b4-9cfd232699d6}" record_key="unit_stat_bonus_charge">
<key>unit_stat_bonus_charge</key>
<notes>Sets UNIT_STATISTICS_BONUSES value for charge bonus. Used from province and sea-region bonuses when recruiting</notes>
</campaign_bonus_value_ids_unit_class>
<campaign_bonus_value_ids_unit_class record_uuid="{a6579d41-3109-4881-b0f4-df36849b3a5c}" record_key="unit_stat_bonus_defence">
<key>unit_stat_bonus_defence</key>
<notes>Sets UNIT_STATISTICS_BONUSES value for defence bonus. Used from province and sea-region bonuses when recruiting</notes>
</campaign_bonus_value_ids_unit_class>
<campaign_bonus_value_ids_unit_class record_uuid="{a126603e-3d16-4a5f-a0c2-936ef44740f1}" record_key="unit_stat_bonus_horses">
<key>unit_stat_bonus_horses</key>
<notes>Sets UNIT_STATISTICS_BONUSES value for horses bonus. Used from province and sea-region bonuses when recruiting</notes>
</campaign_bonus_value_ids_unit_class>
<campaign_bonus_value_ids_unit_class record_uuid="{81feba0d-e654-4851-99c5-60cbd1a66624}" record_key="unit_stat_bonus_hull_armour">
<key>unit_stat_bonus_hull_armour</key>
<notes>Sets UNIT_STATISTICS_BONUSES value for hull armour bonus. Used from province and sea-region bonuses when recruiting</notes>
</campaign_bonus_value_ids_unit_class>
<campaign_bonus_value_ids_unit_class record_uuid="{a3819597-781e-449d-a880-086af62149b9}" record_key="unit_stat_bonus_hull_health">
<key>unit_stat_bonus_hull_health</key>
<notes>Sets UNIT_STATISTICS_BONUSES value for hull health bonus. Used from province and sea-region bonuses when recruiting</notes>
</campaign_bonus_value_ids_unit_class>
<campaign_bonus_value_ids_unit_class record_uuid="{d19ebf20-18db-40a3-bbcf-d582b9c80899}" record_key="unit_stat_bonus_morale">
<key>unit_stat_bonus_morale</key>
<notes>Sets UNIT_STATISTICS_BONUSES value for morale bonus. Used from province and sea-region bonuses when recruiting</notes>
</campaign_bonus_value_ids_unit_class>
<campaign_bonus_value_ids_unit_class record_uuid="{687f78a8-7976-49d3-9561-fe4aae12e4a6}" record_key="unit_stat_bonus_ramming">
<key>unit_stat_bonus_ramming</key>
<notes>Sets UNIT_STATISTICS_BONUSES value for ramming bonus. Used from province and sea-region bonuses when recruiting</notes>
</campaign_bonus_value_ids_unit_class>
<campaign_bonus_value_ids_unit_class record_uuid="{3ba33ef3-b838-47de-8d15-30f51fe165a9}" record_key="unit_stat_bonus_shield">
<key>unit_stat_bonus_shield</key>
<notes>Sets UNIT_STATISTICS_BONUSES value for shield bonus. Used from province and sea-region bonuses when recruiting</notes>
</campaign_bonus_value_ids_unit_class>
<campaign_bonus_value_ids_unit_class record_uuid="{0eb64a74-8eb3-41f3-a409-b2f2479c47dd}" record_key="unit_stat_bonus_weapon">
<key>unit_stat_bonus_weapon</key>
<notes>Sets UNIT_STATISTICS_BONUSES value for weapon bonus. Used from province and sea-region bonuses when recruiting</notes>
</campaign_bonus_value_ids_unit_class>
<campaign_bonus_value_ids_unit_class record_uuid="{fccaf935-0583-4596-a106-f6d25384d5a7}" record_key="unit_xp_mod">
<key>unit_xp_mod</key>
<notes>Added to recruitment XP for units. Used from province and sea-region bonuses when recruiting</notes>
</campaign_bonus_value_ids_unit_class>
<campaign_bonus_value_ids_unit_class record_uuid="{4cc50b1c-0564-456a-b885-98033c1e2f69}" record_key="upkeep_mod">
<key>upkeep_mod</key>
<notes>Percentage modifier for unit upkeep. Used from military force bonuses.</notes>
</campaign_bonus_value_ids_unit_class>
<campaign_bonus_value_ids_unit_class record_uuid="{a73c1e52-b2e9-4316-8aac-0bbebc4fee35}" record_timestamp="1430928261560" record_key="vampiric_mercenary_recruitment_capacity">
<key>vampiric_mercenary_recruitment_capacity</key>
<notes>Accumulated across all sources and then modified by sinusoidal function before being added to capacity of vampiric mercenary pools.</notes>
</campaign_bonus_value_ids_unit_class>
<campaign_bonus_value_ids_unit_class record_uuid="{94c0fdff-2d84-4f37-9b88-6dfa32f08276}" record_timestamp="1430928261560" record_key="vampiric_mercenary_recruitment_replenishment_rate">
<key>vampiric_mercenary_recruitment_replenishment_rate</key>
<notes>Accumulated across all sources and then modified by sinusoidal function before being added to replenishment rate of vampiric mercenary pools.</notes>
</campaign_bonus_value_ids_unit_class>
</dataroot>
