<?xml version="1.0" encoding="UTF-8"?>
<dataroot xmlns:od="urn:schemas-microsoft-com:officedata" xmlns:xsi="http://www.w3.org/2001/XMLSchema-instance" xsi:noNamespaceSchemaLocation="campaign_bonus_value_ids_technologies.xsd" export_time="Tue Oct 18 17:38:11 2016" revision="6" export_branch="T:/branches/warhammer2/dev/warhammer/binaries.x64" export_user="bob">
<edit_uuid>3097dac2-548e-46a1-a33f-2bae85fe3795</edit_uuid>
<campaign_bonus_value_ids_technologies record_uuid="{57b9fa17-8cd0-4501-aa9d-d457ec52e6e0}" record_timestamp="1425655717572" record_key="disable_tech">
<key>disable_tech</key>
<notes>placeholder</notes>
</campaign_bonus_value_ids_technologies>
<campaign_bonus_value_ids_technologies record_uuid="{861b923a-9ce5-45f5-ba39-5a084a2154d6}" record_timestamp="1476808672012" record_key="food_cost_mod">
<key>food_cost_mod</key>
<notes>Straight numeric modifier to food cost for a tech</notes>
</campaign_bonus_value_ids_technologies>
</dataroot>
