<?xml version="1.0" encoding="UTF-8"?>
<dataroot xmlns:od="urn:schemas-microsoft-com:officedata" xmlns:xsi="http://www.w3.org/2001/XMLSchema-instance" xsi:noNamespaceSchemaLocation="campaign_group_member_criteria_ministerial_positions.xsd" export_time="Fri Nov 25 15:52:15 2016" revision="2" export_branch="T:/branches/warhammer2/dev/warhammer/binaries.x64" export_user="bob">
<edit_uuid>03492234-9e15-40be-941c-22b28a112100</edit_uuid>
<campaign_group_member_criteria_ministerial_positions record_uuid="{454d470d-c608-4422-92ce-dab374b714c7}" record_timestamp="1478788890025" record_key="wh_dlc05_minister_elf_elder_speaker">
<member>wh_dlc05_minister_elf_elder_speaker</member>
<ministerial_position>wh_dlc05_minister_wef_elf_elder_speaker</ministerial_position>
</campaign_group_member_criteria_ministerial_positions>
<campaign_group_member_criteria_ministerial_positions record_uuid="{8cef2f7e-e2f5-4583-a143-fe83e919e20d}" record_timestamp="1478796390448" record_key="wh_dlc05_minister_elf_faction_leader">
<member>wh_dlc05_minister_elf_faction_leader</member>
<ministerial_position>faction_leader</ministerial_position>
</campaign_group_member_criteria_ministerial_positions>
<campaign_group_member_criteria_ministerial_positions record_uuid="{81753b83-f059-4ed8-aba2-fc8680fdbe3b}" record_timestamp="1480089129499" record_key="wh_dlc05_minister_elf_faction_leader_mini">
<member>wh_dlc05_minister_elf_faction_leader_mini</member>
<ministerial_position>faction_leader</ministerial_position>
</campaign_group_member_criteria_ministerial_positions>
<campaign_group_member_criteria_ministerial_positions record_uuid="{78b1b42d-fc13-44c0-81ca-4f29e7ffa1be}" record_timestamp="1478788890020" record_key="wh_dlc05_minister_elf_herald_of_the_hunt">
<member>wh_dlc05_minister_elf_herald_of_the_hunt</member>
<ministerial_position>wh_dlc05_minister_wef_elf_herald_of_the_hunt</ministerial_position>
</campaign_group_member_criteria_ministerial_positions>
<campaign_group_member_criteria_ministerial_positions record_uuid="{3ec756f4-2d12-4b1e-9d97-4906f157733f}" record_timestamp="1478788890021" record_key="wh_dlc05_minister_elf_protector_of_the_oak">
<member>wh_dlc05_minister_elf_protector_of_the_oak</member>
<ministerial_position>wh_dlc05_minister_wef_elf_protector_of_the_oak</ministerial_position>
</campaign_group_member_criteria_ministerial_positions>
<campaign_group_member_criteria_ministerial_positions record_uuid="{b3c2d290-40ee-4411-8235-43f3a3c66cbe}" record_timestamp="1478788890023" record_key="wh_dlc05_minister_elf_starlight_craftsman">
<member>wh_dlc05_minister_elf_starlight_craftsman</member>
<ministerial_position>wh_dlc05_minister_wef_elf_starlight_craftsman</ministerial_position>
</campaign_group_member_criteria_ministerial_positions>
<campaign_group_member_criteria_ministerial_positions record_uuid="{00876488-71a9-44b6-9dd0-521dff4e4044}" record_timestamp="1478788890012" record_key="wh_dlc05_minister_elf_the_tricksters_masque">
<member>wh_dlc05_minister_elf_the_tricksters_masque</member>
<ministerial_position>wh_dlc05_minister_wef_elf_the_tricksters_masque</ministerial_position>
</campaign_group_member_criteria_ministerial_positions>
<campaign_group_member_criteria_ministerial_positions record_uuid="{707923b5-d43d-42a7-95c6-f1d570011c9b}" record_timestamp="1478788890014" record_key="wh_dlc05_minister_elf_warden_of_the_wildwood">
<member>wh_dlc05_minister_elf_warden_of_the_wildwood</member>
<ministerial_position>wh_dlc05_minister_wef_elf_warden_of_the_wildwood</ministerial_position>
</campaign_group_member_criteria_ministerial_positions>
<campaign_group_member_criteria_ministerial_positions record_uuid="{d5ae755d-73a2-486c-8260-fa7786d99497}" record_timestamp="1478788890016" record_key="wh_dlc05_minister_tree_ancient_of_delliandra">
<member>wh_dlc05_minister_tree_ancient_of_delliandra</member>
<ministerial_position>wh_dlc05_minister_wef_tree_ancient_of_delliandra</ministerial_position>
</campaign_group_member_criteria_ministerial_positions>
<campaign_group_member_criteria_ministerial_positions record_uuid="{8327f702-ba3b-4d40-8e67-5439481ca400}" record_timestamp="1478788890018" record_key="wh_dlc05_minister_tree_ancient_of_druthandor">
<member>wh_dlc05_minister_tree_ancient_of_druthandor</member>
<ministerial_position>wh_dlc05_minister_wef_tree_ancient_of_druthandor</ministerial_position>
</campaign_group_member_criteria_ministerial_positions>
<campaign_group_member_criteria_ministerial_positions record_uuid="{8063d50c-11fd-4b04-b79b-cc94f605f1c0}" record_timestamp="1478788890027" record_key="wh_dlc05_minister_tree_ancient_of_talrennic">
<member>wh_dlc05_minister_tree_ancient_of_talrennic</member>
<ministerial_position>wh_dlc05_minister_wef_tree_ancient_of_talrennic</ministerial_position>
</campaign_group_member_criteria_ministerial_positions>
<campaign_group_member_criteria_ministerial_positions record_uuid="{b43783bc-527d-418d-be32-260d1587b3a2}" record_timestamp="1478788890029" record_key="wh_dlc05_minister_tree_ancient_of_threllock">
<member>wh_dlc05_minister_tree_ancient_of_threllock</member>
<ministerial_position>wh_dlc05_minister_wef_tree_ancient_of_threllock</ministerial_position>
</campaign_group_member_criteria_ministerial_positions>
<campaign_group_member_criteria_ministerial_positions record_uuid="{c6399f48-5d23-4cb5-94d9-ca53cd583963}" record_timestamp="1478796390449" record_key="wh_dlc05_minister_tree_faction_leader">
<member>wh_dlc05_minister_tree_faction_leader</member>
<ministerial_position>faction_leader</ministerial_position>
</campaign_group_member_criteria_ministerial_positions>
<campaign_group_member_criteria_ministerial_positions record_uuid="{6860fced-441e-45d1-893d-72b41f4fa1a5}" record_timestamp="1480089129500" record_key="wh_dlc05_minister_tree_faction_leader_mini">
<member>wh_dlc05_minister_tree_faction_leader_mini</member>
<ministerial_position>faction_leader</ministerial_position>
</campaign_group_member_criteria_ministerial_positions>
<campaign_group_member_criteria_ministerial_positions record_uuid="{b9da55e3-e585-46b5-9aa4-79bf8f432b80}" record_timestamp="1478788885662" record_key="wh_ministerial_arch_lector">
<member>wh_ministerial_arch_lector</member>
<ministerial_position>wh_main_minister_emp_arch_lector</ministerial_position>
</campaign_group_member_criteria_ministerial_positions>
<campaign_group_member_criteria_ministerial_positions record_uuid="{d0b5d661-27a2-402e-abf2-95a0759e9818}" record_timestamp="1478788885658" record_key="wh_ministerial_castellan_engineer">
<member>wh_ministerial_castellan_engineer</member>
<ministerial_position>wh_main_minister_emp_castellan-engineer</ministerial_position>
</campaign_group_member_criteria_ministerial_positions>
<campaign_group_member_criteria_ministerial_positions record_uuid="{684d87a4-dbf0-4dae-8e70-2b28f43e4dbd}" record_timestamp="1478788885671" record_key="wh_ministerial_faction_leader_emp">
<member>wh_ministerial_faction_leader_emp</member>
<ministerial_position>faction_leader</ministerial_position>
</campaign_group_member_criteria_ministerial_positions>
<campaign_group_member_criteria_ministerial_positions record_uuid="{c5ea2f70-e5fc-4c6e-bd68-23f5bb200228}" record_timestamp="1478788885667" record_key="wh_ministerial_reiksmarshal">
<member>wh_ministerial_reiksmarshal</member>
<ministerial_position>wh_main_minister_emp_reiksmarshal</ministerial_position>
</campaign_group_member_criteria_ministerial_positions>
<campaign_group_member_criteria_ministerial_positions record_uuid="{315acb68-8477-4619-b058-192222370743}" record_timestamp="1478788885680" record_key="wh_ministerial_spymaster">
<member>wh_ministerial_spymaster</member>
<ministerial_position>wh_main_minister_emp_spymaster</ministerial_position>
</campaign_group_member_criteria_ministerial_positions>
<campaign_group_member_criteria_ministerial_positions record_uuid="{867160d9-47ff-4552-a8b5-71c1ca0cab7d}" record_timestamp="1478788885675" record_key="wh_ministerial_supreme_patriarch">
<member>wh_ministerial_supreme_patriarch</member>
<ministerial_position>wh_main_minister_emp_supreme_patriarch</ministerial_position>
</campaign_group_member_criteria_ministerial_positions>
<campaign_group_member_criteria_ministerial_positions record_uuid="{6b16f12e-cd19-42f8-9794-148d79ed02cb}" record_timestamp="1478788885683" record_key="wh_ministerial_treasurer">
<member>wh_ministerial_treasurer</member>
<ministerial_position>wh_main_minister_emp_treasurer</ministerial_position>
</campaign_group_member_criteria_ministerial_positions>
</dataroot>
