<?xml version="1.0" encoding="UTF-8"?>
<dataroot xmlns:od="urn:schemas-microsoft-com:officedata" xmlns:xsi="http://www.w3.org/2001/XMLSchema-instance" xsi:noNamespaceSchemaLocation="campaign_faction_feature_forest_overrides.xsd" export_time="Thu Oct 12 10:42:28 2017" revision="10" export_branch="T:/" export_user="bob">
<edit_uuid>5b6e00c8-576e-450f-aaf8-6b0ebf321ad4</edit_uuid>
<campaign_faction_feature_forest_overrides record_uuid="{f5437b97-eceb-4539-8057-69809d3b05ae}" record_timestamp="1504877094595" record_key="main_warhammerwh2_main_chs_chaos_incursion_def">
<campaign>main_warhammer</campaign>
<faction>wh2_main_chs_chaos_incursion_def</faction>
<feature_forest>LOCKED_HORDE</feature_forest>
</campaign_faction_feature_forest_overrides>
<campaign_faction_feature_forest_overrides record_uuid="{e99ee1b3-bf91-4904-bf22-8e6f6ddfe71c}" record_timestamp="1504877094561" record_key="main_warhammerwh2_main_chs_chaos_incursion_hef">
<campaign>main_warhammer</campaign>
<faction>wh2_main_chs_chaos_incursion_hef</faction>
<feature_forest>LOCKED_HORDE</feature_forest>
</campaign_faction_feature_forest_overrides>
<campaign_faction_feature_forest_overrides record_uuid="{bb1820c1-2df6-4d22-8fa3-f7432430d7b7}" record_timestamp="1504877094628" record_key="main_warhammerwh2_main_chs_chaos_incursion_lzd">
<campaign>main_warhammer</campaign>
<faction>wh2_main_chs_chaos_incursion_lzd</faction>
<feature_forest>LOCKED_HORDE</feature_forest>
</campaign_faction_feature_forest_overrides>
<campaign_faction_feature_forest_overrides record_uuid="{0d61472a-447a-4af0-ab0f-81112153a4b8}" record_timestamp="1507041168773" record_key="wh2_main_great_vortexwh2_dlc09_skv_clan_rictus">
<campaign>wh2_main_great_vortex</campaign>
<faction>wh2_dlc09_skv_clan_rictus</faction>
<feature_forest>VORTEX_RITUAL_STANDARD</feature_forest>
</campaign_faction_feature_forest_overrides>
<campaign_faction_feature_forest_overrides record_uuid="{dea5a727-d29c-43e1-9216-9014edc402df}" record_timestamp="1479232514598" record_key="wh2_main_great_vortexwh2_main_def_cult_of_pleasure">
<campaign>wh2_main_great_vortex</campaign>
<faction>wh2_main_def_cult_of_pleasure</faction>
<feature_forest>VORTEX_RITUAL_MIXED_NAVAL_HORDE</feature_forest>
</campaign_faction_feature_forest_overrides>
<campaign_faction_feature_forest_overrides record_uuid="{6dedaa79-b367-4f08-89e8-e23bb23a71c6}" record_timestamp="1479232514597" record_key="wh2_main_great_vortexwh2_main_def_naggarond">
<campaign>wh2_main_great_vortex</campaign>
<faction>wh2_main_def_naggarond</faction>
<feature_forest>VORTEX_RITUAL_MIXED_NAVAL_HORDE_PRIMARY</feature_forest>
</campaign_faction_feature_forest_overrides>
<campaign_faction_feature_forest_overrides record_uuid="{2fffec25-5ab0-4578-af44-333cd6cbec0c}" record_timestamp="1479232514598" record_key="wh2_main_great_vortexwh2_main_hef_eataine">
<campaign>wh2_main_great_vortex</campaign>
<faction>wh2_main_hef_eataine</faction>
<feature_forest>VORTEX_RITUAL_STANDARD_PRIMARY</feature_forest>
</campaign_faction_feature_forest_overrides>
<campaign_faction_feature_forest_overrides record_uuid="{1a24276f-6e73-4484-8fdd-6cae976ab6a4}" record_timestamp="1479232514599" record_key="wh2_main_great_vortexwh2_main_hef_order_of_loremasters">
<campaign>wh2_main_great_vortex</campaign>
<faction>wh2_main_hef_order_of_loremasters</faction>
<feature_forest>VORTEX_RITUAL_STANDARD</feature_forest>
</campaign_faction_feature_forest_overrides>
<campaign_faction_feature_forest_overrides record_uuid="{777bb85a-4b45-4f43-a787-36c0f8ae638c}" record_timestamp="1479232514598" record_key="wh2_main_great_vortexwh2_main_lzd_hexoatl">
<campaign>wh2_main_great_vortex</campaign>
<faction>wh2_main_lzd_hexoatl</faction>
<feature_forest>VORTEX_RITUAL_STANDARD_PRIMARY</feature_forest>
</campaign_faction_feature_forest_overrides>
<campaign_faction_feature_forest_overrides record_uuid="{0b3f69df-8246-44b4-97d2-f56e85675f69}" record_timestamp="1490277312035" record_key="wh2_main_great_vortexwh2_main_lzd_last_defenders">
<campaign>wh2_main_great_vortex</campaign>
<faction>wh2_main_lzd_last_defenders</faction>
<feature_forest>VORTEX_RITUAL_STANDARD</feature_forest>
</campaign_faction_feature_forest_overrides>
<campaign_faction_feature_forest_overrides record_uuid="{48320c9d-f49a-4277-9274-83d5717f5879}" record_timestamp="1485520448386" record_key="wh2_main_great_vortexwh2_main_skv_clan_mors">
<campaign>wh2_main_great_vortex</campaign>
<faction>wh2_main_skv_clan_mors</faction>
<feature_forest>VORTEX_RITUAL_STANDARD_PRIMARY</feature_forest>
</campaign_faction_feature_forest_overrides>
<campaign_faction_feature_forest_overrides record_uuid="{818360e9-590c-469c-b759-d1b8f0535060}" record_timestamp="1485520448390" record_key="wh2_main_great_vortexwh2_main_skv_clan_pestilens">
<campaign>wh2_main_great_vortex</campaign>
<faction>wh2_main_skv_clan_pestilens</faction>
<feature_forest>VORTEX_RITUAL_STANDARD</feature_forest>
</campaign_faction_feature_forest_overrides>
</dataroot>
