<?xml version="1.0" encoding="UTF-8"?>
<dataroot xmlns:od="urn:schemas-microsoft-com:officedata" xmlns:xsi="http://www.w3.org/2001/XMLSchema-instance" xsi:noNamespaceSchemaLocation="campaign_map_attritions.xsd" export_time="Thu Nov 23 08:48:20 2017" revision="101" export_branch="T:/branches/warhammer2/new_tomb/warhammer/binaries.x64" export_user="bob">
<edit_uuid>7575bda0-159d-4c3f-95fd-8d38db986831</edit_uuid>
<campaign_map_attritions record_uuid="{3f54553c-737e-4be4-a640-de9f74dd6974}" record_timestamp="1478796582839" record_key="athel_loren">
<campaign_map_tooltip state="APPROVED" last_approved_text="Armies will suffer losses due to [[img:icon_attrition]][[/img]]attrition when in the forest of Athel Loren." last_edit_user="bob">Armies will suffer losses due to [[img:icon_attrition]][[/img]]attrition when in the forest of Athel Loren.</campaign_map_tooltip>
<damage>attrition_athel_loren</damage>
<is_snow>0</is_snow>
<key>athel_loren</key>
<message_event_association>attrition_athel_loren</message_event_association>
<type>terrain_land</type>
<unit_card_tooltip state="APPROVED" last_approved_text="Most travellers that enter Athel Loren are found on its outskirts as little more than gibbering wrecks, their sanity shredded by whatever horrors they witnessed in the magical forest." last_edit_user="bob">Most travellers that enter Athel Loren are found on its outskirts as little more than gibbering wrecks, their sanity shredded by whatever horrors they witnessed in the magical forest.</unit_card_tooltip>
<unit_immunity_text state="APPROVED" last_approved_text="Athel Loren forest" last_edit_user="bob">Athel Loren forest</unit_immunity_text>
</campaign_map_attritions>
<campaign_map_attritions record_uuid="{c0dec512-65ec-42b9-9cb6-9e2742314d2f}" record_timestamp="1457703916891" record_key="besieged">
<campaign_map_tooltip state="APPROVED" last_approved_text="This settlement is suffering [[img:icon_attrition]][[/img]]attritional losses as it is under siege." last_edit_user="bob">This settlement is suffering [[img:icon_attrition]][[/img]]attritional losses as it is under siege.</campaign_map_tooltip>
<damage>attrition_besieged</damage>
<is_snow>0</is_snow>
<key>besieged</key>
<message_event_association>attrition_besieged</message_event_association>
<type>besieged</type>
<unit_card_tooltip state="APPROVED" last_approved_text="The population of this besieged settlement is dying from malnutrition." last_edit_user="bob">The population of this besieged settlement is dying from malnutrition.</unit_card_tooltip>
<unit_immunity_text state="APPROVED" last_approved_text="When besieged" last_edit_user="bob">When besieged</unit_immunity_text>
</campaign_map_attritions>
<campaign_map_attritions record_uuid="{e81584ee-a512-4f52-9643-cdb739ea3ae2}" record_timestamp="1457703916891" record_key="besieging">
<campaign_map_tooltip state="APPROVED" last_approved_text="This army is suffering [[img:icon_attrition]][[/img]]attritional losses as it is laying siege." last_edit_user="bob">This army is suffering [[img:icon_attrition]][[/img]]attritional losses as it is laying siege.</campaign_map_tooltip>
<damage>attrition_sieging</damage>
<is_snow>0</is_snow>
<key>besieging</key>
<message_event_association>attrition_besieging</message_event_association>
<type>besieging</type>
<unit_card_tooltip state="APPROVED" last_approved_text="Besieging a settlement also takes its toll on the besiegers, as disease and small skirmishes claim the weak." last_edit_user="bob">Besieging a settlement also takes its toll on the besiegers, as disease and small skirmishes claim the weak.</unit_card_tooltip>
<unit_immunity_text></unit_immunity_text>
</campaign_map_attritions>
<campaign_map_attritions record_uuid="{cee33b90-70c7-40fa-8dad-640005e0ab76}" record_timestamp="1457703916892" record_key="blockaded">
<campaign_map_tooltip state="APPROVED" last_approved_text="This port is suffering [[img:icon_attrition]][[/img]]attritional losses as it is being blockaded." last_edit_user="bob">This port is suffering [[img:icon_attrition]][[/img]]attritional losses as it is being blockaded.</campaign_map_tooltip>
<damage>attrition_light</damage>
<is_snow>0</is_snow>
<key>blockaded</key>
<message_event_association>attrition_blockaded</message_event_association>
<type>blockaded</type>
<unit_card_tooltip state="APPROVED" last_approved_text="Without supplies coming in from sea trade routes this settlement grows hungry." last_edit_user="bob">Without supplies coming in from sea trade routes this settlement grows hungry.</unit_card_tooltip>
<unit_immunity_text></unit_immunity_text>
</campaign_map_attritions>
<campaign_map_attritions record_uuid="{176c11c0-1ad5-43b7-bb9d-08e0a0bb8de8}" record_timestamp="1457703916892" record_key="blockading">
<campaign_map_tooltip state="APPROVED" last_approved_text="This fleet is suffering [[img:icon_attrition]][[/img]]attritional losses as it is blockading." last_edit_user="bob">This fleet is suffering [[img:icon_attrition]][[/img]]attritional losses as it is blockading.</campaign_map_tooltip>
<damage>attrition_light</damage>
<is_snow>0</is_snow>
<key>blockading</key>
<message_event_association>attrition_blockading</message_event_association>
<type>blockading</type>
<unit_card_tooltip state="APPROVED" last_approved_text="Everyone suffers during a lengthy blockade. Keeping the fleet out to sea hurts everyone." last_edit_user="bob">Everyone suffers during a lengthy blockade. Keeping the fleet out to sea hurts everyone.</unit_card_tooltip>
<unit_immunity_text></unit_immunity_text>
</campaign_map_attritions>
<campaign_map_attritions record_uuid="{a0f0037f-f3c8-446e-9e42-1aa837872827}" record_timestamp="1457703916891" record_key="chaos_territory">
<campaign_map_tooltip state="APPROVED" last_approved_text="Armies will suffer losses due to [[img:icon_attrition]][[/img]]attrition when in areas with high [[img:icon_corruption_chs]][[/img]]Chaos corruption." last_edit_user="bob">Armies will suffer losses due to [[img:icon_attrition]][[/img]]attrition when in areas with high [[img:icon_corruption_chs]][[/img]]Chaos corruption.</campaign_map_tooltip>
<damage>attrition_vampire_territory</damage>
<is_snow>0</is_snow>
<key>chaos_territory</key>
<message_event_association>attrition_chaos_territory</message_event_association>
<type>chaos_region</type>
<unit_card_tooltip state="APPROVED" last_approved_text="Blighted by the forces of Chaos, the ground has become hard as iron and the howling winds cut like daggers of purest cold." last_edit_user="bob">Blighted by the forces of Chaos, the ground has become hard as iron and the howling winds cut like daggers of purest cold.</unit_card_tooltip>
<unit_immunity_text state="APPROVED" last_approved_text="Chaos territory" last_edit_user="bob">Chaos territory</unit_immunity_text>
</campaign_map_attritions>
<campaign_map_attritions record_uuid="{8664770d-9759-422a-865c-f6e388465241}" record_timestamp="1457703916891" record_key="chaos_wastes">
<campaign_map_tooltip state="APPROVED" last_approved_text="Armies will suffer losses due to [[img:icon_attrition]][[/img]]attrition when in the Chaos Wastes." last_edit_user="bob">Armies will suffer losses due to [[img:icon_attrition]][[/img]]attrition when in the Chaos Wastes.</campaign_map_tooltip>
<damage>attrition_chaos_wastes</damage>
<is_snow>0</is_snow>
<key>chaos_wastes</key>
<message_event_association>attrition_chaos_wastes</message_event_association>
<type>terrain_land</type>
<unit_card_tooltip state="APPROVED" last_approved_text="To travel through the Chaos Wastes is to invite madness, for no mortal can comprehend them." last_edit_user="bob">To travel through the Chaos Wastes is to invite madness, for no mortal can comprehend them.</unit_card_tooltip>
<unit_immunity_text state="APPROVED" last_approved_text="Chaos Wastes" last_edit_user="bob">Chaos Wastes</unit_immunity_text>
</campaign_map_attritions>
<campaign_map_attritions record_uuid="{7fd2cad0-8d81-4b9c-a095-334b793cc683}" record_timestamp="1457703916890" record_key="deep_sea">
<campaign_map_tooltip state="APPROVED" last_approved_text="Fleets will suffer losses due to [[img:icon_attrition]][[/img]]attrition when in deep waters." last_edit_user="bob">Fleets will suffer losses due to [[img:icon_attrition]][[/img]]attrition when in deep waters.</campaign_map_tooltip>
<damage>attrition_heavy</damage>
<is_snow>0</is_snow>
<key>deep_sea</key>
<message_event_association>attrition_high_seas</message_event_association>
<type>terrain_sea</type>
<unit_card_tooltip state="APPROVED" last_approved_text="The elements show their true power over deep waters, endlessly buffeting the fleet and bringing death to mariners." last_edit_user="bob">The elements show their true power over deep waters, endlessly buffeting the fleet and bringing death to mariners.</unit_card_tooltip>
<unit_immunity_text state="APPROVED" last_approved_text="Deep sea" last_edit_user="bob">Deep sea</unit_immunity_text>
</campaign_map_attritions>
<campaign_map_attritions record_uuid="{d694846f-7f8d-4edb-9de4-e2787d6c1c99}" record_timestamp="1457703916891" record_key="desert">
<campaign_map_tooltip state="APPROVED" last_approved_text="Armies will suffer losses due to [[img:icon_attrition]][[/img]]attrition when in desert regions." last_edit_user="bob">Armies will suffer losses due to [[img:icon_attrition]][[/img]]attrition when in desert regions.</campaign_map_tooltip>
<damage>attrition_medium</damage>
<is_snow>0</is_snow>
<key>desert</key>
<message_event_association>attrition_desert</message_event_association>
<type>terrain_land</type>
<unit_card_tooltip state="APPROVED" last_approved_text="All perish in the desert! A wise Lord would find a road or leave this place." last_edit_user="bob">All perish in the desert! A wise Lord would find a road or leave this place.</unit_card_tooltip>
<unit_immunity_text state="APPROVED" last_approved_text="Desert" last_edit_user="bob">Desert</unit_immunity_text>
</campaign_map_attritions>
<campaign_map_attritions record_uuid="{a634443a-aa68-4fa1-8936-9eed879d0d9b}" record_timestamp="1463569375060" record_key="desertion">
<campaign_map_tooltip state="APPROVED" last_approved_text="Armies that cannot be sustained will suffer [[img:icon_attrition]][[/img]]attritional losses through desertion." last_edit_user="bob">Armies that cannot be sustained will suffer [[img:icon_attrition]][[/img]]attritional losses through desertion.</campaign_map_tooltip>
<damage>attrition_desertion</damage>
<is_snow>0</is_snow>
<key>desertion</key>
<message_event_association>campmap_bankrupt_desertion</message_event_association>
<type>desertion</type>
<unit_card_tooltip state="APPROVED" last_approved_text="Without supplies to sustain them, starvation, disease or desertion is causing troops to suffer [[img:icon_attrition]][[/img]]attrition." last_edit_user="bob">Without supplies to sustain them, starvation, disease or desertion is causing troops to suffer [[img:icon_attrition]][[/img]]attrition.</unit_card_tooltip>
<unit_immunity_text></unit_immunity_text>
</campaign_map_attritions>
<campaign_map_attritions record_uuid="{d4169451-5c06-494d-8789-d8df2ccd7c4e}" record_timestamp="1495011726170" record_key="disease">
<campaign_map_tooltip state="APPROVED" last_approved_text="Armies will suffer losses due to [[img:icon_attrition]][[/img]]attrition while enduring a Skaven [[img:icon_plague]][[/img]]plague." last_edit_user="bob">Armies will suffer losses due to [[img:icon_attrition]][[/img]]attrition while enduring a Skaven [[img:icon_plague]][[/img]]plague.</campaign_map_tooltip>
<damage>attrition_disease</damage>
<is_snow>0</is_snow>
<key>disease</key>
<message_event_association>attrition_disease</message_event_association>
<type>disease</type>
<unit_card_tooltip state="APPROVED" last_approved_text="The Skaven [[img:icon_plague]][[/img]]plague brings suffering and death to this army! Only time may rid them of this malady." last_edit_user="bob">The Skaven [[img:icon_plague]][[/img]]plague brings suffering and death to this army! Only time may rid them of this malady.</unit_card_tooltip>
<unit_immunity_text state="APPROVED" last_approved_text="Skaven plague" last_edit_user="bob">Skaven plague</unit_immunity_text>
</campaign_map_attritions>
<campaign_map_attritions record_uuid="{58b209d8-04a4-44a9-ab97-c39d96cb3e94}" record_timestamp="1495006355792" record_key="event_attrition">
<campaign_map_tooltip state="APPROVED" last_approved_text="This army is suffering [[img:icon_attrition]][[/img]]attritional losses due to a recent event." last_edit_user="bob">This army is suffering [[img:icon_attrition]][[/img]]attritional losses due to a recent event.</campaign_map_tooltip>
<damage>attrition_event</damage>
<is_snow>0</is_snow>
<key>event_attrition</key>
<message_event_association></message_event_association>
<type>bonus_value_enabled</type>
<unit_card_tooltip state="APPROVED" last_approved_text="A recent event has caused this army to suffer losses! Oh, cruel gods, when will it pass?" last_edit_user="bob">A recent event has caused this army to suffer losses! Oh, cruel gods, when will it pass?</unit_card_tooltip>
<unit_immunity_text></unit_immunity_text>
</campaign_map_attritions>
<campaign_map_attritions record_uuid="{232d3fce-78a3-4e21-9d06-41ea6d1a73e9}" record_timestamp="1495006355584" record_key="horde_infighting">
<campaign_map_tooltip state="APPROVED" last_approved_text="Horde armies positioned in close proximity will begin infighting, and suffer losses due to [[img:icon_attrition]][[/img]]attrition." last_edit_user="bob">Horde armies positioned in close proximity will begin infighting, and suffer losses due to [[img:icon_attrition]][[/img]]attrition.</campaign_map_tooltip>
<damage>attrition_horde_infighting</damage>
<is_snow>0</is_snow>
<key>horde_infighting</key>
<message_event_association>attrition_horde_infighting</message_event_association>
<type>horde_infighting</type>
<unit_card_tooltip state="APPROVED" last_approved_text="The rivalry between two mighty hordes has reached a tipping point. The warriors have began fighting each other!" last_edit_user="bob">The rivalry between two mighty hordes has reached a tipping point. The warriors have began fighting each other!</unit_card_tooltip>
<unit_immunity_text state="APPROVED" last_approved_text="Horde infighting" last_edit_user="bob">Horde infighting</unit_immunity_text>
</campaign_map_attritions>
<campaign_map_attritions record_uuid="{bdd3656f-8487-43a5-8899-8dc29fab5fdd}" record_timestamp="1495011720378" record_key="hostile_territory">
<campaign_map_tooltip state="APPROVED" last_approved_text="This army will suffer losses due to [[img:icon_attrition]][[/img]]attrition while in Lizardmen territory when the Rite of Sotek is active." last_edit_user="bob">This army will suffer losses due to [[img:icon_attrition]][[/img]]attrition while in Lizardmen territory when the Rite of Sotek is active.</campaign_map_tooltip>
<damage>attrition_hostile_territory</damage>
<is_snow>0</is_snow>
<key>hostile_territory</key>
<message_event_association>attrition_hostile_territory</message_event_association>
<type>hostile_territory</type>
<unit_card_tooltip state="APPROVED" last_approved_text="The Lizardmen in this area have performed the Rite of Sotek - many warriors are losing their lives to this environment." last_edit_user="bob">The Lizardmen in this area have performed the Rite of Sotek - many warriors are losing their lives to this environment.</unit_card_tooltip>
<unit_immunity_text state="APPROVED" last_approved_text="Rite of Sotek (Lizardmen territory)" last_edit_user="bob">Rite of Sotek (Lizardmen territory)</unit_immunity_text>
</campaign_map_attritions>
<campaign_map_attritions record_uuid="{51aaa0eb-14f4-4827-b4a2-fd92b8b406f8}" record_timestamp="1467806267061" record_key="low_morale">
<campaign_map_tooltip state="APPROVED" last_approved_text="{{tr:low_morale_waaagh_campaign_map_tooltip}}" last_edit_user="bob">{{tr:low_morale_waaagh_campaign_map_tooltip}}</campaign_map_tooltip>
<damage>attrition_morale</damage>
<is_snow>0</is_snow>
<key>low_morale</key>
<message_event_association>attrition_low_morale</message_event_association>
<type>low_morale</type>
<unit_card_tooltip state="APPROVED" last_approved_text="{{tr:low_morale_waaagh_unit_card}}" last_edit_user="bob">{{tr:low_morale_waaagh_unit_card}}</unit_card_tooltip>
<unit_immunity_text state="APPROVED" last_approved_text="{{tr:unit_immunity_text_low}}" last_edit_user="bob">{{tr:unit_immunity_text_low}}</unit_immunity_text>
</campaign_map_attritions>
<campaign_map_attritions record_uuid="{794c3ee5-5dcc-4d8a-b21f-c61b21464cb4}" record_timestamp="1499426720156" record_key="maelstrom">
<campaign_map_tooltip state="APPROVED" last_approved_text="Fleets will suffer losses due to [[img:icon_attrition]][[/img]]attrition when in maelstroms." last_edit_user="bob">Fleets will suffer losses due to [[img:icon_attrition]][[/img]]attrition when in maelstroms.</campaign_map_tooltip>
<damage>attrition_maelstrom</damage>
<is_snow>0</is_snow>
<key>maelstrom</key>
<message_event_association>attrition_maelstrom</message_event_association>
<type>terrain_sea</type>
<unit_card_tooltip state="APPROVED" last_approved_text="This fleet is being devoured by a maelstrom. Set sail and exit now!" last_edit_user="bob">This fleet is being devoured by a maelstrom. Set sail and exit now!</unit_card_tooltip>
<unit_immunity_text state="APPROVED" last_approved_text="Maelstroms" last_edit_user="bob">Maelstroms</unit_immunity_text>
</campaign_map_attritions>
<campaign_map_attritions record_uuid="{e5dd8630-70d8-4a9f-98d8-56f694d765cf}" record_timestamp="1457703916892" record_key="mountain">
<campaign_map_tooltip state="APPROVED" last_approved_text="Armies will suffer losses due to [[img:icon_attrition]][[/img]]attrition whilst crossing mountain passes." last_edit_user="bob">Armies will suffer losses due to [[img:icon_attrition]][[/img]]attrition whilst crossing mountain passes.</campaign_map_tooltip>
<damage>attrition_medium</damage>
<is_snow>0</is_snow>
<key>mountain</key>
<message_event_association>attrition_mountain</message_event_association>
<type>terrain_land</type>
<unit_card_tooltip state="APPROVED" last_approved_text="The mountain takes its toll. A wise Lord would find a road or leave this place." last_edit_user="bob">The mountain takes its toll. A wise Lord would find a road or leave this place.</unit_card_tooltip>
<unit_immunity_text state="APPROVED" last_approved_text="Mountain" last_edit_user="bob">Mountain</unit_immunity_text>
</campaign_map_attritions>
<campaign_map_attritions record_uuid="{251cac4f-57a1-4c75-9503-c1ffe6e7b908}" record_timestamp="1457703916890" record_key="non_vampire_territory">
<campaign_map_tooltip state="APPROVED" last_approved_text="Undead armies will suffer losses due to [[img:icon_attrition]][[/img]]attrition when in territory controlled by the living." last_edit_user="bob">Undead armies will suffer losses due to [[img:icon_attrition]][[/img]]attrition when in territory controlled by the living.</campaign_map_tooltip>
<damage>attrition_vampire_territory</damage>
<is_snow>0</is_snow>
<key>non_vampire_territory</key>
<message_event_association>attrition_non_vampire_territory</message_event_association>
<type>non_vampire_region</type>
<unit_card_tooltip state="APPROVED" last_approved_text="The lands of the living offer no sanctuary for the dead. Vanhel’s curse is upon us, make haste through this territory or they will revert to lifeless corpses." last_edit_user="bob">The lands of the living offer no sanctuary for the dead. Vanhel’s curse is upon us, make haste through this territory or they will revert to lifeless corpses.</unit_card_tooltip>
<unit_immunity_text></unit_immunity_text>
</campaign_map_attritions>
<campaign_map_attritions record_uuid="{21547b34-c920-4187-aaef-251d8a98caf8}" record_timestamp="1499426720187" record_key="reef">
<campaign_map_tooltip state="APPROVED" last_approved_text="Fleets will suffer losses due to [[img:icon_attrition]][[/img]]attrition when in reefs." last_edit_user="bob">Fleets will suffer losses due to [[img:icon_attrition]][[/img]]attrition when in reefs.</campaign_map_tooltip>
<damage>attrition_heavy</damage>
<is_snow>0</is_snow>
<key>reef</key>
<message_event_association>attrition_reef</message_event_association>
<type>terrain_sea</type>
<unit_card_tooltip state="APPROVED" last_approved_text="The reefs in these shallow seas wreak havoc across this fleet. Plot a new course at once!" last_edit_user="bob">The reefs in these shallow seas wreak havoc across this fleet. Plot a new course at once!</unit_card_tooltip>
<unit_immunity_text state="APPROVED" last_approved_text="Reefs" last_edit_user="bob">Reefs</unit_immunity_text>
</campaign_map_attritions>
<campaign_map_attritions record_uuid="{bdd769bf-71ea-431b-9afb-5c590bc0602d}" record_timestamp="1457703916891" record_key="regionless">
<campaign_map_tooltip state="APPROVED" last_approved_text="Armies will suffer losses due to [[img:icon_attrition]][[/img]]attrition when they do not control a home region." last_edit_user="bob">Armies will suffer losses due to [[img:icon_attrition]][[/img]]attrition when they do not control a home region.</campaign_map_tooltip>
<damage>attrition_desertion</damage>
<is_snow>0</is_snow>
<key>regionless</key>
<message_event_association>campmap_bankrupt_desertion</message_event_association>
<type>regionless</type>
<unit_card_tooltip state="APPROVED" last_approved_text="With no region to call home, this force is suffering from [[img:icon_attrition]][[/img]]attrition." last_edit_user="bob">With no region to call home, this force is suffering from [[img:icon_attrition]][[/img]]attrition.</unit_card_tooltip>
<unit_immunity_text state="APPROVED" last_approved_text="Regionless" last_edit_user="bob">Regionless</unit_immunity_text>
</campaign_map_attritions>
<campaign_map_attritions record_uuid="{74b1f4eb-face-4383-92ad-f7e14ed6e2c0}" record_timestamp="1457703916891" record_key="sabotage">
<campaign_map_tooltip state="APPROVED" last_approved_text="placeholder" last_edit_user="bob">placeholder</campaign_map_tooltip>
<damage>attrition_heavy</damage>
<is_snow>0</is_snow>
<key>sabotage</key>
<message_event_association></message_event_association>
<type>army_sabotage</type>
<unit_card_tooltip state="APPROVED" last_approved_text="This army has been sabotaged; many have lost their lives." last_edit_user="bob">This army has been sabotaged; many have lost their lives.</unit_card_tooltip>
<unit_immunity_text></unit_immunity_text>
</campaign_map_attritions>
<campaign_map_attritions record_uuid="{85468f9b-b10b-4c44-8bd0-91eca7be3c0b}" record_timestamp="1457703916891" record_key="snow">
<campaign_map_tooltip state="APPROVED" last_approved_text="Armies will suffer losses due to [[img:icon_attrition]][[/img]]attrition when in frozen regions." last_edit_user="bob">Armies will suffer losses due to [[img:icon_attrition]][[/img]]attrition when in frozen regions.</campaign_map_tooltip>
<damage>attrition_heavy</damage>
<is_snow>1</is_snow>
<key>snow</key>
<message_event_association>attrition_winter</message_event_association>
<type>terrain_land</type>
<unit_card_tooltip state="APPROVED" last_approved_text="The cold makes corpses. A wise Lord would find a road or leave this place." last_edit_user="bob">The cold makes corpses. A wise Lord would find a road or leave this place.</unit_card_tooltip>
<unit_immunity_text state="APPROVED" last_approved_text="Snow" last_edit_user="bob">Snow</unit_immunity_text>
</campaign_map_attritions>
<campaign_map_attritions record_uuid="{7e179d0e-8a21-438a-b077-17b48ce3bf2e}" record_timestamp="1499426720219" record_key="storm_level_1">
<campaign_map_tooltip state="APPROVED" last_approved_text="Fleets will suffer losses due to [[img:icon_attrition]][[/img]]attrition during storms." last_edit_user="bob">Fleets will suffer losses due to [[img:icon_attrition]][[/img]]attrition during storms.</campaign_map_tooltip>
<damage>attrition_storm_level_1</damage>
<is_snow>0</is_snow>
<key>storm_level_1</key>
<message_event_association>attrition_storm_level_1</message_event_association>
<type>storm_region</type>
<unit_card_tooltip state="APPROVED" last_approved_text="This fleet has encountered a storm at sea - the vessels are battered by the elements. Set sail!" last_edit_user="bob">This fleet has encountered a storm at sea - the vessels are battered by the elements. Set sail!</unit_card_tooltip>
<unit_immunity_text state="APPROVED" last_approved_text="Severe gale" last_edit_user="bob">Severe gale</unit_immunity_text>
</campaign_map_attritions>
<campaign_map_attritions record_uuid="{e277e3d9-a195-441f-9316-e27e4f6b01fa}" record_timestamp="1499426720251" record_key="storm_level_2">
<campaign_map_tooltip state="APPROVED" last_approved_text="Fleets will suffer losses due to [[img:icon_attrition]][[/img]]attrition during storms." last_edit_user="bob">Fleets will suffer losses due to [[img:icon_attrition]][[/img]]attrition during storms.</campaign_map_tooltip>
<damage>attrition_storm_level_2</damage>
<is_snow>0</is_snow>
<key>storm_level_2</key>
<message_event_association>attrition_storm_level_2</message_event_association>
<type>storm_region</type>
<unit_card_tooltip state="APPROVED" last_approved_text="This fleet has encountered a storm at sea - the vessels are battered by the elements. Set sail!" last_edit_user="bob">This fleet has encountered a storm at sea - the vessels are battered by the elements. Set sail!</unit_card_tooltip>
<unit_immunity_text state="APPROVED" last_approved_text="Storm" last_edit_user="bob">Storm</unit_immunity_text>
</campaign_map_attritions>
<campaign_map_attritions record_uuid="{42453eea-1741-40ce-8b6d-4e748d917a77}" record_timestamp="1499426720282" record_key="storm_level_3">
<campaign_map_tooltip state="APPROVED" last_approved_text="Fleets will suffer losses due to [[img:icon_attrition]][[/img]]attrition during storms." last_edit_user="bob">Fleets will suffer losses due to [[img:icon_attrition]][[/img]]attrition during storms.</campaign_map_tooltip>
<damage>attrition_storm_level_3</damage>
<is_snow>0</is_snow>
<key>storm_level_3</key>
<message_event_association>attrition_storm_level_3</message_event_association>
<type>storm_region</type>
<unit_card_tooltip state="APPROVED" last_approved_text="This fleet has encountered a storm at sea - the vessels are battered by the elements. Set sail!" last_edit_user="bob">This fleet has encountered a storm at sea - the vessels are battered by the elements. Set sail!</unit_card_tooltip>
<unit_immunity_text state="APPROVED" last_approved_text="Severe storm" last_edit_user="bob">Severe storm</unit_immunity_text>
</campaign_map_attritions>
<campaign_map_attritions record_uuid="{8ef3d8db-8e68-4634-a57a-d1b93b1ea10f}" record_timestamp="1499426720314" record_key="storm_level_4">
<campaign_map_tooltip state="APPROVED" last_approved_text="Fleets will suffer losses due to [[img:icon_attrition]][[/img]]attrition during storms." last_edit_user="bob">Fleets will suffer losses due to [[img:icon_attrition]][[/img]]attrition during storms.</campaign_map_tooltip>
<damage>attrition_storm_level_4</damage>
<is_snow>0</is_snow>
<key>storm_level_4</key>
<message_event_association>attrition_storm_level_4</message_event_association>
<type>storm_region</type>
<unit_card_tooltip state="APPROVED" last_approved_text="This fleet has encountered a storm at sea - the vessels are battered by the elements. Set sail!" last_edit_user="bob">This fleet has encountered a storm at sea - the vessels are battered by the elements. Set sail!</unit_card_tooltip>
<unit_immunity_text state="APPROVED" last_approved_text="Hurricane" last_edit_user="bob">Hurricane</unit_immunity_text>
</campaign_map_attritions>
<campaign_map_attritions record_uuid="{271e806e-6f83-4c34-8d69-f4b56f26d8af}" record_timestamp="1499426720345" record_key="storm_level_5">
<campaign_map_tooltip state="APPROVED" last_approved_text="Fleets will suffer losses due to [[img:icon_attrition]][[/img]]attrition during storms." last_edit_user="bob">Fleets will suffer losses due to [[img:icon_attrition]][[/img]]attrition during storms.</campaign_map_tooltip>
<damage>attrition_storm_level_5</damage>
<is_snow>0</is_snow>
<key>storm_level_5</key>
<message_event_association>attrition_storm_level_5</message_event_association>
<type>storm_region</type>
<unit_card_tooltip state="APPROVED" last_approved_text="This fleet has encountered a storm at sea - the vessels are battered by the elements. Set sail!" last_edit_user="bob">This fleet has encountered a storm at sea - the vessels are battered by the elements. Set sail!</unit_card_tooltip>
<unit_immunity_text state="APPROVED" last_approved_text="Tempest" last_edit_user="bob">Tempest</unit_immunity_text>
</campaign_map_attritions>
<campaign_map_attritions record_uuid="{444ceaee-a76f-4e99-87c9-b8560deb46de}" record_timestamp="1511345415450" record_key="storm_sandstorm">
<campaign_map_tooltip state="APPROVED" last_approved_text="Armies will suffer losses due to [[img:icon_attrition]][[/img]]attrition during sandstorms." last_edit_user="bob">Armies will suffer losses due to [[img:icon_attrition]][[/img]]attrition during sandstorms.</campaign_map_tooltip>
<damage>attrition_storm_level_3</damage>
<is_snow>0</is_snow>
<key>storm_sandstorm</key>
<message_event_association>storm_sandstorm</message_event_association>
<type>storm_region</type>
<unit_card_tooltip state="APPROVED" last_approved_text="This army is being buffeted by a sandstorm and is suffering heavy losses." last_edit_user="bob">This army is being buffeted by a sandstorm and is suffering heavy losses.</unit_card_tooltip>
<unit_immunity_text state="APPROVED" last_approved_text="Sandstorm" last_edit_user="bob">Sandstorm</unit_immunity_text>
</campaign_map_attritions>
<campaign_map_attritions record_uuid="{40852291-c601-4819-b137-2ff893f1791b}" record_timestamp="1447346411077" record_key="swamp">
<campaign_map_tooltip state="APPROVED" last_approved_text="Armies will suffer losses due to [[img:icon_attrition]][[/img]]attrition when in swamp lands." last_edit_user="bob">Armies will suffer losses due to [[img:icon_attrition]][[/img]]attrition when in swamp lands.</campaign_map_tooltip>
<damage>attrition_light</damage>
<is_snow>0</is_snow>
<key>swamp</key>
<message_event_association>attrition_swamp</message_event_association>
<type>terrain_land</type>
<unit_card_tooltip state="APPROVED" last_approved_text="This mire claims the unwary. A wise Lord would find a road or leave this place." last_edit_user="bob">This mire claims the unwary. A wise Lord would find a road or leave this place.</unit_card_tooltip>
<unit_immunity_text state="APPROVED" last_approved_text="Swamp" last_edit_user="bob">Swamp</unit_immunity_text>
</campaign_map_attritions>
<campaign_map_attritions record_uuid="{9ecf5767-8639-4385-b145-ab517395cfae}" record_timestamp="1457703916891" record_key="vampire_territory">
<campaign_map_tooltip state="APPROVED" last_approved_text="Mortal armies will suffer losses due to [[img:icon_attrition]][[/img]]attrition when in Undead territory or areas with high [[img:icon_corruption_vmp]][[/img]]Vampiric corruption." last_edit_user="bob">Mortal armies will suffer losses due to [[img:icon_attrition]][[/img]]attrition when in Undead territory or areas with high [[img:icon_corruption_vmp]][[/img]]Vampiric corruption.</campaign_map_tooltip>
<damage>attrition_vampire_territory</damage>
<is_snow>0</is_snow>
<key>vampire_territory</key>
<message_event_association>attrition_vampire_territory</message_event_association>
<type>vampire_region</type>
<unit_card_tooltip state="APPROVED" last_approved_text="Lands under the dominion of a Vampire take on a dread aspect – there is no sustenance here for the living, as their very life essence is leeched from their bodies." last_edit_user="bob">Lands under the dominion of a Vampire take on a dread aspect – there is no sustenance here for the living, as their very life essence is leeched from their bodies.</unit_card_tooltip>
<unit_immunity_text state="APPROVED" last_approved_text="Vampire territory" last_edit_user="bob">Vampire territory</unit_immunity_text>
</campaign_map_attritions>
<campaign_map_attritions record_uuid="{8f5d3b40-df5e-4f1d-a9b0-0979d7a72b5b}" record_timestamp="1467806267060" record_key="very_low_morale">
<campaign_map_tooltip state="APPROVED" last_approved_text="{{tr:very_low_morale_waaagh_campaign_map_tooltip}}" last_edit_user="bob">{{tr:very_low_morale_waaagh_campaign_map_tooltip}}</campaign_map_tooltip>
<damage>attrition_morale_very_low</damage>
<is_snow>0</is_snow>
<key>very_low_morale</key>
<message_event_association>attrition_low_morale</message_event_association>
<type>very_low_morale</type>
<unit_card_tooltip state="APPROVED" last_approved_text="{{tr:very_low_morale_waaagh_unit_card}}" last_edit_user="bob">{{tr:very_low_morale_waaagh_unit_card}}</unit_card_tooltip>
<unit_immunity_text state="APPROVED" last_approved_text="{{tr:unit_immunity_text_very_low}}" last_edit_user="bob">{{tr:unit_immunity_text_very_low}}</unit_immunity_text>
</campaign_map_attritions>
<campaign_map_attritions record_uuid="{11cd0c04-44d8-4818-9f3b-fa275a2ad440}" record_timestamp="1457703916892" record_key="wasteland">
<campaign_map_tooltip state="APPROVED" last_approved_text="Armies will suffer losses due to [[img:icon_attrition]][[/img]]attrition when in barren wasteland." last_edit_user="bob">Armies will suffer losses due to [[img:icon_attrition]][[/img]]attrition when in barren wasteland.</campaign_map_tooltip>
<damage>attrition_medium</damage>
<is_snow>0</is_snow>
<key>wasteland</key>
<message_event_association>attrition_wasteland</message_event_association>
<type>terrain_land</type>
<unit_card_tooltip state="APPROVED" last_approved_text="The barren wastelands are vast, hostile and food is scarce - such inhospitable lands are not meant for the living." last_edit_user="bob">The barren wastelands are vast, hostile and food is scarce - such inhospitable lands are not meant for the living.</unit_card_tooltip>
<unit_immunity_text state="APPROVED" last_approved_text="Barren wasteland" last_edit_user="bob">Barren wasteland</unit_immunity_text>
</campaign_map_attritions>
</dataroot>
