<?xml version="1.0" encoding="UTF-8"?>
<dataroot xmlns:od="urn:schemas-microsoft-com:officedata" xmlns:xsi="http://www.w3.org/2001/XMLSchema-instance" xsi:noNamespaceSchemaLocation="campaign_bonus_value_ids_unit_attributes.xsd" export_time="Mon Aug 24 09:57:51 2015" revision="4" export_branch="C:/fetch_c/warhammer/binaries" export_user="bob">
<edit_uuid>7d1fdf33-9261-4cdf-b904-153cf6dbae3a</edit_uuid>
<campaign_bonus_value_ids_unit_attributes record_uuid="{7a6b27a4-cc66-4e4b-a8f0-226e93b903c9}" record_timestamp="1436186067044" record_key="enable">
<key>enable</key>
<notes>Enables unit attribute for a unit. Used at force and at unit commander bonuses</notes>
</campaign_bonus_value_ids_unit_attributes>
</dataroot>
