<?xml version="1.0" encoding="UTF-8"?>
<dataroot xmlns:od="urn:schemas-microsoft-com:officedata" xmlns:xsi="http://www.w3.org/2001/XMLSchema-instance" xsi:noNamespaceSchemaLocation="campaign_initial_loyalty_distribution.xsd" export_time="Tue May 9 10:31:52 2017" revision="2" export_branch="T:/branches/warhammer2/dev/warhammer/binaries.x64" export_user="bob">
<edit_uuid>fa2061fb-5c24-4f86-b97e-1b31f1382fca</edit_uuid>
<campaign_initial_loyalty_distribution record_uuid="{f7bd19ed-f52c-435e-b91f-106a37e09ab3}" record_timestamp="1487693305609" record_key="0">
<loyalty>3</loyalty>
<roll>0</roll>
</campaign_initial_loyalty_distribution>
<campaign_initial_loyalty_distribution record_uuid="{8224d6ab-4ec6-4dd9-bdf3-48f8a3ca4672}" record_timestamp="1487693305609" record_key="20">
<loyalty>3</loyalty>
<roll>20</roll>
</campaign_initial_loyalty_distribution>
<campaign_initial_loyalty_distribution record_uuid="{53550cec-1344-4fd6-a708-6b626e3eaa1b}" record_timestamp="1494322312290" record_key="40">
<loyalty>4</loyalty>
<roll>40</roll>
</campaign_initial_loyalty_distribution>
<campaign_initial_loyalty_distribution record_uuid="{7bfb9340-dd10-42b9-b2c5-0cb006a8d735}" record_timestamp="1487693305610" record_key="60">
<loyalty>5</loyalty>
<roll>60</roll>
</campaign_initial_loyalty_distribution>
<campaign_initial_loyalty_distribution record_uuid="{f8289748-77d0-4cea-9be2-049e1bd61c58}" record_timestamp="1494322312290" record_key="85">
<loyalty>6</loyalty>
<roll>85</roll>
</campaign_initial_loyalty_distribution>
<campaign_initial_loyalty_distribution record_uuid="{d62c4bcd-d974-41a0-94a4-94a9fb66b945}" record_timestamp="1487693305610" record_key="95">
<loyalty>7</loyalty>
<roll>95</roll>
</campaign_initial_loyalty_distribution>
</dataroot>
