<?xml version="1.0" encoding="UTF-8"?>
<dataroot xmlns:od="urn:schemas-microsoft-com:officedata" xmlns:xsi="http://www.w3.org/2001/XMLSchema-instance" xsi:noNamespaceSchemaLocation="campaign_effect_scope_territories.xsd" export_time="Mon Aug 24 09:57:52 2015" revision="4" export_branch="C:/fetch_c/warhammer/binaries" export_user="bob">
<edit_uuid>624a944d-c7df-4a28-969f-329edad1e1d0</edit_uuid>
<campaign_effect_scope_territories record_uuid="{2756bd3d-3afb-4047-8496-dcd362e3cef3}" record_timestamp="1426093184715" record_key="any">
<key>any</key>
</campaign_effect_scope_territories>
<campaign_effect_scope_territories record_uuid="{c54cf87a-c5b0-484a-b337-5db1a9023e28}" record_timestamp="1426093184802" record_key="enemy">
<key>enemy</key>
</campaign_effect_scope_territories>
<campaign_effect_scope_territories record_uuid="{4f602a63-4542-4f4b-9e62-1a5b32a4c4b4}" record_timestamp="1426093184846" record_key="neutral">
<key>neutral</key>
</campaign_effect_scope_territories>
<campaign_effect_scope_territories record_uuid="{228f371b-d4ce-47a9-8038-a8ce09f659b0}" record_timestamp="1426093184758" record_key="yours">
<key>yours</key>
</campaign_effect_scope_territories>
</dataroot>
