<?xml version="1.0" encoding="UTF-8"?>
<dataroot xmlns:od="urn:schemas-microsoft-com:officedata" xmlns:xsi="http://www.w3.org/2001/XMLSchema-instance" xsi:noNamespaceSchemaLocation="campaign_ai_technology_research_profiles.xsd" export_time="Wed Jan 20 11:00:32 2016" revision="1" export_branch="T:/warhammer/src" export_user="bob">
<edit_uuid>042351c3-4cea-4b92-a14f-455b2cfdd594</edit_uuid>
<campaign_ai_technology_research_profiles record_uuid="{515804c2-37a4-400d-84bd-1bac4768e4d5}" record_timestamp="1453287631663" record_key="research_high">
<key>research_high</key>
</campaign_ai_technology_research_profiles>
<campaign_ai_technology_research_profiles record_uuid="{848589f0-7624-419a-950e-be7d2919d625}" record_timestamp="1453287631663" record_key="research_low">
<key>research_low</key>
</campaign_ai_technology_research_profiles>
<campaign_ai_technology_research_profiles record_uuid="{0af5b9fa-26b4-4c23-8cc6-8ec6ad768013}" record_timestamp="1453287631663" record_key="research_standard">
<key>research_standard</key>
</campaign_ai_technology_research_profiles>
<campaign_ai_technology_research_profiles record_uuid="{36f03df4-0b5f-496f-a748-67f01a5ba1e6}" record_timestamp="1453287631663" record_key="research_war">
<key>research_war</key>
</campaign_ai_technology_research_profiles>
</dataroot>
