<?xml version="1.0" encoding="UTF-8"?>
<dataroot xmlns:od="urn:schemas-microsoft-com:officedata" xmlns:xsi="http://www.w3.org/2001/XMLSchema-instance" xsi:noNamespaceSchemaLocation="campaign_maps.xsd" export_time="Wed Oct 18 10:29:19 2017" revision="48" export_branch="T:/" export_user="bob">
<edit_uuid>cb17282f-870c-41d5-843e-28b52fec4882</edit_uuid>
<campaign_maps record_uuid="{b99cbc6d-ee95-4afa-84c2-6eeaa688d4a6}" record_timestamp="1508250191610" record_key="warhammer_map_1_1_tomb_kings">
<game_expansion_key>grand_campaign_owners</game_expansion_key>
<mapname>warhammer_map_1_1_tomb_kings</mapname>
<maxx>679</maxx>
<maxy>556</maxy>
<minx>0</minx>
<miny>0</miny>
</campaign_maps>
<campaign_maps record_uuid="{b3c8d210-29a1-4654-b691-dfbd14d580a2}" record_timestamp="1490862047503" record_key="warhammer_map_1_1_wood_elves">
<game_expansion_key>grand_campaign_owners</game_expansion_key>
<mapname>warhammer_map_1_1_wood_elves</mapname>
<maxx>679</maxx>
<maxy>556</maxy>
<minx>0</minx>
<miny>0</miny>
</campaign_maps>
<campaign_maps record_uuid="{d91214e4-a419-4fa4-a2b9-ade3e7e2d8da}" record_timestamp="1478509179632" record_key="wh2_main_great_vortex_map_1">
<game_expansion_key>warhammer2</game_expansion_key>
<mapname>wh2_main_great_vortex_map_1</mapname>
<maxx>500</maxx>
<maxy>500</maxy>
<minx>0</minx>
<miny>0</miny>
</campaign_maps>
<campaign_maps record_uuid="{e3e57006-a3ae-4780-87c7-546af8218564}" record_timestamp="1507892784033" record_key="wh2_main_great_vortex_map_2">
<game_expansion_key>warhammer2</game_expansion_key>
<mapname>wh2_main_great_vortex_map_2</mapname>
<maxx>500</maxx>
<maxy>500</maxy>
<minx>0</minx>
<miny>0</miny>
</campaign_maps>
<campaign_maps record_uuid="{4c3234ea-cf3a-462e-8dcc-d5851ab90ee8}" record_timestamp="1508318957219" record_key="wh2_main_great_vortex_map_3">
<game_expansion_key>warhammer2</game_expansion_key>
<mapname>wh2_main_great_vortex_map_3</mapname>
<maxx>500</maxx>
<maxy>500</maxy>
<minx>0</minx>
<miny>0</miny>
</campaign_maps>
</dataroot>
