<?xml version="1.0" encoding="UTF-8"?>
<dataroot xmlns:od="urn:schemas-microsoft-com:officedata" xmlns:xsi="http://www.w3.org/2001/XMLSchema-instance" xsi:noNamespaceSchemaLocation="campaign_group_ritual_chains.xsd" export_time="Wed Aug 30 17:20:45 2017" revision="10" export_branch="T:/branches/warhammer2/dev/warhammer/binaries.x64" export_user="bob">
<edit_uuid>76591487-b371-4e95-bc46-92c757f09e41</edit_uuid>
<campaign_group_ritual_chains record_uuid="{ca1be74d-d5bf-4f28-abc8-a9771fede623}" record_timestamp="1496307881087" record_key="wh2_main_ritual_def_playablewh2_main_ritual_vortex_def">
<campaign_group>wh2_main_ritual_def_playable</campaign_group>
<initially_unlocked>1</initially_unlocked>
<ritual_chain>wh2_main_ritual_vortex_def</ritual_chain>
<shared_progress>1</shared_progress>
<unlock_mission></unlock_mission>
<unlock_text state="APPROVED" last_approved_text=" " last_edit_user="bob"> </unlock_text>
<unlock_turn>0</unlock_turn>
</campaign_group_ritual_chains>
<campaign_group_ritual_chains record_uuid="{ef27a24e-baa2-4857-be3c-b92df9f0d566}" record_timestamp="1496307881076" record_key="wh2_main_ritual_hef_playablewh2_main_ritual_vortex_hef">
<campaign_group>wh2_main_ritual_hef_playable</campaign_group>
<initially_unlocked>1</initially_unlocked>
<ritual_chain>wh2_main_ritual_vortex_hef</ritual_chain>
<shared_progress>1</shared_progress>
<unlock_mission></unlock_mission>
<unlock_text state="APPROVED" last_approved_text=" " last_edit_user="bob"> </unlock_text>
<unlock_turn>0</unlock_turn>
</campaign_group_ritual_chains>
<campaign_group_ritual_chains record_uuid="{cfac7108-7ec7-4a51-a8fa-551717da7527}" record_timestamp="1496307881067" record_key="wh2_main_ritual_lzd_playablewh2_main_ritual_vortex_lzd">
<campaign_group>wh2_main_ritual_lzd_playable</campaign_group>
<initially_unlocked>1</initially_unlocked>
<ritual_chain>wh2_main_ritual_vortex_lzd</ritual_chain>
<shared_progress>1</shared_progress>
<unlock_mission></unlock_mission>
<unlock_text state="APPROVED" last_approved_text=" " last_edit_user="bob"> </unlock_text>
<unlock_turn>0</unlock_turn>
</campaign_group_ritual_chains>
<campaign_group_ritual_chains record_uuid="{749e16d7-70bd-4cd3-950a-335e532add2d}" record_timestamp="1496307881058" record_key="wh2_main_ritual_skv_playablewh2_main_ritual_vortex_skv">
<campaign_group>wh2_main_ritual_skv_playable</campaign_group>
<initially_unlocked>1</initially_unlocked>
<ritual_chain>wh2_main_ritual_vortex_skv</ritual_chain>
<shared_progress>1</shared_progress>
<unlock_mission></unlock_mission>
<unlock_text state="APPROVED" last_approved_text=" " last_edit_user="bob"> </unlock_text>
<unlock_turn>0</unlock_turn>
</campaign_group_ritual_chains>
</dataroot>
