<?xml version="1.0" encoding="UTF-8"?>
<dataroot xmlns:od="urn:schemas-microsoft-com:officedata" xmlns:xsi="http://www.w3.org/2001/XMLSchema-instance" xsi:noNamespaceSchemaLocation="campaign_bonus_value_ids_action_results_additional_outcomes.xsd" export_time="Mon Aug 24 09:57:51 2015" revision="5" export_branch="C:/fetch_c/warhammer/binaries" export_user="bob">
<edit_uuid>7ec7f460-9ec6-4011-94cf-b3989fa9977c</edit_uuid>
<campaign_bonus_value_ids_action_results_additional_outcomes record_uuid="{a07b6162-6aac-4bf1-952d-b1bd5329d820}" record_timestamp="1365436918088" record_key="action_results_additional_outcome_record_value_addition">
<key>action_results_additional_outcome_record_value_addition</key>
<notes>* Applies the action result additional outcome value as an additive bonus</notes>
</campaign_bonus_value_ids_action_results_additional_outcomes>
<campaign_bonus_value_ids_action_results_additional_outcomes record_uuid="{fd92b81e-b2e0-40c9-a53b-177548218efe}" record_timestamp="1365436918124" record_key="action_results_additional_outcome_record_value_pct_mod">
<key>action_results_additional_outcome_record_value_pct_mod</key>
<notes>* Applies the action result additional outcome value as a percentile bonus</notes>
</campaign_bonus_value_ids_action_results_additional_outcomes>
</dataroot>
