<?xml version="1.0" encoding="UTF-8"?>
<dataroot xmlns:od="urn:schemas-microsoft-com:officedata" xmlns:xsi="http://www.w3.org/2001/XMLSchema-instance" xsi:noNamespaceSchemaLocation="campaign_map_masks.xsd" export_time="Fri Sep 18 17:55:10 2015" revision="5" export_branch="T:/warhammer/binaries" export_user="bob">
<edit_uuid>13501b35-22cf-4c2f-ac92-3bbccef03440</edit_uuid>
<campaign_map_masks record_uuid="{88e5b8f4-45d9-4dc0-8cec-05a8c623819f}" record_timestamp="1442595310081" record_key="32">
<mask_name>32</mask_name>
</campaign_map_masks>
<campaign_map_masks record_uuid="{92c72c3c-6569-4d8c-8282-9bf56852b48d}" record_timestamp="1442595310159" record_key="8">
<mask_name>8</mask_name>
</campaign_map_masks>
<campaign_map_masks record_uuid="{ae4841b1-2a71-4f90-a0fe-9e5dd6bbfc5e}" record_timestamp="1386761025880" record_key="placeholder">
<mask_name>placeholder</mask_name>
</campaign_map_masks>
</dataroot>
