<?xml version="1.0" encoding="UTF-8"?>
<dataroot xmlns:od="urn:schemas-microsoft-com:officedata" xmlns:xsi="http://www.w3.org/2001/XMLSchema-instance" xsi:noNamespaceSchemaLocation="campaign_group_food_effects.xsd" export_time="Fri Mar 3 09:50:13 2017" revision="3" export_branch="T:/branches/warhammer2/dev/warhammer/binaries.x64" export_user="bob">
<edit_uuid>5dd66528-686c-46e3-b02f-b8a2f7302b90</edit_uuid>
<campaign_group_food_effects record_uuid="{63b277ef-0abc-4e6d-ad03-b4f82f32246f}" record_timestamp="1478796380379" record_key="wh_dlc05_wood_elves_food_-10_-20">
<effect_bundle>wh_dlc05_food_bundle_wood_elves_negative_-10_-20</effect_bundle>
<group>wh_dlc05_wood_elves_food_-10_-20</group>
<key>wh_dlc05_wood_elves_food_-10_-20</key>
</campaign_group_food_effects>
<campaign_group_food_effects record_uuid="{10e95faa-7b30-496a-81d5-ef3671d5bbd9}" record_timestamp="1478796380375" record_key="wh_dlc05_wood_elves_food_-20_-100">
<effect_bundle>wh_dlc05_food_bundle_wood_elves_negative_-20_-30</effect_bundle>
<group>wh_dlc05_wood_elves_food_-20_-100</group>
<key>wh_dlc05_wood_elves_food_-20_-100</key>
</campaign_group_food_effects>
<campaign_group_food_effects record_uuid="{a044f840-8aee-4ba2-987e-c074b11dab37}" record_timestamp="1478796380377" record_key="wh_dlc05_wood_elves_food_0_-10">
<effect_bundle>wh_dlc05_food_bundle_wood_elves_negative_0_-10</effect_bundle>
<group>wh_dlc05_wood_elves_food_0_-10</group>
<key>wh_dlc05_wood_elves_food_0_-10</key>
</campaign_group_food_effects>
<campaign_group_food_effects record_uuid="{3c00e031-1d54-4c6b-9c64-bbde54cbcc60}" record_timestamp="1488534525688" record_key="wh_dlc07_bretonnia_chivalry_0_200">
<effect_bundle>wh_dlc07_bretonnia_chivalry_bar_0_200</effect_bundle>
<group>wh_dlc07_bretonnia_chivalry_0_200</group>
<key>wh_dlc07_bretonnia_chivalry_0_200</key>
</campaign_group_food_effects>
<campaign_group_food_effects record_uuid="{6e4e4262-7a9b-4c69-854f-98b534cf5f5d}" record_timestamp="1488534526085" record_key="wh_dlc07_bretonnia_chivalry_201_400">
<effect_bundle>wh_dlc07_bretonnia_chivalry_bar_201_400</effect_bundle>
<group>wh_dlc07_bretonnia_chivalry_201_400</group>
<key>wh_dlc07_bretonnia_chivalry_201_400</key>
</campaign_group_food_effects>
<campaign_group_food_effects record_uuid="{dea32518-142d-4c96-95aa-6cf80ba2d4cd}" record_timestamp="1488534526152" record_key="wh_dlc07_bretonnia_chivalry_401_600">
<effect_bundle>wh_dlc07_bretonnia_chivalry_bar_401_600</effect_bundle>
<group>wh_dlc07_bretonnia_chivalry_401_600</group>
<key>wh_dlc07_bretonnia_chivalry_401_600</key>
</campaign_group_food_effects>
<campaign_group_food_effects record_uuid="{d60a24b8-23b2-4239-97a8-111625c27538}" record_timestamp="1488534526264" record_key="wh_dlc07_bretonnia_chivalry_601_800">
<effect_bundle>wh_dlc07_bretonnia_chivalry_bar_601_800</effect_bundle>
<group>wh_dlc07_bretonnia_chivalry_601_800</group>
<key>wh_dlc07_bretonnia_chivalry_601_800</key>
</campaign_group_food_effects>
<campaign_group_food_effects record_uuid="{7c2d641d-cf03-4919-9e29-ff8ed21a61ce}" record_timestamp="1488534526335" record_key="wh_dlc07_bretonnia_chivalry_801_1000">
<effect_bundle>wh_dlc07_bretonnia_chivalry_bar_801_1000</effect_bundle>
<group>wh_dlc07_bretonnia_chivalry_801_1000</group>
<key>wh_dlc07_bretonnia_chivalry_801_1000</key>
</campaign_group_food_effects>
<campaign_group_food_effects record_uuid="{0e02c074-d441-4264-a373-0c4fd3a3f163}" record_timestamp="1488534526480" record_key="wh_dlc07_bretonnia_chivalry_negative">
<effect_bundle>wh_dlc07_bretonnia_chivalry_bar_negative</effect_bundle>
<group>wh_dlc07_bretonnia_chivalry_negative</group>
<key>wh_dlc07_bretonnia_chivalry_negative</key>
</campaign_group_food_effects>
</dataroot>
