<?xml version="1.0" encoding="UTF-8"?>
<dataroot xmlns:od="urn:schemas-microsoft-com:officedata" xmlns:xsi="http://www.w3.org/2001/XMLSchema-instance" xsi:noNamespaceSchemaLocation="campaign_bonus_value_ids_pooled_resource_factors.xsd" export_time="Thu Apr 27 10:42:21 2017" revision="1" export_branch="E:/TW/branches/warhammer2/dev/warhammer/binaries.x64" export_user="bob">
<edit_uuid>348d41b3-7aec-4535-affc-55d3ee3fff6d</edit_uuid>
<campaign_bonus_value_ids_pooled_resource_factors record_uuid="{c1f23fa1-457b-4df7-b5f1-cdcb3ef94c99}" record_timestamp="1493286138711" record_key="base_amount">
<key>base_amount</key>
<notes>Basic amount of income provided/consumed by the target scope</notes>
</campaign_bonus_value_ids_pooled_resource_factors>
<campaign_bonus_value_ids_pooled_resource_factors record_uuid="{15074bb0-6272-4262-9675-01151f800c36}" record_timestamp="1493286138746" record_key="percentage_multiplier_mod">
<key>percentage_multiplier_mod</key>
<notes>Additive percentage multipler to base_amount provided/consumed by the target scope</notes>
</campaign_bonus_value_ids_pooled_resource_factors>
</dataroot>
