<?xml version="1.0" encoding="UTF-8"?>
<dataroot xmlns:od="urn:schemas-microsoft-com:officedata" xmlns:xsi="http://www.w3.org/2001/XMLSchema-instance" xsi:noNamespaceSchemaLocation="campaign_bonus_value_battle_context_specifiers.xsd" export_time="Tue Dec 12 11:50:52 2017" revision="33" export_branch="T:/branches/warhammer2/new_tomb/warhammer/binaries.x64" export_user="bob">
<edit_uuid>d9fbfe25-ee8c-456d-9cd3-e56c9144ebad</edit_uuid>
<campaign_bonus_value_battle_context_specifiers record_uuid="{82f8e6d8-e549-416d-a646-af90693156af}" record_timestamp="1425551908567" record_key="fighting_battle_type_ambush">
<key>fighting_battle_type_ambush</key>
<night_battles_only>0</night_battles_only>
</campaign_bonus_value_battle_context_specifiers>
<campaign_bonus_value_battle_context_specifiers record_uuid="{c5f6169a-272d-469f-bdd9-0c3b95f5c8ff}" record_timestamp="1425551908567" record_key="fighting_battle_type_blockade">
<key>fighting_battle_type_blockade</key>
<night_battles_only>0</night_battles_only>
</campaign_bonus_value_battle_context_specifiers>
<campaign_bonus_value_battle_context_specifiers record_uuid="{9695db23-7a84-48b1-9856-66d642d0f103}" record_timestamp="1425551908567" record_key="fighting_battle_type_night">
<key>fighting_battle_type_night</key>
<night_battles_only>1</night_battles_only>
</campaign_bonus_value_battle_context_specifiers>
<campaign_bonus_value_battle_context_specifiers record_uuid="{b0a5c347-db47-4538-a0ad-ed32879265cf}" record_timestamp="1504689167389" record_key="fighting_battle_type_siege">
<key>fighting_battle_type_siege</key>
<night_battles_only>0</night_battles_only>
</campaign_bonus_value_battle_context_specifiers>
<campaign_bonus_value_battle_context_specifiers record_uuid="{a12bc0f1-4556-4b6c-890b-ad47279a6738}" record_timestamp="1430205311360" record_key="fighting_battle_type_siege_subterranean">
<key>fighting_battle_type_siege_subterranean</key>
<night_battles_only>0</night_battles_only>
</campaign_bonus_value_battle_context_specifiers>
<campaign_bonus_value_battle_context_specifiers record_uuid="{1defae0a-37a4-4ace-aee2-9a78c2a9235b}" record_timestamp="1430205311360" record_key="fighting_battle_type_subterranean">
<key>fighting_battle_type_subterranean</key>
<night_battles_only>0</night_battles_only>
</campaign_bonus_value_battle_context_specifiers>
<campaign_bonus_value_battle_context_specifiers record_uuid="{7cb70292-cb5f-4f2f-bd9f-1efb50b5031d}" record_timestamp="1488482705500" record_key="fighting_chaos_factions">
<key>fighting_chaos_factions</key>
<night_battles_only>0</night_battles_only>
</campaign_bonus_value_battle_context_specifiers>
<campaign_bonus_value_battle_context_specifiers record_uuid="{676f122a-caae-4e32-87fc-4bb6d5d2826f}" record_timestamp="1511171460880" record_key="fighting_culture_any_elves">
<key>fighting_culture_any_elves</key>
<night_battles_only>0</night_battles_only>
</campaign_bonus_value_battle_context_specifiers>
<campaign_bonus_value_battle_context_specifiers record_uuid="{ce68f11b-afd6-48ff-9dac-2749c3820807}" record_timestamp="1477501020200" record_key="fighting_culture_beastmen">
<key>fighting_culture_beastmen</key>
<night_battles_only>0</night_battles_only>
</campaign_bonus_value_battle_context_specifiers>
<campaign_bonus_value_battle_context_specifiers record_uuid="{d3c6fdee-6085-4052-96e8-4397f20ba932}" record_timestamp="1513079452012" record_key="fighting_culture_bretonnia">
<key>fighting_culture_bretonnia</key>
<night_battles_only>0</night_battles_only>
</campaign_bonus_value_battle_context_specifiers>
<campaign_bonus_value_battle_context_specifiers record_uuid="{21db3191-cc8e-409e-8258-607bc708d5a6}" record_timestamp="1429269280475" record_key="fighting_culture_chaos">
<key>fighting_culture_chaos</key>
<night_battles_only>0</night_battles_only>
</campaign_bonus_value_battle_context_specifiers>
<campaign_bonus_value_battle_context_specifiers record_uuid="{576ad9a6-4d7d-404b-bb51-2ef97ac420bc}" record_timestamp="1483551423422" record_key="fighting_culture_darkelf">
<key>fighting_culture_darkelf</key>
<night_battles_only>0</night_battles_only>
</campaign_bonus_value_battle_context_specifiers>
<campaign_bonus_value_battle_context_specifiers record_uuid="{ee43e98d-e698-4594-9f40-8525db7e92a0}" record_timestamp="1433259463878" record_key="fighting_culture_dwarfs">
<key>fighting_culture_dwarfs</key>
<night_battles_only>0</night_battles_only>
</campaign_bonus_value_battle_context_specifiers>
<campaign_bonus_value_battle_context_specifiers record_uuid="{9d71baca-f630-4c4b-8255-cc48367dec65}" record_timestamp="1500726621523" record_key="fighting_culture_dwarfs_greenskins">
<key>fighting_culture_dwarfs_greenskins</key>
<night_battles_only>0</night_battles_only>
</campaign_bonus_value_battle_context_specifiers>
<campaign_bonus_value_battle_context_specifiers record_uuid="{63f83d32-3fcd-4a8a-9b09-1e02086ef586}" record_timestamp="1433259464887" record_key="fighting_culture_empire_and_bretonnia">
<key>fighting_culture_empire_and_bretonnia</key>
<night_battles_only>0</night_battles_only>
</campaign_bonus_value_battle_context_specifiers>
<campaign_bonus_value_battle_context_specifiers record_uuid="{c980706f-d51b-4121-a924-d0cef6ab0617}" record_timestamp="1505401872717" record_key="fighting_culture_forces_of_destruction">
<key>fighting_culture_forces_of_destruction</key>
<night_battles_only>0</night_battles_only>
</campaign_bonus_value_battle_context_specifiers>
<campaign_bonus_value_battle_context_specifiers record_uuid="{0b8b30d7-45d0-4ff5-8529-235c1179f43b}" record_timestamp="1505401873574" record_key="fighting_culture_forces_of_order">
<key>fighting_culture_forces_of_order</key>
<night_battles_only>0</night_battles_only>
</campaign_bonus_value_battle_context_specifiers>
<campaign_bonus_value_battle_context_specifiers record_uuid="{c2bfbc43-8d14-484f-889a-2c1d710a7a94}" record_timestamp="1429515937045" record_key="fighting_culture_greenskins">
<key>fighting_culture_greenskins</key>
<night_battles_only>0</night_battles_only>
</campaign_bonus_value_battle_context_specifiers>
<campaign_bonus_value_battle_context_specifiers record_uuid="{192c1129-1b60-405a-ac33-c6a19cc348e8}" record_timestamp="1481648097987" record_key="fighting_culture_highelf">
<key>fighting_culture_highelf</key>
<night_battles_only>0</night_battles_only>
</campaign_bonus_value_battle_context_specifiers>
<campaign_bonus_value_battle_context_specifiers record_uuid="{eefd1a21-6b4f-4a44-b78b-37574bc2e4cd}" record_timestamp="1485280544784" record_key="fighting_culture_lizardmen">
<key>fighting_culture_lizardmen</key>
<night_battles_only>0</night_battles_only>
</campaign_bonus_value_battle_context_specifiers>
<campaign_bonus_value_battle_context_specifiers record_uuid="{71ab8fed-e8a0-4748-ac1c-c8e65c7af1cc}" record_timestamp="1489508230359" record_key="fighting_culture_rogue_armies">
<key>fighting_culture_rogue_armies</key>
<night_battles_only>0</night_battles_only>
</campaign_bonus_value_battle_context_specifiers>
<campaign_bonus_value_battle_context_specifiers record_uuid="{4532e66d-09dc-45f0-9419-9f13f6dbaf14}" record_timestamp="1475747629689" record_key="fighting_culture_skaven">
<key>fighting_culture_skaven</key>
<night_battles_only>0</night_battles_only>
</campaign_bonus_value_battle_context_specifiers>
<campaign_bonus_value_battle_context_specifiers record_uuid="{f692df40-29ac-4e78-9be2-e583b3d159d7}" record_timestamp="1508259713512" record_key="fighting_culture_tomb_kings">
<key>fighting_culture_tomb_kings</key>
<night_battles_only>0</night_battles_only>
</campaign_bonus_value_battle_context_specifiers>
<campaign_bonus_value_battle_context_specifiers record_uuid="{22e9b70d-7fcb-4c40-b456-e684e16d35b1}" record_timestamp="1433259463943" record_key="fighting_culture_vampire_counts">
<key>fighting_culture_vampire_counts</key>
<night_battles_only>0</night_battles_only>
</campaign_bonus_value_battle_context_specifiers>
<campaign_bonus_value_battle_context_specifiers record_uuid="{867bf313-ebc9-4fa9-b0e2-683d9bc41f13}" record_timestamp="1488482705586" record_key="fighting_culture_wood_elves">
<key>fighting_culture_wood_elves</key>
<night_battles_only>0</night_battles_only>
</campaign_bonus_value_battle_context_specifiers>
<campaign_bonus_value_battle_context_specifiers record_uuid="{bd5629ab-77cf-46fe-958f-1808d6465ac9}" record_timestamp="1456420068057" record_key="fighting_faction_bretonnia">
<key>fighting_faction_bretonnia</key>
<night_battles_only>0</night_battles_only>
</campaign_bonus_value_battle_context_specifiers>
<campaign_bonus_value_battle_context_specifiers record_uuid="{3ed7e15a-bcb0-4390-9c2f-f7d056e4bbe9}" record_timestamp="1461057243437" record_key="fighting_faction_carroburg">
<key>fighting_faction_carroburg</key>
<night_battles_only>0</night_battles_only>
</campaign_bonus_value_battle_context_specifiers>
<campaign_bonus_value_battle_context_specifiers record_uuid="{c30a5244-af9c-4a56-b285-56834c05255d}" record_timestamp="1461060715629" record_key="fighting_faction_cult_of_ulric">
<key>fighting_faction_cult_of_ulric</key>
<night_battles_only>0</night_battles_only>
</campaign_bonus_value_battle_context_specifiers>
<campaign_bonus_value_battle_context_specifiers record_uuid="{5c7dd0c5-a876-49a8-a09c-46a4b373b3c1}" record_timestamp="1456420068021" record_key="fighting_faction_empire">
<key>fighting_faction_empire</key>
<night_battles_only>0</night_battles_only>
</campaign_bonus_value_battle_context_specifiers>
<campaign_bonus_value_battle_context_specifiers record_uuid="{cd18ef23-a9a1-446e-ae7f-df9807c91ebd}" record_timestamp="1458064562898" record_key="fighting_faction_hochland">
<key>fighting_faction_hochland</key>
<night_battles_only>0</night_battles_only>
</campaign_bonus_value_battle_context_specifiers>
<campaign_bonus_value_battle_context_specifiers record_uuid="{5066edbb-7510-48de-bc7b-f04c5c858f30}" record_timestamp="1458064562937" record_key="fighting_faction_middenland">
<key>fighting_faction_middenland</key>
<night_battles_only>0</night_battles_only>
</campaign_bonus_value_battle_context_specifiers>
<campaign_bonus_value_battle_context_specifiers record_uuid="{606fc7f2-88ec-46a6-b972-2d487c448bc0}" record_timestamp="1367846566895" record_key="fighting_force_status_theirs_besieging">
<key>fighting_force_status_theirs_besieging</key>
<night_battles_only>0</night_battles_only>
</campaign_bonus_value_battle_context_specifiers>
<campaign_bonus_value_battle_context_specifiers record_uuid="{bbd779fe-940e-4ea0-a7bd-7f6e2b4f56f8}" record_timestamp="1367846566857" record_key="fighting_force_status_theirs_blockading">
<key>fighting_force_status_theirs_blockading</key>
<night_battles_only>0</night_battles_only>
</campaign_bonus_value_battle_context_specifiers>
<campaign_bonus_value_battle_context_specifiers record_uuid="{204e635b-4e3c-43f4-bea9-2e92382c2c9b}" record_timestamp="1367846567290" record_key="fighting_force_status_theirs_raiding_army">
<key>fighting_force_status_theirs_raiding_army</key>
<night_battles_only>0</night_battles_only>
</campaign_bonus_value_battle_context_specifiers>
<campaign_bonus_value_battle_context_specifiers record_uuid="{8096d52e-52c3-4682-abad-827140db5110}" record_timestamp="1367846567166" record_key="fighting_force_status_theirs_raiding_fleet">
<key>fighting_force_status_theirs_raiding_fleet</key>
<night_battles_only>0</night_battles_only>
</campaign_bonus_value_battle_context_specifiers>
<campaign_bonus_value_battle_context_specifiers record_uuid="{f0dde33d-fe1b-4c75-b7f7-d0e797724410}" record_timestamp="1367846566819" record_key="fighting_force_status_theirs_rebels">
<key>fighting_force_status_theirs_rebels</key>
<night_battles_only>0</night_battles_only>
</campaign_bonus_value_battle_context_specifiers>
<campaign_bonus_value_battle_context_specifiers record_uuid="{2ed78c6b-a9bb-4192-a5af-bb98c2c5e81a}" record_timestamp="1367846566974" record_key="fighting_force_status_yours_ambushing">
<key>fighting_force_status_yours_ambushing</key>
<night_battles_only>0</night_battles_only>
</campaign_bonus_value_battle_context_specifiers>
<campaign_bonus_value_battle_context_specifiers record_uuid="{c28b5b6c-7bc0-4e13-810d-c60d5d46a208}" record_timestamp="1367846567129" record_key="fighting_force_status_yours_ambushing_ground_type_desert">
<key>fighting_force_status_yours_ambushing_ground_type_desert</key>
<night_battles_only>0</night_battles_only>
</campaign_bonus_value_battle_context_specifiers>
<campaign_bonus_value_battle_context_specifiers record_uuid="{2e68ab6a-90fd-44d5-85a6-3dee67e68829}" record_timestamp="1367846566934" record_key="fighting_force_status_yours_ambushing_ground_type_forest">
<key>fighting_force_status_yours_ambushing_ground_type_forest</key>
<night_battles_only>0</night_battles_only>
</campaign_bonus_value_battle_context_specifiers>
<campaign_bonus_value_battle_context_specifiers record_uuid="{ba14c978-91cd-4314-8407-225436b2d670}" record_timestamp="1367846567053" record_key="fighting_force_status_yours_attacking">
<key>fighting_force_status_yours_attacking</key>
<night_battles_only>0</night_battles_only>
</campaign_bonus_value_battle_context_specifiers>
<campaign_bonus_value_battle_context_specifiers record_uuid="{1e0934c9-2b78-4471-baf9-2cd57557c2f0}" record_timestamp="1371735358428" record_key="fighting_force_status_yours_attacking_at_sea">
<key>fighting_force_status_yours_attacking_at_sea</key>
<night_battles_only>0</night_battles_only>
</campaign_bonus_value_battle_context_specifiers>
<campaign_bonus_value_battle_context_specifiers record_uuid="{bb858416-ddcd-438a-80fe-c4482ff35978}" record_timestamp="1367846567205" record_key="fighting_force_status_yours_attacking_battle_type_break_out">
<key>fighting_force_status_yours_attacking_battle_type_break_out</key>
<night_battles_only>0</night_battles_only>
</campaign_bonus_value_battle_context_specifiers>
<campaign_bonus_value_battle_context_specifiers record_uuid="{8ce9b813-5ed3-4184-ac08-839269cc9e40}" record_timestamp="1367846567252" record_key="fighting_force_status_yours_attacking_battle_type_sally_out">
<key>fighting_force_status_yours_attacking_battle_type_sally_out</key>
<night_battles_only>0</night_battles_only>
</campaign_bonus_value_battle_context_specifiers>
<campaign_bonus_value_battle_context_specifiers record_uuid="{1ecc8688-0548-489b-9fc5-a9fc1c45f83a}" record_timestamp="1425551908567" record_key="fighting_force_status_yours_besieging">
<key>fighting_force_status_yours_besieging</key>
<night_battles_only>0</night_battles_only>
</campaign_bonus_value_battle_context_specifiers>
<campaign_bonus_value_battle_context_specifiers record_uuid="{402202a1-7a65-4618-9780-57979d8ad318}" record_timestamp="1425551908567" record_key="fighting_force_status_yours_blockading">
<key>fighting_force_status_yours_blockading</key>
<night_battles_only>0</night_battles_only>
</campaign_bonus_value_battle_context_specifiers>
<campaign_bonus_value_battle_context_specifiers record_uuid="{a0c6e9fb-ad58-47d7-af02-29c09aa702d9}" record_timestamp="1367846567091" record_key="fighting_force_status_yours_defending">
<key>fighting_force_status_yours_defending</key>
<night_battles_only>0</night_battles_only>
</campaign_bonus_value_battle_context_specifiers>
<campaign_bonus_value_battle_context_specifiers record_uuid="{198a291e-63ac-489e-9f9a-f62f5e9eac2e}" record_timestamp="1371735358466" record_key="fighting_force_status_yours_defending_at_sea">
<key>fighting_force_status_yours_defending_at_sea</key>
<night_battles_only>0</night_battles_only>
</campaign_bonus_value_battle_context_specifiers>
<campaign_bonus_value_battle_context_specifiers record_uuid="{acfdd1c2-1b39-4942-bde1-1a7248defc58}" record_timestamp="1367846567015" record_key="fighting_force_status_yours_escorting">
<key>fighting_force_status_yours_escorting</key>
<night_battles_only>0</night_battles_only>
</campaign_bonus_value_battle_context_specifiers>
<campaign_bonus_value_battle_context_specifiers record_uuid="{bda47e90-beaa-4292-b072-c9233b8c1718}" record_timestamp="1375169929904" record_key="fighting_force_status_yours_night">
<key>fighting_force_status_yours_night</key>
<night_battles_only>1</night_battles_only>
</campaign_bonus_value_battle_context_specifiers>
<campaign_bonus_value_battle_context_specifiers record_uuid="{04c49746-9197-4d80-a2e3-4312207a1879}" record_timestamp="1375169929930" record_key="fighting_force_status_yours_night_ground_type_desert">
<key>fighting_force_status_yours_night_ground_type_desert</key>
<night_battles_only>1</night_battles_only>
</campaign_bonus_value_battle_context_specifiers>
<campaign_bonus_value_battle_context_specifiers record_uuid="{3b8b22f3-077e-4d93-a8fe-b36aac4e00c6}" record_timestamp="1375169929940" record_key="fighting_force_status_yours_night_ground_type_forest">
<key>fighting_force_status_yours_night_ground_type_forest</key>
<night_battles_only>1</night_battles_only>
</campaign_bonus_value_battle_context_specifiers>
<campaign_bonus_value_battle_context_specifiers record_uuid="{c2b6362d-3dfa-471a-b937-afb7fcb3c908}" record_timestamp="1367846566372" record_key="fighting_ground_type_desert">
<key>fighting_ground_type_desert</key>
<night_battles_only>0</night_battles_only>
</campaign_bonus_value_battle_context_specifiers>
<campaign_bonus_value_battle_context_specifiers record_uuid="{91ef16a4-fb63-4a14-8aae-175c83ae1dc5}" record_timestamp="1367846566409" record_key="fighting_ground_type_forest">
<key>fighting_ground_type_forest</key>
<night_battles_only>0</night_battles_only>
</campaign_bonus_value_battle_context_specifiers>
<campaign_bonus_value_battle_context_specifiers record_uuid="{c5e356cb-69f4-48b1-a459-31f4ece6742f}" record_timestamp="1489508230471" record_key="fighting_ground_type_sea">
<key>fighting_ground_type_sea</key>
<night_battles_only>0</night_battles_only>
</campaign_bonus_value_battle_context_specifiers>
<campaign_bonus_value_battle_context_specifiers record_uuid="{b2415f17-ad2a-409e-a514-8de0c7e11dd7}" record_timestamp="1488482705500" record_key="fighting_norscan_factions">
<key>fighting_norscan_factions</key>
<night_battles_only>0</night_battles_only>
</campaign_bonus_value_battle_context_specifiers>
<campaign_bonus_value_battle_context_specifiers record_uuid="{754eaf18-e6d5-40fd-8df4-c2a956025676}" record_timestamp="1367846566616" record_key="fighting_territory_enemy_or_neutral">
<key>fighting_territory_enemy_or_neutral</key>
<night_battles_only>0</night_battles_only>
</campaign_bonus_value_battle_context_specifiers>
<campaign_bonus_value_battle_context_specifiers record_uuid="{f32abf77-1b81-4307-ac02-aa2381e1b934}" record_timestamp="1367846569968" record_key="fighting_territory_enemy_or_neutral_army">
<key>fighting_territory_enemy_or_neutral_army</key>
<night_battles_only>0</night_battles_only>
</campaign_bonus_value_battle_context_specifiers>
<campaign_bonus_value_battle_context_specifiers record_uuid="{71576069-186e-455f-b365-505f66e15a06}" record_timestamp="1367846570001" record_key="fighting_territory_enemy_or_neutral_navy">
<key>fighting_territory_enemy_or_neutral_navy</key>
<night_battles_only>0</night_battles_only>
</campaign_bonus_value_battle_context_specifiers>
<campaign_bonus_value_battle_context_specifiers record_uuid="{db0663d9-0a60-4867-afe1-6b52534b002c}" record_timestamp="1367846566578" record_key="fighting_territory_own_or_allied">
<key>fighting_territory_own_or_allied</key>
<night_battles_only>0</night_battles_only>
</campaign_bonus_value_battle_context_specifiers>
<campaign_bonus_value_battle_context_specifiers record_uuid="{c177f7dc-2118-4c31-b7cf-5441deff4557}" record_timestamp="1367846569900" record_key="fighting_territory_own_or_allied_army">
<key>fighting_territory_own_or_allied_army</key>
<night_battles_only>0</night_battles_only>
</campaign_bonus_value_battle_context_specifiers>
<campaign_bonus_value_battle_context_specifiers record_uuid="{fd84fb42-2c6f-4ee9-ac64-0de2a19add28}" record_timestamp="1367846569934" record_key="fighting_territory_own_or_allied_navy">
<key>fighting_territory_own_or_allied_navy</key>
<night_battles_only>0</night_battles_only>
</campaign_bonus_value_battle_context_specifiers>
</dataroot>
