<?xml version="1.0" encoding="UTF-8"?>
<dataroot xmlns:od="urn:schemas-microsoft-com:officedata" xmlns:xsi="http://www.w3.org/2001/XMLSchema-instance" xsi:noNamespaceSchemaLocation="campaign_group_member_criteria_regions.xsd" export_time="Wed Oct 18 10:29:18 2017" revision="6" export_branch="T:/" export_user="bob">
<edit_uuid>edd35abe-298b-485d-954b-c229ec960f6a</edit_uuid>
<campaign_group_member_criteria_regions record_uuid="{11b8a3a3-832f-4634-9780-68b85013f851}" record_timestamp="1490093552462" record_key="wh2_main_gc_abandoned_regions_wh2_main_def_dark_elves_wh2_main_deadwood_shagrath">
<member>wh2_main_gc_abandoned_regions_wh2_main_def_dark_elves_wh2_main_deadwood_shagrath</member>
<region>wh2_main_deadwood_shagrath</region>
</campaign_group_member_criteria_regions>
<campaign_group_member_criteria_regions record_uuid="{a9ae8596-15e6-42d5-83ad-a9f6071fb71a}" record_timestamp="1490093552496" record_key="wh2_main_gc_abandoned_regions_wh2_main_def_dark_elves_wh2_main_deadwood_the_frozen_city">
<member>wh2_main_gc_abandoned_regions_wh2_main_def_dark_elves_wh2_main_deadwood_the_frozen_city</member>
<region>wh2_main_deadwood_the_frozen_city</region>
</campaign_group_member_criteria_regions>
<campaign_group_member_criteria_regions record_uuid="{4d7e4854-0260-4321-9dac-bc4ed0f14abe}" record_timestamp="1490093552566" record_key="wh2_main_gc_abandoned_regions_wh2_main_def_dark_elves_wh2_main_doom_glades_ice_rock_gorge">
<member>wh2_main_gc_abandoned_regions_wh2_main_def_dark_elves_wh2_main_doom_glades_ice_rock_gorge</member>
<region>wh2_main_doom_glades_ice_rock_gorge</region>
</campaign_group_member_criteria_regions>
<campaign_group_member_criteria_regions record_uuid="{51229d01-1944-4bdc-ab95-61e23bbd9f48}" record_timestamp="1490093552634" record_key="wh2_main_gc_abandoned_regions_wh2_main_def_dark_elves_wh2_main_doom_glades_temple_of_addaioth">
<member>wh2_main_gc_abandoned_regions_wh2_main_def_dark_elves_wh2_main_doom_glades_temple_of_addaioth</member>
<region>wh2_main_doom_glades_temple_of_addaioth</region>
</campaign_group_member_criteria_regions>
<campaign_group_member_criteria_regions record_uuid="{a7dd1ecf-c9e1-47ac-94b1-ee48daf273f5}" record_timestamp="1490093553263" record_key="wh2_main_gc_abandoned_regions_wh2_main_def_dark_elves_wh2_main_the_black_flood_temple_of_khaine">
<member>wh2_main_gc_abandoned_regions_wh2_main_def_dark_elves_wh2_main_the_black_flood_temple_of_khaine</member>
<region>wh2_main_the_black_flood_temple_of_khaine</region>
</campaign_group_member_criteria_regions>
<campaign_group_member_criteria_regions record_uuid="{dd2cb4b8-c7a5-4d4e-8752-a639083ec5e1}" record_timestamp="1490093553299" record_key="wh2_main_gc_abandoned_regions_wh2_main_hef_high_elves_wh2_main_eataine_shrine_of_asuryan">
<member>wh2_main_gc_abandoned_regions_wh2_main_hef_high_elves_wh2_main_eataine_shrine_of_asuryan</member>
<region>wh2_main_eataine_shrine_of_asuryan</region>
</campaign_group_member_criteria_regions>
<campaign_group_member_criteria_regions record_uuid="{384c87cc-3550-41a3-8504-7f709d148421}" record_timestamp="1490093553334" record_key="wh2_main_gc_abandoned_regions_wh2_main_hef_high_elves_wh2_main_volcanic_islands_fuming_serpent">
<member>wh2_main_gc_abandoned_regions_wh2_main_hef_high_elves_wh2_main_volcanic_islands_fuming_serpent</member>
<region>wh2_main_volcanic_islands_fuming_serpent</region>
</campaign_group_member_criteria_regions>
<campaign_group_member_criteria_regions record_uuid="{d21bdee5-5856-4929-87c1-15c86142407d}" record_timestamp="1490093552212" record_key="wh2_main_gc_abandoned_regions_wh2_main_lzd_lizardmen_wh2_main_headhunters_jungle_mangrove_coast">
<member>wh2_main_gc_abandoned_regions_wh2_main_lzd_lizardmen_wh2_main_headhunters_jungle_mangrove_coast</member>
<region>wh2_main_headhunters_jungle_mangrove_coast</region>
</campaign_group_member_criteria_regions>
<campaign_group_member_criteria_regions record_uuid="{4cf833c8-beec-45c0-aed9-f254bdbd8e5b}" record_timestamp="1490093552246" record_key="wh2_main_gc_abandoned_regions_wh2_main_lzd_lizardmen_wh2_main_huahuan_desert_chamber_of_visions">
<member>wh2_main_gc_abandoned_regions_wh2_main_lzd_lizardmen_wh2_main_huahuan_desert_chamber_of_visions</member>
<region>wh2_main_huahuan_desert_chamber_of_visions</region>
</campaign_group_member_criteria_regions>
<campaign_group_member_criteria_regions record_uuid="{d0d18074-87e5-4875-94ee-4d6a4f226821}" record_timestamp="1490093552281" record_key="wh2_main_gc_abandoned_regions_wh2_main_lzd_lizardmen_wh2_main_isthmus_of_lustria_ziggurat_of_dawn">
<member>wh2_main_gc_abandoned_regions_wh2_main_lzd_lizardmen_wh2_main_isthmus_of_lustria_ziggurat_of_dawn</member>
<region>wh2_main_isthmus_of_lustria_ziggurat_of_dawn</region>
</campaign_group_member_criteria_regions>
<campaign_group_member_criteria_regions record_uuid="{583100b2-9587-4693-a69f-39f370233e5a}" record_timestamp="1490093552982" record_key="wh2_main_gc_abandoned_regions_wh2_main_lzd_lizardmen_wh2_main_jungles_of_green_mists_spektazuma">
<member>wh2_main_gc_abandoned_regions_wh2_main_lzd_lizardmen_wh2_main_jungles_of_green_mists_spektazuma</member>
<region>wh2_main_jungles_of_green_mists_spektazuma</region>
</campaign_group_member_criteria_regions>
<campaign_group_member_criteria_regions record_uuid="{c06a9d96-4912-495d-8285-a090b8322a87}" record_timestamp="1490093553017" record_key="wh2_main_gc_abandoned_regions_wh2_main_lzd_lizardmen_wh2_main_jungles_of_green_mists_wellsprings_of_eternity">
<member>wh2_main_gc_abandoned_regions_wh2_main_lzd_lizardmen_wh2_main_jungles_of_green_mists_wellsprings_of_eternity</member>
<region>wh2_main_jungles_of_green_mists_wellsprings_of_eternity</region>
</campaign_group_member_criteria_regions>
<campaign_group_member_criteria_regions record_uuid="{7757b4db-0bfd-44db-a2f7-2789ef12a869}" record_timestamp="1490093552912" record_key="wh2_main_gc_abandoned_regions_wh2_main_lzd_lizardmen_wh2_main_kingdom_of_beasts_serpent_coast">
<member>wh2_main_gc_abandoned_regions_wh2_main_lzd_lizardmen_wh2_main_kingdom_of_beasts_serpent_coast</member>
<region>wh2_main_kingdom_of_beasts_serpent_coast</region>
</campaign_group_member_criteria_regions>
<campaign_group_member_criteria_regions record_uuid="{5872554b-fbeb-41b9-8268-dedb36773935}" record_timestamp="1490093552947" record_key="wh2_main_gc_abandoned_regions_wh2_main_lzd_lizardmen_wh2_main_kingdom_of_beasts_the_cursed_jungle">
<member>wh2_main_gc_abandoned_regions_wh2_main_lzd_lizardmen_wh2_main_kingdom_of_beasts_the_cursed_jungle</member>
<region>wh2_main_kingdom_of_beasts_the_cursed_jungle</region>
</campaign_group_member_criteria_regions>
<campaign_group_member_criteria_regions record_uuid="{3e7b9af8-460f-4998-b637-ef2f83b38163}" record_timestamp="1490093553051" record_key="wh2_main_gc_abandoned_regions_wh2_main_lzd_lizardmen_wh2_main_northern_great_jungle_chaqua">
<member>wh2_main_gc_abandoned_regions_wh2_main_lzd_lizardmen_wh2_main_northern_great_jungle_chaqua</member>
<region>wh2_main_northern_great_jungle_chaqua</region>
</campaign_group_member_criteria_regions>
<campaign_group_member_criteria_regions record_uuid="{8d476e0d-8577-41b5-b22d-20d3bd9f57d1}" record_timestamp="1490093553088" record_key="wh2_main_gc_abandoned_regions_wh2_main_lzd_lizardmen_wh2_main_northern_great_jungle_temple_of_tlencan">
<member>wh2_main_gc_abandoned_regions_wh2_main_lzd_lizardmen_wh2_main_northern_great_jungle_temple_of_tlencan</member>
<region>wh2_main_northern_great_jungle_temple_of_tlencan</region>
</campaign_group_member_criteria_regions>
<campaign_group_member_criteria_regions record_uuid="{eb7a0cb3-dfd6-45b0-8e63-886737020caa}" record_timestamp="1490093553123" record_key="wh2_main_gc_abandoned_regions_wh2_main_lzd_lizardmen_wh2_main_northern_great_jungle_xahutec">
<member>wh2_main_gc_abandoned_regions_wh2_main_lzd_lizardmen_wh2_main_northern_great_jungle_xahutec</member>
<region>wh2_main_northern_great_jungle_xahutec</region>
</campaign_group_member_criteria_regions>
<campaign_group_member_criteria_regions record_uuid="{4712d90e-4290-4117-ab71-fa330161e84a}" record_timestamp="1490093553371" record_key="wh2_main_gc_abandoned_regions_wh2_main_lzd_lizardmen_wh2_main_northern_jungle_of_pahualaxa_macu_peaks">
<member>wh2_main_gc_abandoned_regions_wh2_main_lzd_lizardmen_wh2_main_northern_jungle_of_pahualaxa_macu_peaks</member>
<region>wh2_main_northern_jungle_of_pahualaxa_macu_peaks</region>
</campaign_group_member_criteria_regions>
<campaign_group_member_criteria_regions record_uuid="{ba908fdc-5c29-412c-ba74-af534c2243ca}" record_timestamp="1490093553412" record_key="wh2_main_gc_abandoned_regions_wh2_main_lzd_lizardmen_wh2_main_northern_jungle_of_pahualaxa_shrine_of_sotek">
<member>wh2_main_gc_abandoned_regions_wh2_main_lzd_lizardmen_wh2_main_northern_jungle_of_pahualaxa_shrine_of_sotek</member>
<region>wh2_main_northern_jungle_of_pahualaxa_shrine_of_sotek</region>
</campaign_group_member_criteria_regions>
<campaign_group_member_criteria_regions record_uuid="{9c119acd-60fd-4052-90e0-776d4e0961ff}" record_timestamp="1490093553158" record_key="wh2_main_gc_abandoned_regions_wh2_main_lzd_lizardmen_wh2_main_southern_great_jungle_axlotl">
<member>wh2_main_gc_abandoned_regions_wh2_main_lzd_lizardmen_wh2_main_southern_great_jungle_axlotl</member>
<region>wh2_main_southern_great_jungle_axlotl</region>
</campaign_group_member_criteria_regions>
<campaign_group_member_criteria_regions record_uuid="{c3b6bdb4-ffe6-4d32-a95e-9e81ac34a67e}" record_timestamp="1490093553193" record_key="wh2_main_gc_abandoned_regions_wh2_main_lzd_lizardmen_wh2_main_southern_great_jungle_subatuun">
<member>wh2_main_gc_abandoned_regions_wh2_main_lzd_lizardmen_wh2_main_southern_great_jungle_subatuun</member>
<region>wh2_main_southern_great_jungle_subatuun</region>
</campaign_group_member_criteria_regions>
<campaign_group_member_criteria_regions record_uuid="{26942c26-18cf-4fd1-a80c-96707137cbe4}" record_timestamp="1490093553228" record_key="wh2_main_gc_abandoned_regions_wh2_main_lzd_lizardmen_wh2_main_southern_jungle_of_pahualaxa_monument_of_the_moon">
<member>wh2_main_gc_abandoned_regions_wh2_main_lzd_lizardmen_wh2_main_southern_jungle_of_pahualaxa_monument_of_the_moon</member>
<region>wh2_main_southern_jungle_of_pahualaxa_monument_of_the_moon</region>
</campaign_group_member_criteria_regions>
<campaign_group_member_criteria_regions record_uuid="{be41e6e1-58b0-42d6-9528-a32714ce9ac3}" record_timestamp="1490093552740" record_key="wh2_main_gc_abandoned_regions_wh2_main_lzd_lizardmen_wh2_main_southern_jungle_of_pahualaxa_pahuax">
<member>wh2_main_gc_abandoned_regions_wh2_main_lzd_lizardmen_wh2_main_southern_jungle_of_pahualaxa_pahuax</member>
<region>wh2_main_southern_jungle_of_pahualaxa_pahuax</region>
</campaign_group_member_criteria_regions>
<campaign_group_member_criteria_regions record_uuid="{956fc385-13ed-407e-9651-2569a501799f}" record_timestamp="1490093552809" record_key="wh2_main_gc_abandoned_regions_wh2_main_lzd_lizardmen_wh2_main_the_creeping_jungle_temple_of_kara">
<member>wh2_main_gc_abandoned_regions_wh2_main_lzd_lizardmen_wh2_main_the_creeping_jungle_temple_of_kara</member>
<region>wh2_main_the_creeping_jungle_temple_of_kara</region>
</campaign_group_member_criteria_regions>
<campaign_group_member_criteria_regions record_uuid="{4ba29d43-cefa-4a97-b3ad-f19f9188efb4}" record_timestamp="1490093552878" record_key="wh2_main_gc_abandoned_regions_wh2_main_lzd_lizardmen_wh2_main_the_creeping_jungle_tlanxla">
<member>wh2_main_gc_abandoned_regions_wh2_main_lzd_lizardmen_wh2_main_the_creeping_jungle_tlanxla</member>
<region>wh2_main_the_creeping_jungle_tlanxla</region>
</campaign_group_member_criteria_regions>
<campaign_group_member_criteria_regions record_uuid="{2290e593-2fd4-4128-9a61-2d50dd25e06c}" record_timestamp="1490093552531" record_key="wh2_main_gc_abandoned_regions_wh_main_brt_bretonnia_wh2_main_great_desert_of_araby_el-kalabad">
<member>wh2_main_gc_abandoned_regions_wh_main_brt_bretonnia_wh2_main_great_desert_of_araby_el-kalabad</member>
<region>wh2_main_great_desert_of_araby_el-kalabad</region>
</campaign_group_member_criteria_regions>
<campaign_group_member_criteria_regions record_uuid="{d35ec1d5-f9d4-421c-9918-fc1a79934141}" record_timestamp="1490093552599" record_key="wh2_main_gc_abandoned_regions_wh_main_dwf_dwarfs_wh2_main_southlands_worlds_edge_mountains_lost_plateau">
<member>wh2_main_gc_abandoned_regions_wh_main_dwf_dwarfs_wh2_main_southlands_worlds_edge_mountains_lost_plateau</member>
<region>wh2_main_southlands_worlds_edge_mountains_lost_plateau</region>
</campaign_group_member_criteria_regions>
<campaign_group_member_criteria_regions record_uuid="{adeaf5bb-5592-4467-8fd4-8c63f074a828}" record_timestamp="1490093552670" record_key="wh2_main_gc_abandoned_regions_wh_main_dwf_dwarfs_wh2_main_spine_of_sotek_hualotal">
<member>wh2_main_gc_abandoned_regions_wh_main_dwf_dwarfs_wh2_main_spine_of_sotek_hualotal</member>
<region>wh2_main_spine_of_sotek_hualotal</region>
</campaign_group_member_criteria_regions>
<campaign_group_member_criteria_regions record_uuid="{7c57fc87-42f9-4613-b062-c04edf6f8a7b}" record_timestamp="1490093552704" record_key="wh2_main_gc_abandoned_regions_wh_main_dwf_dwarfs_wh2_main_spine_of_sotek_mine_of_the_bearded_skulls">
<member>wh2_main_gc_abandoned_regions_wh_main_dwf_dwarfs_wh2_main_spine_of_sotek_mine_of_the_bearded_skulls</member>
<region>wh2_main_spine_of_sotek_mine_of_the_bearded_skulls</region>
</campaign_group_member_criteria_regions>
<campaign_group_member_criteria_regions record_uuid="{bf8320be-0cd8-4423-82e3-af748f44d791}" record_timestamp="1490093552774" record_key="wh2_main_gc_abandoned_regions_wh_main_dwf_dwarfs_wh2_main_spine_of_sotek_monument_of_izzatal">
<member>wh2_main_gc_abandoned_regions_wh_main_dwf_dwarfs_wh2_main_spine_of_sotek_monument_of_izzatal</member>
<region>wh2_main_spine_of_sotek_monument_of_izzatal</region>
</campaign_group_member_criteria_regions>
<campaign_group_member_criteria_regions record_uuid="{bfe874db-610c-46ef-91a1-d25f4120fa8a}" record_timestamp="1490093552844" record_key="wh2_main_gc_abandoned_regions_wh_main_vmp_vampire_counts_wh2_main_ash_river_numas">
<member>wh2_main_gc_abandoned_regions_wh_main_vmp_vampire_counts_wh2_main_ash_river_numas</member>
<region>wh2_main_ash_river_numas</region>
</campaign_group_member_criteria_regions>
<campaign_group_member_criteria_regions record_uuid="{315577e7-27f7-4b5f-b03d-f8d18b680361}" record_timestamp="1490093552427" record_key="wh2_main_gc_abandoned_regions_wh_main_vmp_vampire_counts_wh2_main_crater_of_the_walking_dead_doom_glade">
<member>wh2_main_gc_abandoned_regions_wh_main_vmp_vampire_counts_wh2_main_crater_of_the_walking_dead_doom_glade</member>
<region>wh2_main_crater_of_the_walking_dead_doom_glade</region>
</campaign_group_member_criteria_regions>
<campaign_group_member_criteria_regions record_uuid="{554c9e37-fa7d-4fed-82e8-a15b884f0031}" record_timestamp="1490093552392" record_key="wh2_main_gc_abandoned_regions_wh_main_vmp_vampire_counts_wh2_main_devils_backbone_lybaras">
<member>wh2_main_gc_abandoned_regions_wh_main_vmp_vampire_counts_wh2_main_devils_backbone_lybaras</member>
<region>wh2_main_devils_backbone_lybaras</region>
</campaign_group_member_criteria_regions>
<campaign_group_member_criteria_regions record_uuid="{895456a0-8901-47c7-bd9a-5b767c43e05c}" record_timestamp="1490093552318" record_key="wh2_main_gc_abandoned_regions_wh_main_vmp_vampire_counts_wh2_main_great_desert_of_araby_bel_aliad">
<member>wh2_main_gc_abandoned_regions_wh_main_vmp_vampire_counts_wh2_main_great_desert_of_araby_bel_aliad</member>
<region>wh2_main_great_desert_of_araby_bel_aliad</region>
</campaign_group_member_criteria_regions>
<campaign_group_member_criteria_regions record_uuid="{dfb6f1d5-d83a-4c2f-92a1-b691c051412c}" record_timestamp="1490093552353" record_key="wh2_main_gc_abandoned_regions_wh_main_vmp_vampire_counts_wh2_main_shifting_sands_antoch">
<member>wh2_main_gc_abandoned_regions_wh_main_vmp_vampire_counts_wh2_main_shifting_sands_antoch</member>
<region>wh2_main_shifting_sands_antoch</region>
</campaign_group_member_criteria_regions>
<campaign_group_member_criteria_regions record_uuid="{2c1b7341-4e0d-4146-922c-f6a2cdcd8a54}" record_timestamp="1484729740322" record_key="wh2_main_tunnelling_excluded_regions_avelorn_evershale">
<member>wh2_main_tunnelling_excluded_regions_avelorn_evershale</member>
<region>wh2_main_avelorn_evershale</region>
</campaign_group_member_criteria_regions>
<campaign_group_member_criteria_regions record_uuid="{fa81b295-979b-4bae-80c3-8f48364f49d8}" record_timestamp="1484729740341" record_key="wh2_main_tunnelling_excluded_regions_avelorn_gaean_vale">
<member>wh2_main_tunnelling_excluded_regions_avelorn_gaean_vale</member>
<region>wh2_main_avelorn_gaean_vale</region>
</campaign_group_member_criteria_regions>
<campaign_group_member_criteria_regions record_uuid="{bb794498-425a-444d-a323-536aa141b8de}" record_timestamp="1484729740360" record_key="wh2_main_tunnelling_excluded_regions_avelorn_tor_saroir">
<member>wh2_main_tunnelling_excluded_regions_avelorn_tor_saroir</member>
<region>wh2_main_avelorn_tor_saroir</region>
</campaign_group_member_criteria_regions>
<campaign_group_member_criteria_regions record_uuid="{70063ae1-c66d-4117-9ac9-9a99cb2d6935}" record_timestamp="1484729740643" record_key="wh2_main_tunnelling_excluded_regions_caledor_tor_sethai">
<member>wh2_main_tunnelling_excluded_regions_caledor_tor_sethai</member>
<region>wh2_main_caledor_tor_sethai</region>
</campaign_group_member_criteria_regions>
<campaign_group_member_criteria_regions record_uuid="{8c0e1ad5-06f9-426c-a743-490c0f0923cf}" record_timestamp="1484729740663" record_key="wh2_main_tunnelling_excluded_regions_caledor_vauls_anvil">
<member>wh2_main_tunnelling_excluded_regions_caledor_vauls_anvil</member>
<region>wh2_main_caledor_vauls_anvil</region>
</campaign_group_member_criteria_regions>
<campaign_group_member_criteria_regions record_uuid="{14dcbe40-1ff3-4412-8164-174b3f7b4578}" record_timestamp="1484729740130" record_key="wh2_main_tunnelling_excluded_regions_chrace_elisia">
<member>wh2_main_tunnelling_excluded_regions_chrace_elisia</member>
<region>wh2_main_chrace_elisia</region>
</campaign_group_member_criteria_regions>
<campaign_group_member_criteria_regions record_uuid="{236ccdbb-2a05-4150-b275-cf374a579b60}" record_timestamp="1484729740148" record_key="wh2_main_tunnelling_excluded_regions_chrace_tor_achare">
<member>wh2_main_tunnelling_excluded_regions_chrace_tor_achare</member>
<region>wh2_main_chrace_tor_achare</region>
</campaign_group_member_criteria_regions>
<campaign_group_member_criteria_regions record_uuid="{444d2c20-4411-4808-a0ad-9227739c5351}" record_timestamp="1484729740180" record_key="wh2_main_tunnelling_excluded_regions_cothique_mistnar">
<member>wh2_main_tunnelling_excluded_regions_cothique_mistnar</member>
<region>wh2_main_cothique_mistnar</region>
</campaign_group_member_criteria_regions>
<campaign_group_member_criteria_regions record_uuid="{42760e38-e435-420d-aa7b-f0283fb70953}" record_timestamp="1484729740198" record_key="wh2_main_tunnelling_excluded_regions_cothique_tor_koruali">
<member>wh2_main_tunnelling_excluded_regions_cothique_tor_koruali</member>
<region>wh2_main_cothique_tor_koruali</region>
</campaign_group_member_criteria_regions>
<campaign_group_member_criteria_regions record_uuid="{2d8b0bf5-51a7-4551-8332-e4ec74f1a217}" record_timestamp="1484729740427" record_key="wh2_main_tunnelling_excluded_regions_eagle_gate">
<member>wh2_main_tunnelling_excluded_regions_eagle_gate</member>
<region>wh2_main_eagle_gate</region>
</campaign_group_member_criteria_regions>
<campaign_group_member_criteria_regions record_uuid="{8aa35c25-74df-468d-a2a1-f170aba7536a}" record_timestamp="1484729740466" record_key="wh2_main_tunnelling_excluded_regions_eataine_angerrial">
<member>wh2_main_tunnelling_excluded_regions_eataine_angerrial</member>
<region>wh2_main_eataine_angerrial</region>
</campaign_group_member_criteria_regions>
<campaign_group_member_criteria_regions record_uuid="{7eedf0a3-c380-4099-9388-51022561db70}" record_timestamp="1484729740513" record_key="wh2_main_tunnelling_excluded_regions_eataine_lothern">
<member>wh2_main_tunnelling_excluded_regions_eataine_lothern</member>
<region>wh2_main_eataine_lothern</region>
</campaign_group_member_criteria_regions>
<campaign_group_member_criteria_regions record_uuid="{ffb2c576-a9bc-4a36-adb4-c786c61d6661}" record_timestamp="1484729740581" record_key="wh2_main_tunnelling_excluded_regions_eataine_shrine_of_asuryan">
<member>wh2_main_tunnelling_excluded_regions_eataine_shrine_of_asuryan</member>
<region>wh2_main_eataine_shrine_of_asuryan</region>
</campaign_group_member_criteria_regions>
<campaign_group_member_criteria_regions record_uuid="{100ecec7-0b89-424c-93ff-db89faa8dde7}" record_timestamp="1484729740600" record_key="wh2_main_tunnelling_excluded_regions_eataine_tower_of_lysean">
<member>wh2_main_tunnelling_excluded_regions_eataine_tower_of_lysean</member>
<region>wh2_main_eataine_tower_of_lysean</region>
</campaign_group_member_criteria_regions>
<campaign_group_member_criteria_regions record_uuid="{a52cac39-ab69-4c98-b540-c44954320a8e}" record_timestamp="1484729740388" record_key="wh2_main_tunnelling_excluded_regions_ellyrion_tor_elyr">
<member>wh2_main_tunnelling_excluded_regions_ellyrion_tor_elyr</member>
<region>wh2_main_ellyrion_tor_elyr</region>
</campaign_group_member_criteria_regions>
<campaign_group_member_criteria_regions record_uuid="{5329119a-7265-40d4-a265-356f7795d8c6}" record_timestamp="1484729740407" record_key="wh2_main_tunnelling_excluded_regions_ellyrion_whitefire_tor">
<member>wh2_main_tunnelling_excluded_regions_ellyrion_whitefire_tor</member>
<region>wh2_main_ellyrion_whitefire_tor</region>
</campaign_group_member_criteria_regions>
<campaign_group_member_criteria_regions record_uuid="{989afbb9-fa7d-48de-b587-37df6f7095c3}" record_timestamp="1484729740446" record_key="wh2_main_tunnelling_excluded_regions_griffon_gate">
<member>wh2_main_tunnelling_excluded_regions_griffon_gate</member>
<region>wh2_main_griffon_gate</region>
</campaign_group_member_criteria_regions>
<campaign_group_member_criteria_regions record_uuid="{eee2fd1a-6654-41d9-b605-a8a23bced6ac}" record_timestamp="1484729740077" record_key="wh2_main_tunnelling_excluded_regions_nagarythe_shrine_of_khaine">
<member>wh2_main_tunnelling_excluded_regions_nagarythe_shrine_of_khaine</member>
<region>wh2_main_nagarythe_shrine_of_khaine</region>
</campaign_group_member_criteria_regions>
<campaign_group_member_criteria_regions record_uuid="{3c0b7982-7c3a-4077-91cf-ce9111a4d263}" record_timestamp="1484729740095" record_key="wh2_main_tunnelling_excluded_regions_nagarythe_tor_anlec">
<member>wh2_main_tunnelling_excluded_regions_nagarythe_tor_anlec</member>
<region>wh2_main_nagarythe_tor_anlec</region>
</campaign_group_member_criteria_regions>
<campaign_group_member_criteria_regions record_uuid="{5addec41-eaf8-433a-a5e1-f417d8d704cc}" record_timestamp="1484729740113" record_key="wh2_main_tunnelling_excluded_regions_nagarythe_tor_dranil">
<member>wh2_main_tunnelling_excluded_regions_nagarythe_tor_dranil</member>
<region>wh2_main_nagarythe_tor_dranil</region>
</campaign_group_member_criteria_regions>
<campaign_group_member_criteria_regions record_uuid="{d4b2de1e-a341-40cd-99b4-eacd2eb456bf}" record_timestamp="1484729740494" record_key="wh2_main_tunnelling_excluded_regions_phoenix_gate">
<member>wh2_main_tunnelling_excluded_regions_phoenix_gate</member>
<region>wh2_main_phoenix_gate</region>
</campaign_group_member_criteria_regions>
<campaign_group_member_criteria_regions record_uuid="{618c77fb-7979-41cf-a083-5e92195eda2d}" record_timestamp="1484729740255" record_key="wh2_main_tunnelling_excluded_regions_saphery_port_elistor">
<member>wh2_main_tunnelling_excluded_regions_saphery_port_elistor</member>
<region>wh2_main_saphery_port_elistor</region>
</campaign_group_member_criteria_regions>
<campaign_group_member_criteria_regions record_uuid="{aa09dceb-cfd9-4116-8bb6-caa4ba347656}" record_timestamp="1484729740285" record_key="wh2_main_tunnelling_excluded_regions_saphery_tor_finu">
<member>wh2_main_tunnelling_excluded_regions_saphery_tor_finu</member>
<region>wh2_main_saphery_tor_finu</region>
</campaign_group_member_criteria_regions>
<campaign_group_member_criteria_regions record_uuid="{fce8af63-bbc6-4646-9bab-67a53babfb17}" record_timestamp="1484729740303" record_key="wh2_main_tunnelling_excluded_regions_saphery_tower_of_hoeth">
<member>wh2_main_tunnelling_excluded_regions_saphery_tower_of_hoeth</member>
<region>wh2_main_saphery_tower_of_hoeth</region>
</campaign_group_member_criteria_regions>
<campaign_group_member_criteria_regions record_uuid="{67013988-fee0-4a4e-90c4-4943b4adb623}" record_timestamp="1484729740039" record_key="wh2_main_tunnelling_excluded_regions_tiranoc_tor_anroc">
<member>wh2_main_tunnelling_excluded_regions_tiranoc_tor_anroc</member>
<region>wh2_main_tiranoc_tor_anroc</region>
</campaign_group_member_criteria_regions>
<campaign_group_member_criteria_regions record_uuid="{358cc4de-fedf-45d1-989d-efdb876b376a}" record_timestamp="1484729740058" record_key="wh2_main_tunnelling_excluded_regions_tiranoc_whitepeak">
<member>wh2_main_tunnelling_excluded_regions_tiranoc_whitepeak</member>
<region>wh2_main_tiranoc_whitepeak</region>
</campaign_group_member_criteria_regions>
<campaign_group_member_criteria_regions record_uuid="{3063afd8-384e-46ff-b0c4-4b52e8f18271}" record_timestamp="1484729740537" record_key="wh2_main_tunnelling_excluded_regions_unicorn_gate">
<member>wh2_main_tunnelling_excluded_regions_unicorn_gate</member>
<region>wh2_main_unicorn_gate</region>
</campaign_group_member_criteria_regions>
<campaign_group_member_criteria_regions record_uuid="{a9e82a84-e02c-4fb7-b9a7-8d87f27f4cf4}" record_timestamp="1484729740218" record_key="wh2_main_tunnelling_excluded_regions_yvresse_elessaeli">
<member>wh2_main_tunnelling_excluded_regions_yvresse_elessaeli</member>
<region>wh2_main_yvresse_elessaeli</region>
</campaign_group_member_criteria_regions>
<campaign_group_member_criteria_regions record_uuid="{10edd172-da0b-44e1-9c0e-8a1ae29fb8b9}" record_timestamp="1484729740236" record_key="wh2_main_tunnelling_excluded_regions_yvresse_tor_yvresse">
<member>wh2_main_tunnelling_excluded_regions_yvresse_tor_yvresse</member>
<region>wh2_main_yvresse_tor_yvresse</region>
</campaign_group_member_criteria_regions>
<campaign_group_member_criteria_regions record_uuid="{69948502-a324-4660-95a5-a1571f5e8ccc}" record_timestamp="1490093544541" record_key="wh2_main_vor_abandoned_regions_wh2_main_def_dark_elves_wh2_main_vor_ashen_coast_sulpharets">
<member>wh2_main_vor_abandoned_regions_wh2_main_def_dark_elves_wh2_main_vor_ashen_coast_sulpharets</member>
<region>wh2_main_vor_ashen_coast_sulpharets</region>
</campaign_group_member_criteria_regions>
<campaign_group_member_criteria_regions record_uuid="{26abd0d1-9b5d-4657-8fab-c9e30f89a383}" record_timestamp="1490093544576" record_key="wh2_main_vor_abandoned_regions_wh2_main_def_dark_elves_wh2_main_vor_deadwood_shagrath">
<member>wh2_main_vor_abandoned_regions_wh2_main_def_dark_elves_wh2_main_vor_deadwood_shagrath</member>
<region>wh2_main_vor_deadwood_shagrath</region>
</campaign_group_member_criteria_regions>
<campaign_group_member_criteria_regions record_uuid="{7d01b18d-e777-486c-ae77-118de3579e27}" record_timestamp="1490093544610" record_key="wh2_main_vor_abandoned_regions_wh2_main_def_dark_elves_wh2_main_vor_deadwood_the_frozen_city">
<member>wh2_main_vor_abandoned_regions_wh2_main_def_dark_elves_wh2_main_vor_deadwood_the_frozen_city</member>
<region>wh2_main_vor_deadwood_the_frozen_city</region>
</campaign_group_member_criteria_regions>
<campaign_group_member_criteria_regions record_uuid="{3dbb02e7-3866-4c87-95a4-71c9503b393e}" record_timestamp="1490093544645" record_key="wh2_main_vor_abandoned_regions_wh2_main_def_dark_elves_wh2_main_vor_grey_guardians_grey_rock_point">
<member>wh2_main_vor_abandoned_regions_wh2_main_def_dark_elves_wh2_main_vor_grey_guardians_grey_rock_point</member>
<region>wh2_main_vor_grey_guardians_grey_rock_point</region>
</campaign_group_member_criteria_regions>
<campaign_group_member_criteria_regions record_uuid="{e1abcf72-72c4-4dc4-91c0-b95b49fdbbf8}" record_timestamp="1490093546274" record_key="wh2_main_vor_abandoned_regions_wh2_main_def_dark_elves_wh2_main_vor_grey_guardians_titan_peak">
<member>wh2_main_vor_abandoned_regions_wh2_main_def_dark_elves_wh2_main_vor_grey_guardians_titan_peak</member>
<region>wh2_main_vor_grey_guardians_titan_peak</region>
</campaign_group_member_criteria_regions>
<campaign_group_member_criteria_regions record_uuid="{07da71f5-0302-465c-a481-4a4c6e9b22d4}" record_timestamp="1490093546358" record_key="wh2_main_vor_abandoned_regions_wh2_main_def_dark_elves_wh2_main_vor_iron_mountains_cragroth_deep">
<member>wh2_main_vor_abandoned_regions_wh2_main_def_dark_elves_wh2_main_vor_iron_mountains_cragroth_deep</member>
<region>wh2_main_vor_iron_mountains_cragroth_deep</region>
</campaign_group_member_criteria_regions>
<campaign_group_member_criteria_regions record_uuid="{ec2a6b3e-ab6b-4610-b272-f770fdb21c4a}" record_timestamp="1490093546426" record_key="wh2_main_vor_abandoned_regions_wh2_main_def_dark_elves_wh2_main_vor_iron_mountains_rackdo_gorge">
<member>wh2_main_vor_abandoned_regions_wh2_main_def_dark_elves_wh2_main_vor_iron_mountains_rackdo_gorge</member>
<region>wh2_main_vor_iron_mountains_rackdo_gorge</region>
</campaign_group_member_criteria_regions>
<campaign_group_member_criteria_regions record_uuid="{ffe30295-e8f3-490c-b930-30c15d6e8b3a}" record_timestamp="1490093546494" record_key="wh2_main_vor_abandoned_regions_wh2_main_def_dark_elves_wh2_main_vor_iron_mountains_shroktak_mount">
<member>wh2_main_vor_abandoned_regions_wh2_main_def_dark_elves_wh2_main_vor_iron_mountains_shroktak_mount</member>
<region>wh2_main_vor_iron_mountains_shroktak_mount</region>
</campaign_group_member_criteria_regions>
<campaign_group_member_criteria_regions record_uuid="{4fe063b3-d010-4ebd-b972-3a271108e1ff}" record_timestamp="1490691160780" record_key="wh2_main_vor_abandoned_regions_wh2_main_def_dark_elves_wh2_main_vor_iron_peaks_tyrant_peak">
<member>wh2_main_vor_abandoned_regions_wh2_main_def_dark_elves_wh2_main_vor_iron_peaks_tyrant_peak</member>
<region>wh2_main_vor_ashen_coast_tyrant_peak</region>
</campaign_group_member_criteria_regions>
<campaign_group_member_criteria_regions record_uuid="{1249277a-56a9-4be0-b99e-ec78ed788a8f}" record_timestamp="1508318958170" record_key="wh2_main_vor_abandoned_regions_wh2_main_def_dark_elves_wh2_main_vor_land_of_the_dead_zandri">
<member>wh2_main_vor_abandoned_regions_wh2_main_def_dark_elves_wh2_main_vor_land_of_the_dead_zandri</member>
<region>wh2_main_vor_land_of_the_dead_zandri</region>
</campaign_group_member_criteria_regions>
<campaign_group_member_criteria_regions record_uuid="{83dbcc4b-bc8a-46a9-9c57-3def43dfcb55}" record_timestamp="1490093546703" record_key="wh2_main_vor_abandoned_regions_wh2_main_def_dark_elves_wh2_main_vor_obsidian_peaks_ice_rock_gorge">
<member>wh2_main_vor_abandoned_regions_wh2_main_def_dark_elves_wh2_main_vor_obsidian_peaks_ice_rock_gorge</member>
<region>wh2_main_vor_obsidian_peaks_ice_rock_gorge</region>
</campaign_group_member_criteria_regions>
<campaign_group_member_criteria_regions record_uuid="{bc3250c1-df5e-45ea-8870-64477c97c8de}" record_timestamp="1490093546736" record_key="wh2_main_vor_abandoned_regions_wh2_main_def_dark_elves_wh2_main_vor_obsidian_peaks_ice_spire">
<member>wh2_main_vor_abandoned_regions_wh2_main_def_dark_elves_wh2_main_vor_obsidian_peaks_ice_spire</member>
<region>wh2_main_vor_obsidian_peaks_ice_spire</region>
</campaign_group_member_criteria_regions>
<campaign_group_member_criteria_regions record_uuid="{fd9823a0-3459-4324-ad11-84cc895d447c}" record_timestamp="1490093544972" record_key="wh2_main_vor_abandoned_regions_wh2_main_def_dark_elves_wh2_main_vor_obsidian_peaks_temple_of_addaioth">
<member>wh2_main_vor_abandoned_regions_wh2_main_def_dark_elves_wh2_main_vor_obsidian_peaks_temple_of_addaioth</member>
<region>wh2_main_vor_obsidian_peaks_temple_of_addaioth</region>
</campaign_group_member_criteria_regions>
<campaign_group_member_criteria_regions record_uuid="{7f3341e3-d4d0-4b27-953b-24aeaf2ae308}" record_timestamp="1490093545009" record_key="wh2_main_vor_abandoned_regions_wh2_main_def_dark_elves_wh2_main_vor_plain_of_spiders_pits_of_zardok">
<member>wh2_main_vor_abandoned_regions_wh2_main_def_dark_elves_wh2_main_vor_plain_of_spiders_pits_of_zardok</member>
<region>wh2_main_vor_plain_of_spiders_pits_of_zardok</region>
</campaign_group_member_criteria_regions>
<campaign_group_member_criteria_regions record_uuid="{1547632d-af79-45dd-a4c3-59f254e453a5}" record_timestamp="1490691184442" record_key="wh2_main_vor_abandoned_regions_wh2_main_def_dark_elves_wh2_main_vor_shadow_wood_daldrachs_lair">
<member>wh2_main_vor_abandoned_regions_wh2_main_def_dark_elves_wh2_main_vor_shadow_wood_daldrachs_lair</member>
<region>wh2_main_vor_shadow_wood_daldrachs_lair</region>
</campaign_group_member_criteria_regions>
<campaign_group_member_criteria_regions record_uuid="{ff1177f6-cadd-42d3-a918-c1b334690144}" record_timestamp="1490691184552" record_key="wh2_main_vor_abandoned_regions_wh2_main_def_dark_elves_wh2_main_vor_the_chill_road_the_great_arena">
<member>wh2_main_vor_abandoned_regions_wh2_main_def_dark_elves_wh2_main_vor_the_chill_road_the_great_arena</member>
<region>wh2_main_vor_the_chill_road_the_great_arena</region>
</campaign_group_member_criteria_regions>
<campaign_group_member_criteria_regions record_uuid="{99865ca7-7bef-43cc-9351-5cce390e9cd2}" record_timestamp="1490093545047" record_key="wh2_main_vor_abandoned_regions_wh2_main_def_dark_elves_wh2_main_vor_the_dragon_isles_isle_of_the_crimson_skull">
<member>wh2_main_vor_abandoned_regions_wh2_main_def_dark_elves_wh2_main_vor_the_dragon_isles_isle_of_the_crimson_skull</member>
<region>wh2_main_vor_the_dragon_isles_isle_of_the_crimson_skull</region>
</campaign_group_member_criteria_regions>
<campaign_group_member_criteria_regions record_uuid="{ebc321d7-93c4-4bdb-a53c-fecca52c197c}" record_timestamp="1490691184666" record_key="wh2_main_vor_abandoned_regions_wh2_main_hef_high_elves_wh2_main_vor_caledor_caledors_repose">
<member>wh2_main_vor_abandoned_regions_wh2_main_hef_high_elves_wh2_main_vor_caledor_caledors_repose</member>
<region>wh2_main_vor_caledor_caledors_repose</region>
</campaign_group_member_criteria_regions>
<campaign_group_member_criteria_regions record_uuid="{c6916e80-44de-4132-96f2-b82c2d46dd5d}" record_timestamp="1490093545119" record_key="wh2_main_vor_abandoned_regions_wh2_main_hef_high_elves_wh2_main_vor_eataine_shrine_of_asuryan">
<member>wh2_main_vor_abandoned_regions_wh2_main_hef_high_elves_wh2_main_vor_eataine_shrine_of_asuryan</member>
<region>wh2_main_vor_eataine_shrine_of_asuryan</region>
</campaign_group_member_criteria_regions>
<campaign_group_member_criteria_regions record_uuid="{1dfc7472-3fe1-461b-ac09-b355e7010f63}" record_timestamp="1490093545084" record_key="wh2_main_vor_abandoned_regions_wh2_main_hef_high_elves_wh2_main_vor_land_of_the_dervishes_elven_ruins">
<member>wh2_main_vor_abandoned_regions_wh2_main_hef_high_elves_wh2_main_vor_land_of_the_dervishes_elven_ruins</member>
<region>wh2_main_vor_land_of_the_dervishes_elven_ruins</region>
</campaign_group_member_criteria_regions>
<campaign_group_member_criteria_regions record_uuid="{5e9f7a86-cf8b-40cd-8ce2-fc9fdd531a5d}" record_timestamp="1490093545155" record_key="wh2_main_vor_abandoned_regions_wh2_main_hef_high_elves_wh2_main_vor_northern_yvresse_sardenath">
<member>wh2_main_vor_abandoned_regions_wh2_main_hef_high_elves_wh2_main_vor_northern_yvresse_sardenath</member>
<region>wh2_main_vor_northern_yvresse_sardenath</region>
</campaign_group_member_criteria_regions>
<campaign_group_member_criteria_regions record_uuid="{c89e7ce4-5317-4536-a3a6-acbe7a0e93f8}" record_timestamp="1490093545191" record_key="wh2_main_vor_abandoned_regions_wh2_main_hef_high_elves_wh2_main_vor_tiranoc_tor_anroc">
<member>wh2_main_vor_abandoned_regions_wh2_main_hef_high_elves_wh2_main_vor_tiranoc_tor_anroc</member>
<region>wh2_main_vor_tiranoc_tor_anroc</region>
</campaign_group_member_criteria_regions>
<campaign_group_member_criteria_regions record_uuid="{04959b93-6cee-4bfb-818c-92e8882f36c4}" record_timestamp="1490093545228" record_key="wh2_main_vor_abandoned_regions_wh2_main_lzd_lizardmen_wh2_main_vor_coast_of_squalls_macu_peaks">
<member>wh2_main_vor_abandoned_regions_wh2_main_lzd_lizardmen_wh2_main_vor_coast_of_squalls_macu_peaks</member>
<region>wh2_main_vor_coast_of_squalls_macu_peaks</region>
</campaign_group_member_criteria_regions>
<campaign_group_member_criteria_regions record_uuid="{21c47ff5-3c75-4c2a-8147-4c27eba50d79}" record_timestamp="1490093544685" record_key="wh2_main_vor_abandoned_regions_wh2_main_lzd_lizardmen_wh2_main_vor_coast_of_squalls_monument_of_the_sun">
<member>wh2_main_vor_abandoned_regions_wh2_main_lzd_lizardmen_wh2_main_vor_coast_of_squalls_monument_of_the_sun</member>
<region>wh2_main_vor_coast_of_squalls_monument_of_the_sun</region>
</campaign_group_member_criteria_regions>
<campaign_group_member_criteria_regions record_uuid="{d4c5ba4f-4cd9-4249-8a87-7a33c1586ee5}" record_timestamp="1490093544721" record_key="wh2_main_vor_abandoned_regions_wh2_main_lzd_lizardmen_wh2_main_vor_coast_of_squalls_shrine_of_sotek">
<member>wh2_main_vor_abandoned_regions_wh2_main_lzd_lizardmen_wh2_main_vor_coast_of_squalls_shrine_of_sotek</member>
<region>wh2_main_vor_coast_of_squalls_shrine_of_sotek</region>
</campaign_group_member_criteria_regions>
<campaign_group_member_criteria_regions record_uuid="{d751791e-2354-448d-8d42-d5b85f486ffe}" record_timestamp="1490093544791" record_key="wh2_main_vor_abandoned_regions_wh2_main_lzd_lizardmen_wh2_main_vor_copper_desert_the_forgotten_isles">
<member>wh2_main_vor_abandoned_regions_wh2_main_lzd_lizardmen_wh2_main_vor_copper_desert_the_forgotten_isles</member>
<region>wh2_main_vor_copper_desert_the_forgotten_isles</region>
</campaign_group_member_criteria_regions>
<campaign_group_member_criteria_regions record_uuid="{735079ff-dc15-4a7d-a8a2-85d8b1aef3d7}" record_timestamp="1490093544828" record_key="wh2_main_vor_abandoned_regions_wh2_main_lzd_lizardmen_wh2_main_vor_culchan_plains_chupayotl">
<member>wh2_main_vor_abandoned_regions_wh2_main_lzd_lizardmen_wh2_main_vor_culchan_plains_chupayotl</member>
<region>wh2_main_vor_culchan_plains_chupayotl</region>
</campaign_group_member_criteria_regions>
<campaign_group_member_criteria_regions record_uuid="{bbf17132-f838-417f-b517-635c69591683}" record_timestamp="1490093544866" record_key="wh2_main_vor_abandoned_regions_wh2_main_lzd_lizardmen_wh2_main_vor_culchan_plains_kaiax">
<member>wh2_main_vor_abandoned_regions_wh2_main_lzd_lizardmen_wh2_main_vor_culchan_plains_kaiax</member>
<region>wh2_main_vor_culchan_plains_kaiax</region>
</campaign_group_member_criteria_regions>
<campaign_group_member_criteria_regions record_uuid="{ed29a16d-8d68-4ca7-8c8c-416d1e979ece}" record_timestamp="1490093544902" record_key="wh2_main_vor_abandoned_regions_wh2_main_lzd_lizardmen_wh2_main_vor_culchan_plains_xlansec">
<member>wh2_main_vor_abandoned_regions_wh2_main_lzd_lizardmen_wh2_main_vor_culchan_plains_xlansec</member>
<region>wh2_main_vor_culchan_plains_xlansec</region>
</campaign_group_member_criteria_regions>
<campaign_group_member_criteria_regions record_uuid="{5d99b3c5-fe39-44d1-b45e-7848bcba907b}" record_timestamp="1490093544937" record_key="wh2_main_vor_abandoned_regions_wh2_main_lzd_lizardmen_wh2_main_vor_forest_of_the_viper_fallen_gates">
<member>wh2_main_vor_abandoned_regions_wh2_main_lzd_lizardmen_wh2_main_vor_forest_of_the_viper_fallen_gates</member>
<region>wh2_main_vor_forest_of_the_viper_fallen_gates</region>
</campaign_group_member_criteria_regions>
<campaign_group_member_criteria_regions record_uuid="{a033c563-c196-435e-bf50-ab20f4d743f1}" record_timestamp="1490093545616" record_key="wh2_main_vor_abandoned_regions_wh2_main_lzd_lizardmen_wh2_main_vor_jungle_of_pahualaxa_floating_pyramid">
<member>wh2_main_vor_abandoned_regions_wh2_main_lzd_lizardmen_wh2_main_vor_jungle_of_pahualaxa_floating_pyramid</member>
<region>wh2_main_vor_jungle_of_pahualaxa_floating_pyramid</region>
</campaign_group_member_criteria_regions>
<campaign_group_member_criteria_regions record_uuid="{04b36b7d-6124-408b-8912-5596146df515}" record_timestamp="1490093545687" record_key="wh2_main_vor_abandoned_regions_wh2_main_lzd_lizardmen_wh2_main_vor_jungle_of_pahualaxa_monument_of_the_moon">
<member>wh2_main_vor_abandoned_regions_wh2_main_lzd_lizardmen_wh2_main_vor_jungle_of_pahualaxa_monument_of_the_moon</member>
<region>wh2_main_vor_jungle_of_pahualaxa_monument_of_the_moon</region>
</campaign_group_member_criteria_regions>
<campaign_group_member_criteria_regions record_uuid="{a7e21957-df43-452e-858f-050d902734a7}" record_timestamp="1490093545756" record_key="wh2_main_vor_abandoned_regions_wh2_main_lzd_lizardmen_wh2_main_vor_jungle_of_pahualaxa_pahuax">
<member>wh2_main_vor_abandoned_regions_wh2_main_lzd_lizardmen_wh2_main_vor_jungle_of_pahualaxa_pahuax</member>
<region>wh2_main_vor_jungle_of_pahualaxa_pahuax</region>
</campaign_group_member_criteria_regions>
<campaign_group_member_criteria_regions record_uuid="{291794c4-2472-42ef-8c50-6e7dfcf7a633}" record_timestamp="1490093545825" record_key="wh2_main_vor_abandoned_regions_wh2_main_lzd_lizardmen_wh2_main_vor_jungles_of_green_mist_pillars_of_unseen_constellations">
<member>wh2_main_vor_abandoned_regions_wh2_main_lzd_lizardmen_wh2_main_vor_jungles_of_green_mist_pillars_of_unseen_constellations</member>
<region>wh2_main_vor_jungles_of_green_mist_pillars_of_unseen_constellations</region>
</campaign_group_member_criteria_regions>
<campaign_group_member_criteria_regions record_uuid="{9f8519c0-dd3d-4074-bfc7-a108b8ac2a21}" record_timestamp="1490093545893" record_key="wh2_main_vor_abandoned_regions_wh2_main_lzd_lizardmen_wh2_main_vor_kingdom_of_beasts_the_cursed_jungle">
<member>wh2_main_vor_abandoned_regions_wh2_main_lzd_lizardmen_wh2_main_vor_kingdom_of_beasts_the_cursed_jungle</member>
<region>wh2_main_vor_kingdom_of_beasts_the_cursed_jungle</region>
</campaign_group_member_criteria_regions>
<campaign_group_member_criteria_regions record_uuid="{d7c2c3b1-0cdb-457a-be38-dd4a0fa8871e}" record_timestamp="1490093545961" record_key="wh2_main_vor_abandoned_regions_wh2_main_lzd_lizardmen_wh2_main_vor_mosquito_swamps_xahutec">
<member>wh2_main_vor_abandoned_regions_wh2_main_lzd_lizardmen_wh2_main_vor_mosquito_swamps_xahutec</member>
<region>wh2_main_vor_mosquito_swamps_xahutec</region>
</campaign_group_member_criteria_regions>
<campaign_group_member_criteria_regions record_uuid="{8d2762d2-846b-42cb-b0f2-1c5f3f9a8f22}" record_timestamp="1490093546065" record_key="wh2_main_vor_abandoned_regions_wh2_main_lzd_lizardmen_wh2_main_vor_northern_great_jungle_quetza">
<member>wh2_main_vor_abandoned_regions_wh2_main_lzd_lizardmen_wh2_main_vor_northern_great_jungle_quetza</member>
<region>wh2_main_vor_northern_great_jungle_quetza</region>
</campaign_group_member_criteria_regions>
<campaign_group_member_criteria_regions record_uuid="{094d102e-92cb-4173-8e19-36d143d8dc40}" record_timestamp="1490093545269" record_key="wh2_main_vor_abandoned_regions_wh2_main_lzd_lizardmen_wh2_main_vor_northern_great_jungle_quittax">
<member>wh2_main_vor_abandoned_regions_wh2_main_lzd_lizardmen_wh2_main_vor_northern_great_jungle_quittax</member>
<region>wh2_main_vor_northern_great_jungle_quittax</region>
</campaign_group_member_criteria_regions>
<campaign_group_member_criteria_regions record_uuid="{19600db8-b2ac-4896-a381-f627d98ae062}" record_timestamp="1490093545304" record_key="wh2_main_vor_abandoned_regions_wh2_main_lzd_lizardmen_wh2_main_vor_river_qurveza_axlotl">
<member>wh2_main_vor_abandoned_regions_wh2_main_lzd_lizardmen_wh2_main_vor_river_qurveza_axlotl</member>
<region>wh2_main_vor_river_qurveza_axlotl</region>
</campaign_group_member_criteria_regions>
<campaign_group_member_criteria_regions record_uuid="{c6f50234-4575-4628-babb-99675654ac75}" record_timestamp="1490093545337" record_key="wh2_main_vor_abandoned_regions_wh2_main_lzd_lizardmen_wh2_main_vor_river_qurveza_mouth_of_qurveza">
<member>wh2_main_vor_abandoned_regions_wh2_main_lzd_lizardmen_wh2_main_vor_river_qurveza_mouth_of_qurveza</member>
<region>wh2_main_vor_river_qurveza_mouth_of_qurveza</region>
</campaign_group_member_criteria_regions>
<campaign_group_member_criteria_regions record_uuid="{fe1d7a47-0fcc-4dd3-8448-71fabcb105a7}" record_timestamp="1490093545372" record_key="wh2_main_vor_abandoned_regions_wh2_main_lzd_lizardmen_wh2_main_vor_scorpion_coast_temple_of_tlencan">
<member>wh2_main_vor_abandoned_regions_wh2_main_lzd_lizardmen_wh2_main_vor_scorpion_coast_temple_of_tlencan</member>
<region>wh2_main_vor_scorpion_coast_temple_of_tlencan</region>
</campaign_group_member_criteria_regions>
<campaign_group_member_criteria_regions record_uuid="{01d4bae4-47c6-48ca-bd59-76354172a276}" record_timestamp="1490691161575" record_key="wh2_main_vor_abandoned_regions_wh2_main_lzd_lizardmen_wh2_main_vor_shifting_mangrove_coastline_tower_of_the_gods">
<member>wh2_main_vor_abandoned_regions_wh2_main_lzd_lizardmen_wh2_main_vor_shifting_mangrove_coastline_tower_of_the_gods</member>
<region>wh2_main_vor_the_red_rivers_golden_tower_of_the_gods</region>
</campaign_group_member_criteria_regions>
<campaign_group_member_criteria_regions record_uuid="{e7dfde62-f549-47ed-8331-d93996edf02c}" record_timestamp="1490691181621" record_key="wh2_main_vor_abandoned_regions_wh2_main_lzd_lizardmen_wh2_main_vor_southern_great_jungle_mortuary_of_tzulaqua">
<member>wh2_main_vor_abandoned_regions_wh2_main_lzd_lizardmen_wh2_main_vor_southern_great_jungle_mortuary_of_tzulaqua</member>
<region>wh2_main_vor_southern_great_jungle_mortuary_of_tzulaqua</region>
</campaign_group_member_criteria_regions>
<campaign_group_member_criteria_regions record_uuid="{b23b0c60-06ae-4000-813e-373b3bc8aa97}" record_timestamp="1490093546235" record_key="wh2_main_vor_abandoned_regions_wh2_main_lzd_lizardmen_wh2_main_vor_southern_great_jungle_xhotl">
<member>wh2_main_vor_abandoned_regions_wh2_main_lzd_lizardmen_wh2_main_vor_southern_great_jungle_xhotl</member>
<region>wh2_main_vor_southern_great_jungle_xhotl</region>
</campaign_group_member_criteria_regions>
<campaign_group_member_criteria_regions record_uuid="{f6964721-431a-43be-a58a-6f9235aee733}" record_timestamp="1490691184778" record_key="wh2_main_vor_abandoned_regions_wh2_main_lzd_lizardmen_wh2_main_vor_southern_jungles_scrag_hole">
<member>wh2_main_vor_abandoned_regions_wh2_main_lzd_lizardmen_wh2_main_vor_southern_jungles_scrag_hole</member>
<region>wh2_main_vor_southern_jungles_scrag_hole</region>
</campaign_group_member_criteria_regions>
<campaign_group_member_criteria_regions record_uuid="{230a8958-0bc2-4670-9fa3-94ae730354d3}" record_timestamp="1490093546324" record_key="wh2_main_vor_abandoned_regions_wh2_main_lzd_lizardmen_wh2_main_vor_the_creeping_jungle_tlanxla">
<member>wh2_main_vor_abandoned_regions_wh2_main_lzd_lizardmen_wh2_main_vor_the_creeping_jungle_tlanxla</member>
<region>wh2_main_vor_the_creeping_jungle_tlanxla</region>
</campaign_group_member_criteria_regions>
<campaign_group_member_criteria_regions record_uuid="{9f8c55a2-9457-4a73-85a3-625b7434e397}" record_timestamp="1490093546392" record_key="wh2_main_vor_abandoned_regions_wh2_main_lzd_lizardmen_wh2_main_vor_the_forbidden_jungle_chamber_of_visions">
<member>wh2_main_vor_abandoned_regions_wh2_main_lzd_lizardmen_wh2_main_vor_the_forbidden_jungle_chamber_of_visions</member>
<region>wh2_main_vor_the_forbidden_jungle_chamber_of_visions</region>
</campaign_group_member_criteria_regions>
<campaign_group_member_criteria_regions record_uuid="{e2622ea8-761b-46b4-bb47-a00b4d2f2a1d}" record_timestamp="1490691161946" record_key="wh2_main_vor_abandoned_regions_wh2_main_lzd_lizardmen_wh2_main_vor_the_jungles_of_the_gods_avenue_of_gold">
<member>wh2_main_vor_abandoned_regions_wh2_main_lzd_lizardmen_wh2_main_vor_the_jungles_of_the_gods_avenue_of_gold</member>
<region>wh2_main_vor_shifting_mangrove_coastline_temple_avenue_of_gold</region>
</campaign_group_member_criteria_regions>
<campaign_group_member_criteria_regions record_uuid="{9cb50a58-f3d2-4e29-abdd-cf45fc403516}" record_timestamp="1490691179008" record_key="wh2_main_vor_abandoned_regions_wh2_main_lzd_lizardmen_wh2_main_vor_the_lost_valleys_the_sentinel_of_time">
<member>wh2_main_vor_abandoned_regions_wh2_main_lzd_lizardmen_wh2_main_vor_the_lost_valleys_the_sentinel_of_time</member>
<region>wh2_main_vor_the_lost_valleys_the_sentinel_of_time</region>
</campaign_group_member_criteria_regions>
<campaign_group_member_criteria_regions record_uuid="{567712ef-54ef-45fe-a05a-e1a818844248}" record_timestamp="1490093546666" record_key="wh2_main_vor_abandoned_regions_wh2_main_lzd_lizardmen_wh2_main_vor_the_turtle_isles_mud_isle">
<member>wh2_main_vor_abandoned_regions_wh2_main_lzd_lizardmen_wh2_main_vor_the_turtle_isles_mud_isle</member>
<region>wh2_main_vor_the_turtle_isles_mud_isle</region>
</campaign_group_member_criteria_regions>
<campaign_group_member_criteria_regions record_uuid="{26141b1e-626f-4bf0-937d-582c6842585f}" record_timestamp="1490093546098" record_key="wh2_main_vor_abandoned_regions_wh2_main_lzd_lizardmen_wh2_main_vor_western_jungles_deaths-head_monoliths">
<member>wh2_main_vor_abandoned_regions_wh2_main_lzd_lizardmen_wh2_main_vor_western_jungles_deaths-head_monoliths</member>
<region>wh2_main_vor_western_jungles_deaths-head_monoliths</region>
</campaign_group_member_criteria_regions>
<campaign_group_member_criteria_regions record_uuid="{7d1349fb-c5bd-4f44-bc48-ed45021608ac}" record_timestamp="1490093546133" record_key="wh2_main_vor_abandoned_regions_wh2_main_lzd_lizardmen_wh2_main_vor_western_jungles_statues_of_the_gods">
<member>wh2_main_vor_abandoned_regions_wh2_main_lzd_lizardmen_wh2_main_vor_western_jungles_statues_of_the_gods</member>
<region>wh2_main_vor_western_jungles_statues_of_the_gods</region>
</campaign_group_member_criteria_regions>
<campaign_group_member_criteria_regions record_uuid="{44eab56c-2cf5-4d05-9146-d3927045d26f}" record_timestamp="1490093545513" record_key="wh2_main_vor_abandoned_regions_wh_main_dwf_dwarfs_wh2_main_vor_central_spine_of_sotek_chiquibol">
<member>wh2_main_vor_abandoned_regions_wh_main_dwf_dwarfs_wh2_main_vor_central_spine_of_sotek_chiquibol</member>
<region>wh2_main_vor_central_spine_of_sotek_chiquibol</region>
</campaign_group_member_criteria_regions>
<campaign_group_member_criteria_regions record_uuid="{99dd34f5-83d1-49fa-836c-658041535edd}" record_timestamp="1490093545582" record_key="wh2_main_vor_abandoned_regions_wh_main_dwf_dwarfs_wh2_main_vor_northern_spine_of_sotek_cavern_of_the_mlexigaur">
<member>wh2_main_vor_abandoned_regions_wh_main_dwf_dwarfs_wh2_main_vor_northern_spine_of_sotek_cavern_of_the_mlexigaur</member>
<region>wh2_main_vor_northern_spine_of_sotek_cavern_of_the_mlexigaur</region>
</campaign_group_member_criteria_regions>
<campaign_group_member_criteria_regions record_uuid="{1b0c48a4-5b66-476d-b699-2174f26af47c}" record_timestamp="1490093545651" record_key="wh2_main_vor_abandoned_regions_wh_main_dwf_dwarfs_wh2_main_vor_northern_spine_of_sotek_hualotal">
<member>wh2_main_vor_abandoned_regions_wh_main_dwf_dwarfs_wh2_main_vor_northern_spine_of_sotek_hualotal</member>
<region>wh2_main_vor_northern_spine_of_sotek_hualotal</region>
</campaign_group_member_criteria_regions>
<campaign_group_member_criteria_regions record_uuid="{7ec5ffbf-2e2d-4aeb-935e-f8b6fb88d26d}" record_timestamp="1490093545722" record_key="wh2_main_vor_abandoned_regions_wh_main_dwf_dwarfs_wh2_main_vor_northern_spine_of_sotek_monument_of_izzatal">
<member>wh2_main_vor_abandoned_regions_wh_main_dwf_dwarfs_wh2_main_vor_northern_spine_of_sotek_monument_of_izzatal</member>
<region>wh2_main_vor_northern_spine_of_sotek_monument_of_izzatal</region>
</campaign_group_member_criteria_regions>
<campaign_group_member_criteria_regions record_uuid="{6bb1d58b-4e2f-4b8a-8784-e1ed81ec869c}" record_timestamp="1490093545859" record_key="wh2_main_vor_abandoned_regions_wh_main_vmp_vampire_counts_wh2_main_vor_ash_river_numas">
<member>wh2_main_vor_abandoned_regions_wh_main_vmp_vampire_counts_wh2_main_vor_ash_river_numas</member>
<region>wh2_main_vor_ash_river_numas</region>
</campaign_group_member_criteria_regions>
<campaign_group_member_criteria_regions record_uuid="{86a34390-9e04-4107-93e1-8c8bcb94a38e}" record_timestamp="1490093545927" record_key="wh2_main_vor_abandoned_regions_wh_main_vmp_vampire_counts_wh2_main_vor_ash_river_the_salt_plain">
<member>wh2_main_vor_abandoned_regions_wh_main_vmp_vampire_counts_wh2_main_vor_ash_river_the_salt_plain</member>
<region>wh2_main_vor_ash_river_the_salt_plain</region>
</campaign_group_member_criteria_regions>
<campaign_group_member_criteria_regions record_uuid="{f40b5216-bc55-4022-ae6b-7fa48831b324}" record_timestamp="1490093545996" record_key="wh2_main_vor_abandoned_regions_wh_main_vmp_vampire_counts_wh2_main_vor_shifting_sands_antoch">
<member>wh2_main_vor_abandoned_regions_wh_main_vmp_vampire_counts_wh2_main_vor_shifting_sands_antoch</member>
<region>wh2_main_vor_shifting_sands_antoch</region>
</campaign_group_member_criteria_regions>
<campaign_group_member_criteria_regions record_uuid="{b4892321-05a1-4c07-a423-c8273cf12a0c}" record_timestamp="1490093546770" record_key="wh2_main_vor_abandoned_regions_wh_main_vmp_vampire_counts_wh2_main_vor_shifting_sands_plain_of_tuskers">
<member>wh2_main_vor_abandoned_regions_wh_main_vmp_vampire_counts_wh2_main_vor_shifting_sands_plain_of_tuskers</member>
<region>wh2_main_vor_shifting_sands_plain_of_tuskers</region>
</campaign_group_member_criteria_regions>
<campaign_group_member_criteria_regions record_uuid="{9991d131-4e87-45d3-9c79-c42faf3057be}" record_timestamp="1490093546805" record_key="wh2_main_vor_abandoned_regions_wh_main_vmp_vampire_counts_wh2_main_vor_the_great_desert_bel_aliad">
<member>wh2_main_vor_abandoned_regions_wh_main_vmp_vampire_counts_wh2_main_vor_the_great_desert_bel_aliad</member>
<region>wh2_main_vor_the_great_desert_bel_aliad</region>
</campaign_group_member_criteria_regions>
<campaign_group_member_criteria_regions record_uuid="{ca4debe9-8cb7-40ed-a5e0-230b8a0f9cad}" record_timestamp="1490093546839" record_key="wh2_main_vor_abandoned_regions_wh_main_vmp_vampire_counts_wh2_main_vor_the_vampire_coast_the_star_tower">
<member>wh2_main_vor_abandoned_regions_wh_main_vmp_vampire_counts_wh2_main_vor_the_vampire_coast_the_star_tower</member>
<region>wh2_main_vor_the_vampire_coast_the_star_tower</region>
</campaign_group_member_criteria_regions>
<campaign_group_member_criteria_regions record_uuid="{28848425-e01a-4b51-ac17-53a345c3b22d}" record_timestamp="1484729433887" record_key="wh2_main_vor_tunnelling_excluded_regions_avelorn_evershale">
<member>wh2_main_vor_tunnelling_excluded_regions_avelorn_evershale</member>
<region>wh2_main_vor_avelorn_evershale</region>
</campaign_group_member_criteria_regions>
<campaign_group_member_criteria_regions record_uuid="{0b78e83c-581a-42b0-ab09-12b00216c08a}" record_timestamp="1484729433896" record_key="wh2_main_vor_tunnelling_excluded_regions_avelorn_gaean_vale">
<member>wh2_main_vor_tunnelling_excluded_regions_avelorn_gaean_vale</member>
<region>wh2_main_vor_avelorn_gaean_vale</region>
</campaign_group_member_criteria_regions>
<campaign_group_member_criteria_regions record_uuid="{4553c4f8-a5ec-4a37-8889-f4e03858652d}" record_timestamp="1484729433905" record_key="wh2_main_vor_tunnelling_excluded_regions_avelorn_tor_saroir">
<member>wh2_main_vor_tunnelling_excluded_regions_avelorn_tor_saroir</member>
<region>wh2_main_vor_avelorn_tor_saroir</region>
</campaign_group_member_criteria_regions>
<campaign_group_member_criteria_regions record_uuid="{06261874-ef12-460d-b9b9-e0c190c33e72}" record_timestamp="1484729434246" record_key="wh2_main_vor_tunnelling_excluded_regions_caledor_caledors_repose">
<member>wh2_main_vor_tunnelling_excluded_regions_caledor_caledors_repose</member>
<region>wh2_main_vor_caledor_caledors_repose</region>
</campaign_group_member_criteria_regions>
<campaign_group_member_criteria_regions record_uuid="{b5641875-d2d0-4072-982d-a702bd7c42e7}" record_timestamp="1484729434258" record_key="wh2_main_vor_tunnelling_excluded_regions_caledor_tor_sethai">
<member>wh2_main_vor_tunnelling_excluded_regions_caledor_tor_sethai</member>
<region>wh2_main_vor_caledor_tor_sethai</region>
</campaign_group_member_criteria_regions>
<campaign_group_member_criteria_regions record_uuid="{55e674c0-690c-41bb-89d6-69d928d3cd25}" record_timestamp="1484729434270" record_key="wh2_main_vor_tunnelling_excluded_regions_caledor_vauls_anvil">
<member>wh2_main_vor_tunnelling_excluded_regions_caledor_vauls_anvil</member>
<region>wh2_main_vor_caledor_vauls_anvil</region>
</campaign_group_member_criteria_regions>
<campaign_group_member_criteria_regions record_uuid="{9e66dec9-ba82-4427-9fa3-4352a0d5d5f0}" record_timestamp="1484729433878" record_key="wh2_main_vor_tunnelling_excluded_regions_chrace_elisia">
<member>wh2_main_vor_tunnelling_excluded_regions_chrace_elisia</member>
<region>wh2_main_vor_chrace_elisia</region>
</campaign_group_member_criteria_regions>
<campaign_group_member_criteria_regions record_uuid="{bdb47f12-0b7d-45fc-9a51-ccd387bfddff}" record_timestamp="1484729433997" record_key="wh2_main_vor_tunnelling_excluded_regions_chrace_tor_achare">
<member>wh2_main_vor_tunnelling_excluded_regions_chrace_tor_achare</member>
<region>wh2_main_vor_chrace_tor_achare</region>
</campaign_group_member_criteria_regions>
<campaign_group_member_criteria_regions record_uuid="{a2544c79-ee2c-4c1f-8b01-781cac768019}" record_timestamp="1484729434008" record_key="wh2_main_vor_tunnelling_excluded_regions_chrace_tor_gard">
<member>wh2_main_vor_tunnelling_excluded_regions_chrace_tor_gard</member>
<region>wh2_main_vor_chrace_tor_gard</region>
</campaign_group_member_criteria_regions>
<campaign_group_member_criteria_regions record_uuid="{0cbf5d03-4d34-485b-a127-a99a7275324f}" record_timestamp="1484729434018" record_key="wh2_main_vor_tunnelling_excluded_regions_cothique_mistnar">
<member>wh2_main_vor_tunnelling_excluded_regions_cothique_mistnar</member>
<region>wh2_main_vor_cothique_mistnar</region>
</campaign_group_member_criteria_regions>
<campaign_group_member_criteria_regions record_uuid="{b190e7fe-6733-4056-806e-1b8e93407aeb}" record_timestamp="1484729434029" record_key="wh2_main_vor_tunnelling_excluded_regions_cothique_tor_koruali">
<member>wh2_main_vor_tunnelling_excluded_regions_cothique_tor_koruali</member>
<region>wh2_main_vor_cothique_tor_koruali</region>
</campaign_group_member_criteria_regions>
<campaign_group_member_criteria_regions record_uuid="{7af71713-6aaa-432a-93ff-f0c7df42b5ba}" record_timestamp="1484729433947" record_key="wh2_main_vor_tunnelling_excluded_regions_eagle_gate">
<member>wh2_main_vor_tunnelling_excluded_regions_eagle_gate</member>
<region>wh2_main_vor_eagle_gate</region>
</campaign_group_member_criteria_regions>
<campaign_group_member_criteria_regions record_uuid="{8cf87346-4d56-4a5e-b75d-3bf699728fdb}" record_timestamp="1484729434118" record_key="wh2_main_vor_tunnelling_excluded_regions_eataine_angerrial">
<member>wh2_main_vor_tunnelling_excluded_regions_eataine_angerrial</member>
<region>wh2_main_vor_eataine_angerrial</region>
</campaign_group_member_criteria_regions>
<campaign_group_member_criteria_regions record_uuid="{b0c44b02-f5d4-4d1d-96a1-c339dadd4da6}" record_timestamp="1484729434129" record_key="wh2_main_vor_tunnelling_excluded_regions_eataine_shrine_of_asuryan">
<member>wh2_main_vor_tunnelling_excluded_regions_eataine_shrine_of_asuryan</member>
<region>wh2_main_vor_eataine_shrine_of_asuryan</region>
</campaign_group_member_criteria_regions>
<campaign_group_member_criteria_regions record_uuid="{a75430dc-037a-410d-b192-460b1a05a0bb}" record_timestamp="1484729433916" record_key="wh2_main_vor_tunnelling_excluded_regions_ellyrion_reavers_mark">
<member>wh2_main_vor_tunnelling_excluded_regions_ellyrion_reavers_mark</member>
<region>wh2_main_vor_ellyrion_reavers_mark</region>
</campaign_group_member_criteria_regions>
<campaign_group_member_criteria_regions record_uuid="{4d4e8780-8f3d-429b-bd13-91e9f12539d3}" record_timestamp="1484729433926" record_key="wh2_main_vor_tunnelling_excluded_regions_ellyrion_the_arc_span">
<member>wh2_main_vor_tunnelling_excluded_regions_ellyrion_the_arc_span</member>
<region>wh2_main_vor_ellyrion_the_arc_span</region>
</campaign_group_member_criteria_regions>
<campaign_group_member_criteria_regions record_uuid="{b3fe24ff-e03a-466d-81ac-eaa1a7dc0962}" record_timestamp="1484729433937" record_key="wh2_main_vor_tunnelling_excluded_regions_ellyrion_tor_elyr">
<member>wh2_main_vor_tunnelling_excluded_regions_ellyrion_tor_elyr</member>
<region>wh2_main_vor_ellyrion_tor_elyr</region>
</campaign_group_member_criteria_regions>
<campaign_group_member_criteria_regions record_uuid="{a18dfdc4-f3c1-4efd-84d6-65a981e86870}" record_timestamp="1484729433957" record_key="wh2_main_vor_tunnelling_excluded_regions_griffon_gate">
<member>wh2_main_vor_tunnelling_excluded_regions_griffon_gate</member>
<region>wh2_main_vor_griffon_gate</region>
</campaign_group_member_criteria_regions>
<campaign_group_member_criteria_regions record_uuid="{efefa657-5282-4c7f-9abe-dffca80a8c1f}" record_timestamp="1484729434340" record_key="wh2_main_vor_tunnelling_excluded_regions_nagarythe_shrine_of_khaine">
<member>wh2_main_vor_tunnelling_excluded_regions_nagarythe_shrine_of_khaine</member>
<region>wh2_main_vor_nagarythe_shrine_of_khaine</region>
</campaign_group_member_criteria_regions>
<campaign_group_member_criteria_regions record_uuid="{0112e303-66d7-464a-a929-a65ecd1dadb8}" record_timestamp="1484729433858" record_key="wh2_main_vor_tunnelling_excluded_regions_nagarythe_tor_anlec">
<member>wh2_main_vor_tunnelling_excluded_regions_nagarythe_tor_anlec</member>
<region>wh2_main_vor_nagarythe_tor_anlec</region>
</campaign_group_member_criteria_regions>
<campaign_group_member_criteria_regions record_uuid="{3f44a8d4-f565-4e54-93e2-9164263a73fc}" record_timestamp="1484729433868" record_key="wh2_main_vor_tunnelling_excluded_regions_nagarythe_tor_dranil">
<member>wh2_main_vor_tunnelling_excluded_regions_nagarythe_tor_dranil</member>
<region>wh2_main_vor_nagarythe_tor_dranil</region>
</campaign_group_member_criteria_regions>
<campaign_group_member_criteria_regions record_uuid="{b454fa56-4f57-4f15-9ae5-b9b11acededd}" record_timestamp="1484729434039" record_key="wh2_main_vor_tunnelling_excluded_regions_northern_yvresse_sardenath">
<member>wh2_main_vor_tunnelling_excluded_regions_northern_yvresse_sardenath</member>
<region>wh2_main_vor_northern_yvresse_sardenath</region>
</campaign_group_member_criteria_regions>
<campaign_group_member_criteria_regions record_uuid="{31fad440-2107-48c9-ba51-247a0cff7e39}" record_timestamp="1484729434050" record_key="wh2_main_vor_tunnelling_excluded_regions_northern_yvresse_tor_yvresse">
<member>wh2_main_vor_tunnelling_excluded_regions_northern_yvresse_tor_yvresse</member>
<region>wh2_main_vor_northern_yvresse_tor_yvresse</region>
</campaign_group_member_criteria_regions>
<campaign_group_member_criteria_regions record_uuid="{ff52a2e0-fbd6-45c1-8095-800a85190e33}" record_timestamp="1484729434060" record_key="wh2_main_vor_tunnelling_excluded_regions_northern_yvresse_tralinia">
<member>wh2_main_vor_tunnelling_excluded_regions_northern_yvresse_tralinia</member>
<region>wh2_main_vor_northern_yvresse_tralinia</region>
</campaign_group_member_criteria_regions>
<campaign_group_member_criteria_regions record_uuid="{8b4cfc5e-ec2d-49e4-a5a2-8ffe15db5ee6}" record_timestamp="1484729433966" record_key="wh2_main_vor_tunnelling_excluded_regions_phoenix_gate">
<member>wh2_main_vor_tunnelling_excluded_regions_phoenix_gate</member>
<region>wh2_main_vor_phoenix_gate</region>
</campaign_group_member_criteria_regions>
<campaign_group_member_criteria_regions record_uuid="{c3c3d9db-1768-4de6-b6ab-d042937a37e7}" record_timestamp="1484729434139" record_key="wh2_main_vor_tunnelling_excluded_regions_saphery_port_elistor">
<member>wh2_main_vor_tunnelling_excluded_regions_saphery_port_elistor</member>
<region>wh2_main_vor_saphery_port_elistor</region>
</campaign_group_member_criteria_regions>
<campaign_group_member_criteria_regions record_uuid="{1cc411b2-219c-47eb-9a34-aa93fb77f77b}" record_timestamp="1484729434159" record_key="wh2_main_vor_tunnelling_excluded_regions_saphery_shadow_peak">
<member>wh2_main_vor_tunnelling_excluded_regions_saphery_shadow_peak</member>
<region>wh2_main_vor_saphery_shadow_peak</region>
</campaign_group_member_criteria_regions>
<campaign_group_member_criteria_regions record_uuid="{d8299fc9-9dfa-4300-a5f3-254429cc6f6a}" record_timestamp="1484729434172" record_key="wh2_main_vor_tunnelling_excluded_regions_saphery_tor_finu">
<member>wh2_main_vor_tunnelling_excluded_regions_saphery_tor_finu</member>
<region>wh2_main_vor_saphery_tor_finu</region>
</campaign_group_member_criteria_regions>
<campaign_group_member_criteria_regions record_uuid="{cfcfce33-8acd-471f-bb35-48ab3d9e24bf}" record_timestamp="1484729434184" record_key="wh2_main_vor_tunnelling_excluded_regions_saphery_tower_of_hoeth">
<member>wh2_main_vor_tunnelling_excluded_regions_saphery_tower_of_hoeth</member>
<region>wh2_main_vor_saphery_tower_of_hoeth</region>
</campaign_group_member_criteria_regions>
<campaign_group_member_criteria_regions record_uuid="{015ea7ee-6abd-49c1-bd1e-87cc9a0ea18e}" record_timestamp="1484729434084" record_key="wh2_main_vor_tunnelling_excluded_regions_southern_yvresse_cairn_thel">
<member>wh2_main_vor_tunnelling_excluded_regions_southern_yvresse_cairn_thel</member>
<region>wh2_main_vor_southern_yvresse_cairn_thel</region>
</campaign_group_member_criteria_regions>
<campaign_group_member_criteria_regions record_uuid="{c6cb472a-cefe-4785-96b4-593dae131708}" record_timestamp="1484729434096" record_key="wh2_main_vor_tunnelling_excluded_regions_southern_yvresse_elessaeli">
<member>wh2_main_vor_tunnelling_excluded_regions_southern_yvresse_elessaeli</member>
<region>wh2_main_vor_southern_yvresse_elessaeli</region>
</campaign_group_member_criteria_regions>
<campaign_group_member_criteria_regions record_uuid="{4934532d-bb66-484b-a9f5-a25279ab7da4}" record_timestamp="1484729434106" record_key="wh2_main_vor_tunnelling_excluded_regions_southern_yvresse_shrine_of_loec">
<member>wh2_main_vor_tunnelling_excluded_regions_southern_yvresse_shrine_of_loec</member>
<region>wh2_main_vor_southern_yvresse_shrine_of_loec</region>
</campaign_group_member_criteria_regions>
<campaign_group_member_criteria_regions record_uuid="{0e8890d4-7d01-47af-a860-9b0a30d167c9}" record_timestamp="1484729434211" record_key="wh2_main_vor_tunnelling_excluded_regions_straits_of_lothern_glittering_tower">
<member>wh2_main_vor_tunnelling_excluded_regions_straits_of_lothern_glittering_tower</member>
<region>wh2_main_vor_straits_of_lothern_glittering_tower</region>
</campaign_group_member_criteria_regions>
<campaign_group_member_criteria_regions record_uuid="{2f376506-13a9-48a8-ac44-f48e37885a45}" record_timestamp="1484729434223" record_key="wh2_main_vor_tunnelling_excluded_regions_straits_of_lothern_lothern">
<member>wh2_main_vor_tunnelling_excluded_regions_straits_of_lothern_lothern</member>
<region>wh2_main_vor_straits_of_lothern_lothern</region>
</campaign_group_member_criteria_regions>
<campaign_group_member_criteria_regions record_uuid="{52e60fc4-7951-4987-a027-de112a7384f6}" record_timestamp="1484729434235" record_key="wh2_main_vor_tunnelling_excluded_regions_straits_of_lothern_tower_of_lysean">
<member>wh2_main_vor_tunnelling_excluded_regions_straits_of_lothern_tower_of_lysean</member>
<region>wh2_main_vor_straits_of_lothern_tower_of_lysean</region>
</campaign_group_member_criteria_regions>
<campaign_group_member_criteria_regions record_uuid="{14aaff2a-6688-45d0-b5f5-381e1bab1ce0}" record_timestamp="1484729434282" record_key="wh2_main_vor_tunnelling_excluded_regions_tiranoc_salvation_isle">
<member>wh2_main_vor_tunnelling_excluded_regions_tiranoc_salvation_isle</member>
<region>wh2_main_vor_tiranoc_salvation_isle</region>
</campaign_group_member_criteria_regions>
<campaign_group_member_criteria_regions record_uuid="{a3081ab5-21f2-416a-9df4-6befc3ff1948}" record_timestamp="1484729434302" record_key="wh2_main_vor_tunnelling_excluded_regions_tiranoc_the_high_vale">
<member>wh2_main_vor_tunnelling_excluded_regions_tiranoc_the_high_vale</member>
<region>wh2_main_vor_tiranoc_the_high_vale</region>
</campaign_group_member_criteria_regions>
<campaign_group_member_criteria_regions record_uuid="{a89a129e-4576-4abc-b67b-75ec85e800b6}" record_timestamp="1484729434315" record_key="wh2_main_vor_tunnelling_excluded_regions_tiranoc_tor_anroc">
<member>wh2_main_vor_tunnelling_excluded_regions_tiranoc_tor_anroc</member>
<region>wh2_main_vor_tiranoc_tor_anroc</region>
</campaign_group_member_criteria_regions>
<campaign_group_member_criteria_regions record_uuid="{c607f33a-0067-41eb-b05d-9faad998baee}" record_timestamp="1484729434328" record_key="wh2_main_vor_tunnelling_excluded_regions_tiranoc_whitepeak">
<member>wh2_main_vor_tunnelling_excluded_regions_tiranoc_whitepeak</member>
<region>wh2_main_vor_tiranoc_whitepeak</region>
</campaign_group_member_criteria_regions>
<campaign_group_member_criteria_regions record_uuid="{cc46669b-287b-4c02-973b-8341cb48f3df}" record_timestamp="1484729433987" record_key="wh2_main_vor_tunnelling_excluded_regions_unicorn_gate">
<member>wh2_main_vor_tunnelling_excluded_regions_unicorn_gate</member>
<region>wh2_main_vor_unicorn_gate</region>
</campaign_group_member_criteria_regions>
</dataroot>
