<?xml version="1.0" encoding="UTF-8"?>
<dataroot xmlns:od="urn:schemas-microsoft-com:officedata" xmlns:xsi="http://www.w3.org/2001/XMLSchema-instance" xsi:noNamespaceSchemaLocation="campaign_group_member_criteria_climates.xsd" export_time="Fri Oct 27 15:48:49 2017" revision="7" export_branch="T:/branches/warhammer2/new_tomb/warhammer/binaries.x64" export_user="bob">
<edit_uuid>b7e6fbf5-1408-4875-81b1-eb57170e9790</edit_uuid>
<campaign_group_member_criteria_climates record_uuid="{e8482795-e062-4173-883e-be20b4e5da59}" record_timestamp="1481045679727" record_key="wh2_climate_brt_regular_chaotic">
<climate>climate_chaotic</climate>
<member>wh2_climate_brt_regular_chaotic</member>
</campaign_group_member_criteria_climates>
<campaign_group_member_criteria_climates record_uuid="{e914591a-1129-48c2-af79-2c64786ebece}" record_timestamp="1481627857924" record_key="wh2_climate_brt_regular_desert">
<climate>climate_desert</climate>
<member>wh2_climate_brt_regular_desert</member>
</campaign_group_member_criteria_climates>
<campaign_group_member_criteria_climates record_uuid="{9ebd9704-2aa5-4e7e-9e67-84b19f5bdc8f}" record_timestamp="1481045680670" record_key="wh2_climate_brt_regular_frozen">
<climate>climate_frozen</climate>
<member>wh2_climate_brt_regular_frozen</member>
</campaign_group_member_criteria_climates>
<campaign_group_member_criteria_climates record_uuid="{6edcbffb-ac9f-4ef2-9eae-0a924017d222}" record_timestamp="1481045681035" record_key="wh2_climate_brt_regular_island">
<climate>climate_island</climate>
<member>wh2_climate_brt_regular_island</member>
</campaign_group_member_criteria_climates>
<campaign_group_member_criteria_climates record_uuid="{f3080f63-40b8-46c8-b7df-e794630f52cc}" record_timestamp="1481045681220" record_key="wh2_climate_brt_regular_jungle">
<climate>climate_jungle</climate>
<member>wh2_climate_brt_regular_jungle</member>
</campaign_group_member_criteria_climates>
<campaign_group_member_criteria_climates record_uuid="{50f71dfe-e077-4649-a68e-6281bf9c70bd}" record_timestamp="1481045681408" record_key="wh2_climate_brt_regular_magicforest">
<climate>climate_magicforest</climate>
<member>wh2_climate_brt_regular_magicforest</member>
</campaign_group_member_criteria_climates>
<campaign_group_member_criteria_climates record_uuid="{7425cc6a-f53b-4583-987f-eafe1ebba8d8}" record_timestamp="1481045681590" record_key="wh2_climate_brt_regular_mountain">
<climate>climate_mountain</climate>
<member>wh2_climate_brt_regular_mountain</member>
</campaign_group_member_criteria_climates>
<campaign_group_member_criteria_climates record_uuid="{ca316ff6-bdef-4bf1-a041-5872d495400b}" record_timestamp="1481627860438" record_key="wh2_climate_brt_regular_savannah">
<climate>climate_savannah</climate>
<member>wh2_climate_brt_regular_savannah</member>
</campaign_group_member_criteria_climates>
<campaign_group_member_criteria_climates record_uuid="{559e2c3c-0bac-4efa-823b-a10849081045}" record_timestamp="1481627860374" record_key="wh2_climate_brt_regular_temperate">
<climate>climate_temperate</climate>
<member>wh2_climate_brt_regular_temperate</member>
</campaign_group_member_criteria_climates>
<campaign_group_member_criteria_climates record_uuid="{8252d3a9-301c-4198-a55c-91dd8e131baa}" record_timestamp="1481045680851" record_key="wh2_climate_brt_regular_wasteland">
<climate>climate_wasteland</climate>
<member>wh2_climate_brt_regular_wasteland</member>
</campaign_group_member_criteria_climates>
<campaign_group_member_criteria_climates record_uuid="{d51b6ad9-e772-4413-8d31-2ee06f49407f}" record_timestamp="1481627860790" record_key="wh2_climate_def_regular_chaotic">
<climate>climate_chaotic</climate>
<member>wh2_climate_def_regular_chaotic</member>
</campaign_group_member_criteria_climates>
<campaign_group_member_criteria_climates record_uuid="{435c06ab-cca1-4dcd-9cb3-124a89bcfa1f}" record_timestamp="1481045688607" record_key="wh2_climate_def_regular_desert">
<climate>climate_desert</climate>
<member>wh2_climate_def_regular_desert</member>
</campaign_group_member_criteria_climates>
<campaign_group_member_criteria_climates record_uuid="{a9a4cff0-f949-4352-b44d-6ae53828e5bf}" record_timestamp="1481627858014" record_key="wh2_climate_def_regular_frozen">
<climate>climate_frozen</climate>
<member>wh2_climate_def_regular_frozen</member>
</campaign_group_member_criteria_climates>
<campaign_group_member_criteria_climates record_uuid="{b05db1e6-614d-41cd-aee5-b8c80b160d8c}" record_timestamp="1481627857851" record_key="wh2_climate_def_regular_island">
<climate>climate_island</climate>
<member>wh2_climate_def_regular_island</member>
</campaign_group_member_criteria_climates>
<campaign_group_member_criteria_climates record_uuid="{fb5a661b-d63e-4aa9-a2ca-93b191f4a33f}" record_timestamp="1481045688546" record_key="wh2_climate_def_regular_jungle">
<climate>climate_jungle</climate>
<member>wh2_climate_def_regular_jungle</member>
</campaign_group_member_criteria_climates>
<campaign_group_member_criteria_climates record_uuid="{8f7c750b-4cc1-4bd1-8540-7c4215490851}" record_timestamp="1481045688730" record_key="wh2_climate_def_regular_magicforest">
<climate>climate_magicforest</climate>
<member>wh2_climate_def_regular_magicforest</member>
</campaign_group_member_criteria_climates>
<campaign_group_member_criteria_climates record_uuid="{895712ef-8819-4602-827e-8f76e077e850}" record_timestamp="1481045688667" record_key="wh2_climate_def_regular_mountain">
<climate>climate_mountain</climate>
<member>wh2_climate_def_regular_mountain</member>
</campaign_group_member_criteria_climates>
<campaign_group_member_criteria_climates record_uuid="{48c05f69-f97d-4c7f-9d1b-0248967edfb8}" record_timestamp="1481045688851" record_key="wh2_climate_def_regular_savannah">
<climate>climate_savannah</climate>
<member>wh2_climate_def_regular_savannah</member>
</campaign_group_member_criteria_climates>
<campaign_group_member_criteria_climates record_uuid="{e97fc57f-385d-463b-b8c6-f9c62b3a065d}" record_timestamp="1481045688790" record_key="wh2_climate_def_regular_temperate">
<climate>climate_temperate</climate>
<member>wh2_climate_def_regular_temperate</member>
</campaign_group_member_criteria_climates>
<campaign_group_member_criteria_climates record_uuid="{6d13183d-00fd-4285-b1ca-ed301fe51b3a}" record_timestamp="1481045692600" record_key="wh2_climate_def_regular_wasteland">
<climate>climate_wasteland</climate>
<member>wh2_climate_def_regular_wasteland</member>
</campaign_group_member_criteria_climates>
<campaign_group_member_criteria_climates record_uuid="{8a2710d9-4226-47a2-adc4-3f7cb4b219fc}" record_timestamp="1481045690847" record_key="wh2_climate_dwf_regular_chaotic">
<climate>climate_chaotic</climate>
<member>wh2_climate_dwf_regular_chaotic</member>
</campaign_group_member_criteria_climates>
<campaign_group_member_criteria_climates record_uuid="{d3c6d394-2688-4a4b-b776-7365c6080403}" record_timestamp="1481045690411" record_key="wh2_climate_dwf_regular_desert">
<climate>climate_desert</climate>
<member>wh2_climate_dwf_regular_desert</member>
</campaign_group_member_criteria_climates>
<campaign_group_member_criteria_climates record_uuid="{b340546a-9b16-4c26-80ee-e7caf3faef71}" record_timestamp="1481045690351" record_key="wh2_climate_dwf_regular_frozen">
<climate>climate_frozen</climate>
<member>wh2_climate_dwf_regular_frozen</member>
</campaign_group_member_criteria_climates>
<campaign_group_member_criteria_climates record_uuid="{98d94a3c-abee-48ee-aa52-13fb8f9fcba8}" record_timestamp="1481045690539" record_key="wh2_climate_dwf_regular_island">
<climate>climate_island</climate>
<member>wh2_climate_dwf_regular_island</member>
</campaign_group_member_criteria_climates>
<campaign_group_member_criteria_climates record_uuid="{ca639233-ee73-4bd9-b5e9-860c44c646ab}" record_timestamp="1481045690474" record_key="wh2_climate_dwf_regular_jungle">
<climate>climate_jungle</climate>
<member>wh2_climate_dwf_regular_jungle</member>
</campaign_group_member_criteria_climates>
<campaign_group_member_criteria_climates record_uuid="{2a45528a-5ca7-4893-83f9-63149a474764}" record_timestamp="1481045690666" record_key="wh2_climate_dwf_regular_magicforest">
<climate>climate_magicforest</climate>
<member>wh2_climate_dwf_regular_magicforest</member>
</campaign_group_member_criteria_climates>
<campaign_group_member_criteria_climates record_uuid="{f38842bd-59bf-4a3f-bc22-e1cc3f464068}" record_timestamp="1481627860652" record_key="wh2_climate_dwf_regular_mountain">
<climate>climate_mountain</climate>
<member>wh2_climate_dwf_regular_mountain</member>
</campaign_group_member_criteria_climates>
<campaign_group_member_criteria_climates record_uuid="{19d4b675-dc70-44e2-be9a-fc54096e3221}" record_timestamp="1481627860510" record_key="wh2_climate_dwf_regular_savannah">
<climate>climate_savannah</climate>
<member>wh2_climate_dwf_regular_savannah</member>
</campaign_group_member_criteria_climates>
<campaign_group_member_criteria_climates record_uuid="{37211c98-e16a-4499-bd1d-7dd9bb743aca}" record_timestamp="1481045690604" record_key="wh2_climate_dwf_regular_temperate">
<climate>climate_temperate</climate>
<member>wh2_climate_dwf_regular_temperate</member>
</campaign_group_member_criteria_climates>
<campaign_group_member_criteria_climates record_uuid="{d3b0f180-dee3-4700-acf9-593ad75d34c2}" record_timestamp="1481627860725" record_key="wh2_climate_dwf_regular_wasteland">
<climate>climate_wasteland</climate>
<member>wh2_climate_dwf_regular_wasteland</member>
</campaign_group_member_criteria_climates>
<campaign_group_member_criteria_climates record_uuid="{72e67f08-f07f-4c7e-ad84-2cf77a1b96bb}" record_timestamp="1481045689685" record_key="wh2_climate_emp_kislev_chaotic">
<climate>climate_chaotic</climate>
<member>wh2_climate_emp_kislev_chaotic</member>
</campaign_group_member_criteria_climates>
<campaign_group_member_criteria_climates record_uuid="{b6672415-0858-4346-b1cb-91d06cc0b1f4}" record_timestamp="1481045689628" record_key="wh2_climate_emp_kislev_desert">
<climate>climate_desert</climate>
<member>wh2_climate_emp_kislev_desert</member>
</campaign_group_member_criteria_climates>
<campaign_group_member_criteria_climates record_uuid="{11ccd8ad-def6-4429-b66c-3181826fc96c}" record_timestamp="1481627858513" record_key="wh2_climate_emp_kislev_frozen">
<climate>climate_frozen</climate>
<member>wh2_climate_emp_kislev_frozen</member>
</campaign_group_member_criteria_climates>
<campaign_group_member_criteria_climates record_uuid="{55d4c9b5-93b8-493a-890d-796d69e23c22}" record_timestamp="1481045689807" record_key="wh2_climate_emp_kislev_island">
<climate>climate_island</climate>
<member>wh2_climate_emp_kislev_island</member>
</campaign_group_member_criteria_climates>
<campaign_group_member_criteria_climates record_uuid="{aba17c41-f079-4a06-97d1-71587c890b41}" record_timestamp="1481045689751" record_key="wh2_climate_emp_kislev_jungle">
<climate>climate_jungle</climate>
<member>wh2_climate_emp_kislev_jungle</member>
</campaign_group_member_criteria_climates>
<campaign_group_member_criteria_climates record_uuid="{4b68f48a-b023-40ed-a8a6-8492bf0bc23a}" record_timestamp="1481045688969" record_key="wh2_climate_emp_kislev_magicforest">
<climate>climate_magicforest</climate>
<member>wh2_climate_emp_kislev_magicforest</member>
</campaign_group_member_criteria_climates>
<campaign_group_member_criteria_climates record_uuid="{f7e4284c-3723-4107-8692-b7b6fdabb43c}" record_timestamp="1481045688913" record_key="wh2_climate_emp_kislev_mountain">
<climate>climate_mountain</climate>
<member>wh2_climate_emp_kislev_mountain</member>
</campaign_group_member_criteria_climates>
<campaign_group_member_criteria_climates record_uuid="{141fc653-3939-4e3b-8388-106f4ab6f733}" record_timestamp="1481627858585" record_key="wh2_climate_emp_kislev_savannah">
<climate>climate_savannah</climate>
<member>wh2_climate_emp_kislev_savannah</member>
</campaign_group_member_criteria_climates>
<campaign_group_member_criteria_climates record_uuid="{2f51ffa7-c829-46d9-8517-ff44613bfa94}" record_timestamp="1481627860584" record_key="wh2_climate_emp_kislev_temperate">
<climate>climate_temperate</climate>
<member>wh2_climate_emp_kislev_temperate</member>
</campaign_group_member_criteria_climates>
<campaign_group_member_criteria_climates record_uuid="{4beb15f2-6735-4b1d-8623-ca46affce8e3}" record_timestamp="1481045689087" record_key="wh2_climate_emp_kislev_wasteland">
<climate>climate_wasteland</climate>
<member>wh2_climate_emp_kislev_wasteland</member>
</campaign_group_member_criteria_climates>
<campaign_group_member_criteria_climates record_uuid="{ce1d7622-b726-4d9f-91c1-98c3701a4d49}" record_timestamp="1481045690782" record_key="wh2_climate_emp_regular_chaotic">
<climate>climate_chaotic</climate>
<member>wh2_climate_emp_regular_chaotic</member>
</campaign_group_member_criteria_climates>
<campaign_group_member_criteria_climates record_uuid="{37d83a26-db7c-43c4-b59a-9ab5c558897e}" record_timestamp="1481627858233" record_key="wh2_climate_emp_regular_desert">
<climate>climate_desert</climate>
<member>wh2_climate_emp_regular_desert</member>
</campaign_group_member_criteria_climates>
<campaign_group_member_criteria_climates record_uuid="{c64c17e1-b0b2-4d67-bd64-7e231ba2b207}" record_timestamp="1481045690722" record_key="wh2_climate_emp_regular_frozen">
<climate>climate_frozen</climate>
<member>wh2_climate_emp_regular_frozen</member>
</campaign_group_member_criteria_climates>
<campaign_group_member_criteria_climates record_uuid="{6d67b0a9-e410-46ea-8e18-f22f8f76ace1}" record_timestamp="1481045689932" record_key="wh2_climate_emp_regular_island">
<climate>climate_island</climate>
<member>wh2_climate_emp_regular_island</member>
</campaign_group_member_criteria_climates>
<campaign_group_member_criteria_climates record_uuid="{86534cc0-35d3-44d5-9544-2391c606d7f1}" record_timestamp="1481045689866" record_key="wh2_climate_emp_regular_jungle">
<climate>climate_jungle</climate>
<member>wh2_climate_emp_regular_jungle</member>
</campaign_group_member_criteria_climates>
<campaign_group_member_criteria_climates record_uuid="{3b60254e-d8b6-4d1f-a182-e062ac5004a5}" record_timestamp="1481045690050" record_key="wh2_climate_emp_regular_magicforest">
<climate>climate_magicforest</climate>
<member>wh2_climate_emp_regular_magicforest</member>
</campaign_group_member_criteria_climates>
<campaign_group_member_criteria_climates record_uuid="{1aef14d9-71f5-4738-8d15-dfd20cec89d7}" record_timestamp="1481045689990" record_key="wh2_climate_emp_regular_mountain">
<climate>climate_mountain</climate>
<member>wh2_climate_emp_regular_mountain</member>
</campaign_group_member_criteria_climates>
<campaign_group_member_criteria_climates record_uuid="{b3f94077-1b51-4e5c-a981-062072d709e1}" record_timestamp="1481627858438" record_key="wh2_climate_emp_regular_savannah">
<climate>climate_savannah</climate>
<member>wh2_climate_emp_regular_savannah</member>
</campaign_group_member_criteria_climates>
<campaign_group_member_criteria_climates record_uuid="{1b2d8e3c-3a82-43a2-bd08-bb4bc5e1a32c}" record_timestamp="1481627858376" record_key="wh2_climate_emp_regular_temperate">
<climate>climate_temperate</climate>
<member>wh2_climate_emp_regular_temperate</member>
</campaign_group_member_criteria_climates>
<campaign_group_member_criteria_climates record_uuid="{a79b19ec-a7ff-447c-a085-c8eb132e86bc}" record_timestamp="1481045690165" record_key="wh2_climate_emp_regular_wasteland">
<climate>climate_wasteland</climate>
<member>wh2_climate_emp_regular_wasteland</member>
</campaign_group_member_criteria_climates>
<campaign_group_member_criteria_climates record_uuid="{37034e65-7814-47f6-b98a-c80c3878f8d1}" record_timestamp="1481045691397" record_key="wh2_climate_emp_teb_chaotic">
<climate>climate_chaotic</climate>
<member>wh2_climate_emp_teb_chaotic</member>
</campaign_group_member_criteria_climates>
<campaign_group_member_criteria_climates record_uuid="{c0b60283-1e7f-4516-ae3b-e0a175d26e91}" record_timestamp="1481045691342" record_key="wh2_climate_emp_teb_desert">
<climate>climate_desert</climate>
<member>wh2_climate_emp_teb_desert</member>
</campaign_group_member_criteria_climates>
<campaign_group_member_criteria_climates record_uuid="{bccc3216-6c3c-4a6e-90bd-0b7933f97c04}" record_timestamp="1481627858148" record_key="wh2_climate_emp_teb_frozen">
<climate>climate_frozen</climate>
<member>wh2_climate_emp_teb_frozen</member>
</campaign_group_member_criteria_climates>
<campaign_group_member_criteria_climates record_uuid="{da237724-9d04-4ad2-ada5-2e19279f3e1a}" record_timestamp="1481045691522" record_key="wh2_climate_emp_teb_island">
<climate>climate_island</climate>
<member>wh2_climate_emp_teb_island</member>
</campaign_group_member_criteria_climates>
<campaign_group_member_criteria_climates record_uuid="{0597169f-c35e-4388-9acf-4ed685ec7aea}" record_timestamp="1481045691456" record_key="wh2_climate_emp_teb_jungle">
<climate>climate_jungle</climate>
<member>wh2_climate_emp_teb_jungle</member>
</campaign_group_member_criteria_climates>
<campaign_group_member_criteria_climates record_uuid="{5064b34d-abfc-4a5a-ba38-c56b136edc1d}" record_timestamp="1481045690976" record_key="wh2_climate_emp_teb_magicforest">
<climate>climate_magicforest</climate>
<member>wh2_climate_emp_teb_magicforest</member>
</campaign_group_member_criteria_climates>
<campaign_group_member_criteria_climates record_uuid="{7757875a-3a56-441e-832a-3400d061e127}" record_timestamp="1481045690905" record_key="wh2_climate_emp_teb_mountain">
<climate>climate_mountain</climate>
<member>wh2_climate_emp_teb_mountain</member>
</campaign_group_member_criteria_climates>
<campaign_group_member_criteria_climates record_uuid="{1d6f5f19-1674-4920-ad7e-88bd9c6e6621}" record_timestamp="1481627858086" record_key="wh2_climate_emp_teb_savannah">
<climate>climate_savannah</climate>
<member>wh2_climate_emp_teb_savannah</member>
</campaign_group_member_criteria_climates>
<campaign_group_member_criteria_climates record_uuid="{98641c87-ecee-4731-bb03-350033f4d4c9}" record_timestamp="1481627858305" record_key="wh2_climate_emp_teb_temperate">
<climate>climate_temperate</climate>
<member>wh2_climate_emp_teb_temperate</member>
</campaign_group_member_criteria_climates>
<campaign_group_member_criteria_climates record_uuid="{bc4d1542-93ed-4a51-ac5b-40ba2f382945}" record_timestamp="1481045691038" record_key="wh2_climate_emp_teb_wasteland">
<climate>climate_wasteland</climate>
<member>wh2_climate_emp_teb_wasteland</member>
</campaign_group_member_criteria_climates>
<campaign_group_member_criteria_climates record_uuid="{0aa0fbfb-7020-47c8-8f9a-79c04e8bb60b}" record_timestamp="1481045690109" record_key="wh2_climate_grn_regular_chaotic">
<climate>climate_chaotic</climate>
<member>wh2_climate_grn_regular_chaotic</member>
</campaign_group_member_criteria_climates>
<campaign_group_member_criteria_climates record_uuid="{11ecda9f-c112-4b91-8411-9bd25402c88d}" record_timestamp="1481045690288" record_key="wh2_climate_grn_regular_desert">
<climate>climate_desert</climate>
<member>wh2_climate_grn_regular_desert</member>
</campaign_group_member_criteria_climates>
<campaign_group_member_criteria_climates record_uuid="{d6062468-32d0-4044-8142-ca3e25507ef5}" record_timestamp="1481045690227" record_key="wh2_climate_grn_regular_frozen">
<climate>climate_frozen</climate>
<member>wh2_climate_grn_regular_frozen</member>
</campaign_group_member_criteria_climates>
<campaign_group_member_criteria_climates record_uuid="{964c21e0-179d-4383-b3ca-2c1b3e710bd7}" record_timestamp="1481045689447" record_key="wh2_climate_grn_regular_island">
<climate>climate_island</climate>
<member>wh2_climate_grn_regular_island</member>
</campaign_group_member_criteria_climates>
<campaign_group_member_criteria_climates record_uuid="{a7d6d9b0-d034-4063-81e3-bc927e521f60}" record_timestamp="1481045689391" record_key="wh2_climate_grn_regular_jungle">
<climate>climate_jungle</climate>
<member>wh2_climate_grn_regular_jungle</member>
</campaign_group_member_criteria_climates>
<campaign_group_member_criteria_climates record_uuid="{d148a935-fee6-4287-9abe-46d6b793d94c}" record_timestamp="1481045689572" record_key="wh2_climate_grn_regular_magicforest">
<climate>climate_magicforest</climate>
<member>wh2_climate_grn_regular_magicforest</member>
</campaign_group_member_criteria_climates>
<campaign_group_member_criteria_climates record_uuid="{62a3d895-69dc-4729-a580-2639584c6b5e}" record_timestamp="1481627859141" record_key="wh2_climate_grn_regular_mountain">
<climate>climate_mountain</climate>
<member>wh2_climate_grn_regular_mountain</member>
</campaign_group_member_criteria_climates>
<campaign_group_member_criteria_climates record_uuid="{4e2cec72-b0fe-4309-82e0-b73ffde30093}" record_timestamp="1481627858982" record_key="wh2_climate_grn_regular_savannah">
<climate>climate_savannah</climate>
<member>wh2_climate_grn_regular_savannah</member>
</campaign_group_member_criteria_climates>
<campaign_group_member_criteria_climates record_uuid="{efee694f-939a-4322-8085-8a24d4b343a0}" record_timestamp="1481045689507" record_key="wh2_climate_grn_regular_temperate">
<climate>climate_temperate</climate>
<member>wh2_climate_grn_regular_temperate</member>
</campaign_group_member_criteria_climates>
<campaign_group_member_criteria_climates record_uuid="{56334f08-3834-4332-b7b7-dcbd07ec6922}" record_timestamp="1481627859215" record_key="wh2_climate_grn_regular_wasteland">
<climate>climate_wasteland</climate>
<member>wh2_climate_grn_regular_wasteland</member>
</campaign_group_member_criteria_climates>
<campaign_group_member_criteria_climates record_uuid="{4ed45704-3842-4015-87b1-ec7e830e13fd}" record_timestamp="1481045729039" record_key="wh2_climate_hef_avelorn_chaotic">
<climate>climate_chaotic</climate>
<member>wh2_climate_hef_avelorn_chaotic</member>
</campaign_group_member_criteria_climates>
<campaign_group_member_criteria_climates record_uuid="{53b15f40-cedc-4cf1-91d7-5a6541248aed}" record_timestamp="1481045729161" record_key="wh2_climate_hef_avelorn_desert">
<climate>climate_desert</climate>
<member>wh2_climate_hef_avelorn_desert</member>
</campaign_group_member_criteria_climates>
<campaign_group_member_criteria_climates record_uuid="{c4647322-0b9d-4258-b3cb-da8560ebf08f}" record_timestamp="1481627869301" record_key="wh2_climate_hef_avelorn_frozen">
<climate>climate_frozen</climate>
<member>wh2_climate_hef_avelorn_frozen</member>
</campaign_group_member_criteria_climates>
<campaign_group_member_criteria_climates record_uuid="{e2f9db29-d5bd-4f4b-91fa-99e0c632075e}" record_timestamp="1481627868415" record_key="wh2_climate_hef_avelorn_island">
<climate>climate_island</climate>
<member>wh2_climate_hef_avelorn_island</member>
</campaign_group_member_criteria_climates>
<campaign_group_member_criteria_climates record_uuid="{2032594e-be7c-4699-88ed-a63cd7e78cef}" record_timestamp="1481045729098" record_key="wh2_climate_hef_avelorn_jungle">
<climate>climate_jungle</climate>
<member>wh2_climate_hef_avelorn_jungle</member>
</campaign_group_member_criteria_climates>
<campaign_group_member_criteria_climates record_uuid="{e80e7f51-4dc0-4f7a-afc9-710621f51e5d}" record_timestamp="1481045729302" record_key="wh2_climate_hef_avelorn_magicforest">
<climate>climate_magicforest</climate>
<member>wh2_climate_hef_avelorn_magicforest</member>
</campaign_group_member_criteria_climates>
<campaign_group_member_criteria_climates record_uuid="{822e461f-418a-4011-966b-1b3d06a7dcca}" record_timestamp="1481045729235" record_key="wh2_climate_hef_avelorn_mountain">
<climate>climate_mountain</climate>
<member>wh2_climate_hef_avelorn_mountain</member>
</campaign_group_member_criteria_climates>
<campaign_group_member_criteria_climates record_uuid="{91e8818c-e6a8-4747-b06e-2351e89d1ea9}" record_timestamp="1481627869386" record_key="wh2_climate_hef_avelorn_savannah">
<climate>climate_savannah</climate>
<member>wh2_climate_hef_avelorn_savannah</member>
</campaign_group_member_criteria_climates>
<campaign_group_member_criteria_climates record_uuid="{c83824cd-2afe-412e-8a65-7bd0a7faa6ce}" record_timestamp="1481045729425" record_key="wh2_climate_hef_avelorn_temperate">
<climate>climate_temperate</climate>
<member>wh2_climate_hef_avelorn_temperate</member>
</campaign_group_member_criteria_climates>
<campaign_group_member_criteria_climates record_uuid="{bf589a1a-1266-4162-93bc-2c253cc56b42}" record_timestamp="1481045729365" record_key="wh2_climate_hef_avelorn_wasteland">
<climate>climate_wasteland</climate>
<member>wh2_climate_hef_avelorn_wasteland</member>
</campaign_group_member_criteria_climates>
<campaign_group_member_criteria_climates record_uuid="{faa3d93a-ebf2-4660-842d-0dba529a01a5}" record_timestamp="1481045728583" record_key="wh2_climate_hef_caledor_chaotic">
<climate>climate_chaotic</climate>
<member>wh2_climate_hef_caledor_chaotic</member>
</campaign_group_member_criteria_climates>
<campaign_group_member_criteria_climates record_uuid="{a24a3006-1eac-4942-9482-5255ab162205}" record_timestamp="1481045728520" record_key="wh2_climate_hef_caledor_desert">
<climate>climate_desert</climate>
<member>wh2_climate_hef_caledor_desert</member>
</campaign_group_member_criteria_climates>
<campaign_group_member_criteria_climates record_uuid="{f4624ec0-6a14-4e9b-98f0-838e3e887c0b}" record_timestamp="1481627869227" record_key="wh2_climate_hef_caledor_frozen">
<climate>climate_frozen</climate>
<member>wh2_climate_hef_caledor_frozen</member>
</campaign_group_member_criteria_climates>
<campaign_group_member_criteria_climates record_uuid="{7e38a3d5-5f29-4647-8f02-d0d747f39828}" record_timestamp="1481627869142" record_key="wh2_climate_hef_caledor_island">
<climate>climate_island</climate>
<member>wh2_climate_hef_caledor_island</member>
</campaign_group_member_criteria_climates>
<campaign_group_member_criteria_climates record_uuid="{9e767df3-93f1-4899-ba37-08089e9e72b3}" record_timestamp="1481045728711" record_key="wh2_climate_hef_caledor_jungle">
<climate>climate_jungle</climate>
<member>wh2_climate_hef_caledor_jungle</member>
</campaign_group_member_criteria_climates>
<campaign_group_member_criteria_climates record_uuid="{4b6bb87a-1d1a-4fdb-b8cf-953ca3fca4cb}" record_timestamp="1481045728646" record_key="wh2_climate_hef_caledor_magicforest">
<climate>climate_magicforest</climate>
<member>wh2_climate_hef_caledor_magicforest</member>
</campaign_group_member_criteria_climates>
<campaign_group_member_criteria_climates record_uuid="{1ed969a2-7c5a-4e93-99b1-3c32ddb1b386}" record_timestamp="1481045728842" record_key="wh2_climate_hef_caledor_mountain">
<climate>climate_mountain</climate>
<member>wh2_climate_hef_caledor_mountain</member>
</campaign_group_member_criteria_climates>
<campaign_group_member_criteria_climates record_uuid="{749371ee-fe9f-4504-b4f6-59395ae37eb6}" record_timestamp="1481627868942" record_key="wh2_climate_hef_caledor_savannah">
<climate>climate_savannah</climate>
<member>wh2_climate_hef_caledor_savannah</member>
</campaign_group_member_criteria_climates>
<campaign_group_member_criteria_climates record_uuid="{276bee9a-3f62-4abd-b623-06c08ef73612}" record_timestamp="1481045728783" record_key="wh2_climate_hef_caledor_temperate">
<climate>climate_temperate</climate>
<member>wh2_climate_hef_caledor_temperate</member>
</campaign_group_member_criteria_climates>
<campaign_group_member_criteria_climates record_uuid="{a51257f7-15db-4604-afca-b8f77bf49abf}" record_timestamp="1481045728975" record_key="wh2_climate_hef_caledor_wasteland">
<climate>climate_wasteland</climate>
<member>wh2_climate_hef_caledor_wasteland</member>
</campaign_group_member_criteria_climates>
<campaign_group_member_criteria_climates record_uuid="{c041474c-c14f-432b-bdb3-240e9a711925}" record_timestamp="1481045728913" record_key="wh2_climate_hef_chrace_chaotic">
<climate>climate_chaotic</climate>
<member>wh2_climate_hef_chrace_chaotic</member>
</campaign_group_member_criteria_climates>
<campaign_group_member_criteria_climates record_uuid="{80ae3c40-f038-4743-9fef-604c74ddd45b}" record_timestamp="1481045728067" record_key="wh2_climate_hef_chrace_desert">
<climate>climate_desert</climate>
<member>wh2_climate_hef_chrace_desert</member>
</campaign_group_member_criteria_climates>
<campaign_group_member_criteria_climates record_uuid="{c2631c96-9bb8-4ca3-b8cc-2b15d6257250}" record_timestamp="1481627868805" record_key="wh2_climate_hef_chrace_frozen">
<climate>climate_frozen</climate>
<member>wh2_climate_hef_chrace_frozen</member>
</campaign_group_member_criteria_climates>
<campaign_group_member_criteria_climates record_uuid="{fc0067d6-07c4-4cfe-8c99-08644beb2e20}" record_timestamp="1481627869040" record_key="wh2_climate_hef_chrace_island">
<climate>climate_island</climate>
<member>wh2_climate_hef_chrace_island</member>
</campaign_group_member_criteria_climates>
<campaign_group_member_criteria_climates record_uuid="{5d8371fb-be12-43d3-81d9-a96e05c57fc2}" record_timestamp="1481045728004" record_key="wh2_climate_hef_chrace_jungle">
<climate>climate_jungle</climate>
<member>wh2_climate_hef_chrace_jungle</member>
</campaign_group_member_criteria_climates>
<campaign_group_member_criteria_climates record_uuid="{29487315-34c5-4e3b-82fd-36c56a4b26ab}" record_timestamp="1481045728189" record_key="wh2_climate_hef_chrace_magicforest">
<climate>climate_magicforest</climate>
<member>wh2_climate_hef_chrace_magicforest</member>
</campaign_group_member_criteria_climates>
<campaign_group_member_criteria_climates record_uuid="{205a2c38-30ed-473f-8c6e-3ae8ebc6f94d}" record_timestamp="1481045728126" record_key="wh2_climate_hef_chrace_mountain">
<climate>climate_mountain</climate>
<member>wh2_climate_hef_chrace_mountain</member>
</campaign_group_member_criteria_climates>
<campaign_group_member_criteria_climates record_uuid="{bea38af1-0cbc-4b58-a678-dac17754a943}" record_timestamp="1481627868874" record_key="wh2_climate_hef_chrace_savannah">
<climate>climate_savannah</climate>
<member>wh2_climate_hef_chrace_savannah</member>
</campaign_group_member_criteria_climates>
<campaign_group_member_criteria_climates record_uuid="{63aa7d27-55f7-4239-95cb-6ce907d783ad}" record_timestamp="1481045728322" record_key="wh2_climate_hef_chrace_temperate">
<climate>climate_temperate</climate>
<member>wh2_climate_hef_chrace_temperate</member>
</campaign_group_member_criteria_climates>
<campaign_group_member_criteria_climates record_uuid="{8bedf599-5717-4eae-8a62-928beef4005f}" record_timestamp="1481045728262" record_key="wh2_climate_hef_chrace_wasteland">
<climate>climate_wasteland</climate>
<member>wh2_climate_hef_chrace_wasteland</member>
</campaign_group_member_criteria_climates>
<campaign_group_member_criteria_climates record_uuid="{6d5446af-0cac-4254-9ee9-6976202537bd}" record_timestamp="1485531185868" record_key="wh2_climate_hef_citadel_of_dusk_chaotic">
<climate>climate_chaotic</climate>
<member>wh2_climate_hef_citadel_of_dusk_chaotic</member>
</campaign_group_member_criteria_climates>
<campaign_group_member_criteria_climates record_uuid="{3ad852c1-2fd6-4c24-ad37-1a2369f42065}" record_timestamp="1485531186033" record_key="wh2_climate_hef_citadel_of_dusk_desert">
<climate>climate_desert</climate>
<member>wh2_climate_hef_citadel_of_dusk_desert</member>
</campaign_group_member_criteria_climates>
<campaign_group_member_criteria_climates record_uuid="{b6f5d802-01a8-48f1-99b8-416b80d6b455}" record_timestamp="1485531186210" record_key="wh2_climate_hef_citadel_of_dusk_frozen">
<climate>climate_frozen</climate>
<member>wh2_climate_hef_citadel_of_dusk_frozen</member>
</campaign_group_member_criteria_climates>
<campaign_group_member_criteria_climates record_uuid="{1e63004a-c751-414c-9b61-b6647ce37fa3}" record_timestamp="1485531186385" record_key="wh2_climate_hef_citadel_of_dusk_island">
<climate>climate_island</climate>
<member>wh2_climate_hef_citadel_of_dusk_island</member>
</campaign_group_member_criteria_climates>
<campaign_group_member_criteria_climates record_uuid="{14bb1547-418e-4f1b-834c-4ad481b006e4}" record_timestamp="1485531186546" record_key="wh2_climate_hef_citadel_of_dusk_jungle">
<climate>climate_jungle</climate>
<member>wh2_climate_hef_citadel_of_dusk_jungle</member>
</campaign_group_member_criteria_climates>
<campaign_group_member_criteria_climates record_uuid="{1afdcc16-e777-4926-b20d-8cf6018935a0}" record_timestamp="1485531186726" record_key="wh2_climate_hef_citadel_of_dusk_magicforest">
<climate>climate_magicforest</climate>
<member>wh2_climate_hef_citadel_of_dusk_magicforest</member>
</campaign_group_member_criteria_climates>
<campaign_group_member_criteria_climates record_uuid="{79fdb21d-c4da-48ec-b7be-9a40ee54a6f2}" record_timestamp="1485531186916" record_key="wh2_climate_hef_citadel_of_dusk_mountain">
<climate>climate_mountain</climate>
<member>wh2_climate_hef_citadel_of_dusk_mountain</member>
</campaign_group_member_criteria_climates>
<campaign_group_member_criteria_climates record_uuid="{d11c66af-5cbf-45c5-bb18-4da94b5e3e41}" record_timestamp="1485531187078" record_key="wh2_climate_hef_citadel_of_dusk_savannah">
<climate>climate_savannah</climate>
<member>wh2_climate_hef_citadel_of_dusk_savannah</member>
</campaign_group_member_criteria_climates>
<campaign_group_member_criteria_climates record_uuid="{d85e90d0-29b9-43a9-a958-7e5f30ebfd55}" record_timestamp="1485531187254" record_key="wh2_climate_hef_citadel_of_dusk_temperate">
<climate>climate_temperate</climate>
<member>wh2_climate_hef_citadel_of_dusk_temperate</member>
</campaign_group_member_criteria_climates>
<campaign_group_member_criteria_climates record_uuid="{cf6a0760-4f11-4f21-8edc-fa21aa521152}" record_timestamp="1485531187439" record_key="wh2_climate_hef_citadel_of_dusk_wasteland">
<climate>climate_wasteland</climate>
<member>wh2_climate_hef_citadel_of_dusk_wasteland</member>
</campaign_group_member_criteria_climates>
<campaign_group_member_criteria_climates record_uuid="{e1bf09f5-18cd-40ad-8750-1112d465bc99}" record_timestamp="1481045728453" record_key="wh2_climate_hef_cothique_chaotic">
<climate>climate_chaotic</climate>
<member>wh2_climate_hef_cothique_chaotic</member>
</campaign_group_member_criteria_climates>
<campaign_group_member_criteria_climates record_uuid="{f5d1c64b-01f5-41a0-af22-3b6cac1731fa}" record_timestamp="1481045728385" record_key="wh2_climate_hef_cothique_desert">
<climate>climate_desert</climate>
<member>wh2_climate_hef_cothique_desert</member>
</campaign_group_member_criteria_climates>
<campaign_group_member_criteria_climates record_uuid="{31445e61-715a-4234-9ddd-e033e63a1cb3}" record_timestamp="1481627869998" record_key="wh2_climate_hef_cothique_frozen">
<climate>climate_frozen</climate>
<member>wh2_climate_hef_cothique_frozen</member>
</campaign_group_member_criteria_climates>
<campaign_group_member_criteria_climates record_uuid="{0f29dec1-03cb-45fe-937b-0f4af8122c25}" record_timestamp="1481627869925" record_key="wh2_climate_hef_cothique_island">
<climate>climate_island</climate>
<member>wh2_climate_hef_cothique_island</member>
</campaign_group_member_criteria_climates>
<campaign_group_member_criteria_climates record_uuid="{93027f5a-fe0c-43ee-987e-6011b21c3cbb}" record_timestamp="1481045727413" record_key="wh2_climate_hef_cothique_jungle">
<climate>climate_jungle</climate>
<member>wh2_climate_hef_cothique_jungle</member>
</campaign_group_member_criteria_climates>
<campaign_group_member_criteria_climates record_uuid="{85c641ba-fe31-472d-bb0f-bb5c2e93f605}" record_timestamp="1481045727291" record_key="wh2_climate_hef_cothique_magicforest">
<climate>climate_magicforest</climate>
<member>wh2_climate_hef_cothique_magicforest</member>
</campaign_group_member_criteria_climates>
<campaign_group_member_criteria_climates record_uuid="{801cee1a-f46d-4dbb-b72a-15c93646812a}" record_timestamp="1481045727695" record_key="wh2_climate_hef_cothique_mountain">
<climate>climate_mountain</climate>
<member>wh2_climate_hef_cothique_mountain</member>
</campaign_group_member_criteria_climates>
<campaign_group_member_criteria_climates record_uuid="{495bcfb1-658e-4aee-84cc-5785f8ed43c0}" record_timestamp="1481627869783" record_key="wh2_climate_hef_cothique_savannah">
<climate>climate_savannah</climate>
<member>wh2_climate_hef_cothique_savannah</member>
</campaign_group_member_criteria_climates>
<campaign_group_member_criteria_climates record_uuid="{04854c87-c110-49dc-8449-322b7e2aa381}" record_timestamp="1481045727554" record_key="wh2_climate_hef_cothique_temperate">
<climate>climate_temperate</climate>
<member>wh2_climate_hef_cothique_temperate</member>
</campaign_group_member_criteria_climates>
<campaign_group_member_criteria_climates record_uuid="{3d2b2058-094c-46e1-b4ff-2ab66d17c910}" record_timestamp="1481045727817" record_key="wh2_climate_hef_cothique_wasteland">
<climate>climate_wasteland</climate>
<member>wh2_climate_hef_cothique_wasteland</member>
</campaign_group_member_criteria_climates>
<campaign_group_member_criteria_climates record_uuid="{aaa9d503-b4e2-4475-a450-aad638323a5f}" record_timestamp="1481045727350" record_key="wh2_climate_hef_eataine_chaotic">
<climate>climate_chaotic</climate>
<member>wh2_climate_hef_eataine_chaotic</member>
</campaign_group_member_criteria_climates>
<campaign_group_member_criteria_climates record_uuid="{3d86c1c1-352c-4932-877f-ce0fbb0daf1d}" record_timestamp="1481045727228" record_key="wh2_climate_hef_eataine_desert">
<climate>climate_desert</climate>
<member>wh2_climate_hef_eataine_desert</member>
</campaign_group_member_criteria_climates>
<campaign_group_member_criteria_climates record_uuid="{148b0d07-9a66-4b65-9e6c-804fbd06442f}" record_timestamp="1481627869535" record_key="wh2_climate_hef_eataine_frozen">
<climate>climate_frozen</climate>
<member>wh2_climate_hef_eataine_frozen</member>
</campaign_group_member_criteria_climates>
<campaign_group_member_criteria_climates record_uuid="{644a52f4-9f1a-4cf6-9c2a-3b3a0dbd51cd}" record_timestamp="1481627869471" record_key="wh2_climate_hef_eataine_island">
<climate>climate_island</climate>
<member>wh2_climate_hef_eataine_island</member>
</campaign_group_member_criteria_climates>
<campaign_group_member_criteria_climates record_uuid="{0ce3fa2a-227d-4835-afd1-af30c17fb4cf}" record_timestamp="1481045727619" record_key="wh2_climate_hef_eataine_jungle">
<climate>climate_jungle</climate>
<member>wh2_climate_hef_eataine_jungle</member>
</campaign_group_member_criteria_climates>
<campaign_group_member_criteria_climates record_uuid="{72067ed9-2980-4d76-8924-2f3a43475bf4}" record_timestamp="1481045727487" record_key="wh2_climate_hef_eataine_magicforest">
<climate>climate_magicforest</climate>
<member>wh2_climate_hef_eataine_magicforest</member>
</campaign_group_member_criteria_climates>
<campaign_group_member_criteria_climates record_uuid="{08221e0e-56ca-4e5a-914a-8649d7a2733f}" record_timestamp="1481045726535" record_key="wh2_climate_hef_eataine_mountain">
<climate>climate_mountain</climate>
<member>wh2_climate_hef_eataine_mountain</member>
</campaign_group_member_criteria_climates>
<campaign_group_member_criteria_climates record_uuid="{baa1538e-0396-453b-a5d0-37aec3dd86ee}" record_timestamp="1481627870547" record_key="wh2_climate_hef_eataine_savannah">
<climate>climate_savannah</climate>
<member>wh2_climate_hef_eataine_savannah</member>
</campaign_group_member_criteria_climates>
<campaign_group_member_criteria_climates record_uuid="{4d7d3eb2-e364-474e-b1ec-6faa816274e7}" record_timestamp="1481045726454" record_key="wh2_climate_hef_eataine_temperate">
<climate>climate_temperate</climate>
<member>wh2_climate_hef_eataine_temperate</member>
</campaign_group_member_criteria_climates>
<campaign_group_member_criteria_climates record_uuid="{60678792-1e7a-44e0-8974-88a9196dc982}" record_timestamp="1481045726660" record_key="wh2_climate_hef_eataine_wasteland">
<climate>climate_wasteland</climate>
<member>wh2_climate_hef_eataine_wasteland</member>
</campaign_group_member_criteria_climates>
<campaign_group_member_criteria_climates record_uuid="{f6fbb944-e48b-4d9f-8404-2e8156c8b80c}" record_timestamp="1481045726590" record_key="wh2_climate_hef_ellyrion_chaotic">
<climate>climate_chaotic</climate>
<member>wh2_climate_hef_ellyrion_chaotic</member>
</campaign_group_member_criteria_climates>
<campaign_group_member_criteria_climates record_uuid="{19f178d9-1521-445a-9901-8ddbfbe4a85b}" record_timestamp="1481045726785" record_key="wh2_climate_hef_ellyrion_desert">
<climate>climate_desert</climate>
<member>wh2_climate_hef_ellyrion_desert</member>
</campaign_group_member_criteria_climates>
<campaign_group_member_criteria_climates record_uuid="{0973aeff-8423-48ce-b88c-9dc0764e7831}" record_timestamp="1481627870417" record_key="wh2_climate_hef_ellyrion_frozen">
<climate>climate_frozen</climate>
<member>wh2_climate_hef_ellyrion_frozen</member>
</campaign_group_member_criteria_climates>
<campaign_group_member_criteria_climates record_uuid="{357ce805-57e6-45b1-973a-5147b24e82c9}" record_timestamp="1481627870616" record_key="wh2_climate_hef_ellyrion_island">
<climate>climate_island</climate>
<member>wh2_climate_hef_ellyrion_island</member>
</campaign_group_member_criteria_climates>
<campaign_group_member_criteria_climates record_uuid="{7db93d0d-074e-466e-85f0-013228d7bbcb}" record_timestamp="1481045726726" record_key="wh2_climate_hef_ellyrion_jungle">
<climate>climate_jungle</climate>
<member>wh2_climate_hef_ellyrion_jungle</member>
</campaign_group_member_criteria_climates>
<campaign_group_member_criteria_climates record_uuid="{f469b738-65ae-4cf9-b862-9f25d8dbc420}" record_timestamp="1481045726913" record_key="wh2_climate_hef_ellyrion_magicforest">
<climate>climate_magicforest</climate>
<member>wh2_climate_hef_ellyrion_magicforest</member>
</campaign_group_member_criteria_climates>
<campaign_group_member_criteria_climates record_uuid="{c8305a5d-741c-422d-a069-462c36c0de3e}" record_timestamp="1481045726848" record_key="wh2_climate_hef_ellyrion_mountain">
<climate>climate_mountain</climate>
<member>wh2_climate_hef_ellyrion_mountain</member>
</campaign_group_member_criteria_climates>
<campaign_group_member_criteria_climates record_uuid="{51de0d1a-2f2b-49a1-a0e2-8f72bedcb5a5}" record_timestamp="1481627870474" record_key="wh2_climate_hef_ellyrion_savannah">
<climate>climate_savannah</climate>
<member>wh2_climate_hef_ellyrion_savannah</member>
</campaign_group_member_criteria_climates>
<campaign_group_member_criteria_climates record_uuid="{36de6c90-4f9b-4204-8673-be8a084ed996}" record_timestamp="1481045725991" record_key="wh2_climate_hef_ellyrion_temperate">
<climate>climate_temperate</climate>
<member>wh2_climate_hef_ellyrion_temperate</member>
</campaign_group_member_criteria_climates>
<campaign_group_member_criteria_climates record_uuid="{62894819-7f7d-4fad-a4a7-01b38ee1d506}" record_timestamp="1481045725928" record_key="wh2_climate_hef_ellyrion_wasteland">
<climate>climate_wasteland</climate>
<member>wh2_climate_hef_ellyrion_wasteland</member>
</campaign_group_member_criteria_climates>
<campaign_group_member_criteria_climates record_uuid="{e976a714-e11b-425a-b4ca-34e24e16703a}" record_timestamp="1481045708369" record_key="wh2_climate_hef_highelves_chaotic">
<climate>climate_chaotic</climate>
<member>wh2_climate_hef_highelves_chaotic</member>
</campaign_group_member_criteria_climates>
<campaign_group_member_criteria_climates record_uuid="{59777bb4-d335-4af8-905d-e130e3b1e451}" record_timestamp="1481045708519" record_key="wh2_climate_hef_highelves_desert">
<climate>climate_desert</climate>
<member>wh2_climate_hef_highelves_desert</member>
</campaign_group_member_criteria_climates>
<campaign_group_member_criteria_climates record_uuid="{7662df06-c8da-4dd6-b889-30ff2e3fde5a}" record_timestamp="1481627870342" record_key="wh2_climate_hef_highelves_frozen">
<climate>climate_frozen</climate>
<member>wh2_climate_hef_highelves_frozen</member>
</campaign_group_member_criteria_climates>
<campaign_group_member_criteria_climates record_uuid="{65ac7d70-d4ff-4471-a73c-9750a2af27b0}" record_timestamp="1481627870253" record_key="wh2_climate_hef_highelves_island">
<climate>climate_island</climate>
<member>wh2_climate_hef_highelves_island</member>
</campaign_group_member_criteria_climates>
<campaign_group_member_criteria_climates record_uuid="{180ce87a-2e78-4957-8c6b-cdb63f75d839}" record_timestamp="1481045708666" record_key="wh2_climate_hef_highelves_jungle">
<climate>climate_jungle</climate>
<member>wh2_climate_hef_highelves_jungle</member>
</campaign_group_member_criteria_climates>
<campaign_group_member_criteria_climates record_uuid="{38d21921-9aa8-44f4-98b9-7a9472245d1c}" record_timestamp="1481045708815" record_key="wh2_climate_hef_highelves_magicforest">
<climate>climate_magicforest</climate>
<member>wh2_climate_hef_highelves_magicforest</member>
</campaign_group_member_criteria_climates>
<campaign_group_member_criteria_climates record_uuid="{b6487a6e-4ddc-4791-a274-d45ee2da5aae}" record_timestamp="1481045708974" record_key="wh2_climate_hef_highelves_mountain">
<climate>climate_mountain</climate>
<member>wh2_climate_hef_highelves_mountain</member>
</campaign_group_member_criteria_climates>
<campaign_group_member_criteria_climates record_uuid="{763a9145-0d46-436f-a12d-0e5ac96af673}" record_timestamp="1481627870077" record_key="wh2_climate_hef_highelves_savannah">
<climate>climate_savannah</climate>
<member>wh2_climate_hef_highelves_savannah</member>
</campaign_group_member_criteria_climates>
<campaign_group_member_criteria_climates record_uuid="{d474ba25-2da4-4873-bc06-9bf9387060cc}" record_timestamp="1481045709132" record_key="wh2_climate_hef_highelves_temperate">
<climate>climate_temperate</climate>
<member>wh2_climate_hef_highelves_temperate</member>
</campaign_group_member_criteria_climates>
<campaign_group_member_criteria_climates record_uuid="{262a2e3e-6399-4e95-ba7b-ad79bec3ee9c}" record_timestamp="1481045709276" record_key="wh2_climate_hef_highelves_wasteland">
<climate>climate_wasteland</climate>
<member>wh2_climate_hef_highelves_wasteland</member>
</campaign_group_member_criteria_climates>
<campaign_group_member_criteria_climates record_uuid="{9091cb45-bf8b-4ebb-8a07-626b8cf7f0e7}" record_timestamp="1481045726120" record_key="wh2_climate_hef_highelvesrebels_chaotic">
<climate>climate_chaotic</climate>
<member>wh2_climate_hef_highelvesrebels_chaotic</member>
</campaign_group_member_criteria_climates>
<campaign_group_member_criteria_climates record_uuid="{6967a12c-123e-4d1b-9311-2c12bf68acf5}" record_timestamp="1481045726056" record_key="wh2_climate_hef_highelvesrebels_desert">
<climate>climate_desert</climate>
<member>wh2_climate_hef_highelvesrebels_desert</member>
</campaign_group_member_criteria_climates>
<campaign_group_member_criteria_climates record_uuid="{88c4b47f-c68d-4b7f-93d0-103e7d99b666}" record_timestamp="1481627867602" record_key="wh2_climate_hef_highelvesrebels_frozen">
<climate>climate_frozen</climate>
<member>wh2_climate_hef_highelvesrebels_frozen</member>
</campaign_group_member_criteria_climates>
<campaign_group_member_criteria_climates record_uuid="{0696400d-4c42-4718-97a2-25cedb988b82}" record_timestamp="1481627870168" record_key="wh2_climate_hef_highelvesrebels_island">
<climate>climate_island</climate>
<member>wh2_climate_hef_highelvesrebels_island</member>
</campaign_group_member_criteria_climates>
<campaign_group_member_criteria_climates record_uuid="{73502576-f35e-4ad5-aece-8c1a783cf0ab}" record_timestamp="1481045726256" record_key="wh2_climate_hef_highelvesrebels_jungle">
<climate>climate_jungle</climate>
<member>wh2_climate_hef_highelvesrebels_jungle</member>
</campaign_group_member_criteria_climates>
<campaign_group_member_criteria_climates record_uuid="{d361bbdb-eb33-433c-8f74-8ea879ad7227}" record_timestamp="1481045726185" record_key="wh2_climate_hef_highelvesrebels_magicforest">
<climate>climate_magicforest</climate>
<member>wh2_climate_hef_highelvesrebels_magicforest</member>
</campaign_group_member_criteria_climates>
<campaign_group_member_criteria_climates record_uuid="{ce5ac2d1-d060-4f58-92c7-005a33c37a78}" record_timestamp="1481045726383" record_key="wh2_climate_hef_highelvesrebels_mountain">
<climate>climate_mountain</climate>
<member>wh2_climate_hef_highelvesrebels_mountain</member>
</campaign_group_member_criteria_climates>
<campaign_group_member_criteria_climates record_uuid="{277964f3-9794-42c7-993f-a9d36c6f303b}" record_timestamp="1481627867665" record_key="wh2_climate_hef_highelvesrebels_savannah">
<climate>climate_savannah</climate>
<member>wh2_climate_hef_highelvesrebels_savannah</member>
</campaign_group_member_criteria_climates>
<campaign_group_member_criteria_climates record_uuid="{ba3cb258-6355-4f3d-be8b-0ea059181468}" record_timestamp="1481045726320" record_key="wh2_climate_hef_highelvesrebels_temperate">
<climate>climate_temperate</climate>
<member>wh2_climate_hef_highelvesrebels_temperate</member>
</campaign_group_member_criteria_climates>
<campaign_group_member_criteria_climates record_uuid="{a59a28ae-a502-4035-841c-3de37759f1b7}" record_timestamp="1481045725476" record_key="wh2_climate_hef_highelvesrebels_wasteland">
<climate>climate_wasteland</climate>
<member>wh2_climate_hef_highelvesrebels_wasteland</member>
</campaign_group_member_criteria_climates>
<campaign_group_member_criteria_climates record_uuid="{e3ad8e28-cd7e-40a6-9ccc-12b0a7bea96f}" record_timestamp="1481045706812" record_key="wh2_climate_hef_loremasters_chaotic">
<climate>climate_chaotic</climate>
<member>wh2_climate_hef_loremasters_chaotic</member>
</campaign_group_member_criteria_climates>
<campaign_group_member_criteria_climates record_uuid="{4edced99-e237-4f0a-8a56-b03e11ecd38c}" record_timestamp="1481045707024" record_key="wh2_climate_hef_loremasters_desert">
<climate>climate_desert</climate>
<member>wh2_climate_hef_loremasters_desert</member>
</campaign_group_member_criteria_climates>
<campaign_group_member_criteria_climates record_uuid="{159e6c67-170f-4aa4-b641-aa4ecc34c884}" record_timestamp="1481045707242" record_key="wh2_climate_hef_loremasters_frozen">
<climate>climate_frozen</climate>
<member>wh2_climate_hef_loremasters_frozen</member>
</campaign_group_member_criteria_climates>
<campaign_group_member_criteria_climates record_uuid="{1e9002b8-5454-4b50-aa1c-39a08362efa4}" record_timestamp="1481627867454" record_key="wh2_climate_hef_loremasters_island">
<climate>climate_island</climate>
<member>wh2_climate_hef_loremasters_island</member>
</campaign_group_member_criteria_climates>
<campaign_group_member_criteria_climates record_uuid="{8229fd95-8b46-4649-a771-062f98766344}" record_timestamp="1481627867523" record_key="wh2_climate_hef_loremasters_jungle">
<climate>climate_jungle</climate>
<member>wh2_climate_hef_loremasters_jungle</member>
</campaign_group_member_criteria_climates>
<campaign_group_member_criteria_climates record_uuid="{2d9d0a67-a02d-42f0-aa51-1b5829b04ee9}" record_timestamp="1481045707463" record_key="wh2_climate_hef_loremasters_magicforest">
<climate>climate_magicforest</climate>
<member>wh2_climate_hef_loremasters_magicforest</member>
</campaign_group_member_criteria_climates>
<campaign_group_member_criteria_climates record_uuid="{5c13d7bc-daa4-4771-b41f-3c150577f72c}" record_timestamp="1481045707689" record_key="wh2_climate_hef_loremasters_mountain">
<climate>climate_mountain</climate>
<member>wh2_climate_hef_loremasters_mountain</member>
</campaign_group_member_criteria_climates>
<campaign_group_member_criteria_climates record_uuid="{f879b8f0-bcd3-4573-b3c6-d647c663ee18}" record_timestamp="1481627867258" record_key="wh2_climate_hef_loremasters_savannah">
<climate>climate_savannah</climate>
<member>wh2_climate_hef_loremasters_savannah</member>
</campaign_group_member_criteria_climates>
<campaign_group_member_criteria_climates record_uuid="{c8f3f172-ab22-42ef-b2ae-74348e36f76c}" record_timestamp="1481045707909" record_key="wh2_climate_hef_loremasters_temperate">
<climate>climate_temperate</climate>
<member>wh2_climate_hef_loremasters_temperate</member>
</campaign_group_member_criteria_climates>
<campaign_group_member_criteria_climates record_uuid="{3925fcff-ba72-4b9c-8c2b-c6bea37be9f8}" record_timestamp="1481045708138" record_key="wh2_climate_hef_loremasters_wasteland">
<climate>climate_wasteland</climate>
<member>wh2_climate_hef_loremasters_wasteland</member>
</campaign_group_member_criteria_climates>
<campaign_group_member_criteria_climates record_uuid="{ebe188f4-9605-4dca-ba3e-e6ab6a148e21}" record_timestamp="1481045725417" record_key="wh2_climate_hef_nagarythe_chaotic">
<climate>climate_chaotic</climate>
<member>wh2_climate_hef_nagarythe_chaotic</member>
</campaign_group_member_criteria_climates>
<campaign_group_member_criteria_climates record_uuid="{e37698b8-320b-414b-862c-b108d15d9f23}" record_timestamp="1481045725606" record_key="wh2_climate_hef_nagarythe_desert">
<climate>climate_desert</climate>
<member>wh2_climate_hef_nagarythe_desert</member>
</campaign_group_member_criteria_climates>
<campaign_group_member_criteria_climates record_uuid="{312be965-bb50-4dba-85ac-eaa9e33cba4c}" record_timestamp="1481627870696" record_key="wh2_climate_hef_nagarythe_frozen">
<climate>climate_frozen</climate>
<member>wh2_climate_hef_nagarythe_frozen</member>
</campaign_group_member_criteria_climates>
<campaign_group_member_criteria_climates record_uuid="{7747d7c3-402e-44b3-b3fd-6f5ccdc37982}" record_timestamp="1481627867346" record_key="wh2_climate_hef_nagarythe_island">
<climate>climate_island</climate>
<member>wh2_climate_hef_nagarythe_island</member>
</campaign_group_member_criteria_climates>
<campaign_group_member_criteria_climates record_uuid="{43b24eba-2b5c-4937-b894-28364bd6f3ae}" record_timestamp="1481045725542" record_key="wh2_climate_hef_nagarythe_jungle">
<climate>climate_jungle</climate>
<member>wh2_climate_hef_nagarythe_jungle</member>
</campaign_group_member_criteria_climates>
<campaign_group_member_criteria_climates record_uuid="{6525fc3a-0078-49a8-baad-d9fe266896ad}" record_timestamp="1481045725729" record_key="wh2_climate_hef_nagarythe_magicforest">
<climate>climate_magicforest</climate>
<member>wh2_climate_hef_nagarythe_magicforest</member>
</campaign_group_member_criteria_climates>
<campaign_group_member_criteria_climates record_uuid="{1274819a-374f-47b5-adef-3b2a74c7b500}" record_timestamp="1481045725665" record_key="wh2_climate_hef_nagarythe_mountain">
<climate>climate_mountain</climate>
<member>wh2_climate_hef_nagarythe_mountain</member>
</campaign_group_member_criteria_climates>
<campaign_group_member_criteria_climates record_uuid="{74f99e7d-d1ad-4115-b5e6-a84b65ccaee4}" record_timestamp="1481627870758" record_key="wh2_climate_hef_nagarythe_savannah">
<climate>climate_savannah</climate>
<member>wh2_climate_hef_nagarythe_savannah</member>
</campaign_group_member_criteria_climates>
<campaign_group_member_criteria_climates record_uuid="{62a04e9a-507b-4dd6-baf1-588f637909b9}" record_timestamp="1481045725864" record_key="wh2_climate_hef_nagarythe_temperate">
<climate>climate_temperate</climate>
<member>wh2_climate_hef_nagarythe_temperate</member>
</campaign_group_member_criteria_climates>
<campaign_group_member_criteria_climates record_uuid="{dce8606f-f63d-4413-b90a-31debf336ea2}" record_timestamp="1481045725792" record_key="wh2_climate_hef_nagarythe_wasteland">
<climate>climate_wasteland</climate>
<member>wh2_climate_hef_nagarythe_wasteland</member>
</campaign_group_member_criteria_climates>
<campaign_group_member_criteria_climates record_uuid="{1e0d28cd-d3fd-4c64-96d0-7fe191a51395}" record_timestamp="1481045724971" record_key="wh2_climate_hef_saphery_chaotic">
<climate>climate_chaotic</climate>
<member>wh2_climate_hef_saphery_chaotic</member>
</campaign_group_member_criteria_climates>
<campaign_group_member_criteria_climates record_uuid="{bc172dcb-9fb7-4e2f-ad86-72954690e362}" record_timestamp="1481045724908" record_key="wh2_climate_hef_saphery_desert">
<climate>climate_desert</climate>
<member>wh2_climate_hef_saphery_desert</member>
</campaign_group_member_criteria_climates>
<campaign_group_member_criteria_climates record_uuid="{647fdc14-1d64-44b9-9d7b-86cb1d8e2681}" record_timestamp="1481627868347" record_key="wh2_climate_hef_saphery_frozen">
<climate>climate_frozen</climate>
<member>wh2_climate_hef_saphery_frozen</member>
</campaign_group_member_criteria_climates>
<campaign_group_member_criteria_climates record_uuid="{55ea352f-0d88-4dbe-a655-fb9f4cc504d6}" record_timestamp="1481627868250" record_key="wh2_climate_hef_saphery_island">
<climate>climate_island</climate>
<member>wh2_climate_hef_saphery_island</member>
</campaign_group_member_criteria_climates>
<campaign_group_member_criteria_climates record_uuid="{624369b2-7295-412b-9d8a-8307b3cfef13}" record_timestamp="1481045725094" record_key="wh2_climate_hef_saphery_jungle">
<climate>climate_jungle</climate>
<member>wh2_climate_hef_saphery_jungle</member>
</campaign_group_member_criteria_climates>
<campaign_group_member_criteria_climates record_uuid="{115b0f4b-3c05-424e-9bee-e193c5fafc2e}" record_timestamp="1481045725033" record_key="wh2_climate_hef_saphery_magicforest">
<climate>climate_magicforest</climate>
<member>wh2_climate_hef_saphery_magicforest</member>
</campaign_group_member_criteria_climates>
<campaign_group_member_criteria_climates record_uuid="{58800896-83c6-40cc-b3a1-72553deac2d9}" record_timestamp="1481045725220" record_key="wh2_climate_hef_saphery_mountain">
<climate>climate_mountain</climate>
<member>wh2_climate_hef_saphery_mountain</member>
</campaign_group_member_criteria_climates>
<campaign_group_member_criteria_climates record_uuid="{50850597-f872-4479-812e-2ec7e0931557}" record_timestamp="1481627868081" record_key="wh2_climate_hef_saphery_savannah">
<climate>climate_savannah</climate>
<member>wh2_climate_hef_saphery_savannah</member>
</campaign_group_member_criteria_climates>
<campaign_group_member_criteria_climates record_uuid="{823a9a62-0e00-4343-8fb2-6dd4b111753e}" record_timestamp="1481045725155" record_key="wh2_climate_hef_saphery_temperate">
<climate>climate_temperate</climate>
<member>wh2_climate_hef_saphery_temperate</member>
</campaign_group_member_criteria_climates>
<campaign_group_member_criteria_climates record_uuid="{66ad6406-3700-4395-8674-aa07fb8787c2}" record_timestamp="1481045725352" record_key="wh2_climate_hef_saphery_wasteland">
<climate>climate_wasteland</climate>
<member>wh2_climate_hef_saphery_wasteland</member>
</campaign_group_member_criteria_climates>
<campaign_group_member_criteria_climates record_uuid="{ba10bb73-f9fc-4701-865a-06305ee33a16}" record_timestamp="1481045725278" record_key="wh2_climate_hef_tiranoc_chaotic">
<climate>climate_chaotic</climate>
<member>wh2_climate_hef_tiranoc_chaotic</member>
</campaign_group_member_criteria_climates>
<campaign_group_member_criteria_climates record_uuid="{eabd5bd8-e012-4f51-a1e8-64be7371d0f8}" record_timestamp="1481045724466" record_key="wh2_climate_hef_tiranoc_desert">
<climate>climate_desert</climate>
<member>wh2_climate_hef_tiranoc_desert</member>
</campaign_group_member_criteria_climates>
<campaign_group_member_criteria_climates record_uuid="{e1d3eb81-7478-4a99-af37-9801846def34}" record_timestamp="1481627867911" record_key="wh2_climate_hef_tiranoc_frozen">
<climate>climate_frozen</climate>
<member>wh2_climate_hef_tiranoc_frozen</member>
</campaign_group_member_criteria_climates>
<campaign_group_member_criteria_climates record_uuid="{106c3f3a-fcb4-46ad-8abf-cf5adcb96f84}" record_timestamp="1481627868155" record_key="wh2_climate_hef_tiranoc_island">
<climate>climate_island</climate>
<member>wh2_climate_hef_tiranoc_island</member>
</campaign_group_member_criteria_climates>
<campaign_group_member_criteria_climates record_uuid="{99199713-af3c-45c1-a5de-49305ee7134f}" record_timestamp="1481045724403" record_key="wh2_climate_hef_tiranoc_jungle">
<climate>climate_jungle</climate>
<member>wh2_climate_hef_tiranoc_jungle</member>
</campaign_group_member_criteria_climates>
<campaign_group_member_criteria_climates record_uuid="{327fd34a-8b43-4616-a170-ce8d8924757f}" record_timestamp="1481045724589" record_key="wh2_climate_hef_tiranoc_magicforest">
<climate>climate_magicforest</climate>
<member>wh2_climate_hef_tiranoc_magicforest</member>
</campaign_group_member_criteria_climates>
<campaign_group_member_criteria_climates record_uuid="{2c159240-9c29-4954-98ae-be6f55edfe37}" record_timestamp="1481045724530" record_key="wh2_climate_hef_tiranoc_mountain">
<climate>climate_mountain</climate>
<member>wh2_climate_hef_tiranoc_mountain</member>
</campaign_group_member_criteria_climates>
<campaign_group_member_criteria_climates record_uuid="{9befd68d-0dfa-4fa3-a4fe-bac193032061}" record_timestamp="1481627867993" record_key="wh2_climate_hef_tiranoc_savannah">
<climate>climate_savannah</climate>
<member>wh2_climate_hef_tiranoc_savannah</member>
</campaign_group_member_criteria_climates>
<campaign_group_member_criteria_climates record_uuid="{e3ab3eb4-37cb-43e8-9005-c9a743438da3}" record_timestamp="1481045724724" record_key="wh2_climate_hef_tiranoc_temperate">
<climate>climate_temperate</climate>
<member>wh2_climate_hef_tiranoc_temperate</member>
</campaign_group_member_criteria_climates>
<campaign_group_member_criteria_climates record_uuid="{8c42957b-3339-4ccf-b4e1-9411cf1acee7}" record_timestamp="1481045724661" record_key="wh2_climate_hef_tiranoc_wasteland">
<climate>climate_wasteland</climate>
<member>wh2_climate_hef_tiranoc_wasteland</member>
</campaign_group_member_criteria_climates>
<campaign_group_member_criteria_climates record_uuid="{bdb831a2-be6b-4fe5-86aa-7cec3f6293f3}" record_timestamp="1481045724849" record_key="wh2_climate_hef_torelasor_chaotic">
<climate>climate_chaotic</climate>
<member>wh2_climate_hef_torelasor_chaotic</member>
</campaign_group_member_criteria_climates>
<campaign_group_member_criteria_climates record_uuid="{08a1fcf8-fcf7-4166-b14e-f5dacaf163ac}" record_timestamp="1481045724788" record_key="wh2_climate_hef_torelasor_desert">
<climate>climate_desert</climate>
<member>wh2_climate_hef_torelasor_desert</member>
</campaign_group_member_criteria_climates>
<campaign_group_member_criteria_climates record_uuid="{ca74150d-d754-450e-bd81-a1856b71f6e8}" record_timestamp="1481045729809" record_key="wh2_climate_hef_torelasor_frozen">
<climate>climate_frozen</climate>
<member>wh2_climate_hef_torelasor_frozen</member>
</campaign_group_member_criteria_climates>
<campaign_group_member_criteria_climates record_uuid="{bef7904f-5733-43df-b2eb-82646ba7422f}" record_timestamp="1481627867744" record_key="wh2_climate_hef_torelasor_island">
<climate>climate_island</climate>
<member>wh2_climate_hef_torelasor_island</member>
</campaign_group_member_criteria_climates>
<campaign_group_member_criteria_climates record_uuid="{16496c92-af3b-4593-b419-039068c66d38}" record_timestamp="1481627867849" record_key="wh2_climate_hef_torelasor_jungle">
<climate>climate_jungle</climate>
<member>wh2_climate_hef_torelasor_jungle</member>
</campaign_group_member_criteria_climates>
<campaign_group_member_criteria_climates record_uuid="{fe341575-b8b8-4af3-8f18-84369a2b7ae5}" record_timestamp="1481045729750" record_key="wh2_climate_hef_torelasor_magicforest">
<climate>climate_magicforest</climate>
<member>wh2_climate_hef_torelasor_magicforest</member>
</campaign_group_member_criteria_climates>
<campaign_group_member_criteria_climates record_uuid="{fa564559-c660-4e49-bc8d-082e16954f36}" record_timestamp="1481045729938" record_key="wh2_climate_hef_torelasor_mountain">
<climate>climate_mountain</climate>
<member>wh2_climate_hef_torelasor_mountain</member>
</campaign_group_member_criteria_climates>
<campaign_group_member_criteria_climates record_uuid="{2b7cae38-0b1d-48f3-9eeb-66c793fc41b7}" record_timestamp="1481627868645" record_key="wh2_climate_hef_torelasor_savannah">
<climate>climate_savannah</climate>
<member>wh2_climate_hef_torelasor_savannah</member>
</campaign_group_member_criteria_climates>
<campaign_group_member_criteria_climates record_uuid="{3b97754c-1703-4baa-93c7-0d62128e7b32}" record_timestamp="1481045729875" record_key="wh2_climate_hef_torelasor_temperate">
<climate>climate_temperate</climate>
<member>wh2_climate_hef_torelasor_temperate</member>
</campaign_group_member_criteria_climates>
<campaign_group_member_criteria_climates record_uuid="{052a4c05-bca8-4131-a9df-da21f62553e0}" record_timestamp="1481045724198" record_key="wh2_climate_hef_torelasor_wasteland">
<climate>climate_wasteland</climate>
<member>wh2_climate_hef_torelasor_wasteland</member>
</campaign_group_member_criteria_climates>
<campaign_group_member_criteria_climates record_uuid="{bf1a4fbe-6077-4f88-b8f3-d403c64d4e61}" record_timestamp="1481045730000" record_key="wh2_climate_hef_yvresse_chaotic">
<climate>climate_chaotic</climate>
<member>wh2_climate_hef_yvresse_chaotic</member>
</campaign_group_member_criteria_climates>
<campaign_group_member_criteria_climates record_uuid="{3818c7b2-a14e-4672-b7a1-bd74e714bb25}" record_timestamp="1481045724333" record_key="wh2_climate_hef_yvresse_desert">
<climate>climate_desert</climate>
<member>wh2_climate_hef_yvresse_desert</member>
</campaign_group_member_criteria_climates>
<campaign_group_member_criteria_climates record_uuid="{c246f037-2345-4cab-bbbf-9c43f55f489e}" record_timestamp="1481627868489" record_key="wh2_climate_hef_yvresse_frozen">
<climate>climate_frozen</climate>
<member>wh2_climate_hef_yvresse_frozen</member>
</campaign_group_member_criteria_climates>
<campaign_group_member_criteria_climates record_uuid="{c91ba2b9-0758-4ac3-9ba5-cddcc29b6e7a}" record_timestamp="1481627868731" record_key="wh2_climate_hef_yvresse_island">
<climate>climate_island</climate>
<member>wh2_climate_hef_yvresse_island</member>
</campaign_group_member_criteria_climates>
<campaign_group_member_criteria_climates record_uuid="{410de0a5-2e3e-4329-8cc4-b3a4afa2708f}" record_timestamp="1481045724266" record_key="wh2_climate_hef_yvresse_jungle">
<climate>climate_jungle</climate>
<member>wh2_climate_hef_yvresse_jungle</member>
</campaign_group_member_criteria_climates>
<campaign_group_member_criteria_climates record_uuid="{a5959232-2b5e-4996-9635-5154a1194afb}" record_timestamp="1481045729565" record_key="wh2_climate_hef_yvresse_magicforest">
<climate>climate_magicforest</climate>
<member>wh2_climate_hef_yvresse_magicforest</member>
</campaign_group_member_criteria_climates>
<campaign_group_member_criteria_climates record_uuid="{0407acef-1276-4a9f-af79-b8988594b071}" record_timestamp="1481045729498" record_key="wh2_climate_hef_yvresse_mountain">
<climate>climate_mountain</climate>
<member>wh2_climate_hef_yvresse_mountain</member>
</campaign_group_member_criteria_climates>
<campaign_group_member_criteria_climates record_uuid="{560358be-9e15-4b0c-903e-e64bcb834709}" record_timestamp="1481627868571" record_key="wh2_climate_hef_yvresse_savannah">
<climate>climate_savannah</climate>
<member>wh2_climate_hef_yvresse_savannah</member>
</campaign_group_member_criteria_climates>
<campaign_group_member_criteria_climates record_uuid="{b55c4d7d-f695-439b-8cab-b3cae8caa33f}" record_timestamp="1481045729688" record_key="wh2_climate_hef_yvresse_temperate">
<climate>climate_temperate</climate>
<member>wh2_climate_hef_yvresse_temperate</member>
</campaign_group_member_criteria_climates>
<campaign_group_member_criteria_climates record_uuid="{c5f46ad2-e8ee-4844-80a4-82ee60365d73}" record_timestamp="1481045729625" record_key="wh2_climate_hef_yvresse_wasteland">
<climate>climate_wasteland</climate>
<member>wh2_climate_hef_yvresse_wasteland</member>
</campaign_group_member_criteria_climates>
<campaign_group_member_criteria_climates record_uuid="{c4298993-e896-457a-8f5d-8cf0832fc271}" record_timestamp="1481045692413" record_key="wh2_climate_lzd_regular_chaotic">
<climate>climate_chaotic</climate>
<member>wh2_climate_lzd_regular_chaotic</member>
</campaign_group_member_criteria_climates>
<campaign_group_member_criteria_climates record_uuid="{cadd8fc5-320e-4c07-b4a9-6e30ab7100a3}" record_timestamp="1481627858813" record_key="wh2_climate_lzd_regular_desert">
<climate>climate_desert</climate>
<member>wh2_climate_lzd_regular_desert</member>
</campaign_group_member_criteria_climates>
<campaign_group_member_criteria_climates record_uuid="{9719e5cb-c430-4ebd-a8b2-66624de39d17}" record_timestamp="1481045691646" record_key="wh2_climate_lzd_regular_frozen">
<climate>climate_frozen</climate>
<member>wh2_climate_lzd_regular_frozen</member>
</campaign_group_member_criteria_climates>
<campaign_group_member_criteria_climates record_uuid="{79f7a61c-ad4a-4d9c-bdb3-5c190b2f5367}" record_timestamp="1481045691578" record_key="wh2_climate_lzd_regular_island">
<climate>climate_island</climate>
<member>wh2_climate_lzd_regular_island</member>
</campaign_group_member_criteria_climates>
<campaign_group_member_criteria_climates record_uuid="{45571da2-fa59-420a-b800-884e0205c2ee}" record_timestamp="1481627858875" record_key="wh2_climate_lzd_regular_jungle">
<climate>climate_jungle</climate>
<member>wh2_climate_lzd_regular_jungle</member>
</campaign_group_member_criteria_climates>
<campaign_group_member_criteria_climates record_uuid="{b4abdd84-836b-4de3-b2e9-933bb9d9717a}" record_timestamp="1481045691761" record_key="wh2_climate_lzd_regular_magicforest">
<climate>climate_magicforest</climate>
<member>wh2_climate_lzd_regular_magicforest</member>
</campaign_group_member_criteria_climates>
<campaign_group_member_criteria_climates record_uuid="{1d2f6b42-55b3-4d69-9f84-56ce439bd501}" record_timestamp="1481045691702" record_key="wh2_climate_lzd_regular_mountain">
<climate>climate_mountain</climate>
<member>wh2_climate_lzd_regular_mountain</member>
</campaign_group_member_criteria_climates>
<campaign_group_member_criteria_climates record_uuid="{d8a830c0-cbdb-490f-8637-6454a8d64586}" record_timestamp="1481627859068" record_key="wh2_climate_lzd_regular_savannah">
<climate>climate_savannah</climate>
<member>wh2_climate_lzd_regular_savannah</member>
</campaign_group_member_criteria_climates>
<campaign_group_member_criteria_climates record_uuid="{c1f2e176-4a57-4ab7-b330-ac11fe272c17}" record_timestamp="1481045691879" record_key="wh2_climate_lzd_regular_temperate">
<climate>climate_temperate</climate>
<member>wh2_climate_lzd_regular_temperate</member>
</campaign_group_member_criteria_climates>
<campaign_group_member_criteria_climates record_uuid="{757e83c9-de62-49f3-9750-0ca47d238d58}" record_timestamp="1481045691820" record_key="wh2_climate_lzd_regular_wasteland">
<climate>climate_wasteland</climate>
<member>wh2_climate_lzd_regular_wasteland</member>
</campaign_group_member_criteria_climates>
<campaign_group_member_criteria_climates record_uuid="{7bc2874f-b29c-4e63-b822-5bae3fb7bc47}" record_timestamp="1481627859485" record_key="wh2_climate_nor_regular_chaotic">
<climate>climate_chaotic</climate>
<member>wh2_climate_nor_regular_chaotic</member>
</campaign_group_member_criteria_climates>
<campaign_group_member_criteria_climates record_uuid="{00d3731e-e668-4a1f-954e-7d3b5854eced}" record_timestamp="1481045691283" record_key="wh2_climate_nor_regular_desert">
<climate>climate_desert</climate>
<member>wh2_climate_nor_regular_desert</member>
</campaign_group_member_criteria_climates>
<campaign_group_member_criteria_climates record_uuid="{68ec79d3-866a-48d4-8312-fadbdcd37a9a}" record_timestamp="1481627859418" record_key="wh2_climate_nor_regular_frozen">
<climate>climate_frozen</climate>
<member>wh2_climate_nor_regular_frozen</member>
</campaign_group_member_criteria_climates>
<campaign_group_member_criteria_climates record_uuid="{43e5652f-d5f0-492c-856d-819a4a2ff153}" record_timestamp="1481627859709" record_key="wh2_climate_nor_regular_island">
<climate>climate_island</climate>
<member>wh2_climate_nor_regular_island</member>
</campaign_group_member_criteria_climates>
<campaign_group_member_criteria_climates record_uuid="{d64f2a3b-c777-4ac8-a6c6-23431e5b8a72}" record_timestamp="1481627859567" record_key="wh2_climate_nor_regular_jungle">
<climate>climate_jungle</climate>
<member>wh2_climate_nor_regular_jungle</member>
</campaign_group_member_criteria_climates>
<campaign_group_member_criteria_climates record_uuid="{dd8d1bca-5470-4486-992d-801bd144ac60}" record_timestamp="1481045691223" record_key="wh2_climate_nor_regular_magicforest">
<climate>climate_magicforest</climate>
<member>wh2_climate_nor_regular_magicforest</member>
</campaign_group_member_criteria_climates>
<campaign_group_member_criteria_climates record_uuid="{0c8201ce-baf0-420f-ae90-7f0fa9d4f727}" record_timestamp="1481627858659" record_key="wh2_climate_nor_regular_mountain">
<climate>climate_mountain</climate>
<member>wh2_climate_nor_regular_mountain</member>
</campaign_group_member_criteria_climates>
<campaign_group_member_criteria_climates record_uuid="{0c978870-878f-4017-8e21-c821d179b00e}" record_timestamp="1481627859629" record_key="wh2_climate_nor_regular_savannah">
<climate>climate_savannah</climate>
<member>wh2_climate_nor_regular_savannah</member>
</campaign_group_member_criteria_climates>
<campaign_group_member_criteria_climates record_uuid="{1119c652-cd62-4516-ad6b-2d6b17102a81}" record_timestamp="1481627858732" record_key="wh2_climate_nor_regular_temperate">
<climate>climate_temperate</climate>
<member>wh2_climate_nor_regular_temperate</member>
</campaign_group_member_criteria_climates>
<campaign_group_member_criteria_climates record_uuid="{1ea8b1b2-3c87-4d4c-8bb9-c70f6acfd97b}" record_timestamp="1481627859776" record_key="wh2_climate_nor_regular_wasteland">
<climate>climate_wasteland</climate>
<member>wh2_climate_nor_regular_wasteland</member>
</campaign_group_member_criteria_climates>
<campaign_group_member_criteria_climates record_uuid="{ff9a9043-ee3f-42b9-8310-5fa1c18a316f}" record_timestamp="1481045691103" record_key="wh2_climate_skv_regular_chaotic">
<climate>climate_chaotic</climate>
<member>wh2_climate_skv_regular_chaotic</member>
</campaign_group_member_criteria_climates>
<campaign_group_member_criteria_climates record_uuid="{f0063f17-1544-417b-9f3b-07d7f6fb8707}" record_timestamp="1481627860065" record_key="wh2_climate_skv_regular_desert">
<climate>climate_desert</climate>
<member>wh2_climate_skv_regular_desert</member>
</campaign_group_member_criteria_climates>
<campaign_group_member_criteria_climates record_uuid="{831f4f2a-deed-4525-94f2-7f377ed0ab17}" record_timestamp="1481045692000" record_key="wh2_climate_skv_regular_frozen">
<climate>climate_frozen</climate>
<member>wh2_climate_skv_regular_frozen</member>
</campaign_group_member_criteria_climates>
<campaign_group_member_criteria_climates record_uuid="{9fbf9e05-a3fb-44aa-ae2e-743704b41c15}" record_timestamp="1481045691938" record_key="wh2_climate_skv_regular_island">
<climate>climate_island</climate>
<member>wh2_climate_skv_regular_island</member>
</campaign_group_member_criteria_climates>
<campaign_group_member_criteria_climates record_uuid="{6f4d2ca8-3b94-48bf-9b25-af92bb37e07b}" record_timestamp="1481627860153" record_key="wh2_climate_skv_regular_jungle">
<climate>climate_jungle</climate>
<member>wh2_climate_skv_regular_jungle</member>
</campaign_group_member_criteria_climates>
<campaign_group_member_criteria_climates record_uuid="{02b9f93d-d1a2-4403-bfec-04e45ef9c169}" record_timestamp="1481045691166" record_key="wh2_climate_skv_regular_magicforest">
<climate>climate_magicforest</climate>
<member>wh2_climate_skv_regular_magicforest</member>
</campaign_group_member_criteria_climates>
<campaign_group_member_criteria_climates record_uuid="{cc4d23be-0ad3-4a61-9c76-15146f466b51}" record_timestamp="1481627860221" record_key="wh2_climate_skv_regular_mountain">
<climate>climate_mountain</climate>
<member>wh2_climate_skv_regular_mountain</member>
</campaign_group_member_criteria_climates>
<campaign_group_member_criteria_climates record_uuid="{c4f70030-ed76-4691-b3fa-f8d0e0602433}" record_timestamp="1481627859277" record_key="wh2_climate_skv_regular_savannah">
<climate>climate_savannah</climate>
<member>wh2_climate_skv_regular_savannah</member>
</campaign_group_member_criteria_climates>
<campaign_group_member_criteria_climates record_uuid="{15adbae2-eccb-4748-9413-26b39612e819}" record_timestamp="1481627860295" record_key="wh2_climate_skv_regular_temperate">
<climate>climate_temperate</climate>
<member>wh2_climate_skv_regular_temperate</member>
</campaign_group_member_criteria_climates>
<campaign_group_member_criteria_climates record_uuid="{743ecb4f-0baf-43c7-b218-b25930ffaeb7}" record_timestamp="1481627859352" record_key="wh2_climate_skv_regular_wasteland">
<climate>climate_wasteland</climate>
<member>wh2_climate_skv_regular_wasteland</member>
</campaign_group_member_criteria_climates>
<campaign_group_member_criteria_climates record_uuid="{73c3a3d0-25ab-4ad0-8cb4-1579e44b60f5}" record_timestamp="1509115728443" record_key="wh2_climate_skv_rictus_chaotic">
<climate>climate_chaotic</climate>
<member>wh2_climate_skv_rictus_chaotic</member>
</campaign_group_member_criteria_climates>
<campaign_group_member_criteria_climates record_uuid="{4c436dde-4a1f-45bd-8796-71ff1d942081}" record_timestamp="1509115728596" record_key="wh2_climate_skv_rictus_desert">
<climate>climate_desert</climate>
<member>wh2_climate_skv_rictus_desert</member>
</campaign_group_member_criteria_climates>
<campaign_group_member_criteria_climates record_uuid="{be86b7ab-6bf2-4a2f-8515-ad30dcefb9c5}" record_timestamp="1509115728132" record_key="wh2_climate_skv_rictus_frozen">
<climate>climate_frozen</climate>
<member>wh2_climate_skv_rictus_frozen</member>
</campaign_group_member_criteria_climates>
<campaign_group_member_criteria_climates record_uuid="{e9a7bec0-e4df-47b5-ae8d-7a1e26255390}" record_timestamp="1509115728289" record_key="wh2_climate_skv_rictus_island">
<climate>climate_island</climate>
<member>wh2_climate_skv_rictus_island</member>
</campaign_group_member_criteria_climates>
<campaign_group_member_criteria_climates record_uuid="{7cda1450-0517-4807-ad97-167239285524}" record_timestamp="1509115727827" record_key="wh2_climate_skv_rictus_jungle">
<climate>climate_jungle</climate>
<member>wh2_climate_skv_rictus_jungle</member>
</campaign_group_member_criteria_climates>
<campaign_group_member_criteria_climates record_uuid="{89a0a8b2-9a05-4f80-a344-87fc949e317d}" record_timestamp="1509115727977" record_key="wh2_climate_skv_rictus_magicforest">
<climate>climate_magicforest</climate>
<member>wh2_climate_skv_rictus_magicforest</member>
</campaign_group_member_criteria_climates>
<campaign_group_member_criteria_climates record_uuid="{9f9a0f7e-3b06-4c0b-b85b-2f589750068b}" record_timestamp="1509115729058" record_key="wh2_climate_skv_rictus_mountain">
<climate>climate_mountain</climate>
<member>wh2_climate_skv_rictus_mountain</member>
</campaign_group_member_criteria_climates>
<campaign_group_member_criteria_climates record_uuid="{43d0b0dd-1d55-4631-b057-0b2d4a162c7f}" record_timestamp="1509115729213" record_key="wh2_climate_skv_rictus_savannah">
<climate>climate_savannah</climate>
<member>wh2_climate_skv_rictus_savannah</member>
</campaign_group_member_criteria_climates>
<campaign_group_member_criteria_climates record_uuid="{f64465a9-ecc3-4f20-b584-39ead3474fed}" record_timestamp="1509115728752" record_key="wh2_climate_skv_rictus_temperate">
<climate>climate_temperate</climate>
<member>wh2_climate_skv_rictus_temperate</member>
</campaign_group_member_criteria_climates>
<campaign_group_member_criteria_climates record_uuid="{f8c66607-8bcd-45c7-a8f2-81eaf0d4f3c4}" record_timestamp="1509115728902" record_key="wh2_climate_skv_rictus_wasteland">
<climate>climate_wasteland</climate>
<member>wh2_climate_skv_rictus_wasteland</member>
</campaign_group_member_criteria_climates>
<campaign_group_member_criteria_climates record_uuid="{09516ef5-666a-4da7-87df-9443c00d035b}" record_timestamp="1508331642750" record_key="wh2_climate_tmb_khalida_chaotic">
<climate>climate_chaotic</climate>
<member>wh2_climate_tmb_khalida_chaotic</member>
</campaign_group_member_criteria_climates>
<campaign_group_member_criteria_climates record_uuid="{367af461-9b9f-4985-98fd-4e3b6a810ca2}" record_timestamp="1508331642764" record_key="wh2_climate_tmb_khalida_desert">
<climate>climate_desert</climate>
<member>wh2_climate_tmb_khalida_desert</member>
</campaign_group_member_criteria_climates>
<campaign_group_member_criteria_climates record_uuid="{5415b021-29fd-4616-b66e-50bf1cc41b42}" record_timestamp="1508331642695" record_key="wh2_climate_tmb_khalida_frozen">
<climate>climate_frozen</climate>
<member>wh2_climate_tmb_khalida_frozen</member>
</campaign_group_member_criteria_climates>
<campaign_group_member_criteria_climates record_uuid="{740684b4-b82a-41ab-bf9c-ad195919999f}" record_timestamp="1508331642709" record_key="wh2_climate_tmb_khalida_island">
<climate>climate_island</climate>
<member>wh2_climate_tmb_khalida_island</member>
</campaign_group_member_criteria_climates>
<campaign_group_member_criteria_climates record_uuid="{96a88ebe-242d-45ec-a442-57a7c95b5c13}" record_timestamp="1508331642723" record_key="wh2_climate_tmb_khalida_jungle">
<climate>climate_jungle</climate>
<member>wh2_climate_tmb_khalida_jungle</member>
</campaign_group_member_criteria_climates>
<campaign_group_member_criteria_climates record_uuid="{8b4067b7-1f2a-4e14-8d7b-803095161152}" record_timestamp="1508331642737" record_key="wh2_climate_tmb_khalida_magicforest">
<climate>climate_magicforest</climate>
<member>wh2_climate_tmb_khalida_magicforest</member>
</campaign_group_member_criteria_climates>
<campaign_group_member_criteria_climates record_uuid="{60f30d1f-0a3c-4ab3-a45f-39a6f467c7a1}" record_timestamp="1508331642641" record_key="wh2_climate_tmb_khalida_mountain">
<climate>climate_mountain</climate>
<member>wh2_climate_tmb_khalida_mountain</member>
</campaign_group_member_criteria_climates>
<campaign_group_member_criteria_climates record_uuid="{1a881774-7831-470e-a811-4367ea9ed7ed}" record_timestamp="1508331642655" record_key="wh2_climate_tmb_khalida_savannah">
<climate>climate_savannah</climate>
<member>wh2_climate_tmb_khalida_savannah</member>
</campaign_group_member_criteria_climates>
<campaign_group_member_criteria_climates record_uuid="{b7f72504-015b-4728-b3af-75c0c137ff42}" record_timestamp="1508331642668" record_key="wh2_climate_tmb_khalida_temperate">
<climate>climate_temperate</climate>
<member>wh2_climate_tmb_khalida_temperate</member>
</campaign_group_member_criteria_climates>
<campaign_group_member_criteria_climates record_uuid="{4088a447-ba5d-4082-bb19-58aa05537db5}" record_timestamp="1508331642682" record_key="wh2_climate_tmb_khalida_wasteland">
<climate>climate_wasteland</climate>
<member>wh2_climate_tmb_khalida_wasteland</member>
</campaign_group_member_criteria_climates>
<campaign_group_member_criteria_climates record_uuid="{c5624c26-5168-4fab-a9ec-05acac9fc616}" record_timestamp="1508331642586" record_key="wh2_climate_tmb_khatep_chaotic">
<climate>climate_chaotic</climate>
<member>wh2_climate_tmb_khatep_chaotic</member>
</campaign_group_member_criteria_climates>
<campaign_group_member_criteria_climates record_uuid="{b648d504-e452-4678-a742-eca2785c6893}" record_timestamp="1508331642599" record_key="wh2_climate_tmb_khatep_desert">
<climate>climate_desert</climate>
<member>wh2_climate_tmb_khatep_desert</member>
</campaign_group_member_criteria_climates>
<campaign_group_member_criteria_climates record_uuid="{28f7905b-b857-4420-8fb3-3df273e5c1d4}" record_timestamp="1508331642613" record_key="wh2_climate_tmb_khatep_frozen">
<climate>climate_frozen</climate>
<member>wh2_climate_tmb_khatep_frozen</member>
</campaign_group_member_criteria_climates>
<campaign_group_member_criteria_climates record_uuid="{edfcf759-1d4b-456f-bc0f-7a81105a5663}" record_timestamp="1508331642627" record_key="wh2_climate_tmb_khatep_island">
<climate>climate_island</climate>
<member>wh2_climate_tmb_khatep_island</member>
</campaign_group_member_criteria_climates>
<campaign_group_member_criteria_climates record_uuid="{fd10c7fd-c137-4cdd-b491-667b3b055e26}" record_timestamp="1508331642530" record_key="wh2_climate_tmb_khatep_jungle">
<climate>climate_jungle</climate>
<member>wh2_climate_tmb_khatep_jungle</member>
</campaign_group_member_criteria_climates>
<campaign_group_member_criteria_climates record_uuid="{1585384b-3985-4ac4-a4c7-b0c1b06a8813}" record_timestamp="1508331642544" record_key="wh2_climate_tmb_khatep_magicforest">
<climate>climate_magicforest</climate>
<member>wh2_climate_tmb_khatep_magicforest</member>
</campaign_group_member_criteria_climates>
<campaign_group_member_criteria_climates record_uuid="{a688fa50-f205-4e2c-980a-24db29a6be33}" record_timestamp="1508331642558" record_key="wh2_climate_tmb_khatep_mountain">
<climate>climate_mountain</climate>
<member>wh2_climate_tmb_khatep_mountain</member>
</campaign_group_member_criteria_climates>
<campaign_group_member_criteria_climates record_uuid="{24729ed0-392a-4e53-a49f-03d2ad14021b}" record_timestamp="1508331642572" record_key="wh2_climate_tmb_khatep_savannah">
<climate>climate_savannah</climate>
<member>wh2_climate_tmb_khatep_savannah</member>
</campaign_group_member_criteria_climates>
<campaign_group_member_criteria_climates record_uuid="{2f001476-01a2-4622-8b58-da2ad36154cd}" record_timestamp="1508331642778" record_key="wh2_climate_tmb_khatep_temperate">
<climate>climate_temperate</climate>
<member>wh2_climate_tmb_khatep_temperate</member>
</campaign_group_member_criteria_climates>
<campaign_group_member_criteria_climates record_uuid="{107deca0-147a-4d50-87b2-2dac89ef72eb}" record_timestamp="1508331642792" record_key="wh2_climate_tmb_khatep_wasteland">
<climate>climate_wasteland</climate>
<member>wh2_climate_tmb_khatep_wasteland</member>
</campaign_group_member_criteria_climates>
<campaign_group_member_criteria_climates record_uuid="{33b125fb-485b-4e6d-aa5a-70faf4b621ff}" record_timestamp="1506949697036" record_key="wh2_climate_tmb_regular_chaotic">
<climate>climate_chaotic</climate>
<member>wh2_climate_tmb_regular_chaotic</member>
</campaign_group_member_criteria_climates>
<campaign_group_member_criteria_climates record_uuid="{6a2c0c47-c02c-4e66-871a-2b696d99984b}" record_timestamp="1506949697085" record_key="wh2_climate_tmb_regular_desert">
<climate>climate_desert</climate>
<member>wh2_climate_tmb_regular_desert</member>
</campaign_group_member_criteria_climates>
<campaign_group_member_criteria_climates record_uuid="{7c8a479c-8bdc-4bc5-8e24-294cb991f159}" record_timestamp="1506949697124" record_key="wh2_climate_tmb_regular_frozen">
<climate>climate_frozen</climate>
<member>wh2_climate_tmb_regular_frozen</member>
</campaign_group_member_criteria_climates>
<campaign_group_member_criteria_climates record_uuid="{6c411b28-5d49-4a78-87e1-c0f909da93f1}" record_timestamp="1506949696757" record_key="wh2_climate_tmb_regular_island">
<climate>climate_island</climate>
<member>wh2_climate_tmb_regular_island</member>
</campaign_group_member_criteria_climates>
<campaign_group_member_criteria_climates record_uuid="{e8a61379-9c76-44fa-847d-44e94b5dbf63}" record_timestamp="1506949696866" record_key="wh2_climate_tmb_regular_jungle">
<climate>climate_jungle</climate>
<member>wh2_climate_tmb_regular_jungle</member>
</campaign_group_member_criteria_climates>
<campaign_group_member_criteria_climates record_uuid="{89eda7ed-1d77-4395-845b-88e007fd4fa2}" record_timestamp="1506949696903" record_key="wh2_climate_tmb_regular_magicforest">
<climate>climate_magicforest</climate>
<member>wh2_climate_tmb_regular_magicforest</member>
</campaign_group_member_criteria_climates>
<campaign_group_member_criteria_climates record_uuid="{9bfb51ce-7b72-434d-8189-02c6b115ab42}" record_timestamp="1506949696946" record_key="wh2_climate_tmb_regular_mountain">
<climate>climate_mountain</climate>
<member>wh2_climate_tmb_regular_mountain</member>
</campaign_group_member_criteria_climates>
<campaign_group_member_criteria_climates record_uuid="{6ee6f49e-73b8-42ad-9426-e95f8577a0f8}" record_timestamp="1506949696993" record_key="wh2_climate_tmb_regular_savannah">
<climate>climate_savannah</climate>
<member>wh2_climate_tmb_regular_savannah</member>
</campaign_group_member_criteria_climates>
<campaign_group_member_criteria_climates record_uuid="{596caef8-b003-4874-bfa5-e0cc335baf3f}" record_timestamp="1506949696795" record_key="wh2_climate_tmb_regular_temperate">
<climate>climate_temperate</climate>
<member>wh2_climate_tmb_regular_temperate</member>
</campaign_group_member_criteria_climates>
<campaign_group_member_criteria_climates record_uuid="{4b2de65c-3be3-4c29-a137-faa5f2356dc1}" record_timestamp="1506949696830" record_key="wh2_climate_tmb_regular_wasteland">
<climate>climate_wasteland</climate>
<member>wh2_climate_tmb_regular_wasteland</member>
</campaign_group_member_criteria_climates>
<campaign_group_member_criteria_climates record_uuid="{191bf2f7-50cf-4948-b9b4-71dd98013c63}" record_timestamp="1481045689028" record_key="wh2_climate_vmp_regular_chaotic">
<climate>climate_chaotic</climate>
<member>wh2_climate_vmp_regular_chaotic</member>
</campaign_group_member_criteria_climates>
<campaign_group_member_criteria_climates record_uuid="{a868d496-781c-4ff4-b5d1-c32a3ad388cd}" record_timestamp="1481045689208" record_key="wh2_climate_vmp_regular_desert">
<climate>climate_desert</climate>
<member>wh2_climate_vmp_regular_desert</member>
</campaign_group_member_criteria_climates>
<campaign_group_member_criteria_climates record_uuid="{0c632b75-6012-41a5-96d9-e63919f71df1}" record_timestamp="1481045689149" record_key="wh2_climate_vmp_regular_frozen">
<climate>climate_frozen</climate>
<member>wh2_climate_vmp_regular_frozen</member>
</campaign_group_member_criteria_climates>
<campaign_group_member_criteria_climates record_uuid="{381ed163-e5a4-4eb7-b9e2-d35a6d0b4184}" record_timestamp="1481045689330" record_key="wh2_climate_vmp_regular_island">
<climate>climate_island</climate>
<member>wh2_climate_vmp_regular_island</member>
</campaign_group_member_criteria_climates>
<campaign_group_member_criteria_climates record_uuid="{3944706a-8699-4774-921d-26b9792b69da}" record_timestamp="1481627859923" record_key="wh2_climate_vmp_regular_jungle">
<climate>climate_jungle</climate>
<member>wh2_climate_vmp_regular_jungle</member>
</campaign_group_member_criteria_climates>
<campaign_group_member_criteria_climates record_uuid="{e000ee70-4150-48ac-a4e9-f8f8fb44f950}" record_timestamp="1481045689271" record_key="wh2_climate_vmp_regular_magicforest">
<climate>climate_magicforest</climate>
<member>wh2_climate_vmp_regular_magicforest</member>
</campaign_group_member_criteria_climates>
<campaign_group_member_criteria_climates record_uuid="{c21f7f3b-d2f7-42fb-a1a7-ec4f3fe59ec7}" record_timestamp="1481045688474" record_key="wh2_climate_vmp_regular_mountain">
<climate>climate_mountain</climate>
<member>wh2_climate_vmp_regular_mountain</member>
</campaign_group_member_criteria_climates>
<campaign_group_member_criteria_climates record_uuid="{74fc7c51-c436-4c12-ba43-f522b266e9e0}" record_timestamp="1481045688413" record_key="wh2_climate_vmp_regular_savannah">
<climate>climate_savannah</climate>
<member>wh2_climate_vmp_regular_savannah</member>
</campaign_group_member_criteria_climates>
<campaign_group_member_criteria_climates record_uuid="{986b6a59-ea71-4f1a-abd1-7af3a5566921}" record_timestamp="1481627860009" record_key="wh2_climate_vmp_regular_temperate">
<climate>climate_temperate</climate>
<member>wh2_climate_vmp_regular_temperate</member>
</campaign_group_member_criteria_climates>
<campaign_group_member_criteria_climates record_uuid="{0d8297fe-7f6a-473b-8c9e-8ec6a56066d1}" record_timestamp="1481627859850" record_key="wh2_climate_vmp_regular_wasteland">
<climate>climate_wasteland</climate>
<member>wh2_climate_vmp_regular_wasteland</member>
</campaign_group_member_criteria_climates>
</dataroot>
