<?xml version="1.0" encoding="UTF-8"?>
<dataroot xmlns:od="urn:schemas-microsoft-com:officedata" xmlns:xsi="http://www.w3.org/2001/XMLSchema-instance" xsi:noNamespaceSchemaLocation="campaign_ai_managers.xsd" export_time="Mon Aug 24 09:57:51 2015" revision="8" export_branch="C:/fetch_c/warhammer/binaries" export_user="bob">
<edit_uuid>1e00d973-1a61-47e2-a1f1-978c6521ee48</edit_uuid>
<campaign_ai_managers record_uuid="{36500a80-c771-449f-912c-7f4a5a4a3399}" record_key="EMPTY">
<description>Manager which will just end it's turn</description>
<manager>EMPTY</manager>
</campaign_ai_managers>
<campaign_ai_managers record_uuid="{9eb059e8-489d-4046-a3bc-6fe6b02d678e}" record_key="default">
<description>Base manager definition</description>
<manager>default</manager>
</campaign_ai_managers>
</dataroot>
