<?xml version="1.0" encoding="UTF-8"?>
<dataroot xmlns:od="urn:schemas-microsoft-com:officedata" xmlns:xsi="http://www.w3.org/2001/XMLSchema-instance" xsi:noNamespaceSchemaLocation="campaign_battle_scenes.xsd" export_time="Wed Sep 27 09:42:22 2017" revision="25" export_branch="T:/branches/warhammer2/new_tomb/warhammer/binaries.x64" export_user="bob">
<edit_uuid>d0eb9345-309d-4540-9c4f-2c265e124a48</edit_uuid>
<campaign_battle_scenes record_uuid="{3611f88a-294a-48e6-81e7-c3db021cf268}" record_timestamp="1484296031309" record_key="11">
<bmd>prefabs/campaign/chaos_battle.bmd</bmd>
<colour>11</colour>
<culture></culture>
<environment>terrain/campaigns/warhammer_map_1_1_wood_elves/lighting/chaos_wastes.environment</environment>
</campaign_battle_scenes>
<campaign_battle_scenes record_uuid="{15edeb9a-865b-4985-b987-313679fff5fa}" record_timestamp="1484296031346" record_key="111">
<bmd>prefabs/campaign/empire_battle.bmd</bmd>
<colour>111</colour>
<culture></culture>
<environment>terrain/campaigns/warhammer_map_1_1_wood_elves/lighting/empire.environment</environment>
</campaign_battle_scenes>
<campaign_battle_scenes record_uuid="{3ad5f69c-091d-4af9-9aea-7b6e71f3a7e9}" record_timestamp="1490802235623" record_key="111wh2_main_skv_skaven">
<bmd>prefabs/campaign/skaven_battle.bmd</bmd>
<colour>111</colour>
<culture>wh2_main_skv_skaven</culture>
<environment>terrain/campaigns/warhammer_map_1_1_wood_elves/lighting/empire.environment</environment>
</campaign_battle_scenes>
<campaign_battle_scenes record_uuid="{6a6bcb53-e45e-4e07-b3ed-4aaa5d3d5a68}" record_timestamp="1484296031375" record_key="111wh_dlc03_bst_beastmen">
<bmd>prefabs/campaign/beastmen_battle.bmd</bmd>
<colour>111</colour>
<culture>wh_dlc03_bst_beastmen</culture>
<environment>terrain/campaigns/warhammer_map_1_1_wood_elves/lighting/chaos_wastes.environment</environment>
</campaign_battle_scenes>
<campaign_battle_scenes record_uuid="{4b5d948b-6021-43dd-9c0f-5a8dfdb6f109}" record_timestamp="1491554164637" record_key="111wh_dlc05_wef_wood_elves">
<bmd>prefabs/campaign/woodelf_battle.bmd</bmd>
<colour>111</colour>
<culture>wh_dlc05_wef_wood_elves</culture>
<environment>terrain/campaigns/warhammer_map_1_1_wood_elves/lighting/woodelves.environment</environment>
</campaign_battle_scenes>
<campaign_battle_scenes record_uuid="{67c95ceb-be4c-4206-b9d7-e94ec6c6f3dc}" record_timestamp="1484296031263" record_key="111wh_main_brt_bretonnia">
<bmd>prefabs/campaign/bretonnia_battle.bmd</bmd>
<colour>111</colour>
<culture>wh_main_brt_bretonnia</culture>
<environment>terrain/campaigns/warhammer_map_1_1_wood_elves/lighting/bretonnia.environment</environment>
</campaign_battle_scenes>
<campaign_battle_scenes record_uuid="{4ce44546-cc27-4a0d-a4e2-8fa7a087e4e1}" record_timestamp="1484296031269" record_key="111wh_main_chs_chaos">
<bmd>prefabs/campaign/chaos_battle.bmd</bmd>
<colour>111</colour>
<culture>wh_main_chs_chaos</culture>
<environment>terrain/campaigns/warhammer_map_1_1_wood_elves/lighting/chaos_wastes.environment</environment>
</campaign_battle_scenes>
<campaign_battle_scenes record_uuid="{5c3a56ed-378e-4031-a4bf-a42f3b8acd1c}" record_timestamp="1484296031275" record_key="111wh_main_vmp_vampire_counts">
<bmd>prefabs/campaign/vampire_battle.bmd</bmd>
<colour>111</colour>
<culture>wh_main_vmp_vampire_counts</culture>
<environment>terrain/campaigns/warhammer_map_1_1_wood_elves/lighting/empire.environment</environment>
</campaign_battle_scenes>
<campaign_battle_scenes record_uuid="{47604ec7-0520-451c-a188-f36a53e91d6a}" record_timestamp="1484296031283" record_key="148">
<bmd>prefabs/campaign/mountains_greenskins_battle.bmd</bmd>
<colour>148</colour>
<culture></culture>
<environment>terrain/campaigns/warhammer_map_1_1_wood_elves/lighting/badland.environment</environment>
</campaign_battle_scenes>
<campaign_battle_scenes record_uuid="{b58366e1-c0da-41d8-86db-0701e90ff7da}" record_timestamp="1494929438295" record_key="200">
<bmd>prefabs/campaign/darkelf_battle.bmd</bmd>
<colour>200</colour>
<culture></culture>
<environment>terrain/campaigns/warhammer_map_1_1_wood_elves/lighting/darkelf.environment</environment>
</campaign_battle_scenes>
<campaign_battle_scenes record_uuid="{5acf6173-3345-4992-bd1c-7a14f239bf90}" record_timestamp="1484296031291" record_key="220">
<bmd>prefabs/campaign/mountains_dwarf_battle.bmd</bmd>
<colour>220</colour>
<culture></culture>
<environment>terrain/campaigns/warhammer_map_1_1_wood_elves/lighting/empire.environment</environment>
</campaign_battle_scenes>
<campaign_battle_scenes record_uuid="{997513d0-3054-440e-976a-a11c252a6619}" record_timestamp="1493816221208" record_key="230">
<bmd>prefabs/campaign/southlands_battle.bmd</bmd>
<colour>230</colour>
<culture></culture>
<environment>terrain/campaigns/warhammer_map_1_1_wood_elves/lighting/southland.environment</environment>
</campaign_battle_scenes>
<campaign_battle_scenes record_uuid="{8cde5d29-3c89-4402-a9a4-1121d06f9a99}" record_timestamp="1494929438304" record_key="240">
<bmd>prefabs/campaign/highelf_battle.bmd</bmd>
<colour>240</colour>
<culture></culture>
<environment>terrain/campaigns/warhammer_map_1_1_wood_elves/lighting/ulthuan.environment</environment>
</campaign_battle_scenes>
<campaign_battle_scenes record_uuid="{f503e72a-9ec4-4146-8729-42e15bd8ac96}" record_timestamp="1484296031300" record_key="255">
<bmd>prefabs/campaign/underground_battle.bmd</bmd>
<colour>255</colour>
<culture></culture>
<environment>terrain/campaigns/warhammer_map_1_1_wood_elves/lighting/prebattle_underground.environment</environment>
</campaign_battle_scenes>
<campaign_battle_scenes record_uuid="{8eb174c6-5d88-463a-968e-b99fa218ec48}" record_timestamp="1506501742504" record_key="255wh2_dlc09_tmb_tomb_kings">
<bmd>prefabs/campaign/tombkings_underground_battle.bmd</bmd>
<colour>255</colour>
<culture>wh2_dlc09_tmb_tomb_kings</culture>
<environment>terrain/campaigns/warhammer_map_1_1_wood_elves/lighting/prebattle_underground.environment</environment>
</campaign_battle_scenes>
<campaign_battle_scenes record_uuid="{95af2b01-a087-4b46-a9ca-a151a2c82d76}" record_timestamp="1495529632904" record_key="255wh2_main_skv_skaven">
<bmd>prefabs/campaign/skaven_underground_battle.bmd</bmd>
<colour>255</colour>
<culture>wh2_main_skv_skaven</culture>
<environment>terrain/campaigns/warhammer_map_1_1_wood_elves/lighting/prebattle_beastmen.environment</environment>
</campaign_battle_scenes>
<campaign_battle_scenes record_uuid="{f0132d63-63e1-48cf-9408-6f6b80ba4aaa}" record_timestamp="1495529632923" record_key="255wh_dlc03_bst_beastmen">
<bmd>prefabs/campaign/beastmen_beastpath_battle.bmd</bmd>
<colour>255</colour>
<culture>wh_dlc03_bst_beastmen</culture>
<environment>terrain/campaigns/warhammer_map_1_1_wood_elves/lighting/prebattle_beastmen.environment</environment>
</campaign_battle_scenes>
<campaign_battle_scenes record_uuid="{345fd563-9b51-4042-b115-50f0adea07c2}" record_timestamp="1491554164637" record_key="255wh_dlc05_wef_wood_elves">
<bmd>prefabs/campaign/woodelf_worldroot_battle.bmd</bmd>
<colour>255</colour>
<culture>wh_dlc05_wef_wood_elves</culture>
<environment>terrain/campaigns/warhammer_map_1_1_wood_elves/lighting/worldroot.environment</environment>
</campaign_battle_scenes>
<campaign_battle_scenes record_uuid="{0bf57df9-7965-4874-b264-84e146be454a}" record_timestamp="1484296031321" record_key="40">
<bmd>prefabs/campaign/norsca_battle.bmd</bmd>
<colour>40</colour>
<culture></culture>
<environment>terrain/campaigns/warhammer_map_1_1_wood_elves/lighting/norsca.environment</environment>
</campaign_battle_scenes>
<campaign_battle_scenes record_uuid="{40ea0771-d9ae-4f48-aa61-9b89671c8b54}" record_timestamp="1494929438313" record_key="60">
<bmd>prefabs/campaign/lizardmen_battle.bmd</bmd>
<colour>60</colour>
<culture></culture>
<environment>terrain/campaigns/warhammer_map_1_1_wood_elves/lighting/lizardmen.environment</environment>
</campaign_battle_scenes>
<campaign_battle_scenes record_uuid="{33d4edc8-f660-436f-967c-593e0100f714}" record_timestamp="1484296031333" record_key="96">
<bmd>prefabs/campaign/badlands_battle.bmd</bmd>
<colour>96</colour>
<culture></culture>
<environment>terrain/campaigns/warhammer_map_1_1_wood_elves/lighting/badland.environment</environment>
</campaign_battle_scenes>
<campaign_battle_scenes record_uuid="{876aa6aa-d5ea-4f11-8d23-61cecf4ddd46}" record_timestamp="1498750371755" record_key="99">
<bmd>prefabs/campaign/isle_of_the_dead_final_battle.bmd</bmd>
<colour>99</colour>
<culture></culture>
<environment>terrain/campaigns/warhammer_map_1_1_wood_elves/lighting/ulthuan.environment</environment>
</campaign_battle_scenes>
</dataroot>
